<?xml version="1.0" encoding="utf-8"?>
<COLLADA xmlns="http://www.collada.org/2005/11/COLLADASchema" version="1.4.1" xmlns:xsi="http://www.w3.org/2001/XMLSchema-instance">
  <asset>
    <contributor>
      <author>Blender User</author>
      <authoring_tool>Blender 4.2.18 LTS commit date:2026-02-16, commit time:13:37, hash:d71e3422e438</authoring_tool>
    </contributor>
    <created>2026-03-17T09:46:59</created>
    <modified>2026-03-17T09:46:59</modified>
    <unit name="meter" meter="1"/>
    <up_axis>Z_UP</up_axis>
  </asset>
  <library_cameras>
    <camera id="Camera_011-camera" name="Camera.011">
      <optics>
        <technique_common>
          <perspective>
            <xfov sid="xfov">39.59775</xfov>
            <aspect_ratio>1.777778</aspect_ratio>
            <znear sid="znear">0.1</znear>
            <zfar sid="zfar">100</zfar>
          </perspective>
        </technique_common>
      </optics>
      <extra>
        <technique profile="blender">
          <shiftx sid="shiftx" type="float">0</shiftx>
          <shifty sid="shifty" type="float">0</shifty>
          <dof_distance sid="dof_distance" type="float">10</dof_distance>
        </technique>
      </extra>
    </camera>
    <camera id="Camera_010-camera" name="Camera.010">
      <optics>
        <technique_common>
          <perspective>
            <xfov sid="xfov">39.59775</xfov>
            <aspect_ratio>1.777778</aspect_ratio>
            <znear sid="znear">0.1</znear>
            <zfar sid="zfar">100</zfar>
          </perspective>
        </technique_common>
      </optics>
      <extra>
        <technique profile="blender">
          <shiftx sid="shiftx" type="float">0</shiftx>
          <shifty sid="shifty" type="float">0</shifty>
          <dof_distance sid="dof_distance" type="float">10</dof_distance>
        </technique>
      </extra>
    </camera>
    <camera id="Camera_009-camera" name="Camera.009">
      <optics>
        <technique_common>
          <perspective>
            <xfov sid="xfov">39.59775</xfov>
            <aspect_ratio>1.777778</aspect_ratio>
            <znear sid="znear">0.1</znear>
            <zfar sid="zfar">100</zfar>
          </perspective>
        </technique_common>
      </optics>
      <extra>
        <technique profile="blender">
          <shiftx sid="shiftx" type="float">0</shiftx>
          <shifty sid="shifty" type="float">0</shifty>
          <dof_distance sid="dof_distance" type="float">10</dof_distance>
        </technique>
      </extra>
    </camera>
    <camera id="Camera_008-camera" name="Camera.008">
      <optics>
        <technique_common>
          <perspective>
            <xfov sid="xfov">39.59775</xfov>
            <aspect_ratio>1.777778</aspect_ratio>
            <znear sid="znear">0.1</znear>
            <zfar sid="zfar">100</zfar>
          </perspective>
        </technique_common>
      </optics>
      <extra>
        <technique profile="blender">
          <shiftx sid="shiftx" type="float">0</shiftx>
          <shifty sid="shifty" type="float">0</shifty>
          <dof_distance sid="dof_distance" type="float">10</dof_distance>
        </technique>
      </extra>
    </camera>
    <camera id="Camera_007-camera" name="Camera.007">
      <optics>
        <technique_common>
          <perspective>
            <xfov sid="xfov">39.59775</xfov>
            <aspect_ratio>1.777778</aspect_ratio>
            <znear sid="znear">0.1</znear>
            <zfar sid="zfar">100</zfar>
          </perspective>
        </technique_common>
      </optics>
      <extra>
        <technique profile="blender">
          <shiftx sid="shiftx" type="float">0</shiftx>
          <shifty sid="shifty" type="float">0</shifty>
          <dof_distance sid="dof_distance" type="float">10</dof_distance>
        </technique>
      </extra>
    </camera>
    <camera id="Camera_006-camera" name="Camera.006">
      <optics>
        <technique_common>
          <perspective>
            <xfov sid="xfov">39.59775</xfov>
            <aspect_ratio>1.777778</aspect_ratio>
            <znear sid="znear">0.1</znear>
            <zfar sid="zfar">100</zfar>
          </perspective>
        </technique_common>
      </optics>
      <extra>
        <technique profile="blender">
          <shiftx sid="shiftx" type="float">0</shiftx>
          <shifty sid="shifty" type="float">0</shifty>
          <dof_distance sid="dof_distance" type="float">10</dof_distance>
        </technique>
      </extra>
    </camera>
    <camera id="Camera_005-camera" name="Camera.005">
      <optics>
        <technique_common>
          <perspective>
            <xfov sid="xfov">39.59775</xfov>
            <aspect_ratio>1.777778</aspect_ratio>
            <znear sid="znear">0.1</znear>
            <zfar sid="zfar">100</zfar>
          </perspective>
        </technique_common>
      </optics>
      <extra>
        <technique profile="blender">
          <shiftx sid="shiftx" type="float">0</shiftx>
          <shifty sid="shifty" type="float">0</shifty>
          <dof_distance sid="dof_distance" type="float">10</dof_distance>
        </technique>
      </extra>
    </camera>
    <camera id="Camera_004-camera" name="Camera.004">
      <optics>
        <technique_common>
          <perspective>
            <xfov sid="xfov">39.59775</xfov>
            <aspect_ratio>1.777778</aspect_ratio>
            <znear sid="znear">0.1</znear>
            <zfar sid="zfar">100</zfar>
          </perspective>
        </technique_common>
      </optics>
      <extra>
        <technique profile="blender">
          <shiftx sid="shiftx" type="float">0</shiftx>
          <shifty sid="shifty" type="float">0</shifty>
          <dof_distance sid="dof_distance" type="float">10</dof_distance>
        </technique>
      </extra>
    </camera>
    <camera id="Camera_003-camera" name="Camera.003">
      <optics>
        <technique_common>
          <perspective>
            <xfov sid="xfov">39.59775</xfov>
            <aspect_ratio>1.777778</aspect_ratio>
            <znear sid="znear">0.1</znear>
            <zfar sid="zfar">100</zfar>
          </perspective>
        </technique_common>
      </optics>
      <extra>
        <technique profile="blender">
          <shiftx sid="shiftx" type="float">0</shiftx>
          <shifty sid="shifty" type="float">0</shifty>
          <dof_distance sid="dof_distance" type="float">10</dof_distance>
        </technique>
      </extra>
    </camera>
    <camera id="Camera_002-camera" name="Camera.002">
      <optics>
        <technique_common>
          <perspective>
            <xfov sid="xfov">39.59775</xfov>
            <aspect_ratio>1.777778</aspect_ratio>
            <znear sid="znear">0.1</znear>
            <zfar sid="zfar">100</zfar>
          </perspective>
        </technique_common>
      </optics>
      <extra>
        <technique profile="blender">
          <shiftx sid="shiftx" type="float">0</shiftx>
          <shifty sid="shifty" type="float">0</shifty>
          <dof_distance sid="dof_distance" type="float">10</dof_distance>
        </technique>
      </extra>
    </camera>
    <camera id="Camera_001-camera" name="Camera.001">
      <optics>
        <technique_common>
          <perspective>
            <xfov sid="xfov">39.59775</xfov>
            <aspect_ratio>1.777778</aspect_ratio>
            <znear sid="znear">0.1</znear>
            <zfar sid="zfar">100</zfar>
          </perspective>
        </technique_common>
      </optics>
      <extra>
        <technique profile="blender">
          <shiftx sid="shiftx" type="float">0</shiftx>
          <shifty sid="shifty" type="float">0</shifty>
          <dof_distance sid="dof_distance" type="float">10</dof_distance>
        </technique>
      </extra>
    </camera>
    <camera id="Camera-camera" name="Camera">
      <optics>
        <technique_common>
          <perspective>
            <xfov sid="xfov">39.59775</xfov>
            <aspect_ratio>1.777778</aspect_ratio>
            <znear sid="znear">0.1</znear>
            <zfar sid="zfar">100</zfar>
          </perspective>
        </technique_common>
      </optics>
      <extra>
        <technique profile="blender">
          <shiftx sid="shiftx" type="float">0</shiftx>
          <shifty sid="shifty" type="float">0</shifty>
          <dof_distance sid="dof_distance" type="float">10</dof_distance>
        </technique>
      </extra>
    </camera>
  </library_cameras>
  <library_lights>
    <light id="Light_011-light" name="Light.011">
      <technique_common>
        <point>
          <color sid="color">1000 1000 1000</color>
          <constant_attenuation>1</constant_attenuation>
          <linear_attenuation>0</linear_attenuation>
          <quadratic_attenuation>0</quadratic_attenuation>
        </point>
      </technique_common>
      <extra>
        <technique profile="blender">
          <type sid="type" type="int">0</type>
          <flag sid="flag" type="int">0</flag>
          <mode sid="mode" type="int">2097153</mode>
          <red sid="red" type="float">1</red>
          <green sid="green" type="float">1</green>
          <blue sid="blue" type="float">1</blue>
          <shadow_r sid="blender_shadow_r" type="float">0</shadow_r>
          <shadow_g sid="blender_shadow_g" type="float">0</shadow_g>
          <shadow_b sid="blender_shadow_b" type="float">0</shadow_b>
          <energy sid="blender_energy" type="float">1000</energy>
          <spotsize sid="spotsize" type="float">45</spotsize>
          <spotblend sid="spotblend" type="float">0.15</spotblend>
          <clipsta sid="clipsta" type="float">0.04999995</clipsta>
          <clipend sid="clipend" type="float">40</clipend>
          <bias sid="bias" type="float">1</bias>
          <radius sid="radius" type="float">0</radius>
          <area_shape sid="area_shape" type="int">0</area_shape>
          <area_size sid="area_size" type="float">0.25</area_size>
          <area_sizey sid="area_sizey" type="float">0.25</area_sizey>
          <area_sizez sid="area_sizez" type="float">0.25</area_sizez>
        </technique>
      </extra>
    </light>
    <light id="Light_010-light" name="Light.010">
      <technique_common>
        <point>
          <color sid="color">1000 1000 1000</color>
          <constant_attenuation>1</constant_attenuation>
          <linear_attenuation>0</linear_attenuation>
          <quadratic_attenuation>0</quadratic_attenuation>
        </point>
      </technique_common>
      <extra>
        <technique profile="blender">
          <type sid="type" type="int">0</type>
          <flag sid="flag" type="int">0</flag>
          <mode sid="mode" type="int">2097153</mode>
          <red sid="red" type="float">1</red>
          <green sid="green" type="float">1</green>
          <blue sid="blue" type="float">1</blue>
          <shadow_r sid="blender_shadow_r" type="float">0</shadow_r>
          <shadow_g sid="blender_shadow_g" type="float">0</shadow_g>
          <shadow_b sid="blender_shadow_b" type="float">0</shadow_b>
          <energy sid="blender_energy" type="float">1000</energy>
          <spotsize sid="spotsize" type="float">45</spotsize>
          <spotblend sid="spotblend" type="float">0.15</spotblend>
          <clipsta sid="clipsta" type="float">0.04999995</clipsta>
          <clipend sid="clipend" type="float">40</clipend>
          <bias sid="bias" type="float">1</bias>
          <radius sid="radius" type="float">0</radius>
          <area_shape sid="area_shape" type="int">0</area_shape>
          <area_size sid="area_size" type="float">0.25</area_size>
          <area_sizey sid="area_sizey" type="float">0.25</area_sizey>
          <area_sizez sid="area_sizez" type="float">0.25</area_sizez>
        </technique>
      </extra>
    </light>
    <light id="Light_009-light" name="Light.009">
      <technique_common>
        <point>
          <color sid="color">1000 1000 1000</color>
          <constant_attenuation>1</constant_attenuation>
          <linear_attenuation>0</linear_attenuation>
          <quadratic_attenuation>0</quadratic_attenuation>
        </point>
      </technique_common>
      <extra>
        <technique profile="blender">
          <type sid="type" type="int">0</type>
          <flag sid="flag" type="int">0</flag>
          <mode sid="mode" type="int">2097153</mode>
          <red sid="red" type="float">1</red>
          <green sid="green" type="float">1</green>
          <blue sid="blue" type="float">1</blue>
          <shadow_r sid="blender_shadow_r" type="float">0</shadow_r>
          <shadow_g sid="blender_shadow_g" type="float">0</shadow_g>
          <shadow_b sid="blender_shadow_b" type="float">0</shadow_b>
          <energy sid="blender_energy" type="float">1000</energy>
          <spotsize sid="spotsize" type="float">45</spotsize>
          <spotblend sid="spotblend" type="float">0.15</spotblend>
          <clipsta sid="clipsta" type="float">0.04999995</clipsta>
          <clipend sid="clipend" type="float">40</clipend>
          <bias sid="bias" type="float">1</bias>
          <radius sid="radius" type="float">0</radius>
          <area_shape sid="area_shape" type="int">0</area_shape>
          <area_size sid="area_size" type="float">0.25</area_size>
          <area_sizey sid="area_sizey" type="float">0.25</area_sizey>
          <area_sizez sid="area_sizez" type="float">0.25</area_sizez>
        </technique>
      </extra>
    </light>
    <light id="Light_008-light" name="Light.008">
      <technique_common>
        <point>
          <color sid="color">1000 1000 1000</color>
          <constant_attenuation>1</constant_attenuation>
          <linear_attenuation>0</linear_attenuation>
          <quadratic_attenuation>0</quadratic_attenuation>
        </point>
      </technique_common>
      <extra>
        <technique profile="blender">
          <type sid="type" type="int">0</type>
          <flag sid="flag" type="int">0</flag>
          <mode sid="mode" type="int">2097153</mode>
          <red sid="red" type="float">1</red>
          <green sid="green" type="float">1</green>
          <blue sid="blue" type="float">1</blue>
          <shadow_r sid="blender_shadow_r" type="float">0</shadow_r>
          <shadow_g sid="blender_shadow_g" type="float">0</shadow_g>
          <shadow_b sid="blender_shadow_b" type="float">0</shadow_b>
          <energy sid="blender_energy" type="float">1000</energy>
          <spotsize sid="spotsize" type="float">45</spotsize>
          <spotblend sid="spotblend" type="float">0.15</spotblend>
          <clipsta sid="clipsta" type="float">0.04999995</clipsta>
          <clipend sid="clipend" type="float">40</clipend>
          <bias sid="bias" type="float">1</bias>
          <radius sid="radius" type="float">0</radius>
          <area_shape sid="area_shape" type="int">0</area_shape>
          <area_size sid="area_size" type="float">0.25</area_size>
          <area_sizey sid="area_sizey" type="float">0.25</area_sizey>
          <area_sizez sid="area_sizez" type="float">0.25</area_sizez>
        </technique>
      </extra>
    </light>
    <light id="Light_007-light" name="Light.007">
      <technique_common>
        <point>
          <color sid="color">1000 1000 1000</color>
          <constant_attenuation>1</constant_attenuation>
          <linear_attenuation>0</linear_attenuation>
          <quadratic_attenuation>0</quadratic_attenuation>
        </point>
      </technique_common>
      <extra>
        <technique profile="blender">
          <type sid="type" type="int">0</type>
          <flag sid="flag" type="int">0</flag>
          <mode sid="mode" type="int">2097153</mode>
          <red sid="red" type="float">1</red>
          <green sid="green" type="float">1</green>
          <blue sid="blue" type="float">1</blue>
          <shadow_r sid="blender_shadow_r" type="float">0</shadow_r>
          <shadow_g sid="blender_shadow_g" type="float">0</shadow_g>
          <shadow_b sid="blender_shadow_b" type="float">0</shadow_b>
          <energy sid="blender_energy" type="float">1000</energy>
          <spotsize sid="spotsize" type="float">45</spotsize>
          <spotblend sid="spotblend" type="float">0.15</spotblend>
          <clipsta sid="clipsta" type="float">0.04999995</clipsta>
          <clipend sid="clipend" type="float">40</clipend>
          <bias sid="bias" type="float">1</bias>
          <radius sid="radius" type="float">0</radius>
          <area_shape sid="area_shape" type="int">0</area_shape>
          <area_size sid="area_size" type="float">0.25</area_size>
          <area_sizey sid="area_sizey" type="float">0.25</area_sizey>
          <area_sizez sid="area_sizez" type="float">0.25</area_sizez>
        </technique>
      </extra>
    </light>
    <light id="Light_006-light" name="Light.006">
      <technique_common>
        <point>
          <color sid="color">1000 1000 1000</color>
          <constant_attenuation>1</constant_attenuation>
          <linear_attenuation>0</linear_attenuation>
          <quadratic_attenuation>0</quadratic_attenuation>
        </point>
      </technique_common>
      <extra>
        <technique profile="blender">
          <type sid="type" type="int">0</type>
          <flag sid="flag" type="int">0</flag>
          <mode sid="mode" type="int">2097153</mode>
          <red sid="red" type="float">1</red>
          <green sid="green" type="float">1</green>
          <blue sid="blue" type="float">1</blue>
          <shadow_r sid="blender_shadow_r" type="float">0</shadow_r>
          <shadow_g sid="blender_shadow_g" type="float">0</shadow_g>
          <shadow_b sid="blender_shadow_b" type="float">0</shadow_b>
          <energy sid="blender_energy" type="float">1000</energy>
          <spotsize sid="spotsize" type="float">45</spotsize>
          <spotblend sid="spotblend" type="float">0.15</spotblend>
          <clipsta sid="clipsta" type="float">0.04999995</clipsta>
          <clipend sid="clipend" type="float">40</clipend>
          <bias sid="bias" type="float">1</bias>
          <radius sid="radius" type="float">0</radius>
          <area_shape sid="area_shape" type="int">0</area_shape>
          <area_size sid="area_size" type="float">0.25</area_size>
          <area_sizey sid="area_sizey" type="float">0.25</area_sizey>
          <area_sizez sid="area_sizez" type="float">0.25</area_sizez>
        </technique>
      </extra>
    </light>
    <light id="Light_005-light" name="Light.005">
      <technique_common>
        <point>
          <color sid="color">1000 1000 1000</color>
          <constant_attenuation>1</constant_attenuation>
          <linear_attenuation>0</linear_attenuation>
          <quadratic_attenuation>0</quadratic_attenuation>
        </point>
      </technique_common>
      <extra>
        <technique profile="blender">
          <type sid="type" type="int">0</type>
          <flag sid="flag" type="int">0</flag>
          <mode sid="mode" type="int">2097153</mode>
          <red sid="red" type="float">1</red>
          <green sid="green" type="float">1</green>
          <blue sid="blue" type="float">1</blue>
          <shadow_r sid="blender_shadow_r" type="float">0</shadow_r>
          <shadow_g sid="blender_shadow_g" type="float">0</shadow_g>
          <shadow_b sid="blender_shadow_b" type="float">0</shadow_b>
          <energy sid="blender_energy" type="float">1000</energy>
          <spotsize sid="spotsize" type="float">45</spotsize>
          <spotblend sid="spotblend" type="float">0.15</spotblend>
          <clipsta sid="clipsta" type="float">0.04999995</clipsta>
          <clipend sid="clipend" type="float">40</clipend>
          <bias sid="bias" type="float">1</bias>
          <radius sid="radius" type="float">0</radius>
          <area_shape sid="area_shape" type="int">0</area_shape>
          <area_size sid="area_size" type="float">0.25</area_size>
          <area_sizey sid="area_sizey" type="float">0.25</area_sizey>
          <area_sizez sid="area_sizez" type="float">0.25</area_sizez>
        </technique>
      </extra>
    </light>
    <light id="Light_004-light" name="Light.004">
      <technique_common>
        <point>
          <color sid="color">1000 1000 1000</color>
          <constant_attenuation>1</constant_attenuation>
          <linear_attenuation>0</linear_attenuation>
          <quadratic_attenuation>0</quadratic_attenuation>
        </point>
      </technique_common>
      <extra>
        <technique profile="blender">
          <type sid="type" type="int">0</type>
          <flag sid="flag" type="int">0</flag>
          <mode sid="mode" type="int">2097153</mode>
          <red sid="red" type="float">1</red>
          <green sid="green" type="float">1</green>
          <blue sid="blue" type="float">1</blue>
          <shadow_r sid="blender_shadow_r" type="float">0</shadow_r>
          <shadow_g sid="blender_shadow_g" type="float">0</shadow_g>
          <shadow_b sid="blender_shadow_b" type="float">0</shadow_b>
          <energy sid="blender_energy" type="float">1000</energy>
          <spotsize sid="spotsize" type="float">45</spotsize>
          <spotblend sid="spotblend" type="float">0.15</spotblend>
          <clipsta sid="clipsta" type="float">0.04999995</clipsta>
          <clipend sid="clipend" type="float">40</clipend>
          <bias sid="bias" type="float">1</bias>
          <radius sid="radius" type="float">0</radius>
          <area_shape sid="area_shape" type="int">0</area_shape>
          <area_size sid="area_size" type="float">0.25</area_size>
          <area_sizey sid="area_sizey" type="float">0.25</area_sizey>
          <area_sizez sid="area_sizez" type="float">0.25</area_sizez>
        </technique>
      </extra>
    </light>
    <light id="Light_003-light" name="Light.003">
      <technique_common>
        <point>
          <color sid="color">1000 1000 1000</color>
          <constant_attenuation>1</constant_attenuation>
          <linear_attenuation>0</linear_attenuation>
          <quadratic_attenuation>0</quadratic_attenuation>
        </point>
      </technique_common>
      <extra>
        <technique profile="blender">
          <type sid="type" type="int">0</type>
          <flag sid="flag" type="int">0</flag>
          <mode sid="mode" type="int">2097153</mode>
          <red sid="red" type="float">1</red>
          <green sid="green" type="float">1</green>
          <blue sid="blue" type="float">1</blue>
          <shadow_r sid="blender_shadow_r" type="float">0</shadow_r>
          <shadow_g sid="blender_shadow_g" type="float">0</shadow_g>
          <shadow_b sid="blender_shadow_b" type="float">0</shadow_b>
          <energy sid="blender_energy" type="float">1000</energy>
          <spotsize sid="spotsize" type="float">45</spotsize>
          <spotblend sid="spotblend" type="float">0.15</spotblend>
          <clipsta sid="clipsta" type="float">0.04999995</clipsta>
          <clipend sid="clipend" type="float">40</clipend>
          <bias sid="bias" type="float">1</bias>
          <radius sid="radius" type="float">0</radius>
          <area_shape sid="area_shape" type="int">0</area_shape>
          <area_size sid="area_size" type="float">0.25</area_size>
          <area_sizey sid="area_sizey" type="float">0.25</area_sizey>
          <area_sizez sid="area_sizez" type="float">0.25</area_sizez>
        </technique>
      </extra>
    </light>
    <light id="Light_002-light" name="Light.002">
      <technique_common>
        <point>
          <color sid="color">1000 1000 1000</color>
          <constant_attenuation>1</constant_attenuation>
          <linear_attenuation>0</linear_attenuation>
          <quadratic_attenuation>0</quadratic_attenuation>
        </point>
      </technique_common>
      <extra>
        <technique profile="blender">
          <type sid="type" type="int">0</type>
          <flag sid="flag" type="int">0</flag>
          <mode sid="mode" type="int">2097153</mode>
          <red sid="red" type="float">1</red>
          <green sid="green" type="float">1</green>
          <blue sid="blue" type="float">1</blue>
          <shadow_r sid="blender_shadow_r" type="float">0</shadow_r>
          <shadow_g sid="blender_shadow_g" type="float">0</shadow_g>
          <shadow_b sid="blender_shadow_b" type="float">0</shadow_b>
          <energy sid="blender_energy" type="float">1000</energy>
          <spotsize sid="spotsize" type="float">45</spotsize>
          <spotblend sid="spotblend" type="float">0.15</spotblend>
          <clipsta sid="clipsta" type="float">0.04999995</clipsta>
          <clipend sid="clipend" type="float">40</clipend>
          <bias sid="bias" type="float">1</bias>
          <radius sid="radius" type="float">0</radius>
          <area_shape sid="area_shape" type="int">0</area_shape>
          <area_size sid="area_size" type="float">0.25</area_size>
          <area_sizey sid="area_sizey" type="float">0.25</area_sizey>
          <area_sizez sid="area_sizez" type="float">0.25</area_sizez>
        </technique>
      </extra>
    </light>
    <light id="Light_001-light" name="Light.001">
      <technique_common>
        <point>
          <color sid="color">1000 1000 1000</color>
          <constant_attenuation>1</constant_attenuation>
          <linear_attenuation>0</linear_attenuation>
          <quadratic_attenuation>0</quadratic_attenuation>
        </point>
      </technique_common>
      <extra>
        <technique profile="blender">
          <type sid="type" type="int">0</type>
          <flag sid="flag" type="int">0</flag>
          <mode sid="mode" type="int">2097153</mode>
          <red sid="red" type="float">1</red>
          <green sid="green" type="float">1</green>
          <blue sid="blue" type="float">1</blue>
          <shadow_r sid="blender_shadow_r" type="float">0</shadow_r>
          <shadow_g sid="blender_shadow_g" type="float">0</shadow_g>
          <shadow_b sid="blender_shadow_b" type="float">0</shadow_b>
          <energy sid="blender_energy" type="float">1000</energy>
          <spotsize sid="spotsize" type="float">45</spotsize>
          <spotblend sid="spotblend" type="float">0.15</spotblend>
          <clipsta sid="clipsta" type="float">0.04999995</clipsta>
          <clipend sid="clipend" type="float">40</clipend>
          <bias sid="bias" type="float">1</bias>
          <radius sid="radius" type="float">0</radius>
          <area_shape sid="area_shape" type="int">0</area_shape>
          <area_size sid="area_size" type="float">0.25</area_size>
          <area_sizey sid="area_sizey" type="float">0.25</area_sizey>
          <area_sizez sid="area_sizez" type="float">0.25</area_sizez>
        </technique>
      </extra>
    </light>
    <light id="Light-light" name="Light">
      <technique_common>
        <point>
          <color sid="color">1000 1000 1000</color>
          <constant_attenuation>1</constant_attenuation>
          <linear_attenuation>0</linear_attenuation>
          <quadratic_attenuation>0</quadratic_attenuation>
        </point>
      </technique_common>
      <extra>
        <technique profile="blender">
          <type sid="type" type="int">0</type>
          <flag sid="flag" type="int">0</flag>
          <mode sid="mode" type="int">2097153</mode>
          <red sid="red" type="float">1</red>
          <green sid="green" type="float">1</green>
          <blue sid="blue" type="float">1</blue>
          <shadow_r sid="blender_shadow_r" type="float">0</shadow_r>
          <shadow_g sid="blender_shadow_g" type="float">0</shadow_g>
          <shadow_b sid="blender_shadow_b" type="float">0</shadow_b>
          <energy sid="blender_energy" type="float">1000</energy>
          <spotsize sid="spotsize" type="float">75</spotsize>
          <spotblend sid="spotblend" type="float">0.15</spotblend>
          <clipsta sid="clipsta" type="float">0.04999995</clipsta>
          <clipend sid="clipend" type="float">30.002</clipend>
          <bias sid="bias" type="float">1</bias>
          <radius sid="radius" type="float">0.1</radius>
          <area_shape sid="area_shape" type="int">1</area_shape>
          <area_size sid="area_size" type="float">0.1</area_size>
          <area_sizey sid="area_sizey" type="float">0.1</area_sizey>
          <area_sizez sid="area_sizez" type="float">1</area_sizez>
        </technique>
      </extra>
    </light>
  </library_lights>
  <library_images/>
  <library_geometries>
    <geometry id="femur_001-mesh" name="femur.001">
      <mesh>
        <source id="femur_001-mesh-positions">
          <float_array id="femur_001-mesh-positions-array" count="11616">-0.1405 0.02509999 0.005099952 -0.1405 0.02959996 0.005099952 -0.1405157 0.02509999 0.004820048 -0.1405157 0.02959996 0.004820048 -0.1405627 0.02509999 0.004543662 -0.1405627 0.02959996 0.004543662 -0.1406403 0.02509999 0.004274249 -0.1406403 0.02959996 0.004274249 -0.1407476 0.02509999 0.004015266 -0.1407476 0.02959996 0.004015266 -0.1408832 0.02509999 0.003769874 -0.1408832 0.02959996 0.003769874 -0.1410454 0.02509999 0.003541231 -0.1410454 0.02959996 0.003541231 -0.1412322 0.02509999 0.003332197 -0.1412322 0.02959996 0.003332197 -0.1414412 0.02509999 0.003145396 -0.1414412 0.02959996 0.003145396 -0.1416699 0.02509999 0.002983152 -0.1416699 0.02959996 0.002983152 -0.1419153 0.02509999 0.002847552 -0.1419153 0.02959996 0.002847552 -0.1421743 0.02509999 0.002740263 -0.1421743 0.02959996 0.002740263 -0.1424437 0.02509999 0.002662658 -0.1424437 0.02959996 0.002662658 -0.1427201 0.02509999 0.00261569 -0.1427201 0.02959996 0.00261569 -0.143 0.02509999 0.002599954 -0.143 0.02959996 0.002599954 -0.16875 0.02959996 0.002599954 -0.16875 0.02509999 0.002599954 -0.143 0.02509999 0.01859998 -0.143 0.02959996 0.01859998 -0.1427201 0.02509999 0.01858425 -0.1427201 0.02959996 0.01858425 -0.1424437 0.02509999 0.01853728 -0.1424437 0.02959996 0.01853728 -0.1421743 0.02509999 0.01845967 -0.1421743 0.02959996 0.01845967 -0.1419153 0.02509999 0.01835238 -0.1419153 0.02959996 0.01835238 -0.1416699 0.02509999 0.01821678 -0.1416699 0.02959996 0.01821678 -0.1414412 0.02509999 0.01805454 -0.1414412 0.02959996 0.01805454 -0.1412322 0.02509999 0.01786774 -0.1412322 0.02959996 0.01786774 -0.1410454 0.02509999 0.01765871 -0.1410454 0.02959996 0.01765871 -0.1408832 0.02509999 0.01743006 -0.1408832 0.02959996 0.01743006 -0.1407476 0.02509999 0.01718467 -0.1407476 0.02959996 0.01718467 -0.1406403 0.02509999 0.01692569 -0.1406403 0.02959996 0.01692569 -0.1405627 0.02509999 0.01665627 -0.1405627 0.02959996 0.01665627 -0.1405157 0.02509999 0.01637989 -0.1405157 0.02959996 0.01637989 -0.1405 0.02509999 0.01609998 -0.1405 0.02959996 0.01609998 -0.17125 0.02509999 0.01609998 -0.17125 0.02959996 0.01609998 -0.1712343 0.02509999 0.01637989 -0.1712343 0.02959996 0.01637989 -0.1711873 0.02509999 0.01665627 -0.1711873 0.02959996 0.01665627 -0.1711097 0.02509999 0.01692569 -0.1711097 0.02959996 0.01692569 -0.1710024 0.02509999 0.01718467 -0.1710024 0.02959996 0.01718467 -0.1708668 0.02509999 0.01743006 -0.1708668 0.02959996 0.01743006 -0.1707046 0.02509999 0.01765871 -0.1707046 0.02959996 0.01765871 -0.1705178 0.02509999 0.01786774 -0.1705178 0.02959996 0.01786774 -0.1703087 0.02509999 0.01805454 -0.1703087 0.02959996 0.01805454 -0.1700801 0.02509999 0.01821678 -0.1700801 0.02959996 0.01821678 -0.1698347 0.02509999 0.01835238 -0.1698347 0.02959996 0.01835238 -0.1695756 0.02509999 0.01845967 -0.1695756 0.02959996 0.01845967 -0.1693063 0.02509999 0.01853728 -0.1693063 0.02959996 0.01853728 -0.1690299 0.02509999 0.01858425 -0.1690299 0.02959996 0.01858425 -0.16875 0.02509999 0.01859998 -0.16875 0.02959996 0.01859998 -0.1690299 0.02509999 0.00261569 -0.1690299 0.02959996 0.00261569 -0.1693063 0.02509999 0.002662658 -0.1693063 0.02959996 0.002662658 -0.1695756 0.02509999 0.002740263 -0.1695756 0.02959996 0.002740263 -0.1698347 0.02509999 0.002847552 -0.1698347 0.02959996 0.002847552 -0.1700801 0.02509999 0.002983152 -0.1700801 0.02959996 0.002983152 -0.1703087 0.02509999 0.003145396 -0.1703087 0.02959996 0.003145396 -0.1705178 0.02509999 0.003332197 -0.1705178 0.02959996 0.003332197 -0.1707046 0.02509999 0.003541231 -0.1707046 0.02959996 0.003541231 -0.1708668 0.02509999 0.003769874 -0.1708668 0.02959996 0.003769874 -0.1710024 0.02509999 0.004015266 -0.1710024 0.02959996 0.004015266 -0.1711097 0.02509999 0.004274249 -0.1711097 0.02959996 0.004274249 -0.1711873 0.02509999 0.004543662 -0.1711873 0.02959996 0.004543662 -0.1712343 0.02509999 0.004820048 -0.1712343 0.02959996 0.004820048 -0.17125 0.02509999 0.005099952 -0.17125 0.02959996 0.005099952 -0.18375 0.02509999 0.005099952 -0.18375 0.02959996 0.005099952 -0.1837657 0.02509999 0.004820048 -0.1837657 0.02959996 0.004820048 -0.1838126 0.02509999 0.004543662 -0.1838126 0.02959996 0.004543662 -0.1838903 0.02509999 0.004274249 -0.1838903 0.02959996 0.004274249 -0.1839975 0.02509999 0.004015266 -0.1839975 0.02959996 0.004015266 -0.1841332 0.02509999 0.003769874 -0.1841332 0.02959996 0.003769874 -0.1842954 0.02509999 0.003541231 -0.1842954 0.02959996 0.003541231 -0.1844822 0.02509999 0.003332197 -0.1844822 0.02959996 0.003332197 -0.1846913 0.02509999 0.003145396 -0.1846913 0.02959996 0.003145396 -0.1849199 0.02509999 0.002983152 -0.1849199 0.02959996 0.002983152 -0.1851652 0.02509999 0.002847552 -0.1851652 0.02959996 0.002847552 -0.1854243 0.02509999 0.002740263 -0.1854243 0.02959996 0.002740263 -0.1856937 0.02509999 0.002662658 -0.1856937 0.02959996 0.002662658 -0.1859701 0.02509999 0.00261569 -0.1859701 0.02959996 0.00261569 -0.18625 0.02509999 0.002599954 -0.18625 0.02959996 0.002599954 -0.212 0.02959996 0.002599954 -0.212 0.02509999 0.002599954 -0.2122799 0.02509999 0.00261569 -0.2122799 0.02959996 0.00261569 -0.2125563 0.02509999 0.002662658 -0.2125563 0.02959996 0.002662658 -0.2128257 0.02509999 0.002740263 -0.2128257 0.02959996 0.002740263 -0.2130847 0.02509999 0.002847552 -0.2130847 0.02959996 0.002847552 -0.21333 0.02509999 0.002983152 -0.21333 0.02959996 0.002983152 -0.2135587 0.02509999 0.003145396 -0.2135587 0.02959996 0.003145396 -0.2137677 0.02509999 0.003332197 -0.2137677 0.02959996 0.003332197 -0.2139546 0.02509999 0.003541231 -0.2139546 0.02959996 0.003541231 -0.2141168 0.02509999 0.003769874 -0.2141168 0.02959996 0.003769874 -0.2142524 0.02509999 0.004015266 -0.2142524 0.02959996 0.004015266 -0.2143597 0.02509999 0.004274249 -0.2143597 0.02959996 0.004274249 -0.2144373 0.02509999 0.004543662 -0.2144373 0.02959996 0.004543662 -0.2144842 0.02509999 0.004820048 -0.2144842 0.02959996 0.004820048 -0.2145 0.02509999 0.005099952 -0.2145 0.02959996 0.005099952 -0.2145 0.02959996 0.01609998 -0.2145 0.02509999 0.01609998 -0.18625 0.02509999 0.01859998 -0.18625 0.02959996 0.01859998 -0.1859701 0.02509999 0.01858425 -0.1859701 0.02959996 0.01858425 -0.1856937 0.02509999 0.01853728 -0.1856937 0.02959996 0.01853728 -0.1854243 0.02509999 0.01845967 -0.1854243 0.02959996 0.01845967 -0.1851652 0.02509999 0.01835238 -0.1851652 0.02959996 0.01835238 -0.1849199 0.02509999 0.01821678 -0.1849199 0.02959996 0.01821678 -0.1846913 0.02509999 0.01805454 -0.1846913 0.02959996 0.01805454 -0.1844822 0.02509999 0.01786774 -0.1844822 0.02959996 0.01786774 -0.1842954 0.02509999 0.01765871 -0.1842954 0.02959996 0.01765871 -0.1841332 0.02509999 0.01743006 -0.1841332 0.02959996 0.01743006 -0.1839975 0.02509999 0.01718467 -0.1839975 0.02959996 0.01718467 -0.1838903 0.02509999 0.01692569 -0.1838903 0.02959996 0.01692569 -0.1838126 0.02509999 0.01665627 -0.1838126 0.02959996 0.01665627 -0.1837657 0.02509999 0.01637989 -0.1837657 0.02959996 0.01637989 -0.18375 0.02509999 0.01609998 -0.18375 0.02959996 0.01609998 -0.2144842 0.02509999 0.01637989 -0.2144842 0.02959996 0.01637989 -0.2144373 0.02509999 0.01665627 -0.2144373 0.02959996 0.01665627 -0.2143597 0.02509999 0.01692569 -0.2143597 0.02959996 0.01692569 -0.2142524 0.02509999 0.01718467 -0.2142524 0.02959996 0.01718467 -0.2141168 0.02509999 0.01743006 -0.2141168 0.02959996 0.01743006 -0.2139546 0.02509999 0.01765871 -0.2139546 0.02959996 0.01765871 -0.2137677 0.02509999 0.01786774 -0.2137677 0.02959996 0.01786774 -0.2135587 0.02509999 0.01805454 -0.2135587 0.02959996 0.01805454 -0.21333 0.02509999 0.01821678 -0.21333 0.02959996 0.01821678 -0.2130847 0.02509999 0.01835238 -0.2130847 0.02959996 0.01835238 -0.2128257 0.02509999 0.01845967 -0.2128257 0.02959996 0.01845967 -0.2125563 0.02509999 0.01853728 -0.2125563 0.02959996 0.01853728 -0.2122799 0.02509999 0.01858425 -0.2122799 0.02959996 0.01858425 -0.212 0.02509999 0.01859998 -0.212 0.02959996 0.01859998 -0.1772634 0.02709996 0.008916497 -0.1773814 0.02959996 0.008904099 -0.1775 0.02709996 0.008899986 -0.1776186 0.02959996 0.008904099 -0.1777366 0.02709996 0.008916497 -0.1778534 0.02959996 0.00893712 -0.1779686 0.02709996 0.008965849 -0.1780814 0.02959996 0.009002506 -0.1781914 0.02709996 0.009046971 -0.1782981 0.02959996 0.009098947 -0.1784008 0.02709996 0.009158313 -0.1784992 0.02959996 0.009224653 -0.1785927 0.02709996 0.009297668 -0.1786809 0.02959996 0.009377121 -0.1787633 0.02709996 0.009462475 -0.1788396 0.02959996 0.009553372 -0.1789093 0.02709996 0.009649336 -0.1789722 0.02959996 0.009749948 -0.1790279 0.02709996 0.009854733 -0.1790762 0.02959996 0.009963154 -0.1791168 0.02709996 0.01007467 -0.1791495 0.02959996 0.01018869 -0.1791741 0.02709996 0.01030474 -0.1791906 0.02959996 0.01042228 -0.1791989 0.02709996 0.01054066 -0.1791989 0.02959996 0.01065927 -0.1791906 0.02709996 0.01077765 -0.1791741 0.02959996 0.01089519 -0.1791495 0.02709996 0.01101124 -0.1791168 0.02959996 0.01112532 -0.1790762 0.02709996 0.01123678 -0.1790279 0.02959996 0.0113452 -0.1789722 0.02709996 0.01144999 -0.1789093 0.02959996 0.0115506 -0.1788396 0.02709996 0.01164662 -0.1787633 0.02959996 0.01173752 -0.1786809 0.02709996 0.01182287 -0.1785927 0.02959996 0.01190227 -0.1784992 0.02709996 0.01197528 -0.1784008 0.02959996 0.01204162 -0.1782981 0.02709996 0.01210099 -0.1781914 0.02959996 0.01215302 -0.1780814 0.02709996 0.01219743 -0.1779686 0.02959996 0.01223409 -0.1778534 0.02709996 0.01226282 -0.1777366 0.02959996 0.01228344 -0.1776186 0.02709996 0.01229584 -0.1775 0.02959996 0.01229995 -0.1773814 0.02709996 0.01229584 -0.1772634 0.02959996 0.01228344 -0.1771465 0.02709996 0.01226282 -0.1770314 0.02959996 0.01223409 -0.1769185 0.02709996 0.01219743 -0.1768085 0.02959996 0.01215302 -0.1767019 0.02709996 0.01210099 -0.1765991 0.02959996 0.01204162 -0.1765007 0.02709996 0.01197528 -0.1764072 0.02959996 0.01190227 -0.1763191 0.02709996 0.01182287 -0.1762366 0.02959996 0.01173752 -0.1761603 0.02709996 0.01164662 -0.1760906 0.02959996 0.0115506 -0.1760277 0.02709996 0.01144999 -0.175972 0.02959996 0.0113452 -0.1759238 0.02709996 0.01123678 -0.1758832 0.02959996 0.01112532 -0.1758505 0.02709996 0.01101124 -0.1758258 0.02959996 0.01089519 -0.1758093 0.02709996 0.01077765 -0.175801 0.02959996 0.01065927 -0.175801 0.02709996 0.01054066 -0.1758093 0.02959996 0.01042228 -0.1758258 0.02709996 0.01030474 -0.1758505 0.02959996 0.01018869 -0.1758832 0.02709996 0.01007467 -0.1759238 0.02959996 0.009963154 -0.175972 0.02709996 0.009854733 -0.1760277 0.02959996 0.009749948 -0.1760906 0.02709996 0.009649336 -0.1761603 0.02959996 0.009553372 -0.1762366 0.02709996 0.009462475 -0.1763191 0.02959996 0.009377121 -0.1764072 0.02709996 0.009297668 -0.1765007 0.02959996 0.009224653 -0.1765991 0.02709996 0.009158313 -0.1767019 0.02959996 0.009098947 -0.1768085 0.02709996 0.009046971 -0.1769185 0.02959996 0.009002506 -0.1770314 0.02709996 0.008965849 -0.1771465 0.02959996 0.00893712 -0.17375 0.02709996 0.01959997 -0.17375 0.02509999 0.01959997 -0.173766 0.02709996 0.01994597 -0.173766 0.02509999 0.01994597 -0.1738138 0.02709996 0.02028906 -0.1738138 0.02509999 0.02028906 -0.1738931 0.02709996 0.02062618 -0.1738931 0.02509999 0.02062618 -0.1740032 0.02709996 0.0209546 -0.1740032 0.02509999 0.0209546 -0.1741431 0.02709996 0.02127146 -0.1741431 0.02509999 0.02127146 -0.1743116 0.02709996 0.02157407 -0.1743116 0.02509999 0.02157407 -0.1745074 0.02709996 0.02185988 -0.1745074 0.02509999 0.02185988 -0.1747287 0.02709996 0.02212631 -0.1747287 0.02509999 0.02212631 -0.1749736 0.02709996 0.02237123 -0.1749736 0.02509999 0.02237123 -0.1752401 0.02709996 0.02259254 -0.1752401 0.02509999 0.02259254 -0.1755259 0.02709996 0.02278828 -0.1755259 0.02509999 0.02278828 -0.1758285 0.02709996 0.02295684 -0.1758285 0.02509999 0.02295684 -0.1761453 0.02709996 0.02309674 -0.1761453 0.02509999 0.02309674 -0.1764737 0.02709996 0.02320683 -0.1764737 0.02509999 0.02320683 -0.1768109 0.02709996 0.0232861 -0.1768109 0.02509999 0.0232861 -0.177154 0.02709996 0.02333396 -0.177154 0.02509999 0.02333396 -0.1775 0.02709996 0.02335 -0.1775 0.02509999 0.02335 -0.177846 0.02709996 0.02333396 -0.177846 0.02509999 0.02333396 -0.178189 0.02709996 0.0232861 -0.178189 0.02509999 0.0232861 -0.1785262 0.02709996 0.02320683 -0.1785262 0.02509999 0.02320683 -0.1788547 0.02709996 0.02309674 -0.1788547 0.02509999 0.02309674 -0.1791715 0.02709996 0.02295684 -0.1791715 0.02509999 0.02295684 -0.1794741 0.02709996 0.02278828 -0.1794741 0.02509999 0.02278828 -0.1797599 0.02709996 0.02259254 -0.1797599 0.02509999 0.02259254 -0.1800263 0.02709996 0.02237123 -0.1800263 0.02509999 0.02237123 -0.1802713 0.02709996 0.02212631 -0.1802713 0.02509999 0.02212631 -0.1804925 0.02709996 0.02185988 -0.1804925 0.02509999 0.02185988 -0.1806883 0.02709996 0.02157407 -0.1806883 0.02509999 0.02157407 -0.1808568 0.02709996 0.02127146 -0.1808568 0.02509999 0.02127146 -0.1809967 0.02709996 0.0209546 -0.1809967 0.02509999 0.0209546 -0.1811068 0.02709996 0.02062618 -0.1811068 0.02509999 0.02062618 -0.1811861 0.02709996 0.02028906 -0.1811861 0.02509999 0.02028906 -0.181234 0.02709996 0.01994597 -0.181234 0.02509999 0.01994597 -0.18125 0.02709996 0.01959997 -0.18125 0.02509999 0.01959997 -0.18125 0.02509999 0.001599967 -0.18125 0.02709996 0.001599967 -0.181234 0.02709996 0.001253962 -0.181234 0.02509999 0.001253962 -0.1811861 0.02709996 9.10939e-4 -0.1811861 0.02509999 9.10939e-4 -0.1811068 0.02709996 5.73764e-4 -0.1811068 0.02509999 5.73764e-4 -0.1809967 0.02709996 2.45344e-4 -0.1809967 0.02509999 2.45344e-4 -0.1808568 0.02709996 -7.15188e-5 -0.1808568 0.02509999 -7.15188e-5 -0.1806883 0.02709996 -3.74121e-4 -0.1806883 0.02509999 -3.74121e-4 -0.1804925 0.02709996 -6.5988e-4 -0.1804925 0.02509999 -6.5988e-4 -0.1802713 0.02709996 -9.26359e-4 -0.1802713 0.02509999 -9.26359e-4 -0.1800263 0.02709996 -0.001171231 -0.1800263 0.02509999 -0.001171231 -0.1797599 0.02709996 -0.001392543 -0.1797599 0.02509999 -0.001392543 -0.1794741 0.02709996 -0.001588284 -0.1794741 0.02509999 -0.001588284 -0.1791715 0.02709996 -0.001756846 -0.1791715 0.02509999 -0.001756846 -0.1788547 0.02709996 -0.001896739 -0.1788547 0.02509999 -0.001896739 -0.1785262 0.02709996 -0.002006828 -0.1785262 0.02509999 -0.002006828 -0.178189 0.02709996 -0.002086102 -0.178189 0.02509999 -0.002086102 -0.177846 0.02709996 -0.002133965 -0.177846 0.02509999 -0.002133965 -0.1775 0.02709996 -0.002149999 -0.1775 0.02509999 -0.002149999 -0.177154 0.02709996 -0.002133965 -0.177154 0.02509999 -0.002133965 -0.1768109 0.02709996 -0.002086102 -0.1768109 0.02509999 -0.002086102 -0.1764737 0.02709996 -0.002006828 -0.1764737 0.02509999 -0.002006828 -0.1761453 0.02709996 -0.001896739 -0.1761453 0.02509999 -0.001896739 -0.1758285 0.02709996 -0.001756846 -0.1758285 0.02509999 -0.001756846 -0.1755259 0.02709996 -0.001588284 -0.1755259 0.02509999 -0.001588284 -0.1752401 0.02709996 -0.001392543 -0.1752401 0.02509999 -0.001392543 -0.1749736 0.02709996 -0.001171231 -0.1749736 0.02509999 -0.001171231 -0.1747287 0.02709996 -9.26359e-4 -0.1747287 0.02509999 -9.26359e-4 -0.1745074 0.02709996 -6.5988e-4 -0.1745074 0.02509999 -6.5988e-4 -0.1743116 0.02709996 -3.74121e-4 -0.1743116 0.02509999 -3.74121e-4 -0.1741431 0.02709996 -7.15188e-5 -0.1741431 0.02509999 -7.15188e-5 -0.1740032 0.02709996 2.45344e-4 -0.1740032 0.02509999 2.45344e-4 -0.1738931 0.02709996 5.73764e-4 -0.1738931 0.02509999 5.73764e-4 -0.1738138 0.02709996 9.10939e-4 -0.1738138 0.02509999 9.10939e-4 -0.173766 0.02709996 0.001253962 -0.173766 0.02509999 0.001253962 -0.17375 0.02709996 0.001599967 -0.17375 0.02509999 0.001599967 -0.1379832 0.02509999 0.01000595 -0.1379832 0.02709996 0.01000595 -0.138 0.02509999 0.01059997 -0.138 0.02709996 0.01059997 -0.1379832 0.02509999 0.01119399 -0.1379832 0.02709996 0.01119399 -0.1379327 0.02509999 0.01178616 -0.1379327 0.02709996 0.01178616 -0.1378489 0.02509999 0.01237446 -0.1378489 0.02709996 0.01237446 -0.137732 0.02509999 0.01295715 -0.137732 0.02709996 0.01295715 -0.1375823 0.02509999 0.01353222 -0.1375823 0.02709996 0.01353222 -0.1374002 0.02509999 0.01409792 -0.1374002 0.02709996 0.01409792 -0.1371864 0.02509999 0.01465243 -0.1371864 0.02709996 0.01465243 -0.1369416 0.02509999 0.01519393 -0.1369416 0.02709996 0.01519393 -0.1366666 0.02509999 0.01572078 -0.1366666 0.02709996 0.01572078 -0.1363622 0.02509999 0.01623117 -0.1363622 0.02709996 0.01623117 -0.1360294 0.02509999 0.01672351 -0.1360294 0.02709996 0.01672351 -0.1356694 0.02509999 0.01719629 -0.1356694 0.02709996 0.01719629 -0.1352831 0.02509999 0.01764792 -0.1352831 0.02709996 0.01764792 -0.1348719 0.02509999 0.01807695 -0.1348719 0.02709996 0.01807695 -0.134437 0.02509999 0.01848202 -0.134437 0.02709996 0.01848202 -0.13398 0.02509999 0.01886188 -0.13398 0.02709996 0.01886188 -0.1335022 0.02509999 0.01921522 -0.1335022 0.02709996 0.01921522 -0.1330052 0.02509999 0.01954102 -0.1330052 0.02709996 0.01954102 -0.1324905 0.02509999 0.01983815 -0.1324905 0.02709996 0.01983815 -0.1319599 0.02509999 0.02010571 -0.1319599 0.02709996 0.02010571 -0.131415 0.02509999 0.02034282 -0.131415 0.02709996 0.02034282 -0.1308575 0.02509999 0.0205487 -0.1308575 0.02709996 0.0205487 -0.1302893 0.02509999 0.02072268 -0.1302893 0.02709996 0.02072268 -0.1297121 0.02509999 0.0208643 -0.1297121 0.02709996 0.0208643 -0.1291279 0.02509999 0.02097302 -0.1291279 0.02709996 0.02097302 -0.1285384 0.02509999 0.02104848 -0.1285384 0.02709996 0.02104848 -0.1279456 0.02509999 0.0210905 -0.1279456 0.02709996 0.0210905 -0.1273514 0.02509999 0.02109891 -0.1273514 0.02709996 0.02109891 -0.1267576 0.02509999 0.02107369 -0.1267576 0.02709996 0.02107369 -0.1261663 0.02509999 0.02101492 -0.1261663 0.02709996 0.02101492 -0.1255792 0.02509999 0.02092278 -0.1255792 0.02709996 0.02092278 -0.1249983 0.02509999 0.02079761 -0.1249983 0.02709996 0.02079761 -0.1244254 0.02509999 0.02063971 -0.1244254 0.02709996 0.02063971 -0.1238623 0.02509999 0.02044969 -0.1238623 0.02709996 0.02044969 -0.1233108 0.02509999 0.02022814 -0.1233108 0.02709996 0.02022814 -0.1227728 0.02509999 0.01997572 -0.1227728 0.02709996 0.01997572 -0.12225 0.02509999 0.01969325 -0.12225 0.02709996 0.01969325 -0.1217439 0.02509999 0.01938164 -0.1217439 0.02709996 0.01938164 -0.1212563 0.02509999 0.01904195 -0.1212563 0.02709996 0.01904195 -0.1207887 0.02509999 0.0186752 -0.1207887 0.02709996 0.0186752 -0.1203426 0.02509999 0.01828259 -0.1203426 0.02709996 0.01828259 -0.1199194 0.02509999 0.01786535 -0.1199194 0.02709996 0.01786535 -0.1195206 0.02509999 0.01742482 -0.1195206 0.02709996 0.01742482 -0.1191472 0.02509999 0.01696246 -0.1191472 0.02709996 0.01696246 -0.1188006 0.02509999 0.01647973 -0.1188006 0.02709996 0.01647973 -0.1184819 0.02509999 0.01597815 -0.1184819 0.02709996 0.01597815 -0.1181921 0.02509999 0.01545929 -0.1181921 0.02709996 0.01545929 -0.1179321 0.02509999 0.01492494 -0.1179321 0.02709996 0.01492494 -0.1177027 0.02509999 0.01437669 -0.1177027 0.02709996 0.01437669 -0.1175047 0.02509999 0.01381635 -0.1175047 0.02709996 0.01381635 -0.1173388 0.02509999 0.01324576 -0.1173388 0.02709996 0.01324576 -0.1172054 0.02509999 0.01266664 -0.1172054 0.02709996 0.01266664 -0.117105 0.02509999 0.0120809 -0.117105 0.02709996 0.0120809 -0.1170378 0.02509999 0.01149046 -0.1170378 0.02709996 0.01149046 -0.1170042 0.02509999 0.01089709 -0.1170042 0.02709996 0.01089709 -0.1170042 0.02509999 0.01030284 -0.1170042 0.02709996 0.01030284 -0.1170378 0.02509999 0.009709537 -0.1170378 0.02709996 0.009709537 -0.117105 0.02509999 0.009119033 -0.117105 0.02709996 0.009119033 -0.1172054 0.02509999 0.008533298 -0.1172054 0.02709996 0.008533298 -0.1173388 0.02509999 0.00795418 -0.1173388 0.02709996 0.00795418 -0.1175047 0.02509999 0.007383584 -0.1175047 0.02709996 0.007383584 -0.1177027 0.02509999 0.006823241 -0.1177027 0.02709996 0.006823241 -0.1179321 0.02509999 0.006274998 -0.1179321 0.02709996 0.006274998 -0.1181921 0.02509999 0.005740642 -0.1181921 0.02709996 0.005740642 -0.1184819 0.02509999 0.005221843 -0.1184819 0.02709996 0.005221843 -0.1188006 0.02509999 0.004720211 -0.1188006 0.02709996 0.004720211 -0.1191472 0.02509999 0.004237473 -0.1191472 0.02709996 0.004237473 -0.1195206 0.02509999 0.003775119 -0.1195206 0.02709996 0.003775119 -0.1199194 0.02509999 0.003334641 -0.1199194 0.02709996 0.003334641 -0.1203426 0.02509999 0.002917408 -0.1203426 0.02709996 0.002917408 -0.1207887 0.02509999 0.002524733 -0.1207887 0.02709996 0.002524733 -0.1212563 0.02509999 0.002157986 -0.1212563 0.02709996 0.002157986 -0.1217439 0.02509999 0.001818299 -0.1217439 0.02709996 0.001818299 -0.12225 0.02509999 0.001506686 -0.12225 0.02709996 0.001506686 -0.1227728 0.02509999 0.001224219 -0.1227728 0.02709996 0.001224219 -0.1233108 0.02509999 9.71857e-4 -0.1233108 0.02709996 9.71857e-4 -0.1238623 0.02509999 7.50277e-4 -0.1238623 0.02709996 7.50277e-4 -0.1244254 0.02509999 5.60249e-4 -0.1244254 0.02709996 5.60249e-4 -0.1249983 0.02509999 4.02382e-4 -0.1249983 0.02709996 4.02382e-4 -0.1255792 0.02509999 2.7718e-4 -0.1255792 0.02709996 2.7718e-4 -0.1261663 0.02509999 1.85045e-4 -0.1261663 0.02709996 1.85045e-4 -0.1267576 0.02509999 1.26273e-4 -0.1267576 0.02709996 1.26273e-4 -0.1273514 0.02509999 1.01051e-4 -0.1273514 0.02709996 1.01051e-4 -0.1279456 0.02509999 1.09461e-4 -0.1279456 0.02709996 1.09461e-4 -0.1285384 0.02509999 1.51475e-4 -0.1285384 0.02709996 1.51475e-4 -0.1291279 0.02509999 2.26958e-4 -0.1291279 0.02709996 2.26958e-4 -0.1297121 0.02509999 3.3567e-4 -0.1297121 0.02709996 3.3567e-4 -0.1302893 0.02509999 4.77261e-4 -0.1302893 0.02709996 4.77261e-4 -0.1308575 0.02509999 6.51279e-4 -0.1308575 0.02709996 6.51279e-4 -0.131415 0.02509999 8.57165e-4 -0.131415 0.02709996 8.57165e-4 -0.1319599 0.02509999 0.001094222 -0.1319599 0.02709996 0.001094222 -0.1324905 0.02509999 0.001361787 -0.1324905 0.02709996 0.001361787 -0.1330052 0.02509999 0.001658916 -0.1330052 0.02709996 0.001658916 -0.1335022 0.02509999 0.001984715 -0.1335022 0.02709996 0.001984715 -0.13398 0.02509999 0.002338051 -0.13398 0.02709996 0.002338051 -0.134437 0.02509999 0.002717912 -0.134437 0.02709996 0.002717912 -0.1348719 0.02509999 0.003122985 -0.1348719 0.02709996 0.003122985 -0.1352831 0.02509999 0.003552019 -0.1352831 0.02709996 0.003552019 -0.1356694 0.02509999 0.004003643 -0.1356694 0.02709996 0.004003643 -0.1360294 0.02509999 0.004476428 -0.1360294 0.02709996 0.004476428 -0.1363622 0.02509999 0.004968762 -0.1363622 0.02709996 0.004968762 -0.1366666 0.02509999 0.005479156 -0.1366666 0.02709996 0.005479156 -0.1369416 0.02509999 0.006006002 -0.1369416 0.02709996 0.006006002 -0.1371864 0.02509999 0.00654751 -0.1371864 0.02709996 0.00654751 -0.1374002 0.02509999 0.007102012 -0.1374002 0.02709996 0.007102012 -0.1375823 0.02509999 0.00766772 -0.1375823 0.02709996 0.00766772 -0.137732 0.02509999 0.008242785 -0.137732 0.02709996 0.008242785 -0.1378489 0.02509999 0.00882548 -0.1378489 0.02709996 0.00882548 -0.1379327 0.02509999 0.009413778 -0.1379327 0.02709996 0.009413778 -0.2379832 0.02509999 0.01000595 -0.2379832 0.02709996 0.01000595 -0.238 0.02509999 0.01059997 -0.238 0.02709996 0.01059997 -0.2379832 0.02509999 0.01119399 -0.2379832 0.02709996 0.01119399 -0.2379328 0.02509999 0.01178616 -0.2379328 0.02709996 0.01178616 -0.2378489 0.02509999 0.01237446 -0.2378489 0.02709996 0.01237446 -0.2377319 0.02509999 0.01295715 -0.2377319 0.02709996 0.01295715 -0.2375822 0.02509999 0.01353222 -0.2375822 0.02709996 0.01353222 -0.2374002 0.02509999 0.01409792 -0.2374002 0.02709996 0.01409792 -0.2371864 0.02509999 0.01465243 -0.2371864 0.02709996 0.01465243 -0.2369416 0.02509999 0.01519393 -0.2369416 0.02709996 0.01519393 -0.2366666 0.02509999 0.01572078 -0.2366666 0.02709996 0.01572078 -0.2363622 0.02509999 0.01623117 -0.2363622 0.02709996 0.01623117 -0.2360295 0.02509999 0.01672351 -0.2360295 0.02709996 0.01672351 -0.2356693 0.02509999 0.01719629 -0.2356693 0.02709996 0.01719629 -0.2352831 0.02509999 0.01764792 -0.2352831 0.02709996 0.01764792 -0.2348719 0.02509999 0.01807695 -0.2348719 0.02709996 0.01807695 -0.2344371 0.02509999 0.01848202 -0.2344371 0.02709996 0.01848202 -0.23398 0.02509999 0.01886188 -0.23398 0.02709996 0.01886188 -0.2335022 0.02509999 0.01921522 -0.2335022 0.02709996 0.01921522 -0.2330052 0.02509999 0.01954102 -0.2330052 0.02709996 0.01954102 -0.2324905 0.02509999 0.01983815 -0.2324905 0.02709996 0.01983815 -0.2319599 0.02509999 0.02010571 -0.2319599 0.02709996 0.02010571 -0.231415 0.02509999 0.02034282 -0.231415 0.02709996 0.02034282 -0.2308575 0.02509999 0.0205487 -0.2308575 0.02709996 0.0205487 -0.2302893 0.02509999 0.02072268 -0.2302893 0.02709996 0.02072268 -0.2297121 0.02509999 0.0208643 -0.2297121 0.02709996 0.0208643 -0.2291278 0.02509999 0.02097302 -0.2291278 0.02709996 0.02097302 -0.2285384 0.02509999 0.02104848 -0.2285384 0.02709996 0.02104848 -0.2279456 0.02509999 0.0210905 -0.2279456 0.02709996 0.0210905 -0.2273514 0.02509999 0.02109891 -0.2273514 0.02709996 0.02109891 -0.2267577 0.02509999 0.02107369 -0.2267577 0.02709996 0.02107369 -0.2261663 0.02509999 0.02101492 -0.2261663 0.02709996 0.02101492 -0.2255792 0.02509999 0.02092278 -0.2255792 0.02709996 0.02092278 -0.2249982 0.02509999 0.02079761 -0.2249982 0.02709996 0.02079761 -0.2244253 0.02509999 0.02063971 -0.2244253 0.02709996 0.02063971 -0.2238622 0.02509999 0.02044969 -0.2238622 0.02709996 0.02044969 -0.2233108 0.02509999 0.02022814 -0.2233108 0.02709996 0.02022814 -0.2227728 0.02509999 0.01997572 -0.2227728 0.02709996 0.01997572 -0.22225 0.02509999 0.01969325 -0.22225 0.02709996 0.01969325 -0.221744 0.02509999 0.01938164 -0.221744 0.02709996 0.01938164 -0.2212563 0.02509999 0.01904195 -0.2212563 0.02709996 0.01904195 -0.2207887 0.02509999 0.0186752 -0.2207887 0.02709996 0.0186752 -0.2203426 0.02509999 0.01828259 -0.2203426 0.02709996 0.01828259 -0.2199195 0.02509999 0.01786535 -0.2199195 0.02709996 0.01786535 -0.2195205 0.02509999 0.01742482 -0.2195205 0.02709996 0.01742482 -0.2191472 0.02509999 0.01696246 -0.2191472 0.02709996 0.01696246 -0.2188006 0.02509999 0.01647973 -0.2188006 0.02709996 0.01647973 -0.2184819 0.02509999 0.01597815 -0.2184819 0.02709996 0.01597815 -0.2181921 0.02509999 0.01545929 -0.2181921 0.02709996 0.01545929 -0.2179321 0.02509999 0.01492494 -0.2179321 0.02709996 0.01492494 -0.2177027 0.02509999 0.01437669 -0.2177027 0.02709996 0.01437669 -0.2175047 0.02509999 0.01381635 -0.2175047 0.02709996 0.01381635 -0.2173388 0.02509999 0.01324576 -0.2173388 0.02709996 0.01324576 -0.2172054 0.02509999 0.01266664 -0.2172054 0.02709996 0.01266664 -0.2171049 0.02509999 0.0120809 -0.2171049 0.02709996 0.0120809 -0.2170378 0.02509999 0.01149046 -0.2170378 0.02709996 0.01149046 -0.2170042 0.02509999 0.01089709 -0.2170042 0.02709996 0.01089709 -0.2170042 0.02509999 0.01030284 -0.2170042 0.02709996 0.01030284 -0.2170378 0.02509999 0.009709537 -0.2170378 0.02709996 0.009709537 -0.2171049 0.02509999 0.009119033 -0.2171049 0.02709996 0.009119033 -0.2172054 0.02509999 0.008533298 -0.2172054 0.02709996 0.008533298 -0.2173388 0.02509999 0.00795418 -0.2173388 0.02709996 0.00795418 -0.2175047 0.02509999 0.007383584 -0.2175047 0.02709996 0.007383584 -0.2177027 0.02509999 0.006823241 -0.2177027 0.02709996 0.006823241 -0.2179321 0.02509999 0.006274998 -0.2179321 0.02709996 0.006274998 -0.2181921 0.02509999 0.005740642 -0.2181921 0.02709996 0.005740642 -0.2184819 0.02509999 0.005221843 -0.2184819 0.02709996 0.005221843 -0.2188006 0.02509999 0.004720211 -0.2188006 0.02709996 0.004720211 -0.2191472 0.02509999 0.004237473 -0.2191472 0.02709996 0.004237473 -0.2195205 0.02509999 0.003775119 -0.2195205 0.02709996 0.003775119 -0.2199195 0.02509999 0.003334641 -0.2199195 0.02709996 0.003334641 -0.2203426 0.02509999 0.002917408 -0.2203426 0.02709996 0.002917408 -0.2207887 0.02509999 0.002524733 -0.2207887 0.02709996 0.002524733 -0.2212563 0.02509999 0.002157986 -0.2212563 0.02709996 0.002157986 -0.221744 0.02509999 0.001818299 -0.221744 0.02709996 0.001818299 -0.22225 0.02509999 0.001506686 -0.22225 0.02709996 0.001506686 -0.2227728 0.02509999 0.001224219 -0.2227728 0.02709996 0.001224219 -0.2233108 0.02509999 9.71857e-4 -0.2233108 0.02709996 9.71857e-4 -0.2238622 0.02509999 7.50277e-4 -0.2238622 0.02709996 7.50277e-4 -0.2244253 0.02509999 5.60249e-4 -0.2244253 0.02709996 5.60249e-4 -0.2249982 0.02509999 4.02382e-4 -0.2249982 0.02709996 4.02382e-4 -0.2255792 0.02509999 2.7718e-4 -0.2255792 0.02709996 2.7718e-4 -0.2261663 0.02509999 1.85045e-4 -0.2261663 0.02709996 1.85045e-4 -0.2267577 0.02509999 1.26273e-4 -0.2267577 0.02709996 1.26273e-4 -0.2273514 0.02509999 1.01051e-4 -0.2273514 0.02709996 1.01051e-4 -0.2279456 0.02509999 1.09461e-4 -0.2279456 0.02709996 1.09461e-4 -0.2285384 0.02509999 1.51475e-4 -0.2285384 0.02709996 1.51475e-4 -0.2291278 0.02509999 2.26958e-4 -0.2291278 0.02709996 2.26958e-4 -0.2297121 0.02509999 3.3567e-4 -0.2297121 0.02709996 3.3567e-4 -0.2302893 0.02509999 4.77261e-4 -0.2302893 0.02709996 4.77261e-4 -0.2308575 0.02509999 6.51279e-4 -0.2308575 0.02709996 6.51279e-4 -0.231415 0.02509999 8.57165e-4 -0.231415 0.02709996 8.57165e-4 -0.2319599 0.02509999 0.001094222 -0.2319599 0.02709996 0.001094222 -0.2324905 0.02509999 0.001361787 -0.2324905 0.02709996 0.001361787 -0.2330052 0.02509999 0.001658916 -0.2330052 0.02709996 0.001658916 -0.2335022 0.02509999 0.001984715 -0.2335022 0.02709996 0.001984715 -0.23398 0.02509999 0.002338051 -0.23398 0.02709996 0.002338051 -0.2344371 0.02509999 0.002717912 -0.2344371 0.02709996 0.002717912 -0.2348719 0.02509999 0.003122985 -0.2348719 0.02709996 0.003122985 -0.2352831 0.02509999 0.003552019 -0.2352831 0.02709996 0.003552019 -0.2356693 0.02509999 0.004003643 -0.2356693 0.02709996 0.004003643 -0.2360295 0.02509999 0.004476428 -0.2360295 0.02709996 0.004476428 -0.2363622 0.02509999 0.004968762 -0.2363622 0.02709996 0.004968762 -0.2366666 0.02509999 0.005479156 -0.2366666 0.02709996 0.005479156 -0.2369416 0.02509999 0.006006002 -0.2369416 0.02709996 0.006006002 -0.2371864 0.02509999 0.00654751 -0.2371864 0.02709996 0.00654751 -0.2374002 0.02509999 0.007102012 -0.2374002 0.02709996 0.007102012 -0.2375822 0.02509999 0.00766772 -0.2375822 0.02709996 0.00766772 -0.2377319 0.02509999 0.008242785 -0.2377319 0.02709996 0.008242785 -0.2378489 0.02509999 0.00882548 -0.2378489 0.02709996 0.00882548 -0.2379328 0.02509999 0.009413778 -0.2379328 0.02709996 0.009413778 -0.1274999 0.02509999 -0.002399981 -0.2275 0.02509999 -0.002399981 -0.2275 0.02509999 0.02359998 -0.1274999 0.02509999 0.02359998 -0.2281584 0.02509999 0.02358329 -0.2288151 0.02509999 0.02353328 -0.2294685 0.02509999 0.02345007 -0.2301169 0.02509999 0.02333384 -0.2307584 0.02509999 0.02318495 -0.2313917 0.02509999 0.02300381 -0.232015 0.02509999 0.02279072 -0.2326266 0.02509999 0.02254641 -0.2332251 0.02509999 0.02227145 -0.2338089 0.02509999 0.02196645 -0.2343765 0.02509999 0.02163237 -0.2349265 0.02509999 0.02126991 -0.2354574 0.02509999 0.02088004 -0.2359678 0.02509999 0.02046382 -0.2364565 0.02509999 0.02002227 -0.2369223 0.02509999 0.01955652 -0.2373638 0.02509999 0.01906782 -0.23778 0.02509999 0.01855736 -0.2381699 0.02509999 0.01802647 -0.2385324 0.02509999 0.01747649 -0.2388665 0.02509999 0.01690888 -0.2391715 0.02509999 0.01632511 -0.2394464 0.02509999 0.01572662 -0.2396907 0.02509999 0.01511496 -0.2399038 0.02509999 0.01449167 -0.240085 0.02509999 0.01385843 -0.2402338 0.02509999 0.01321685 -0.2403501 0.02509999 0.01256853 -0.2404333 0.02509999 0.01191514 -0.2404833 0.02509999 0.01125842 -0.2405 0.02509999 0.01059997 -0.2404833 0.02509999 0.009941518 -0.2404333 0.02509999 0.009284794 -0.2403501 0.02509999 0.008631408 -0.2402338 0.02509999 0.007983088 -0.240085 0.02509999 0.007341504 -0.2399038 0.02509999 0.006708264 -0.2396907 0.02509999 0.006084978 -0.2394464 0.02509999 0.005473315 -0.2391715 0.02509999 0.004874825 -0.2388665 0.02509999 0.004291057 -0.2385324 0.02509999 0.003723442 -0.2381699 0.02509999 0.00317347 -0.23778 0.02509999 0.002642571 -0.2373638 0.02509999 0.002132117 -0.2369223 0.02509999 0.001643419 -0.2364565 0.02509999 0.001177668 -0.2359678 0.02509999 7.36144e-4 -0.2354574 0.02509999 3.19915e-4 -0.2349265 0.02509999 -6.99248e-5 -0.2343765 0.02509999 -4.32375e-4 -0.2338089 0.02509999 -7.66506e-4 -0.2332251 0.02509999 -0.001071453 -0.2326266 0.02509999 -0.001346409 -0.232015 0.02509999 -0.001590728 -0.2313917 0.02509999 -0.001803755 -0.2307584 0.02509999 -0.001984953 -0.2301169 0.02509999 -0.002133846 -0.2294685 0.02509999 -0.002250075 -0.2288151 0.02509999 -0.002333283 -0.2281584 0.02509999 -0.002383291 -0.1268416 0.02509999 -0.002383291 -0.1261848 0.02509999 -0.002333283 -0.1255314 0.02509999 -0.002250075 -0.1248831 0.02509999 -0.002133846 -0.1242415 0.02509999 -0.001984953 -0.1236082 0.02509999 -0.001803755 -0.122985 0.02509999 -0.001590728 -0.1223734 0.02509999 -0.001346409 -0.1217749 0.02509999 -0.001071453 -0.121191 0.02509999 -7.66506e-4 -0.1206234 0.02509999 -4.32375e-4 -0.1200735 0.02509999 -6.99247e-5 -0.1195426 0.02509999 3.19915e-4 -0.1190322 0.02509999 7.36144e-4 -0.1185434 0.02509999 0.001177668 -0.1180776 0.02509999 0.001643419 -0.1176361 0.02509999 0.002132117 -0.1172199 0.02509999 0.002642571 -0.1168301 0.02509999 0.00317347 -0.1164676 0.02509999 0.003723442 -0.1161335 0.02509999 0.004291057 -0.1158285 0.02509999 0.004874825 -0.1155535 0.02509999 0.005473315 -0.1153092 0.02509999 0.006084978 -0.1150962 0.02509999 0.006708264 -0.114915 0.02509999 0.007341504 -0.1147661 0.02509999 0.007983088 -0.1146499 0.02509999 0.008631408 -0.1145667 0.02509999 0.009284794 -0.1145167 0.02509999 0.009941518 -0.1145 0.02509999 0.01059997 -0.1145167 0.02509999 0.01125842 -0.1145667 0.02509999 0.01191514 -0.1146499 0.02509999 0.01256853 -0.1147661 0.02509999 0.01321685 -0.114915 0.02509999 0.01385843 -0.1150962 0.02509999 0.01449167 -0.1153092 0.02509999 0.01511496 -0.1155535 0.02509999 0.01572662 -0.1158285 0.02509999 0.01632511 -0.1161335 0.02509999 0.01690888 -0.1164676 0.02509999 0.01747649 -0.1168301 0.02509999 0.01802647 -0.1172199 0.02509999 0.01855736 -0.1176361 0.02509999 0.01906782 -0.1180776 0.02509999 0.01955652 -0.1185434 0.02509999 0.02002227 -0.1190322 0.02509999 0.02046382 -0.1195426 0.02509999 0.02088004 -0.1200735 0.02509999 0.02126991 -0.1206234 0.02509999 0.02163237 -0.121191 0.02509999 0.02196645 -0.1217749 0.02509999 0.02227145 -0.1223734 0.02509999 0.02254641 -0.122985 0.02509999 0.02279072 -0.1236082 0.02509999 0.02300381 -0.1242415 0.02509999 0.02318495 -0.1248831 0.02509999 0.02333384 -0.1255314 0.02509999 0.02345007 -0.1261848 0.02509999 0.02353328 -0.1268416 0.02509999 0.02358329 -0.233533 0.02709996 0.01574075 -0.2335497 0.02709996 0.01554971 -0.233533 0.02709996 0.01535868 -0.2334834 0.02709996 0.01517349 -0.2334023 0.02709996 0.01499974 -0.2332924 0.02709996 0.01484262 -0.2334834 0.02709996 0.01592594 -0.2334023 0.02709996 0.01609975 -0.2332924 0.02709996 0.0162568 -0.2331568 0.02709996 0.01639235 -0.2329997 0.02709996 0.01650238 -0.2328259 0.02709996 0.01658338 -0.2326408 0.02709996 0.01663303 -0.2324497 0.02709996 0.01664972 -0.2322587 0.02709996 0.01663303 -0.2320735 0.02709996 0.01658338 -0.2318997 0.02709996 0.01650238 -0.2317426 0.02709996 0.01639235 -0.2316071 0.02709996 0.0162568 -0.2314971 0.02709996 0.01609975 -0.2314161 0.02709996 0.01592594 -0.2235839 0.02709996 0.01592594 -0.2235028 0.02709996 0.01609975 -0.2233929 0.02709996 0.0162568 -0.2232573 0.02709996 0.01639235 -0.2231003 0.02709996 0.01650238 -0.2229264 0.02709996 0.01658338 -0.2227413 0.02709996 0.01663303 -0.2225502 0.02709996 0.01664972 -0.2223592 0.02709996 0.01663303 -0.2236335 0.02709996 0.01574075 -0.2313664 0.02709996 0.01574075 -0.2275593 0.02709996 0.01229894 -0.2313497 0.02709996 0.01554971 -0.2277952 0.02709996 0.01227414 -0.2313664 0.02709996 0.01535868 -0.2280253 0.02709996 0.01221674 -0.2314161 0.02709996 0.01517349 -0.2282452 0.02709996 0.01212793 -0.2314971 0.02709996 0.01499974 -0.2284506 0.02709996 0.01200932 -0.2316071 0.02709996 0.01484262 -0.2286375 0.02709996 0.01186335 -0.2317426 0.02709996 0.01470708 -0.2288023 0.02709996 0.0116927 -0.2318997 0.02709996 0.01459711 -0.2289416 0.02709996 0.01150083 -0.2320735 0.02709996 0.01451605 -0.229053 0.02709996 0.01129144 -0.2291341 0.02709996 0.01106858 -0.2322587 0.02709996 0.0144664 -0.2291834 0.02709996 0.01083654 -0.2324497 0.02709996 0.01444971 -0.2292 0.02709996 0.01059997 -0.2326408 0.02709996 0.0144664 -0.2326408 0.02709996 0.006733536 -0.2328259 0.02709996 0.006683886 -0.2328259 0.02709996 0.01451605 -0.2329997 0.02709996 0.01459711 -0.2331568 0.02709996 0.01470708 -0.2236335 0.02709996 0.005841255 -0.2270887 0.02709996 0.008950471 -0.2236502 0.02709996 0.005650222 -0.2273223 0.02709996 0.008909285 -0.2236335 0.02709996 0.005459189 -0.2275593 0.02709996 0.008901 -0.2313664 0.02709996 0.005459189 -0.2313497 0.02709996 0.005650222 -0.2277952 0.02709996 0.008925795 -0.2313664 0.02709996 0.005841255 -0.2280253 0.02709996 0.008983194 -0.2314161 0.02709996 0.006026446 -0.2282452 0.02709996 0.009072005 -0.2314971 0.02709996 0.006200194 -0.2284506 0.02709996 0.009190618 -0.2316071 0.02709996 0.006357312 -0.2286375 0.02709996 0.00933665 -0.2317426 0.02709996 0.006492853 -0.2288023 0.02709996 0.009507238 -0.2318997 0.02709996 0.006602823 -0.2289416 0.02709996 0.009699106 -0.2320735 0.02709996 0.006683886 -0.229053 0.02709996 0.009908497 -0.2291341 0.02709996 0.01013141 -0.2268632 0.02709996 0.009023785 -0.2235839 0.02709996 0.006026446 -0.2266499 0.02709996 0.009127736 -0.2235028 0.02709996 0.006200194 -0.2264534 0.02709996 0.009260356 -0.2233929 0.02709996 0.006357312 -0.2262771 0.02709996 0.009419023 -0.2232573 0.02709996 0.006492853 -0.2261247 0.02709996 0.009600758 -0.2231003 0.02709996 0.006602823 -0.2259989 0.02709996 0.009801864 -0.2229264 0.02709996 0.006683886 -0.2259025 0.02709996 0.01001852 -0.2227413 0.02709996 0.006733536 -0.2258371 0.02709996 0.01024651 -0.2225502 0.02709996 0.006750226 -0.2258041 0.02709996 0.01048141 -0.2223592 0.02709996 0.006733536 -0.2223592 0.02709996 0.0144664 -0.222174 0.02709996 0.01451605 -0.222174 0.02709996 0.006683886 -0.2220003 0.02709996 0.006602823 -0.2218431 0.02709996 0.006492853 -0.2217076 0.02709996 0.006357312 -0.2215976 0.02709996 0.006200194 -0.2215166 0.02709996 0.006026446 -0.2214669 0.02709996 0.005841255 -0.2214502 0.02709996 0.005650222 -0.2214669 0.02709996 0.005459189 -0.2215166 0.02709996 0.005273997 -0.2215976 0.02709996 0.00510025 -0.2217076 0.02709996 0.004943132 -0.2218431 0.02709996 0.004807591 -0.2220003 0.02709996 0.00469762 -0.222174 0.02709996 0.004616558 -0.2223592 0.02709996 0.004566907 -0.2225502 0.02709996 0.004550218 -0.2227413 0.02709996 0.004566907 -0.2229264 0.02709996 0.004616558 -0.2231003 0.02709996 0.00469762 -0.2232573 0.02709996 0.004807591 -0.2233929 0.02709996 0.004943132 -0.2235028 0.02709996 0.00510025 -0.2235839 0.02709996 0.005273997 -0.2314161 0.02709996 0.005273997 -0.2314971 0.02709996 0.00510025 -0.2316071 0.02709996 0.004943132 -0.2317426 0.02709996 0.004807591 -0.2318997 0.02709996 0.00469762 -0.2320735 0.02709996 0.004616558 -0.2322587 0.02709996 0.004566907 -0.2324497 0.02709996 0.004550218 -0.2326408 0.02709996 0.004566907 -0.2328259 0.02709996 0.004616558 -0.2329997 0.02709996 0.00469762 -0.2331568 0.02709996 0.004807591 -0.2273223 0.02709996 0.01229065 -0.2236502 0.02709996 0.01554971 -0.2270887 0.02709996 0.01224946 -0.2236335 0.02709996 0.01535868 -0.2268632 0.02709996 0.01217621 -0.2235839 0.02709996 0.01517349 -0.2266499 0.02709996 0.0120722 -0.2235028 0.02709996 0.01499974 -0.2264534 0.02709996 0.01193958 -0.2233929 0.02709996 0.01484262 -0.2262771 0.02709996 0.01178091 -0.2232573 0.02709996 0.01470708 -0.2261247 0.02709996 0.01159918 -0.2231003 0.02709996 0.01459711 -0.2259989 0.02709996 0.01139807 -0.2229264 0.02709996 0.01451605 -0.2259025 0.02709996 0.01118141 -0.2227413 0.02709996 0.0144664 -0.2258371 0.02709996 0.01095342 -0.2225502 0.02709996 0.01444971 -0.2258041 0.02709996 0.01071858 -0.222174 0.02709996 0.01658338 -0.2220003 0.02709996 0.01650238 -0.2218431 0.02709996 0.01639235 -0.2217076 0.02709996 0.0162568 -0.2215976 0.02709996 0.01609975 -0.2215166 0.02709996 0.01592594 -0.2214669 0.02709996 0.01574075 -0.2214502 0.02709996 0.01554971 -0.2214669 0.02709996 0.01535868 -0.2215166 0.02709996 0.01517349 -0.2215976 0.02709996 0.01499974 -0.2217076 0.02709996 0.01484262 -0.2218431 0.02709996 0.01470708 -0.2220003 0.02709996 0.01459711 -0.2322587 0.02709996 0.006733536 -0.2291834 0.02709996 0.01036339 -0.2324497 0.02709996 0.006750226 -0.233533 0.02709996 0.005841255 -0.2335497 0.02709996 0.005650222 -0.233533 0.02709996 0.005459189 -0.2334834 0.02709996 0.005273997 -0.2334023 0.02709996 0.00510025 -0.2332924 0.02709996 0.004943132 -0.2334834 0.02709996 0.006026446 -0.2334023 0.02709996 0.006200194 -0.2332924 0.02709996 0.006357312 -0.2331568 0.02709996 0.006492853 -0.2329997 0.02709996 0.006602823 -0.133533 0.02959996 0.01574075 -0.133533 0.02709996 0.01574075 -0.1335497 0.02959996 0.01554971 -0.1335497 0.02709996 0.01554971 -0.133533 0.02959996 0.01535868 -0.133533 0.02709996 0.01535868 -0.1334834 0.02959996 0.01517349 -0.1334834 0.02709996 0.01517349 -0.1334024 0.02959996 0.01499974 -0.1334024 0.02709996 0.01499974 -0.1332924 0.02959996 0.01484262 -0.1332924 0.02709996 0.01484262 -0.1331568 0.02959996 0.01470708 -0.1331568 0.02709996 0.01470708 -0.1329997 0.02959996 0.01459711 -0.1329997 0.02709996 0.01459711 -0.1328259 0.02959996 0.01451605 -0.1328259 0.02709996 0.01451605 -0.1326407 0.02959996 0.0144664 -0.1326407 0.02709996 0.0144664 -0.1324497 0.02959996 0.01444971 -0.1324497 0.02709996 0.01444971 -0.1322587 0.02959996 0.0144664 -0.1322587 0.02709996 0.0144664 -0.1320735 0.02959996 0.01451605 -0.1320735 0.02709996 0.01451605 -0.1318997 0.02959996 0.01459711 -0.1318997 0.02709996 0.01459711 -0.1317427 0.02959996 0.01470708 -0.1317427 0.02709996 0.01470708 -0.1316071 0.02959996 0.01484262 -0.1316071 0.02709996 0.01484262 -0.1314971 0.02959996 0.01499974 -0.1314971 0.02709996 0.01499974 -0.131416 0.02959996 0.01517349 -0.131416 0.02709996 0.01517349 -0.1313664 0.02959996 0.01535868 -0.1313664 0.02709996 0.01535868 -0.1313497 0.02959996 0.01554971 -0.1313497 0.02709996 0.01554971 -0.1313664 0.02959996 0.01574075 -0.1313664 0.02709996 0.01574075 -0.131416 0.02959996 0.01592594 -0.131416 0.02709996 0.01592594 -0.1314971 0.02959996 0.01609975 -0.1314971 0.02709996 0.01609975 -0.1316071 0.02959996 0.0162568 -0.1316071 0.02709996 0.0162568 -0.1317427 0.02959996 0.01639235 -0.1317427 0.02709996 0.01639235 -0.1318997 0.02959996 0.01650238 -0.1318997 0.02709996 0.01650238 -0.1320735 0.02959996 0.01658338 -0.1320735 0.02709996 0.01658338 -0.1322587 0.02959996 0.01663303 -0.1322587 0.02709996 0.01663303 -0.1324497 0.02959996 0.01664972 -0.1324497 0.02709996 0.01664972 -0.1326407 0.02959996 0.01663303 -0.1326407 0.02709996 0.01663303 -0.1328259 0.02959996 0.01658338 -0.1328259 0.02709996 0.01658338 -0.1329997 0.02959996 0.01650238 -0.1329997 0.02709996 0.01650238 -0.1331568 0.02959996 0.01639235 -0.1331568 0.02709996 0.01639235 -0.1332924 0.02959996 0.0162568 -0.1332924 0.02709996 0.0162568 -0.1334024 0.02959996 0.01609975 -0.1334024 0.02709996 0.01609975 -0.1334834 0.02959996 0.01592594 -0.1334834 0.02709996 0.01592594 -0.133533 0.02959996 0.005841255 -0.133533 0.02709996 0.005841255 -0.1335497 0.02959996 0.005650222 -0.1335497 0.02709996 0.005650222 -0.133533 0.02959996 0.005459189 -0.133533 0.02709996 0.005459189 -0.1334834 0.02959996 0.005273997 -0.1334834 0.02709996 0.005273997 -0.1334024 0.02959996 0.00510025 -0.1334024 0.02709996 0.00510025 -0.1332924 0.02959996 0.004943132 -0.1332924 0.02709996 0.004943132 -0.1331568 0.02959996 0.004807591 -0.1331568 0.02709996 0.004807591 -0.1329997 0.02959996 0.00469762 -0.1329997 0.02709996 0.00469762 -0.1328259 0.02959996 0.004616558 -0.1328259 0.02709996 0.004616558 -0.1326407 0.02959996 0.004566907 -0.1326407 0.02709996 0.004566907 -0.1324497 0.02959996 0.004550218 -0.1324497 0.02709996 0.004550218 -0.1322587 0.02959996 0.004566907 -0.1322587 0.02709996 0.004566907 -0.1320735 0.02959996 0.004616558 -0.1320735 0.02709996 0.004616558 -0.1318997 0.02959996 0.00469762 -0.1318997 0.02709996 0.00469762 -0.1317427 0.02959996 0.004807591 -0.1317427 0.02709996 0.004807591 -0.1316071 0.02959996 0.004943132 -0.1316071 0.02709996 0.004943132 -0.1314971 0.02959996 0.00510025 -0.1314971 0.02709996 0.00510025 -0.131416 0.02959996 0.005273997 -0.131416 0.02709996 0.005273997 -0.1313664 0.02959996 0.005459189 -0.1313664 0.02709996 0.005459189 -0.1313497 0.02959996 0.005650222 -0.1313497 0.02709996 0.005650222 -0.1313664 0.02959996 0.005841255 -0.1313664 0.02709996 0.005841255 -0.131416 0.02959996 0.006026446 -0.131416 0.02709996 0.006026446 -0.1314971 0.02959996 0.006200194 -0.1314971 0.02709996 0.006200194 -0.1316071 0.02959996 0.006357312 -0.1316071 0.02709996 0.006357312 -0.1317427 0.02959996 0.006492853 -0.1317427 0.02709996 0.006492853 -0.1318997 0.02959996 0.006602823 -0.1318997 0.02709996 0.006602823 -0.1320735 0.02959996 0.006683886 -0.1320735 0.02709996 0.006683886 -0.1322587 0.02959996 0.006733536 -0.1322587 0.02709996 0.006733536 -0.1324497 0.02959996 0.006750226 -0.1324497 0.02709996 0.006750226 -0.1326407 0.02959996 0.006733536 -0.1326407 0.02709996 0.006733536 -0.1328259 0.02959996 0.006683886 -0.1328259 0.02709996 0.006683886 -0.1329997 0.02959996 0.006602823 -0.1329997 0.02709996 0.006602823 -0.1331568 0.02959996 0.006492853 -0.1331568 0.02709996 0.006492853 -0.1332924 0.02959996 0.006357312 -0.1332924 0.02709996 0.006357312 -0.1334024 0.02959996 0.006200194 -0.1334024 0.02709996 0.006200194 -0.1334834 0.02959996 0.006026446 -0.1334834 0.02709996 0.006026446 -0.1291834 0.02959996 0.01083654 -0.1291834 0.02709996 0.01083654 -0.1292 0.02959996 0.01059997 -0.1292 0.02709996 0.01059997 -0.1291834 0.02959996 0.01036339 -0.1291834 0.02709996 0.01036339 -0.1291341 0.02959996 0.01013141 -0.1291341 0.02709996 0.01013141 -0.129053 0.02959996 0.009908497 -0.129053 0.02709996 0.009908497 -0.1289417 0.02959996 0.009699106 -0.1289417 0.02709996 0.009699106 -0.1288022 0.02959996 0.009507238 -0.1288022 0.02709996 0.009507238 -0.1286375 0.02959996 0.00933665 -0.1286375 0.02709996 0.00933665 -0.1284506 0.02959996 0.009190618 -0.1284506 0.02709996 0.009190618 -0.1282452 0.02959996 0.009072005 -0.1282452 0.02709996 0.009072005 -0.1280253 0.02959996 0.008983194 -0.1280253 0.02709996 0.008983194 -0.1277952 0.02959996 0.008925795 -0.1277952 0.02709996 0.008925795 -0.1275593 0.02959996 0.008901 -0.1275593 0.02709996 0.008901 -0.1273223 0.02959996 0.008909285 -0.1273223 0.02709996 0.008909285 -0.1270887 0.02959996 0.008950471 -0.1270887 0.02709996 0.008950471 -0.1268631 0.02959996 0.009023785 -0.1268631 0.02709996 0.009023785 -0.12665 0.02959996 0.009127736 -0.12665 0.02709996 0.009127736 -0.1264533 0.02959996 0.009260356 -0.1264533 0.02709996 0.009260356 -0.1262771 0.02959996 0.009419023 -0.1262771 0.02709996 0.009419023 -0.1261246 0.02959996 0.009600758 -0.1261246 0.02709996 0.009600758 -0.125999 0.02959996 0.009801864 -0.125999 0.02709996 0.009801864 -0.1259025 0.02959996 0.01001852 -0.1259025 0.02709996 0.01001852 -0.1258371 0.02959996 0.01024651 -0.1258371 0.02709996 0.01024651 -0.1258041 0.02959996 0.01048141 -0.1258041 0.02709996 0.01048141 -0.1258041 0.02959996 0.01071858 -0.1258041 0.02709996 0.01071858 -0.1258371 0.02959996 0.01095342 -0.1258371 0.02709996 0.01095342 -0.1259025 0.02959996 0.01118141 -0.1259025 0.02709996 0.01118141 -0.125999 0.02959996 0.01139807 -0.125999 0.02709996 0.01139807 -0.1261246 0.02959996 0.01159918 -0.1261246 0.02709996 0.01159918 -0.1262771 0.02959996 0.01178091 -0.1262771 0.02709996 0.01178091 -0.1264533 0.02959996 0.01193958 -0.1264533 0.02709996 0.01193958 -0.12665 0.02959996 0.0120722 -0.12665 0.02709996 0.0120722 -0.1268631 0.02959996 0.01217621 -0.1268631 0.02709996 0.01217621 -0.1270887 0.02959996 0.01224946 -0.1270887 0.02709996 0.01224946 -0.1273223 0.02959996 0.01229065 -0.1273223 0.02709996 0.01229065 -0.1275593 0.02959996 0.01229894 -0.1275593 0.02709996 0.01229894 -0.1277952 0.02959996 0.01227414 -0.1277952 0.02709996 0.01227414 -0.1280253 0.02959996 0.01221674 -0.1280253 0.02709996 0.01221674 -0.1282452 0.02959996 0.01212793 -0.1282452 0.02709996 0.01212793 -0.1284506 0.02959996 0.01200932 -0.1284506 0.02709996 0.01200932 -0.1286375 0.02959996 0.01186335 -0.1286375 0.02709996 0.01186335 -0.1288022 0.02959996 0.0116927 -0.1288022 0.02709996 0.0116927 -0.1289417 0.02959996 0.01150083 -0.1289417 0.02709996 0.01150083 -0.129053 0.02959996 0.01129144 -0.129053 0.02709996 0.01129144 -0.1291341 0.02959996 0.01106858 -0.1291341 0.02709996 0.01106858 -0.1236335 0.02959996 0.01574075 -0.1236335 0.02709996 0.01574075 -0.1236502 0.02959996 0.01554971 -0.1236502 0.02709996 0.01554971 -0.1236335 0.02959996 0.01535868 -0.1236335 0.02709996 0.01535868 -0.1235839 0.02959996 0.01517349 -0.1235839 0.02709996 0.01517349 -0.1235029 0.02959996 0.01499974 -0.1235029 0.02709996 0.01499974 -0.1233929 0.02959996 0.01484262 -0.1233929 0.02709996 0.01484262 -0.1232573 0.02959996 0.01470708 -0.1232573 0.02709996 0.01470708 -0.1231002 0.02959996 0.01459711 -0.1231002 0.02709996 0.01459711 -0.1229264 0.02959996 0.01451605 -0.1229264 0.02709996 0.01451605 -0.1227412 0.02959996 0.0144664 -0.1227412 0.02709996 0.0144664 -0.1225502 0.02959996 0.01444971 -0.1225502 0.02709996 0.01444971 -0.1223592 0.02959996 0.0144664 -0.1223592 0.02709996 0.0144664 -0.122174 0.02959996 0.01451605 -0.122174 0.02709996 0.01451605 -0.1220002 0.02959996 0.01459711 -0.1220002 0.02709996 0.01459711 -0.1218432 0.02959996 0.01470708 -0.1218432 0.02709996 0.01470708 -0.1217076 0.02959996 0.01484262 -0.1217076 0.02709996 0.01484262 -0.1215976 0.02959996 0.01499974 -0.1215976 0.02709996 0.01499974 -0.1215166 0.02959996 0.01517349 -0.1215166 0.02709996 0.01517349 -0.1214669 0.02959996 0.01535868 -0.1214669 0.02709996 0.01535868 -0.1214503 0.02959996 0.01554971 -0.1214503 0.02709996 0.01554971 -0.1214669 0.02959996 0.01574075 -0.1214669 0.02709996 0.01574075 -0.1215166 0.02959996 0.01592594 -0.1215166 0.02709996 0.01592594 -0.1215976 0.02959996 0.01609975 -0.1215976 0.02709996 0.01609975 -0.1217076 0.02959996 0.0162568 -0.1217076 0.02709996 0.0162568 -0.1218432 0.02959996 0.01639235 -0.1218432 0.02709996 0.01639235 -0.1220002 0.02959996 0.01650238 -0.1220002 0.02709996 0.01650238 -0.122174 0.02959996 0.01658338 -0.122174 0.02709996 0.01658338 -0.1223592 0.02959996 0.01663303 -0.1223592 0.02709996 0.01663303 -0.1225502 0.02959996 0.01664972 -0.1225502 0.02709996 0.01664972 -0.1227412 0.02959996 0.01663303 -0.1227412 0.02709996 0.01663303 -0.1229264 0.02959996 0.01658338 -0.1229264 0.02709996 0.01658338 -0.1231002 0.02959996 0.01650238 -0.1231002 0.02709996 0.01650238 -0.1232573 0.02959996 0.01639235 -0.1232573 0.02709996 0.01639235 -0.1233929 0.02959996 0.0162568 -0.1233929 0.02709996 0.0162568 -0.1235029 0.02959996 0.01609975 -0.1235029 0.02709996 0.01609975 -0.1235839 0.02959996 0.01592594 -0.1235839 0.02709996 0.01592594 -0.233533 0.02959996 0.01574075 -0.2335497 0.02959996 0.01554971 -0.233533 0.02959996 0.01535868 -0.2334834 0.02959996 0.01517349 -0.2334023 0.02959996 0.01499974 -0.2332924 0.02959996 0.01484262 -0.2331568 0.02959996 0.01470708 -0.2329997 0.02959996 0.01459711 -0.2328259 0.02959996 0.01451605 -0.2326408 0.02959996 0.0144664 -0.2324497 0.02959996 0.01444971 -0.2322587 0.02959996 0.0144664 -0.2320735 0.02959996 0.01451605 -0.2318997 0.02959996 0.01459711 -0.2317426 0.02959996 0.01470708 -0.2316071 0.02959996 0.01484262 -0.2314971 0.02959996 0.01499974 -0.2314161 0.02959996 0.01517349 -0.2313664 0.02959996 0.01535868 -0.2313497 0.02959996 0.01554971 -0.2313664 0.02959996 0.01574075 -0.2314161 0.02959996 0.01592594 -0.2314971 0.02959996 0.01609975 -0.2316071 0.02959996 0.0162568 -0.2317426 0.02959996 0.01639235 -0.2318997 0.02959996 0.01650238 -0.2320735 0.02959996 0.01658338 -0.2322587 0.02959996 0.01663303 -0.2324497 0.02959996 0.01664972 -0.2326408 0.02959996 0.01663303 -0.2328259 0.02959996 0.01658338 -0.2329997 0.02959996 0.01650238 -0.2331568 0.02959996 0.01639235 -0.2332924 0.02959996 0.0162568 -0.2334023 0.02959996 0.01609975 -0.2334834 0.02959996 0.01592594 -0.2236335 0.02959996 0.005841255 -0.2236502 0.02959996 0.005650222 -0.2236335 0.02959996 0.005459189 -0.2235839 0.02959996 0.005273997 -0.2235028 0.02959996 0.00510025 -0.2233929 0.02959996 0.004943132 -0.2232573 0.02959996 0.004807591 -0.2231003 0.02959996 0.00469762 -0.2229264 0.02959996 0.004616558 -0.2227413 0.02959996 0.004566907 -0.2225502 0.02959996 0.004550218 -0.2223592 0.02959996 0.004566907 -0.222174 0.02959996 0.004616558 -0.2220003 0.02959996 0.00469762 -0.2218431 0.02959996 0.004807591 -0.2217076 0.02959996 0.004943132 -0.2215976 0.02959996 0.00510025 -0.2215166 0.02959996 0.005273997 -0.2214669 0.02959996 0.005459189 -0.2214502 0.02959996 0.005650222 -0.2214669 0.02959996 0.005841255 -0.2215166 0.02959996 0.006026446 -0.2215976 0.02959996 0.006200194 -0.2217076 0.02959996 0.006357312 -0.2218431 0.02959996 0.006492853 -0.2220003 0.02959996 0.006602823 -0.222174 0.02959996 0.006683886 -0.2223592 0.02959996 0.006733536 -0.2225502 0.02959996 0.006750226 -0.2227413 0.02959996 0.006733536 -0.2229264 0.02959996 0.006683886 -0.2231003 0.02959996 0.006602823 -0.2232573 0.02959996 0.006492853 -0.2233929 0.02959996 0.006357312 -0.2235028 0.02959996 0.006200194 -0.2235839 0.02959996 0.006026446 -0.2236335 0.02959996 0.01574075 -0.2236502 0.02959996 0.01554971 -0.2236335 0.02959996 0.01535868 -0.2235839 0.02959996 0.01517349 -0.2235028 0.02959996 0.01499974 -0.2233929 0.02959996 0.01484262 -0.2232573 0.02959996 0.01470708 -0.2231003 0.02959996 0.01459711 -0.2229264 0.02959996 0.01451605 -0.2227413 0.02959996 0.0144664 -0.2225502 0.02959996 0.01444971 -0.2223592 0.02959996 0.0144664 -0.222174 0.02959996 0.01451605 -0.2220003 0.02959996 0.01459711 -0.2218431 0.02959996 0.01470708 -0.2217076 0.02959996 0.01484262 -0.2215976 0.02959996 0.01499974 -0.2215166 0.02959996 0.01517349 -0.2214669 0.02959996 0.01535868 -0.2214502 0.02959996 0.01554971 -0.2214669 0.02959996 0.01574075 -0.2215166 0.02959996 0.01592594 -0.2215976 0.02959996 0.01609975 -0.2217076 0.02959996 0.0162568 -0.2218431 0.02959996 0.01639235 -0.2220003 0.02959996 0.01650238 -0.222174 0.02959996 0.01658338 -0.2223592 0.02959996 0.01663303 -0.2225502 0.02959996 0.01664972 -0.2227413 0.02959996 0.01663303 -0.2229264 0.02959996 0.01658338 -0.2231003 0.02959996 0.01650238 -0.2232573 0.02959996 0.01639235 -0.2233929 0.02959996 0.0162568 -0.2235028 0.02959996 0.01609975 -0.2235839 0.02959996 0.01592594 -0.2291834 0.02959996 0.01083654 -0.2292 0.02959996 0.01059997 -0.2291834 0.02959996 0.01036339 -0.2291341 0.02959996 0.01013141 -0.229053 0.02959996 0.009908497 -0.2289416 0.02959996 0.009699106 -0.2288023 0.02959996 0.009507238 -0.2286375 0.02959996 0.00933665 -0.2284506 0.02959996 0.009190618 -0.2282452 0.02959996 0.009072005 -0.2280253 0.02959996 0.008983194 -0.2277952 0.02959996 0.008925795 -0.2275593 0.02959996 0.008901 -0.2273223 0.02959996 0.008909285 -0.2270887 0.02959996 0.008950471 -0.2268632 0.02959996 0.009023785 -0.2266499 0.02959996 0.009127736 -0.2264534 0.02959996 0.009260356 -0.2262771 0.02959996 0.009419023 -0.2261247 0.02959996 0.009600758 -0.2259989 0.02959996 0.009801864 -0.2259025 0.02959996 0.01001852 -0.2258371 0.02959996 0.01024651 -0.2258041 0.02959996 0.01048141 -0.2258041 0.02959996 0.01071858 -0.2258371 0.02959996 0.01095342 -0.2259025 0.02959996 0.01118141 -0.2259989 0.02959996 0.01139807 -0.2261247 0.02959996 0.01159918 -0.2262771 0.02959996 0.01178091 -0.2264534 0.02959996 0.01193958 -0.2266499 0.02959996 0.0120722 -0.2268632 0.02959996 0.01217621 -0.2270887 0.02959996 0.01224946 -0.2273223 0.02959996 0.01229065 -0.2275593 0.02959996 0.01229894 -0.2277952 0.02959996 0.01227414 -0.2280253 0.02959996 0.01221674 -0.2282452 0.02959996 0.01212793 -0.2284506 0.02959996 0.01200932 -0.2286375 0.02959996 0.01186335 -0.2288023 0.02959996 0.0116927 -0.2289416 0.02959996 0.01150083 -0.229053 0.02959996 0.01129144 -0.2291341 0.02959996 0.01106858 -0.1236335 0.02959996 0.005841255 -0.1236335 0.02709996 0.005841255 -0.1236502 0.02959996 0.005650222 -0.1236502 0.02709996 0.005650222 -0.1236335 0.02959996 0.005459189 -0.1236335 0.02709996 0.005459189 -0.1235839 0.02959996 0.005273997 -0.1235839 0.02709996 0.005273997 -0.1235029 0.02959996 0.00510025 -0.1235029 0.02709996 0.00510025 -0.1233929 0.02959996 0.004943132 -0.1233929 0.02709996 0.004943132 -0.1232573 0.02959996 0.004807591 -0.1232573 0.02709996 0.004807591 -0.1231002 0.02959996 0.00469762 -0.1231002 0.02709996 0.00469762 -0.1229264 0.02959996 0.004616558 -0.1229264 0.02709996 0.004616558 -0.1227412 0.02959996 0.004566907 -0.1227412 0.02709996 0.004566907 -0.1225502 0.02959996 0.004550218 -0.1225502 0.02709996 0.004550218 -0.1223592 0.02959996 0.004566907 -0.1223592 0.02709996 0.004566907 -0.122174 0.02959996 0.004616558 -0.122174 0.02709996 0.004616558 -0.1220002 0.02959996 0.00469762 -0.1220002 0.02709996 0.00469762 -0.1218432 0.02959996 0.004807591 -0.1218432 0.02709996 0.004807591 -0.1217076 0.02959996 0.004943132 -0.1217076 0.02709996 0.004943132 -0.1215976 0.02959996 0.00510025 -0.1215976 0.02709996 0.00510025 -0.1215166 0.02959996 0.005273997 -0.1215166 0.02709996 0.005273997 -0.1214669 0.02959996 0.005459189 -0.1214669 0.02709996 0.005459189 -0.1214503 0.02959996 0.005650222 -0.1214503 0.02709996 0.005650222 -0.1214669 0.02959996 0.005841255 -0.1214669 0.02709996 0.005841255 -0.1215166 0.02959996 0.006026446 -0.1215166 0.02709996 0.006026446 -0.1215976 0.02959996 0.006200194 -0.1215976 0.02709996 0.006200194 -0.1217076 0.02959996 0.006357312 -0.1217076 0.02709996 0.006357312 -0.1218432 0.02959996 0.006492853 -0.1218432 0.02709996 0.006492853 -0.1220002 0.02959996 0.006602823 -0.1220002 0.02709996 0.006602823 -0.122174 0.02959996 0.006683886 -0.122174 0.02709996 0.006683886 -0.1223592 0.02959996 0.006733536 -0.1223592 0.02709996 0.006733536 -0.1225502 0.02959996 0.006750226 -0.1225502 0.02709996 0.006750226 -0.1227412 0.02959996 0.006733536 -0.1227412 0.02709996 0.006733536 -0.1229264 0.02959996 0.006683886 -0.1229264 0.02709996 0.006683886 -0.1231002 0.02959996 0.006602823 -0.1231002 0.02709996 0.006602823 -0.1232573 0.02959996 0.006492853 -0.1232573 0.02709996 0.006492853 -0.1233929 0.02959996 0.006357312 -0.1233929 0.02709996 0.006357312 -0.1235029 0.02959996 0.006200194 -0.1235029 0.02709996 0.006200194 -0.1235839 0.02959996 0.006026446 -0.1235839 0.02709996 0.006026446 -0.233533 0.02959996 0.005841255 -0.2335497 0.02959996 0.005650222 -0.233533 0.02959996 0.005459189 -0.2334834 0.02959996 0.005273997 -0.2334023 0.02959996 0.00510025 -0.2332924 0.02959996 0.004943132 -0.2331568 0.02959996 0.004807591 -0.2329997 0.02959996 0.00469762 -0.2328259 0.02959996 0.004616558 -0.2326408 0.02959996 0.004566907 -0.2324497 0.02959996 0.004550218 -0.2322587 0.02959996 0.004566907 -0.2320735 0.02959996 0.004616558 -0.2318997 0.02959996 0.00469762 -0.2317426 0.02959996 0.004807591 -0.2316071 0.02959996 0.004943132 -0.2314971 0.02959996 0.00510025 -0.2314161 0.02959996 0.005273997 -0.2313664 0.02959996 0.005459189 -0.2313497 0.02959996 0.005650222 -0.2313664 0.02959996 0.005841255 -0.2314161 0.02959996 0.006026446 -0.2314971 0.02959996 0.006200194 -0.2316071 0.02959996 0.006357312 -0.2317426 0.02959996 0.006492853 -0.2318997 0.02959996 0.006602823 -0.2320735 0.02959996 0.006683886 -0.2322587 0.02959996 0.006733536 -0.2324497 0.02959996 0.006750226 -0.2326408 0.02959996 0.006733536 -0.2328259 0.02959996 0.006683886 -0.2329997 0.02959996 0.006602823 -0.2331568 0.02959996 0.006492853 -0.2332924 0.02959996 0.006357312 -0.2334023 0.02959996 0.006200194 -0.2334834 0.02959996 0.006026446 -0.2275 0.02959996 0.02359998 -0.2281584 0.02959996 0.02358329 -0.2288151 0.02959996 0.02353328 -0.2294685 0.02959996 0.02345007 -0.2301169 0.02959996 0.02333384 -0.2307584 0.02959996 0.02318495 -0.2313917 0.02959996 0.02300381 -0.232015 0.02959996 0.02279072 -0.2326266 0.02959996 0.02254641 -0.2332251 0.02959996 0.02227145 -0.2338089 0.02959996 0.02196645 -0.2343765 0.02959996 0.02163237 -0.2349265 0.02959996 0.02126991 -0.2354574 0.02959996 0.02088004 -0.2359678 0.02959996 0.02046382 -0.2364565 0.02959996 0.02002227 -0.2369223 0.02959996 0.01955652 -0.2373638 0.02959996 0.01906782 -0.23778 0.02959996 0.01855736 -0.2381699 0.02959996 0.01802647 -0.2385324 0.02959996 0.01747649 -0.2388665 0.02959996 0.01690888 -0.2391715 0.02959996 0.01632511 -0.2394464 0.02959996 0.01572662 -0.2396907 0.02959996 0.01511496 -0.2399038 0.02959996 0.01449167 -0.240085 0.02959996 0.01385843 -0.2402338 0.02959996 0.01321685 -0.2403501 0.02959996 0.01256853 -0.2404333 0.02959996 0.01191514 -0.2404833 0.02959996 0.01125842 -0.2405 0.02959996 0.01059997 -0.2404833 0.02959996 0.009941518 -0.2404333 0.02959996 0.009284794 -0.2403501 0.02959996 0.008631408 -0.2402338 0.02959996 0.007983088 -0.240085 0.02959996 0.007341504 -0.2399038 0.02959996 0.006708264 -0.2396907 0.02959996 0.006084978 -0.2394464 0.02959996 0.005473315 -0.2391715 0.02959996 0.004874825 -0.2388665 0.02959996 0.004291057 -0.2385324 0.02959996 0.003723442 -0.2381699 0.02959996 0.00317347 -0.23778 0.02959996 0.002642571 -0.2373638 0.02959996 0.002132117 -0.2369223 0.02959996 0.001643419 -0.2364565 0.02959996 0.001177668 -0.2359678 0.02959996 7.36144e-4 -0.2354574 0.02959996 3.19915e-4 -0.2349265 0.02959996 -6.99248e-5 -0.2343765 0.02959996 -4.32375e-4 -0.2338089 0.02959996 -7.66506e-4 -0.2332251 0.02959996 -0.001071453 -0.2326266 0.02959996 -0.001346409 -0.232015 0.02959996 -0.001590728 -0.2313917 0.02959996 -0.001803755 -0.2307584 0.02959996 -0.001984953 -0.2301169 0.02959996 -0.002133846 -0.2294685 0.02959996 -0.002250075 -0.2288151 0.02959996 -0.002333283 -0.2281584 0.02959996 -0.002383291 -0.2275 0.02959996 -0.002399981 -0.1274999 0.02959996 -0.002399981 -0.1268416 0.02959996 -0.002383291 -0.1261848 0.02959996 -0.002333283 -0.1255314 0.02959996 -0.002250075 -0.1248831 0.02959996 -0.002133846 -0.1242415 0.02959996 -0.001984953 -0.1236082 0.02959996 -0.001803755 -0.122985 0.02959996 -0.001590728 -0.1223734 0.02959996 -0.001346409 -0.1217749 0.02959996 -0.001071453 -0.121191 0.02959996 -7.66506e-4 -0.1206234 0.02959996 -4.32375e-4 -0.1200735 0.02959996 -6.99247e-5 -0.1195426 0.02959996 3.19915e-4 -0.1190322 0.02959996 7.36144e-4 -0.1185434 0.02959996 0.001177668 -0.1180776 0.02959996 0.001643419 -0.1176361 0.02959996 0.002132117 -0.1172199 0.02959996 0.002642571 -0.1168301 0.02959996 0.00317347 -0.1164676 0.02959996 0.003723442 -0.1161335 0.02959996 0.004291057 -0.1158285 0.02959996 0.004874825 -0.1155535 0.02959996 0.005473315 -0.1153092 0.02959996 0.006084978 -0.1150962 0.02959996 0.006708264 -0.114915 0.02959996 0.007341504 -0.1147661 0.02959996 0.007983088 -0.1146499 0.02959996 0.008631408 -0.1145667 0.02959996 0.009284794 -0.1145167 0.02959996 0.009941518 -0.1145 0.02959996 0.01059997 -0.1145167 0.02959996 0.01125842 -0.1145667 0.02959996 0.01191514 -0.1146499 0.02959996 0.01256853 -0.1147661 0.02959996 0.01321685 -0.114915 0.02959996 0.01385843 -0.1150962 0.02959996 0.01449167 -0.1153092 0.02959996 0.01511496 -0.1155535 0.02959996 0.01572662 -0.1158285 0.02959996 0.01632511 -0.1161335 0.02959996 0.01690888 -0.1164676 0.02959996 0.01747649 -0.1168301 0.02959996 0.01802647 -0.1172199 0.02959996 0.01855736 -0.1176361 0.02959996 0.01906782 -0.1180776 0.02959996 0.01955652 -0.1185434 0.02959996 0.02002227 -0.1190322 0.02959996 0.02046382 -0.1195426 0.02959996 0.02088004 -0.1200735 0.02959996 0.02126991 -0.1206234 0.02959996 0.02163237 -0.121191 0.02959996 0.02196645 -0.1217749 0.02959996 0.02227145 -0.1223734 0.02959996 0.02254641 -0.122985 0.02959996 0.02279072 -0.1236082 0.02959996 0.02300381 -0.1242415 0.02959996 0.02318495 -0.1248831 0.02959996 0.02333384 -0.1255314 0.02959996 0.02345007 -0.1261848 0.02959996 0.02353328 -0.1268416 0.02959996 0.02358329 -0.1274999 0.02959996 0.02359998 -0.1405 -0.02959996 0.005099952 -0.1405 -0.02509999 0.005099952 -0.1405157 -0.02959996 0.004820048 -0.1405157 -0.02509999 0.004820048 -0.1405627 -0.02959996 0.004543662 -0.1405627 -0.02509999 0.004543662 -0.1406403 -0.02959996 0.004274249 -0.1406403 -0.02509999 0.004274249 -0.1407476 -0.02959996 0.004015266 -0.1407476 -0.02509999 0.004015266 -0.1408832 -0.02959996 0.003769874 -0.1408832 -0.02509999 0.003769874 -0.1410454 -0.02959996 0.003541231 -0.1410454 -0.02509999 0.003541231 -0.1412322 -0.02959996 0.003332197 -0.1412322 -0.02509999 0.003332197 -0.1414412 -0.02959996 0.003145396 -0.1414412 -0.02509999 0.003145396 -0.1416699 -0.02959996 0.002983152 -0.1416699 -0.02509999 0.002983152 -0.1419153 -0.02959996 0.002847552 -0.1419153 -0.02509999 0.002847552 -0.1421743 -0.02959996 0.002740263 -0.1421743 -0.02509999 0.002740263 -0.1424437 -0.02959996 0.002662658 -0.1424437 -0.02509999 0.002662658 -0.1427201 -0.02959996 0.00261569 -0.1427201 -0.02509999 0.00261569 -0.143 -0.02959996 0.002599954 -0.143 -0.02509999 0.002599954 -0.16875 -0.02509999 0.002599954 -0.16875 -0.02959996 0.002599954 -0.143 -0.02959996 0.01859998 -0.143 -0.02509999 0.01859998 -0.1427201 -0.02959996 0.01858425 -0.1427201 -0.02509999 0.01858425 -0.1424437 -0.02959996 0.01853728 -0.1424437 -0.02509999 0.01853728 -0.1421743 -0.02959996 0.01845967 -0.1421743 -0.02509999 0.01845967 -0.1419153 -0.02959996 0.01835238 -0.1419153 -0.02509999 0.01835238 -0.1416699 -0.02959996 0.01821678 -0.1416699 -0.02509999 0.01821678 -0.1414412 -0.02959996 0.01805454 -0.1414412 -0.02509999 0.01805454 -0.1412322 -0.02959996 0.01786774 -0.1412322 -0.02509999 0.01786774 -0.1410454 -0.02959996 0.01765871 -0.1410454 -0.02509999 0.01765871 -0.1408832 -0.02959996 0.01743006 -0.1408832 -0.02509999 0.01743006 -0.1407476 -0.02959996 0.01718467 -0.1407476 -0.02509999 0.01718467 -0.1406403 -0.02959996 0.01692569 -0.1406403 -0.02509999 0.01692569 -0.1405627 -0.02959996 0.01665627 -0.1405627 -0.02509999 0.01665627 -0.1405157 -0.02959996 0.01637989 -0.1405157 -0.02509999 0.01637989 -0.1405 -0.02959996 0.01609998 -0.1405 -0.02509999 0.01609998 -0.18375 -0.02959996 0.005099952 -0.18375 -0.02509999 0.005099952 -0.1837657 -0.02959996 0.004820048 -0.1837657 -0.02509999 0.004820048 -0.1838126 -0.02959996 0.004543662 -0.1838126 -0.02509999 0.004543662 -0.1838903 -0.02959996 0.004274249 -0.1838903 -0.02509999 0.004274249 -0.1839975 -0.02959996 0.004015266 -0.1839975 -0.02509999 0.004015266 -0.1841332 -0.02959996 0.003769874 -0.1841332 -0.02509999 0.003769874 -0.1842954 -0.02959996 0.003541231 -0.1842954 -0.02509999 0.003541231 -0.1844822 -0.02959996 0.003332197 -0.1844822 -0.02509999 0.003332197 -0.1846913 -0.02959996 0.003145396 -0.1846913 -0.02509999 0.003145396 -0.1849199 -0.02959996 0.002983152 -0.1849199 -0.02509999 0.002983152 -0.1851652 -0.02959996 0.002847552 -0.1851652 -0.02509999 0.002847552 -0.1854243 -0.02959996 0.002740263 -0.1854243 -0.02509999 0.002740263 -0.1856937 -0.02959996 0.002662658 -0.1856937 -0.02509999 0.002662658 -0.1859701 -0.02959996 0.00261569 -0.1859701 -0.02509999 0.00261569 -0.18625 -0.02959996 0.002599954 -0.18625 -0.02509999 0.002599954 -0.212 -0.02509999 0.002599954 -0.212 -0.02959996 0.002599954 -0.18625 -0.02959996 0.01859998 -0.18625 -0.02509999 0.01859998 -0.1859701 -0.02959996 0.01858425 -0.1859701 -0.02509999 0.01858425 -0.1856937 -0.02959996 0.01853728 -0.1856937 -0.02509999 0.01853728 -0.1854243 -0.02959996 0.01845967 -0.1854243 -0.02509999 0.01845967 -0.1851652 -0.02959996 0.01835238 -0.1851652 -0.02509999 0.01835238 -0.1849199 -0.02959996 0.01821678 -0.1849199 -0.02509999 0.01821678 -0.1846913 -0.02959996 0.01805454 -0.1846913 -0.02509999 0.01805454 -0.1844822 -0.02959996 0.01786774 -0.1844822 -0.02509999 0.01786774 -0.1842954 -0.02959996 0.01765871 -0.1842954 -0.02509999 0.01765871 -0.1841332 -0.02959996 0.01743006 -0.1841332 -0.02509999 0.01743006 -0.1839975 -0.02959996 0.01718467 -0.1839975 -0.02509999 0.01718467 -0.1838903 -0.02959996 0.01692569 -0.1838903 -0.02509999 0.01692569 -0.1838126 -0.02959996 0.01665627 -0.1838126 -0.02509999 0.01665627 -0.1837657 -0.02959996 0.01637989 -0.1837657 -0.02509999 0.01637989 -0.18375 -0.02959996 0.01609998 -0.18375 -0.02509999 0.01609998 -0.1690299 -0.02959996 0.00261569 -0.1690299 -0.02509999 0.00261569 -0.1693063 -0.02959996 0.002662658 -0.1693063 -0.02509999 0.002662658 -0.1695756 -0.02959996 0.002740263 -0.1695756 -0.02509999 0.002740263 -0.1698347 -0.02959996 0.002847552 -0.1698347 -0.02509999 0.002847552 -0.1700801 -0.02959996 0.002983152 -0.1700801 -0.02509999 0.002983152 -0.1703087 -0.02959996 0.003145396 -0.1703087 -0.02509999 0.003145396 -0.1705178 -0.02959996 0.003332197 -0.1705178 -0.02509999 0.003332197 -0.1707046 -0.02959996 0.003541231 -0.1707046 -0.02509999 0.003541231 -0.1708668 -0.02959996 0.003769874 -0.1708668 -0.02509999 0.003769874 -0.1710024 -0.02959996 0.004015266 -0.1710024 -0.02509999 0.004015266 -0.1711097 -0.02959996 0.004274249 -0.1711097 -0.02509999 0.004274249 -0.1711873 -0.02959996 0.004543662 -0.1711873 -0.02509999 0.004543662 -0.1712343 -0.02959996 0.004820048 -0.1712343 -0.02509999 0.004820048 -0.17125 -0.02959996 0.005099952 -0.17125 -0.02509999 0.005099952 -0.17125 -0.02509999 0.01609998 -0.17125 -0.02959996 0.01609998 -0.1712343 -0.02959996 0.01637989 -0.1712343 -0.02509999 0.01637989 -0.1711873 -0.02959996 0.01665627 -0.1711873 -0.02509999 0.01665627 -0.1711097 -0.02959996 0.01692569 -0.1711097 -0.02509999 0.01692569 -0.1710024 -0.02959996 0.01718467 -0.1710024 -0.02509999 0.01718467 -0.1708668 -0.02959996 0.01743006 -0.1708668 -0.02509999 0.01743006 -0.1707046 -0.02959996 0.01765871 -0.1707046 -0.02509999 0.01765871 -0.1705178 -0.02959996 0.01786774 -0.1705178 -0.02509999 0.01786774 -0.1703087 -0.02959996 0.01805454 -0.1703087 -0.02509999 0.01805454 -0.1700801 -0.02959996 0.01821678 -0.1700801 -0.02509999 0.01821678 -0.1698347 -0.02959996 0.01835238 -0.1698347 -0.02509999 0.01835238 -0.1695756 -0.02959996 0.01845967 -0.1695756 -0.02509999 0.01845967 -0.1693063 -0.02959996 0.01853728 -0.1693063 -0.02509999 0.01853728 -0.1690299 -0.02959996 0.01858425 -0.1690299 -0.02509999 0.01858425 -0.16875 -0.02959996 0.01859998 -0.16875 -0.02509999 0.01859998 -0.2122799 -0.02959996 0.00261569 -0.2122799 -0.02509999 0.00261569 -0.2125563 -0.02959996 0.002662658 -0.2125563 -0.02509999 0.002662658 -0.2128257 -0.02959996 0.002740263 -0.2128257 -0.02509999 0.002740263 -0.2130847 -0.02959996 0.002847552 -0.2130847 -0.02509999 0.002847552 -0.21333 -0.02959996 0.002983152 -0.21333 -0.02509999 0.002983152 -0.2135587 -0.02959996 0.003145396 -0.2135587 -0.02509999 0.003145396 -0.2137677 -0.02959996 0.003332197 -0.2137677 -0.02509999 0.003332197 -0.2139546 -0.02959996 0.003541231 -0.2139546 -0.02509999 0.003541231 -0.2141168 -0.02959996 0.003769874 -0.2141168 -0.02509999 0.003769874 -0.2142524 -0.02959996 0.004015266 -0.2142524 -0.02509999 0.004015266 -0.2143597 -0.02959996 0.004274249 -0.2143597 -0.02509999 0.004274249 -0.2144373 -0.02959996 0.004543662 -0.2144373 -0.02509999 0.004543662 -0.2144842 -0.02959996 0.004820048 -0.2144842 -0.02509999 0.004820048 -0.2145 -0.02959996 0.005099952 -0.2145 -0.02509999 0.005099952 -0.2145 -0.02509999 0.01609998 -0.2145 -0.02959996 0.01609998 -0.2144842 -0.02959996 0.01637989 -0.2144842 -0.02509999 0.01637989 -0.2144373 -0.02959996 0.01665627 -0.2144373 -0.02509999 0.01665627 -0.2143597 -0.02959996 0.01692569 -0.2143597 -0.02509999 0.01692569 -0.2142524 -0.02959996 0.01718467 -0.2142524 -0.02509999 0.01718467 -0.2141168 -0.02959996 0.01743006 -0.2141168 -0.02509999 0.01743006 -0.2139546 -0.02959996 0.01765871 -0.2139546 -0.02509999 0.01765871 -0.2137677 -0.02959996 0.01786774 -0.2137677 -0.02509999 0.01786774 -0.2135587 -0.02959996 0.01805454 -0.2135587 -0.02509999 0.01805454 -0.21333 -0.02959996 0.01821678 -0.21333 -0.02509999 0.01821678 -0.2130847 -0.02959996 0.01835238 -0.2130847 -0.02509999 0.01835238 -0.2128257 -0.02959996 0.01845967 -0.2128257 -0.02509999 0.01845967 -0.2125563 -0.02959996 0.01853728 -0.2125563 -0.02509999 0.01853728 -0.2122799 -0.02959996 0.01858425 -0.2122799 -0.02509999 0.01858425 -0.212 -0.02959996 0.01859998 -0.212 -0.02509999 0.01859998 -0.1772634 -0.02709996 0.01228344 -0.1773814 -0.02959996 0.01229584 -0.1775 -0.02709996 0.01229995 -0.1776186 -0.02959996 0.01229584 -0.1777366 -0.02709996 0.01228344 -0.1778534 -0.02959996 0.01226282 -0.1779686 -0.02709996 0.01223409 -0.1780814 -0.02959996 0.01219743 -0.1781914 -0.02709996 0.01215302 -0.1782981 -0.02959996 0.01210099 -0.1784008 -0.02709996 0.01204162 -0.1784992 -0.02959996 0.01197528 -0.1785927 -0.02709996 0.01190227 -0.1786809 -0.02959996 0.01182287 -0.1787633 -0.02709996 0.01173752 -0.1788396 -0.02959996 0.01164662 -0.1789093 -0.02709996 0.0115506 -0.1789722 -0.02959996 0.01144999 -0.1790279 -0.02709996 0.0113452 -0.1790762 -0.02959996 0.01123678 -0.1791168 -0.02709996 0.01112532 -0.1791495 -0.02959996 0.01101124 -0.1791741 -0.02709996 0.01089519 -0.1791906 -0.02959996 0.01077765 -0.1791989 -0.02709996 0.01065927 -0.1791989 -0.02959996 0.01054066 -0.1791906 -0.02709996 0.01042228 -0.1791741 -0.02959996 0.01030474 -0.1791495 -0.02709996 0.01018869 -0.1791168 -0.02959996 0.01007467 -0.1790762 -0.02709996 0.009963154 -0.1790279 -0.02959996 0.009854733 -0.1789722 -0.02709996 0.009749948 -0.1789093 -0.02959996 0.009649336 -0.1788396 -0.02709996 0.009553372 -0.1787633 -0.02959996 0.009462475 -0.1786809 -0.02709996 0.009377121 -0.1785927 -0.02959996 0.009297668 -0.1784992 -0.02709996 0.009224653 -0.1784008 -0.02959996 0.009158313 -0.1782981 -0.02709996 0.009098947 -0.1781914 -0.02959996 0.009046971 -0.1780814 -0.02709996 0.009002506 -0.1779686 -0.02959996 0.008965849 -0.1778534 -0.02709996 0.00893712 -0.1777366 -0.02959996 0.008916497 -0.1776186 -0.02709996 0.008904099 -0.1775 -0.02959996 0.008899986 -0.1773814 -0.02709996 0.008904099 -0.1772634 -0.02959996 0.008916497 -0.1771465 -0.02709996 0.00893712 -0.1770314 -0.02959996 0.008965849 -0.1769185 -0.02709996 0.009002506 -0.1768085 -0.02959996 0.009046971 -0.1767019 -0.02709996 0.009098947 -0.1765991 -0.02959996 0.009158313 -0.1765007 -0.02709996 0.009224653 -0.1764072 -0.02959996 0.009297668 -0.1763191 -0.02709996 0.009377121 -0.1762366 -0.02959996 0.009462475 -0.1761603 -0.02709996 0.009553372 -0.1760906 -0.02959996 0.009649336 -0.1760277 -0.02709996 0.009749948 -0.175972 -0.02959996 0.009854733 -0.1759238 -0.02709996 0.009963154 -0.1758832 -0.02959996 0.01007467 -0.1758505 -0.02709996 0.01018869 -0.1758258 -0.02959996 0.01030474 -0.1758093 -0.02709996 0.01042228 -0.175801 -0.02959996 0.01054066 -0.175801 -0.02709996 0.01065927 -0.1758093 -0.02959996 0.01077765 -0.1758258 -0.02709996 0.01089519 -0.1758505 -0.02959996 0.01101124 -0.1758832 -0.02709996 0.01112532 -0.1759238 -0.02959996 0.01123678 -0.175972 -0.02709996 0.0113452 -0.1760277 -0.02959996 0.01144999 -0.1760906 -0.02709996 0.0115506 -0.1761603 -0.02959996 0.01164662 -0.1762366 -0.02709996 0.01173752 -0.1763191 -0.02959996 0.01182287 -0.1764072 -0.02709996 0.01190227 -0.1765007 -0.02959996 0.01197528 -0.1765991 -0.02709996 0.01204162 -0.1767019 -0.02959996 0.01210099 -0.1768085 -0.02709996 0.01215302 -0.1769185 -0.02959996 0.01219743 -0.1770314 -0.02709996 0.01223409 -0.1771465 -0.02959996 0.01226282 -0.18125 -0.02709996 0.01959997 -0.18125 -0.02509999 0.01959997 -0.181234 -0.02709996 0.01994597 -0.181234 -0.02509999 0.01994597 -0.1811861 -0.02709996 0.02028906 -0.1811861 -0.02509999 0.02028906 -0.1811068 -0.02709996 0.02062618 -0.1811068 -0.02509999 0.02062618 -0.1809967 -0.02709996 0.0209546 -0.1809967 -0.02509999 0.0209546 -0.1808568 -0.02709996 0.02127146 -0.1808568 -0.02509999 0.02127146 -0.1806883 -0.02709996 0.02157407 -0.1806883 -0.02509999 0.02157407 -0.1804925 -0.02709996 0.02185988 -0.1804925 -0.02509999 0.02185988 -0.1802713 -0.02709996 0.02212631 -0.1802713 -0.02509999 0.02212631 -0.1800263 -0.02709996 0.02237123 -0.1800263 -0.02509999 0.02237123 -0.1797599 -0.02709996 0.02259254 -0.1797599 -0.02509999 0.02259254 -0.1794741 -0.02709996 0.02278828 -0.1794741 -0.02509999 0.02278828 -0.1791715 -0.02709996 0.02295684 -0.1791715 -0.02509999 0.02295684 -0.1788547 -0.02709996 0.02309674 -0.1788547 -0.02509999 0.02309674 -0.1785262 -0.02709996 0.02320683 -0.1785262 -0.02509999 0.02320683 -0.178189 -0.02709996 0.0232861 -0.178189 -0.02509999 0.0232861 -0.177846 -0.02709996 0.02333396 -0.177846 -0.02509999 0.02333396 -0.1775 -0.02709996 0.02335 -0.1775 -0.02509999 0.02335 -0.177154 -0.02709996 0.02333396 -0.177154 -0.02509999 0.02333396 -0.1768109 -0.02709996 0.0232861 -0.1768109 -0.02509999 0.0232861 -0.1764737 -0.02709996 0.02320683 -0.1764737 -0.02509999 0.02320683 -0.1761453 -0.02709996 0.02309674 -0.1761453 -0.02509999 0.02309674 -0.1758285 -0.02709996 0.02295684 -0.1758285 -0.02509999 0.02295684 -0.1755259 -0.02709996 0.02278828 -0.1755259 -0.02509999 0.02278828 -0.1752401 -0.02709996 0.02259254 -0.1752401 -0.02509999 0.02259254 -0.1749736 -0.02709996 0.02237123 -0.1749736 -0.02509999 0.02237123 -0.1747287 -0.02709996 0.02212631 -0.1747287 -0.02509999 0.02212631 -0.1745074 -0.02709996 0.02185988 -0.1745074 -0.02509999 0.02185988 -0.1743116 -0.02709996 0.02157407 -0.1743116 -0.02509999 0.02157407 -0.1741431 -0.02709996 0.02127146 -0.1741431 -0.02509999 0.02127146 -0.1740032 -0.02709996 0.0209546 -0.1740032 -0.02509999 0.0209546 -0.1738931 -0.02709996 0.02062618 -0.1738931 -0.02509999 0.02062618 -0.1738138 -0.02709996 0.02028906 -0.1738138 -0.02509999 0.02028906 -0.173766 -0.02709996 0.01994597 -0.173766 -0.02509999 0.01994597 -0.17375 -0.02709996 0.01959997 -0.17375 -0.02509999 0.01959997 -0.17375 -0.02509999 0.001599967 -0.17375 -0.02709996 0.001599967 -0.173766 -0.02709996 0.001253962 -0.173766 -0.02509999 0.001253962 -0.1738138 -0.02709996 9.10939e-4 -0.1738138 -0.02509999 9.10939e-4 -0.1738931 -0.02709996 5.73764e-4 -0.1738931 -0.02509999 5.73764e-4 -0.1740032 -0.02709996 2.45344e-4 -0.1740032 -0.02509999 2.45344e-4 -0.1741431 -0.02709996 -7.15188e-5 -0.1741431 -0.02509999 -7.15188e-5 -0.1743116 -0.02709996 -3.74121e-4 -0.1743116 -0.02509999 -3.74121e-4 -0.1745074 -0.02709996 -6.5988e-4 -0.1745074 -0.02509999 -6.5988e-4 -0.1747287 -0.02709996 -9.26359e-4 -0.1747287 -0.02509999 -9.26359e-4 -0.1749736 -0.02709996 -0.001171231 -0.1749736 -0.02509999 -0.001171231 -0.1752401 -0.02709996 -0.001392543 -0.1752401 -0.02509999 -0.001392543 -0.1755259 -0.02709996 -0.001588284 -0.1755259 -0.02509999 -0.001588284 -0.1758285 -0.02709996 -0.001756846 -0.1758285 -0.02509999 -0.001756846 -0.1761453 -0.02709996 -0.001896739 -0.1761453 -0.02509999 -0.001896739 -0.1764737 -0.02709996 -0.002006828 -0.1764737 -0.02509999 -0.002006828 -0.1768109 -0.02709996 -0.002086102 -0.1768109 -0.02509999 -0.002086102 -0.177154 -0.02709996 -0.002133965 -0.177154 -0.02509999 -0.002133965 -0.1775 -0.02709996 -0.002149999 -0.1775 -0.02509999 -0.002149999 -0.177846 -0.02709996 -0.002133965 -0.177846 -0.02509999 -0.002133965 -0.178189 -0.02709996 -0.002086102 -0.178189 -0.02509999 -0.002086102 -0.1785262 -0.02709996 -0.002006828 -0.1785262 -0.02509999 -0.002006828 -0.1788547 -0.02709996 -0.001896739 -0.1788547 -0.02509999 -0.001896739 -0.1791715 -0.02709996 -0.001756846 -0.1791715 -0.02509999 -0.001756846 -0.1794741 -0.02709996 -0.001588284 -0.1794741 -0.02509999 -0.001588284 -0.1797599 -0.02709996 -0.001392543 -0.1797599 -0.02509999 -0.001392543 -0.1800263 -0.02709996 -0.001171231 -0.1800263 -0.02509999 -0.001171231 -0.1802713 -0.02709996 -9.26359e-4 -0.1802713 -0.02509999 -9.26359e-4 -0.1804925 -0.02709996 -6.5988e-4 -0.1804925 -0.02509999 -6.5988e-4 -0.1806883 -0.02709996 -3.74121e-4 -0.1806883 -0.02509999 -3.74121e-4 -0.1808568 -0.02709996 -7.15188e-5 -0.1808568 -0.02509999 -7.15188e-5 -0.1809967 -0.02709996 2.45344e-4 -0.1809967 -0.02509999 2.45344e-4 -0.1811068 -0.02709996 5.73764e-4 -0.1811068 -0.02509999 5.73764e-4 -0.1811861 -0.02709996 9.10939e-4 -0.1811861 -0.02509999 9.10939e-4 -0.181234 -0.02709996 0.001253962 -0.181234 -0.02509999 0.001253962 -0.18125 -0.02709996 0.001599967 -0.18125 -0.02509999 0.001599967 -0.1274999 -0.02959996 -0.002399981 -0.2275 -0.02959996 -0.002399981 -0.1274999 -0.02509999 -0.002399981 -0.2275 -0.02509999 -0.002399981 -0.2275 -0.02959996 0.02359998 -0.1274999 -0.02959996 0.02359998 -0.2275 -0.02509999 0.02359998 -0.1274999 -0.02509999 0.02359998 -0.2314834 -0.02959996 0.01023626 -0.2314834 -0.02509999 0.01023626 -0.2315 -0.02959996 0.01059997 -0.2315 -0.02509999 0.01059997 -0.2314834 -0.02959996 0.01096373 -0.2314834 -0.02509999 0.01096373 -0.2314338 -0.02959996 0.01132446 -0.2314338 -0.02509999 0.01132446 -0.2313516 -0.02959996 0.01167917 -0.2313516 -0.02509999 0.01167917 -0.2312375 -0.02959996 0.01202493 -0.2312375 -0.02509999 0.01202493 -0.2310925 -0.02959996 0.0123589 -0.2310925 -0.02509999 0.0123589 -0.2309176 -0.02959996 0.01267832 -0.2309176 -0.02509999 0.01267832 -0.2307145 -0.02959996 0.01298046 -0.2307145 -0.02509999 0.01298046 -0.2304847 -0.02959996 0.01326292 -0.2304847 -0.02509999 0.01326292 -0.2302302 -0.02959996 0.01352334 -0.2302302 -0.02509999 0.01352334 -0.2299531 -0.02959996 0.01375949 -0.2299531 -0.02509999 0.01375949 -0.2296556 -0.02959996 0.01396948 -0.2296556 -0.02509999 0.01396948 -0.2293402 -0.02959996 0.01415151 -0.2293402 -0.02509999 0.01415151 -0.2290096 -0.02959996 0.01430416 -0.2290096 -0.02509999 0.01430416 -0.2286666 -0.02959996 0.01442605 -0.2286666 -0.02509999 0.01442605 -0.2283138 -0.02959996 0.01451629 -0.2283138 -0.02509999 0.01451629 -0.2279543 -0.02959996 0.01457411 -0.2279543 -0.02509999 0.01457411 -0.227591 -0.02959996 0.01459896 -0.227591 -0.02509999 0.01459896 -0.227227 -0.02959996 0.01459062 -0.227227 -0.02509999 0.01459062 -0.2268652 -0.02959996 0.01454931 -0.2268652 -0.02509999 0.01454931 -0.2265087 -0.02959996 0.01447522 -0.2265087 -0.02509999 0.01447522 -0.2261605 -0.02959996 0.01436901 -0.2261605 -0.02509999 0.01436901 -0.2258233 -0.02959996 0.01423162 -0.2258233 -0.02509999 0.01423162 -0.2255 -0.02959996 0.01406407 -0.2255 -0.02509999 0.01406407 -0.2251933 -0.02959996 0.01386785 -0.2251933 -0.02509999 0.01386785 -0.2249056 -0.02959996 0.01364457 -0.2249056 -0.02509999 0.01364457 -0.2246395 -0.02959996 0.01339602 -0.2246395 -0.02509999 0.01339602 -0.2243971 -0.02959996 0.01312434 -0.2243971 -0.02509999 0.01312434 -0.2241804 -0.02959996 0.01283168 -0.2241804 -0.02509999 0.01283168 -0.2239912 -0.02959996 0.01252061 -0.2239912 -0.02509999 0.01252061 -0.2238311 -0.02959996 0.01219356 -0.2238311 -0.02509999 0.01219356 -0.2237014 -0.02959996 0.01185333 -0.2237014 -0.02509999 0.01185333 -0.2236032 -0.02959996 0.01150274 -0.2236032 -0.02509999 0.01150274 -0.2235372 -0.02959996 0.01114463 -0.2235372 -0.02509999 0.01114463 -0.2235041 -0.02959996 0.01078206 -0.2235041 -0.02509999 0.01078206 -0.2235041 -0.02959996 0.01041793 -0.2235041 -0.02509999 0.01041793 -0.2235372 -0.02959996 0.0100553 -0.2235372 -0.02509999 0.0100553 -0.2236032 -0.02959996 0.009697198 -0.2236032 -0.02509999 0.009697198 -0.2237014 -0.02959996 0.009346604 -0.2237014 -0.02509999 0.009346604 -0.2238311 -0.02959996 0.009006381 -0.2238311 -0.02509999 0.009006381 -0.2239912 -0.02959996 0.00867933 -0.2239912 -0.02509999 0.00867933 -0.2241804 -0.02959996 0.008368253 -0.2241804 -0.02509999 0.008368253 -0.2243971 -0.02959996 0.008075594 -0.2243971 -0.02509999 0.008075594 -0.2246395 -0.02959996 0.007803916 -0.2246395 -0.02509999 0.007803916 -0.2249056 -0.02959996 0.007555365 -0.2249056 -0.02509999 0.007555365 -0.2251933 -0.02959996 0.007332086 -0.2251933 -0.02509999 0.007332086 -0.2255 -0.02959996 0.007135868 -0.2255 -0.02509999 0.007135868 -0.2258233 -0.02959996 0.006968379 -0.2258233 -0.02509999 0.006968379 -0.2261605 -0.02959996 0.00683093 -0.2261605 -0.02509999 0.00683093 -0.2265087 -0.02959996 0.006724715 -0.2265087 -0.02509999 0.006724715 -0.2268652 -0.02959996 0.006650626 -0.2268652 -0.02509999 0.006650626 -0.227227 -0.02959996 0.00660932 -0.227227 -0.02509999 0.00660932 -0.227591 -0.02959996 0.006601035 -0.227591 -0.02509999 0.006601035 -0.2279543 -0.02959996 0.006625831 -0.2279543 -0.02509999 0.006625831 -0.2283138 -0.02959996 0.006683647 -0.2283138 -0.02509999 0.006683647 -0.2286666 -0.02959996 0.006773889 -0.2286666 -0.02509999 0.006773889 -0.2290096 -0.02959996 0.00689578 -0.2290096 -0.02509999 0.00689578 -0.2293402 -0.02959996 0.007048428 -0.2293402 -0.02509999 0.007048428 -0.2296556 -0.02959996 0.00723046 -0.2296556 -0.02509999 0.00723046 -0.2299531 -0.02959996 0.007440447 -0.2299531 -0.02509999 0.007440447 -0.2302302 -0.02959996 0.007676601 -0.2302302 -0.02509999 0.007676601 -0.2304847 -0.02959996 0.007937014 -0.2304847 -0.02509999 0.007937014 -0.2307145 -0.02959996 0.00821948 -0.2307145 -0.02509999 0.00821948 -0.2309176 -0.02959996 0.008521616 -0.2309176 -0.02509999 0.008521616 -0.2310925 -0.02959996 0.008841037 -0.2310925 -0.02509999 0.008841037 -0.2312375 -0.02959996 0.009175002 -0.2312375 -0.02509999 0.009175002 -0.2313516 -0.02959996 0.009520769 -0.2313516 -0.02509999 0.009520769 -0.2314338 -0.02959996 0.009875535 -0.2314338 -0.02509999 0.009875535 -0.2281584 -0.02509999 -0.002383291 -0.2281584 -0.02959996 -0.002383291 -0.2288151 -0.02509999 -0.002333283 -0.2288151 -0.02959996 -0.002333283 -0.2294685 -0.02509999 -0.002250075 -0.2294685 -0.02959996 -0.002250075 -0.2301169 -0.02509999 -0.002133846 -0.2301169 -0.02959996 -0.002133846 -0.2307584 -0.02509999 -0.001984953 -0.2307584 -0.02959996 -0.001984953 -0.2313917 -0.02509999 -0.001803755 -0.2313917 -0.02959996 -0.001803755 -0.232015 -0.02509999 -0.001590728 -0.232015 -0.02959996 -0.001590728 -0.2326266 -0.02509999 -0.001346409 -0.2326266 -0.02959996 -0.001346409 -0.2332251 -0.02509999 -0.001071453 -0.2332251 -0.02959996 -0.001071453 -0.2338089 -0.02509999 -7.66506e-4 -0.2338089 -0.02959996 -7.66506e-4 -0.2343765 -0.02509999 -4.32375e-4 -0.2343765 -0.02959996 -4.32375e-4 -0.2349265 -0.02509999 -6.99248e-5 -0.2349265 -0.02959996 -6.99248e-5 -0.2354574 -0.02509999 3.19915e-4 -0.2354574 -0.02959996 3.19915e-4 -0.2359678 -0.02509999 7.36144e-4 -0.2359678 -0.02959996 7.36144e-4 -0.2364565 -0.02509999 0.001177668 -0.2364565 -0.02959996 0.001177668 -0.2369223 -0.02509999 0.001643419 -0.2369223 -0.02959996 0.001643419 -0.2373638 -0.02509999 0.002132117 -0.2373638 -0.02959996 0.002132117 -0.23778 -0.02509999 0.002642571 -0.23778 -0.02959996 0.002642571 -0.2381699 -0.02509999 0.00317347 -0.2381699 -0.02959996 0.00317347 -0.2385324 -0.02509999 0.003723442 -0.2385324 -0.02959996 0.003723442 -0.2388665 -0.02509999 0.004291057 -0.2388665 -0.02959996 0.004291057 -0.2391715 -0.02509999 0.004874825 -0.2391715 -0.02959996 0.004874825 -0.2394464 -0.02509999 0.005473315 -0.2394464 -0.02959996 0.005473315 -0.2396907 -0.02509999 0.006084978 -0.2396907 -0.02959996 0.006084978 -0.2399038 -0.02509999 0.006708264 -0.2399038 -0.02959996 0.006708264 -0.240085 -0.02509999 0.007341504 -0.240085 -0.02959996 0.007341504 -0.2402338 -0.02509999 0.007983088 -0.2402338 -0.02959996 0.007983088 -0.2403501 -0.02509999 0.008631408 -0.2403501 -0.02959996 0.008631408 -0.2404333 -0.02509999 0.009284794 -0.2404333 -0.02959996 0.009284794 -0.2404833 -0.02509999 0.009941518 -0.2404833 -0.02959996 0.009941518 -0.2405 -0.02509999 0.01059997 -0.2405 -0.02959996 0.01059997 -0.2404833 -0.02509999 0.01125842 -0.2404833 -0.02959996 0.01125842 -0.2404333 -0.02509999 0.01191514 -0.2404333 -0.02959996 0.01191514 -0.2403501 -0.02509999 0.01256853 -0.2403501 -0.02959996 0.01256853 -0.2402338 -0.02509999 0.01321685 -0.2402338 -0.02959996 0.01321685 -0.240085 -0.02509999 0.01385843 -0.240085 -0.02959996 0.01385843 -0.2399038 -0.02509999 0.01449167 -0.2399038 -0.02959996 0.01449167 -0.2396907 -0.02509999 0.01511496 -0.2396907 -0.02959996 0.01511496 -0.2394464 -0.02509999 0.01572662 -0.2394464 -0.02959996 0.01572662 -0.2391715 -0.02509999 0.01632511 -0.2391715 -0.02959996 0.01632511 -0.2388665 -0.02509999 0.01690888 -0.2388665 -0.02959996 0.01690888 -0.2385324 -0.02509999 0.01747649 -0.2385324 -0.02959996 0.01747649 -0.2381699 -0.02509999 0.01802647 -0.2381699 -0.02959996 0.01802647 -0.23778 -0.02509999 0.01855736 -0.23778 -0.02959996 0.01855736 -0.2373638 -0.02509999 0.01906782 -0.2373638 -0.02959996 0.01906782 -0.2369223 -0.02509999 0.01955652 -0.2369223 -0.02959996 0.01955652 -0.2364565 -0.02509999 0.02002227 -0.2364565 -0.02959996 0.02002227 -0.2359678 -0.02509999 0.02046382 -0.2359678 -0.02959996 0.02046382 -0.2354574 -0.02509999 0.02088004 -0.2354574 -0.02959996 0.02088004 -0.2349265 -0.02509999 0.02126991 -0.2349265 -0.02959996 0.02126991 -0.2343765 -0.02509999 0.02163237 -0.2343765 -0.02959996 0.02163237 -0.2338089 -0.02509999 0.02196645 -0.2338089 -0.02959996 0.02196645 -0.2332251 -0.02509999 0.02227145 -0.2332251 -0.02959996 0.02227145 -0.2326266 -0.02509999 0.02254641 -0.2326266 -0.02959996 0.02254641 -0.232015 -0.02509999 0.02279072 -0.232015 -0.02959996 0.02279072 -0.2313917 -0.02509999 0.02300381 -0.2313917 -0.02959996 0.02300381 -0.2307584 -0.02509999 0.02318495 -0.2307584 -0.02959996 0.02318495 -0.2301169 -0.02509999 0.02333384 -0.2301169 -0.02959996 0.02333384 -0.2294685 -0.02509999 0.02345007 -0.2294685 -0.02959996 0.02345007 -0.2288151 -0.02509999 0.02353328 -0.2288151 -0.02959996 0.02353328 -0.2281584 -0.02509999 0.02358329 -0.2281584 -0.02959996 0.02358329 -0.1314834 -0.02959996 0.01023626 -0.1314834 -0.02509999 0.01023626 -0.1315 -0.02959996 0.01059997 -0.1315 -0.02509999 0.01059997 -0.1314834 -0.02959996 0.01096373 -0.1314834 -0.02509999 0.01096373 -0.1314338 -0.02959996 0.01132446 -0.1314338 -0.02509999 0.01132446 -0.1313517 -0.02959996 0.01167917 -0.1313517 -0.02509999 0.01167917 -0.1312376 -0.02959996 0.01202493 -0.1312376 -0.02509999 0.01202493 -0.1310925 -0.02959996 0.0123589 -0.1310925 -0.02509999 0.0123589 -0.1309177 -0.02959996 0.01267832 -0.1309177 -0.02509999 0.01267832 -0.1307145 -0.02959996 0.01298046 -0.1307145 -0.02509999 0.01298046 -0.1304847 -0.02959996 0.01326292 -0.1304847 -0.02509999 0.01326292 -0.1302302 -0.02959996 0.01352334 -0.1302302 -0.02509999 0.01352334 -0.129953 -0.02959996 0.01375949 -0.129953 -0.02509999 0.01375949 -0.1296555 -0.02959996 0.01396948 -0.1296555 -0.02509999 0.01396948 -0.1293402 -0.02959996 0.01415151 -0.1293402 -0.02509999 0.01415151 -0.1290097 -0.02959996 0.01430416 -0.1290097 -0.02509999 0.01430416 -0.1286665 -0.02959996 0.01442605 -0.1286665 -0.02509999 0.01442605 -0.1283138 -0.02959996 0.01451629 -0.1283138 -0.02509999 0.01451629 -0.1279543 -0.02959996 0.01457411 -0.1279543 -0.02509999 0.01457411 -0.127591 -0.02959996 0.01459896 -0.127591 -0.02509999 0.01459896 -0.127227 -0.02959996 0.01459062 -0.127227 -0.02509999 0.01459062 -0.1268652 -0.02959996 0.01454931 -0.1268652 -0.02509999 0.01454931 -0.1265087 -0.02959996 0.01447522 -0.1265087 -0.02509999 0.01447522 -0.1261605 -0.02959996 0.01436901 -0.1261605 -0.02509999 0.01436901 -0.1258233 -0.02959996 0.01423162 -0.1258233 -0.02509999 0.01423162 -0.1255 -0.02959996 0.01406407 -0.1255 -0.02509999 0.01406407 -0.1251932 -0.02959996 0.01386785 -0.1251932 -0.02509999 0.01386785 -0.1249057 -0.02959996 0.01364457 -0.1249057 -0.02509999 0.01364457 -0.1246395 -0.02959996 0.01339602 -0.1246395 -0.02509999 0.01339602 -0.1243971 -0.02959996 0.01312434 -0.1243971 -0.02509999 0.01312434 -0.1241804 -0.02959996 0.01283168 -0.1241804 -0.02509999 0.01283168 -0.1239913 -0.02959996 0.01252061 -0.1239913 -0.02509999 0.01252061 -0.1238311 -0.02959996 0.01219356 -0.1238311 -0.02509999 0.01219356 -0.1237014 -0.02959996 0.01185333 -0.1237014 -0.02509999 0.01185333 -0.1236032 -0.02959996 0.01150274 -0.1236032 -0.02509999 0.01150274 -0.1235373 -0.02959996 0.01114463 -0.1235373 -0.02509999 0.01114463 -0.1235041 -0.02959996 0.01078206 -0.1235041 -0.02509999 0.01078206 -0.1235041 -0.02959996 0.01041793 -0.1235041 -0.02509999 0.01041793 -0.1235373 -0.02959996 0.0100553 -0.1235373 -0.02509999 0.0100553 -0.1236032 -0.02959996 0.009697198 -0.1236032 -0.02509999 0.009697198 -0.1237014 -0.02959996 0.009346604 -0.1237014 -0.02509999 0.009346604 -0.1238311 -0.02959996 0.009006381 -0.1238311 -0.02509999 0.009006381 -0.1239913 -0.02959996 0.00867933 -0.1239913 -0.02509999 0.00867933 -0.1241804 -0.02959996 0.008368253 -0.1241804 -0.02509999 0.008368253 -0.1243971 -0.02959996 0.008075594 -0.1243971 -0.02509999 0.008075594 -0.1246395 -0.02959996 0.007803916 -0.1246395 -0.02509999 0.007803916 -0.1249057 -0.02959996 0.007555365 -0.1249057 -0.02509999 0.007555365 -0.1251932 -0.02959996 0.007332086 -0.1251932 -0.02509999 0.007332086 -0.1255 -0.02959996 0.007135868 -0.1255 -0.02509999 0.007135868 -0.1258233 -0.02959996 0.006968379 -0.1258233 -0.02509999 0.006968379 -0.1261605 -0.02959996 0.00683093 -0.1261605 -0.02509999 0.00683093 -0.1265087 -0.02959996 0.006724715 -0.1265087 -0.02509999 0.006724715 -0.1268652 -0.02959996 0.006650626 -0.1268652 -0.02509999 0.006650626 -0.127227 -0.02959996 0.00660932 -0.127227 -0.02509999 0.00660932 -0.127591 -0.02959996 0.006601035 -0.127591 -0.02509999 0.006601035 -0.1279543 -0.02959996 0.006625831 -0.1279543 -0.02509999 0.006625831 -0.1283138 -0.02959996 0.006683647 -0.1283138 -0.02509999 0.006683647 -0.1286665 -0.02959996 0.006773889 -0.1286665 -0.02509999 0.006773889 -0.1290097 -0.02959996 0.00689578 -0.1290097 -0.02509999 0.00689578 -0.1293402 -0.02959996 0.007048428 -0.1293402 -0.02509999 0.007048428 -0.1296555 -0.02959996 0.00723046 -0.1296555 -0.02509999 0.00723046 -0.129953 -0.02959996 0.007440447 -0.129953 -0.02509999 0.007440447 -0.1302302 -0.02959996 0.007676601 -0.1302302 -0.02509999 0.007676601 -0.1304847 -0.02959996 0.007937014 -0.1304847 -0.02509999 0.007937014 -0.1307145 -0.02959996 0.00821948 -0.1307145 -0.02509999 0.00821948 -0.1309177 -0.02959996 0.008521616 -0.1309177 -0.02509999 0.008521616 -0.1310925 -0.02959996 0.008841037 -0.1310925 -0.02509999 0.008841037 -0.1312376 -0.02959996 0.009175002 -0.1312376 -0.02509999 0.009175002 -0.1313517 -0.02959996 0.009520769 -0.1313517 -0.02509999 0.009520769 -0.1314338 -0.02959996 0.009875535 -0.1314338 -0.02509999 0.009875535 -0.1268416 -0.02959996 -0.002383291 -0.1268416 -0.02509999 -0.002383291 -0.1261848 -0.02959996 -0.002333283 -0.1261848 -0.02509999 -0.002333283 -0.1255314 -0.02959996 -0.002250075 -0.1255314 -0.02509999 -0.002250075 -0.1248831 -0.02959996 -0.002133846 -0.1248831 -0.02509999 -0.002133846 -0.1242415 -0.02959996 -0.001984953 -0.1242415 -0.02509999 -0.001984953 -0.1236082 -0.02959996 -0.001803755 -0.1236082 -0.02509999 -0.001803755 -0.122985 -0.02959996 -0.001590728 -0.122985 -0.02509999 -0.001590728 -0.1223734 -0.02959996 -0.001346409 -0.1223734 -0.02509999 -0.001346409 -0.1217749 -0.02959996 -0.001071453 -0.1217749 -0.02509999 -0.001071453 -0.121191 -0.02959996 -7.66506e-4 -0.121191 -0.02509999 -7.66506e-4 -0.1206234 -0.02959996 -4.32375e-4 -0.1206234 -0.02509999 -4.32375e-4 -0.1200735 -0.02959996 -6.99247e-5 -0.1200735 -0.02509999 -6.99247e-5 -0.1195426 -0.02959996 3.19915e-4 -0.1195426 -0.02509999 3.19915e-4 -0.1190322 -0.02959996 7.36144e-4 -0.1190322 -0.02509999 7.36144e-4 -0.1185434 -0.02959996 0.001177668 -0.1185434 -0.02509999 0.001177668 -0.1180776 -0.02959996 0.001643419 -0.1180776 -0.02509999 0.001643419 -0.1176361 -0.02959996 0.002132117 -0.1176361 -0.02509999 0.002132117 -0.1172199 -0.02959996 0.002642571 -0.1172199 -0.02509999 0.002642571 -0.1168301 -0.02959996 0.00317347 -0.1168301 -0.02509999 0.00317347 -0.1164676 -0.02959996 0.003723442 -0.1164676 -0.02509999 0.003723442 -0.1161335 -0.02959996 0.004291057 -0.1161335 -0.02509999 0.004291057 -0.1158285 -0.02959996 0.004874825 -0.1158285 -0.02509999 0.004874825 -0.1155535 -0.02959996 0.005473315 -0.1155535 -0.02509999 0.005473315 -0.1153092 -0.02959996 0.006084978 -0.1153092 -0.02509999 0.006084978 -0.1150962 -0.02959996 0.006708264 -0.1150962 -0.02509999 0.006708264 -0.114915 -0.02959996 0.007341504 -0.114915 -0.02509999 0.007341504 -0.1147661 -0.02959996 0.007983088 -0.1147661 -0.02509999 0.007983088 -0.1146499 -0.02959996 0.008631408 -0.1146499 -0.02509999 0.008631408 -0.1145667 -0.02959996 0.009284794 -0.1145667 -0.02509999 0.009284794 -0.1145167 -0.02959996 0.009941518 -0.1145167 -0.02509999 0.009941518 -0.1145 -0.02959996 0.01059997 -0.1145 -0.02509999 0.01059997 -0.1145167 -0.02959996 0.01125842 -0.1145167 -0.02509999 0.01125842 -0.1145667 -0.02959996 0.01191514 -0.1145667 -0.02509999 0.01191514 -0.1146499 -0.02959996 0.01256853 -0.1146499 -0.02509999 0.01256853 -0.1147661 -0.02959996 0.01321685 -0.1147661 -0.02509999 0.01321685 -0.114915 -0.02959996 0.01385843 -0.114915 -0.02509999 0.01385843 -0.1150962 -0.02959996 0.01449167 -0.1150962 -0.02509999 0.01449167 -0.1153092 -0.02959996 0.01511496 -0.1153092 -0.02509999 0.01511496 -0.1155535 -0.02959996 0.01572662 -0.1155535 -0.02509999 0.01572662 -0.1158285 -0.02959996 0.01632511 -0.1158285 -0.02509999 0.01632511 -0.1161335 -0.02959996 0.01690888 -0.1161335 -0.02509999 0.01690888 -0.1164676 -0.02959996 0.01747649 -0.1164676 -0.02509999 0.01747649 -0.1168301 -0.02959996 0.01802647 -0.1168301 -0.02509999 0.01802647 -0.1172199 -0.02959996 0.01855736 -0.1172199 -0.02509999 0.01855736 -0.1176361 -0.02959996 0.01906782 -0.1176361 -0.02509999 0.01906782 -0.1180776 -0.02959996 0.01955652 -0.1180776 -0.02509999 0.01955652 -0.1185434 -0.02959996 0.02002227 -0.1185434 -0.02509999 0.02002227 -0.1190322 -0.02959996 0.02046382 -0.1190322 -0.02509999 0.02046382 -0.1195426 -0.02959996 0.02088004 -0.1195426 -0.02509999 0.02088004 -0.1200735 -0.02959996 0.02126991 -0.1200735 -0.02509999 0.02126991 -0.1206234 -0.02959996 0.02163237 -0.1206234 -0.02509999 0.02163237 -0.121191 -0.02959996 0.02196645 -0.121191 -0.02509999 0.02196645 -0.1217749 -0.02959996 0.02227145 -0.1217749 -0.02509999 0.02227145 -0.1223734 -0.02959996 0.02254641 -0.1223734 -0.02509999 0.02254641 -0.122985 -0.02959996 0.02279072 -0.122985 -0.02509999 0.02279072 -0.1236082 -0.02959996 0.02300381 -0.1236082 -0.02509999 0.02300381 -0.1242415 -0.02959996 0.02318495 -0.1242415 -0.02509999 0.02318495 -0.1248831 -0.02959996 0.02333384 -0.1248831 -0.02509999 0.02333384 -0.1255314 -0.02959996 0.02345007 -0.1255314 -0.02509999 0.02345007 -0.1261848 -0.02959996 0.02353328 -0.1261848 -0.02509999 0.02353328 -0.1268416 -0.02959996 0.02358329 -0.1268416 -0.02509999 0.02358329 -0.1772431 0.02039998 0.0126338 -0.1775 0.01916819 0.01059997 -0.1775 0.02039998 0.01264995 -0.1767453 0.02039998 0.012506 -0.1769902 0.02039998 0.01258558 -0.176295 0.02039998 0.01225847 -0.1765124 0.02039998 0.01239639 -0.1759204 0.02039998 0.01190668 -0.1760966 0.02039998 0.01209437 -0.1756451 0.02039998 0.01147282 -0.1757691 0.02039998 0.01169842 -0.1755503 0.02039998 0.01123344 -0.175454 0.02039998 0.01072871 -0.1754863 0.02039998 0.01098412 -0.1754863 0.02039998 0.01021581 -0.175454 0.02039998 0.01047128 -0.1756451 0.02039998 0.00972712 -0.1755503 0.02039998 0.009966492 -0.1759204 0.02039998 0.009293258 -0.1757691 0.02039998 0.009501516 -0.176295 0.02039998 0.008941471 -0.1760966 0.02039998 0.009105563 -0.1767453 0.02039998 0.008693933 -0.1765124 0.02039998 0.008803546 -0.1772431 0.02039998 0.008566141 -0.1769902 0.02039998 0.008614361 -0.1777569 0.02039998 0.008566141 -0.1775 0.02039998 0.008549988 -0.1780098 0.02039998 0.008614361 -0.1782546 0.02039998 0.008693933 -0.1784875 0.02039998 0.008803546 -0.1787049 0.02039998 0.008941471 -0.1789033 0.02039998 0.009105563 -0.1790795 0.02039998 0.009293258 -0.1792308 0.02039998 0.009501516 -0.1793549 0.02039998 0.00972712 -0.1794496 0.02039998 0.009966492 -0.1795136 0.02039998 0.01021581 -0.1795459 0.02039998 0.01047128 -0.1795459 0.02039998 0.01072871 -0.1795136 0.02039998 0.01098412 -0.1794496 0.02039998 0.01123344 -0.1793549 0.02039998 0.01147282 -0.1792308 0.02039998 0.01169842 -0.1789033 0.02039998 0.01209437 -0.1790795 0.02039998 0.01190668 -0.1784875 0.02039998 0.01239639 -0.1787049 0.02039998 0.01225847 -0.1780098 0.02039998 0.01258558 -0.1782546 0.02039998 0.012506 -0.1777569 0.02039998 0.0126338 -0.1777772 0.02709996 0.01288318 -0.1775 0.02709996 0.01289999 -0.1775 0.02684998 0.01264995 -0.1772227 0.02709996 0.01288318 -0.1772431 0.02684998 0.0126338 -0.1769496 0.02709996 0.01283311 -0.1769902 0.02684998 0.01258558 -0.1766844 0.02709996 0.0127505 -0.1767453 0.02684998 0.012506 -0.1764311 0.02709996 0.01263654 -0.1765124 0.02684998 0.01239639 -0.1761934 0.02709996 0.01249283 -0.176295 0.02684998 0.01225847 -0.1759748 0.02709996 0.01232153 -0.1760966 0.02684998 0.01209437 -0.1757784 0.02709996 0.01212513 -0.1759204 0.02684998 0.01190668 -0.1756071 0.02709996 0.0119065 -0.1757691 0.02684998 0.01169842 -0.1754634 0.02709996 0.01166886 -0.1756451 0.02684998 0.01147282 -0.1753494 0.02709996 0.01141554 -0.1755503 0.02684998 0.01123344 -0.1752668 0.02709996 0.01115041 -0.1754863 0.02684998 0.01098412 -0.1752167 0.02709996 0.01087719 -0.175454 0.02684998 0.01072871 -0.1752 0.02709996 0.01059997 -0.175454 0.02684998 0.01047128 -0.1752167 0.02709996 0.01032274 -0.1754863 0.02684998 0.01021581 -0.1752668 0.02709996 0.01004952 -0.1755503 0.02684998 0.009966492 -0.1753494 0.02709996 0.0097844 -0.1756451 0.02684998 0.00972712 -0.1754634 0.02709996 0.00953108 -0.1757691 0.02684998 0.009501516 -0.1756071 0.02709996 0.009293437 -0.1759204 0.02684998 0.009293258 -0.1757784 0.02709996 0.009074807 -0.1760966 0.02684998 0.009105563 -0.1759748 0.02709996 0.008878409 -0.176295 0.02684998 0.008941471 -0.1761934 0.02709996 0.008707106 -0.1765124 0.02684998 0.008803546 -0.1764311 0.02709996 0.008563399 -0.1767453 0.02684998 0.008693933 -0.1766844 0.02709996 0.008449435 -0.1769902 0.02684998 0.008614361 -0.1769496 0.02709996 0.008366823 -0.1772431 0.02684998 0.008566141 -0.1772227 0.02709996 0.008316755 -0.1775 0.02684998 0.008549988 -0.1775 0.02709996 0.008299946 -0.1777772 0.02709996 0.008316755 -0.1777569 0.02684998 0.008566141 -0.1780504 0.02709996 0.008366823 -0.1780098 0.02684998 0.008614361 -0.1783156 0.02709996 0.008449435 -0.1782546 0.02684998 0.008693933 -0.1785688 0.02709996 0.008563399 -0.1784875 0.02684998 0.008803546 -0.1788065 0.02709996 0.008707106 -0.1787049 0.02684998 0.008941471 -0.1790252 0.02709996 0.008878409 -0.1789033 0.02684998 0.009105563 -0.1792215 0.02709996 0.009074807 -0.1790795 0.02684998 0.009293258 -0.1793928 0.02709996 0.009293437 -0.1792308 0.02684998 0.009501516 -0.1795365 0.02709996 0.00953108 -0.1793549 0.02684998 0.00972712 -0.1796505 0.02709996 0.0097844 -0.1794496 0.02684998 0.009966492 -0.1797332 0.02709996 0.01004952 -0.1795136 0.02684998 0.01021581 -0.1797832 0.02709996 0.01032274 -0.1795459 0.02684998 0.01047128 -0.1798 0.02709996 0.01059997 -0.1795459 0.02684998 0.01072871 -0.1797832 0.02709996 0.01087719 -0.1795136 0.02684998 0.01098412 -0.1797332 0.02709996 0.01115041 -0.1794496 0.02684998 0.01123344 -0.1796505 0.02709996 0.01141554 -0.1793549 0.02684998 0.01147282 -0.1795365 0.02709996 0.01166886 -0.1792308 0.02684998 0.01169842 -0.1793928 0.02709996 0.0119065 -0.1790795 0.02684998 0.01190668 -0.1792215 0.02709996 0.01212513 -0.1789033 0.02684998 0.01209437 -0.1790252 0.02709996 0.01232153 -0.1787049 0.02684998 0.01225847 -0.1788065 0.02709996 0.01249283 -0.1784875 0.02684998 0.01239639 -0.1785688 0.02709996 0.01263654 -0.1782546 0.02684998 0.012506 -0.1783156 0.02709996 0.0127505 -0.1780098 0.02684998 0.01258558 -0.1780504 0.02709996 0.01283311 -0.1777569 0.02684998 0.0126338 -0.1773687 0.02362495 0.01264578 -0.1776313 0.02362495 0.01264578 -0.1778919 0.02362495 0.01261216 -0.178146 0.02362495 0.01254552 -0.1783894 0.02362495 0.01244693 -0.1786183 0.02362495 0.01231807 -0.1788288 0.02362495 0.01216095 -0.1790176 0.02362495 0.0119782 -0.1791813 0.02362495 0.01177281 -0.1793175 0.02362495 0.01154816 -0.1794238 0.02362495 0.01130795 -0.1794986 0.02362495 0.01105612 -0.1795405 0.02362495 0.01079684 -0.1795489 0.02362495 0.01053428 -0.1795237 0.02362495 0.0102728 -0.1794652 0.02362495 0.01001667 -0.1793745 0.02362495 0.009770154 -0.179253 0.02362495 0.009537279 -0.1791027 0.02362495 0.009321808 -0.1789261 0.02362495 0.009127378 -0.1787261 0.02362495 0.008957087 -0.178506 0.02362495 0.008813738 -0.1782693 0.02362495 0.008699774 -0.17802 0.02362495 0.008617043 -0.1777621 0.02362495 0.008566796 -0.1775 0.02362495 0.008549988 -0.1772378 0.02362495 0.008566796 -0.17698 0.02362495 0.008617043 -0.1767307 0.02362495 0.008699774 -0.176494 0.02362495 0.008813738 -0.1762738 0.02362495 0.008957087 -0.1760738 0.02362495 0.009127378 -0.1758972 0.02362495 0.009321808 -0.1757469 0.02362495 0.009537279 -0.1756255 0.02362495 0.009770154 -0.1755347 0.02362495 0.01001667 -0.1754763 0.02362495 0.0102728 -0.175451 0.02362495 0.01053428 -0.1754595 0.02362495 0.01079684 -0.1755014 0.02362495 0.01105612 -0.1755761 0.02362495 0.01130795 -0.1756824 0.02362495 0.01154816 -0.1758186 0.02362495 0.01177281 -0.1759824 0.02362495 0.0119782 -0.1761711 0.02362495 0.01216095 -0.1763816 0.02362495 0.01231807 -0.1766105 0.02362495 0.01244693 -0.176854 0.02362495 0.01254552 -0.1771081 0.02362495 0.01261216 -0.1772431 -0.02039998 0.008566141 -0.1775 -0.01916819 0.01059997 -0.1775 -0.02039998 0.008549988 -0.1767453 -0.02039998 0.008693933 -0.1769902 -0.02039998 0.008614361 -0.176295 -0.02039998 0.008941471 -0.1765124 -0.02039998 0.008803546 -0.1759204 -0.02039998 0.009293258 -0.1760966 -0.02039998 0.009105563 -0.1756451 -0.02039998 0.00972712 -0.1757691 -0.02039998 0.009501516 -0.1755503 -0.02039998 0.009966492 -0.175454 -0.02039998 0.01047128 -0.1754863 -0.02039998 0.01021581 -0.1754863 -0.02039998 0.01098412 -0.175454 -0.02039998 0.01072871 -0.1756451 -0.02039998 0.01147282 -0.1755503 -0.02039998 0.01123344 -0.1759204 -0.02039998 0.01190668 -0.1757691 -0.02039998 0.01169842 -0.176295 -0.02039998 0.01225847 -0.1760966 -0.02039998 0.01209437 -0.1767453 -0.02039998 0.012506 -0.1765124 -0.02039998 0.01239639 -0.1772431 -0.02039998 0.0126338 -0.1769902 -0.02039998 0.01258558 -0.1777569 -0.02039998 0.0126338 -0.1775 -0.02039998 0.01264995 -0.1780098 -0.02039998 0.01258558 -0.1782546 -0.02039998 0.012506 -0.1784875 -0.02039998 0.01239639 -0.1787049 -0.02039998 0.01225847 -0.1789033 -0.02039998 0.01209437 -0.1790795 -0.02039998 0.01190668 -0.1792308 -0.02039998 0.01169842 -0.1793549 -0.02039998 0.01147282 -0.1794496 -0.02039998 0.01123344 -0.1795136 -0.02039998 0.01098412 -0.1795459 -0.02039998 0.01072871 -0.1795459 -0.02039998 0.01047128 -0.1795136 -0.02039998 0.01021581 -0.1794496 -0.02039998 0.009966492 -0.1793549 -0.02039998 0.00972712 -0.1792308 -0.02039998 0.009501516 -0.1789033 -0.02039998 0.009105563 -0.1790795 -0.02039998 0.009293258 -0.1784875 -0.02039998 0.008803546 -0.1787049 -0.02039998 0.008941471 -0.1780098 -0.02039998 0.008614361 -0.1782546 -0.02039998 0.008693933 -0.1777569 -0.02039998 0.008566141 -0.1777772 -0.02709996 0.008316755 -0.1775 -0.02709996 0.008299946 -0.1775 -0.02684998 0.008549988 -0.1772227 -0.02709996 0.008316755 -0.1772431 -0.02684998 0.008566141 -0.1769496 -0.02709996 0.008366823 -0.1769902 -0.02684998 0.008614361 -0.1766844 -0.02709996 0.008449435 -0.1767453 -0.02684998 0.008693933 -0.1764311 -0.02709996 0.008563399 -0.1765124 -0.02684998 0.008803546 -0.1761934 -0.02709996 0.008707106 -0.176295 -0.02684998 0.008941471 -0.1759748 -0.02709996 0.008878409 -0.1760966 -0.02684998 0.009105563 -0.1757784 -0.02709996 0.009074807 -0.1759204 -0.02684998 0.009293258 -0.1756071 -0.02709996 0.009293437 -0.1757691 -0.02684998 0.009501516 -0.1754634 -0.02709996 0.00953108 -0.1756451 -0.02684998 0.00972712 -0.1753494 -0.02709996 0.0097844 -0.1755503 -0.02684998 0.009966492 -0.1752668 -0.02709996 0.01004952 -0.1754863 -0.02684998 0.01021581 -0.1752167 -0.02709996 0.01032274 -0.175454 -0.02684998 0.01047128 -0.1752 -0.02709996 0.01059997 -0.175454 -0.02684998 0.01072871 -0.1752167 -0.02709996 0.01087719 -0.1754863 -0.02684998 0.01098412 -0.1752668 -0.02709996 0.01115041 -0.1755503 -0.02684998 0.01123344 -0.1753494 -0.02709996 0.01141554 -0.1756451 -0.02684998 0.01147282 -0.1754634 -0.02709996 0.01166886 -0.1757691 -0.02684998 0.01169842 -0.1756071 -0.02709996 0.0119065 -0.1759204 -0.02684998 0.01190668 -0.1757784 -0.02709996 0.01212513 -0.1760966 -0.02684998 0.01209437 -0.1759748 -0.02709996 0.01232153 -0.176295 -0.02684998 0.01225847 -0.1761934 -0.02709996 0.01249283 -0.1765124 -0.02684998 0.01239639 -0.1764311 -0.02709996 0.01263654 -0.1767453 -0.02684998 0.012506 -0.1766844 -0.02709996 0.0127505 -0.1769902 -0.02684998 0.01258558 -0.1769496 -0.02709996 0.01283311 -0.1772431 -0.02684998 0.0126338 -0.1772227 -0.02709996 0.01288318 -0.1775 -0.02684998 0.01264995 -0.1775 -0.02709996 0.01289999 -0.1777772 -0.02709996 0.01288318 -0.1777569 -0.02684998 0.0126338 -0.1780504 -0.02709996 0.01283311 -0.1780098 -0.02684998 0.01258558 -0.1783156 -0.02709996 0.0127505 -0.1782546 -0.02684998 0.012506 -0.1785688 -0.02709996 0.01263654 -0.1784875 -0.02684998 0.01239639 -0.1788065 -0.02709996 0.01249283 -0.1787049 -0.02684998 0.01225847 -0.1790252 -0.02709996 0.01232153 -0.1789033 -0.02684998 0.01209437 -0.1792215 -0.02709996 0.01212513 -0.1790795 -0.02684998 0.01190668 -0.1793928 -0.02709996 0.0119065 -0.1792308 -0.02684998 0.01169842 -0.1795365 -0.02709996 0.01166886 -0.1793549 -0.02684998 0.01147282 -0.1796505 -0.02709996 0.01141554 -0.1794496 -0.02684998 0.01123344 -0.1797332 -0.02709996 0.01115041 -0.1795136 -0.02684998 0.01098412 -0.1797832 -0.02709996 0.01087719 -0.1795459 -0.02684998 0.01072871 -0.1798 -0.02709996 0.01059997 -0.1795459 -0.02684998 0.01047128 -0.1797832 -0.02709996 0.01032274 -0.1795136 -0.02684998 0.01021581 -0.1797332 -0.02709996 0.01004952 -0.1794496 -0.02684998 0.009966492 -0.1796505 -0.02709996 0.0097844 -0.1793549 -0.02684998 0.00972712 -0.1795365 -0.02709996 0.00953108 -0.1792308 -0.02684998 0.009501516 -0.1793928 -0.02709996 0.009293437 -0.1790795 -0.02684998 0.009293258 -0.1792215 -0.02709996 0.009074807 -0.1789033 -0.02684998 0.009105563 -0.1790252 -0.02709996 0.008878409 -0.1787049 -0.02684998 0.008941471 -0.1788065 -0.02709996 0.008707106 -0.1784875 -0.02684998 0.008803546 -0.1785688 -0.02709996 0.008563399 -0.1782546 -0.02684998 0.008693933 -0.1783156 -0.02709996 0.008449435 -0.1780098 -0.02684998 0.008614361 -0.1780504 -0.02709996 0.008366823 -0.1777569 -0.02684998 0.008566141 -0.1773687 -0.02362495 0.00855416 -0.1776313 -0.02362495 0.00855416 -0.1778919 -0.02362495 0.008587777 -0.178146 -0.02362495 0.008654415 -0.1783894 -0.02362495 0.008753001 -0.1786183 -0.02362495 0.008881866 -0.1788288 -0.02362495 0.009038984 -0.1790176 -0.02362495 0.009221732 -0.1791813 -0.02362495 0.00942713 -0.1793175 -0.02362495 0.00965178 -0.1794238 -0.02362495 0.009891986 -0.1794986 -0.02362495 0.01014381 -0.1795405 -0.02362495 0.01040315 -0.1795489 -0.02362495 0.01066565 -0.1795237 -0.02362495 0.01092714 -0.1794652 -0.02362495 0.01118326 -0.1793745 -0.02362495 0.01142978 -0.179253 -0.02362495 0.01166266 -0.1791027 -0.02362495 0.01187813 -0.1789261 -0.02362495 0.01207256 -0.1787261 -0.02362495 0.01224285 -0.178506 -0.02362495 0.0123862 -0.1782693 -0.02362495 0.01250016 -0.17802 -0.02362495 0.01258295 -0.1777621 -0.02362495 0.01263314 -0.1775 -0.02362495 0.01264995 -0.1772378 -0.02362495 0.01263314 -0.17698 -0.02362495 0.01258295 -0.1767307 -0.02362495 0.01250016 -0.176494 -0.02362495 0.0123862 -0.1762738 -0.02362495 0.01224285 -0.1760738 -0.02362495 0.01207256 -0.1758972 -0.02362495 0.01187813 -0.1757469 -0.02362495 0.01166266 -0.1756255 -0.02362495 0.01142978 -0.1755347 -0.02362495 0.01118326 -0.1754763 -0.02362495 0.01092714 -0.175451 -0.02362495 0.01066565 -0.1754595 -0.02362495 0.01040315 -0.1755014 -0.02362495 0.01014381 -0.1755761 -0.02362495 0.009891986 -0.1756824 -0.02362495 0.00965178 -0.1758186 -0.02362495 0.00942713 -0.1759824 -0.02362495 0.009221732 -0.1761711 -0.02362495 0.009038984 -0.1763816 -0.02362495 0.008881866 -0.1766105 -0.02362495 0.008753001 -0.176854 -0.02362495 0.008654415 -0.1771081 -0.02362495 0.008587777 -0.1776646 -0.02709996 -0.001645803 -0.1773354 -0.02709996 -0.001645803 -0.1770078 -0.02709996 -0.001612484 -0.1766853 -0.02709996 -0.001546204 -0.1763712 -0.02709996 -0.001447677 -0.1760687 -0.02709996 -0.001317858 -0.1757808 -0.02709996 -0.001158058 -0.1779921 -0.02709996 -0.001612484 -0.1783146 -0.02709996 -0.001546204 -0.1786287 -0.02709996 -0.001447677 -0.1789312 -0.02709996 -0.001317858 -0.1792191 -0.02709996 -0.001158058 -0.1794893 -0.02709996 -9.70021e-4 -0.1797391 -0.02709996 -7.55576e-4 -0.1799659 -0.02709996 -5.16961e-4 -0.1801674 -0.02709996 -2.56622e-4 -0.18075 -0.02709996 0.001599967 -0.1803416 -0.02709996 2.27686e-5 -0.1804866 -0.02709996 3.18343e-4 -0.180601 -0.02709996 6.2707e-4 -0.1806834 -0.02709996 9.4578e-4 -0.1807333 -0.02709996 0.001271188 -0.18075 -0.02709996 0.01959997 -0.1801674 -0.02709996 0.02145659 -0.1803416 -0.02709996 0.02117723 -0.1797391 -0.02709996 0.02195554 -0.1799659 -0.02709996 0.02171695 -0.1794893 -0.02709996 0.02217 -0.1792191 -0.02709996 0.02235805 -0.1789312 -0.02709996 0.02251785 -0.1786287 -0.02709996 0.02264767 -0.1783146 -0.02709996 0.0227462 -0.1779921 -0.02709996 0.02281248 -0.1776646 -0.02709996 0.0228458 -0.1773354 -0.02709996 0.0228458 -0.1770078 -0.02709996 0.02281248 -0.1766853 -0.02709996 0.0227462 -0.1763712 -0.02709996 0.02264767 -0.1760687 -0.02709996 0.02251785 -0.1757808 -0.02709996 0.02235805 -0.1755107 -0.02709996 0.02217 -0.1752609 -0.02709996 0.02195554 -0.175034 -0.02709996 0.02171695 -0.1748325 -0.02709996 0.02145659 -0.17425 -0.02709996 0.01959997 -0.1746584 -0.02709996 0.02117723 -0.1745133 -0.02709996 0.02088165 -0.174399 -0.02709996 0.0205729 -0.1743165 -0.02709996 0.02025419 -0.1742666 -0.02709996 0.01992875 -0.17425 -0.02709996 0.001599967 -0.1748325 -0.02709996 -2.56622e-4 -0.1746584 -0.02709996 2.27686e-5 -0.1752609 -0.02709996 -7.55576e-4 -0.175034 -0.02709996 -5.16961e-4 -0.1755107 -0.02709996 -9.70021e-4 -0.1745133 -0.02709996 3.18343e-4 -0.174399 -0.02709996 6.2707e-4 -0.1743165 -0.02709996 9.4578e-4 -0.1742666 -0.02709996 0.001271188 -0.1804866 -0.02709996 0.02088165 -0.180601 -0.02709996 0.0205729 -0.1806834 -0.02709996 0.02025419 -0.1807333 -0.02709996 0.01992875 -0.17425 0.02709996 0.001599967 -0.17425 0.02709996 0.01959997 -0.1742666 0.02709996 0.01992875 -0.1742666 0.020325 0.01992875 -0.1742666 0.01354998 0.01992875 -0.1742666 0.006774961 0.01992875 -0.1743165 0.006774961 0.02025419 -0.1743165 0 0.02025419 -0.174399 0 0.0205729 -0.174399 -0.006774961 0.0205729 -0.1745133 -0.006774961 0.02088165 -0.1745133 -0.01354998 0.02088165 -0.1746584 -0.01354998 0.02117723 -0.1746584 -0.020325 0.02117723 -0.1748325 -0.020325 0.02145659 -0.175034 -0.020325 0.02171695 -0.1752609 -0.020325 0.02195554 -0.1755107 -0.020325 0.02217 -0.1757808 -0.020325 0.02235805 -0.1760687 -0.020325 0.02251785 -0.1763712 -0.020325 0.02264767 -0.1766853 -0.020325 0.0227462 -0.1770078 -0.020325 0.02281248 -0.1773354 -0.020325 0.0228458 -0.1776646 -0.020325 0.0228458 -0.1779921 -0.020325 0.02281248 -0.1783146 -0.020325 0.0227462 -0.1786287 -0.020325 0.02264767 -0.1789312 -0.020325 0.02251785 -0.1792191 -0.020325 0.02235805 -0.1794893 -0.020325 0.02217 -0.1797391 -0.020325 0.02195554 -0.1799659 -0.020325 0.02171695 -0.1801674 -0.020325 0.02145659 -0.1803416 -0.020325 0.02117723 -0.1804866 -0.020325 0.02088165 -0.180601 -0.020325 0.0205729 -0.1806834 -0.020325 0.02025419 -0.1807333 -0.020325 0.01992875 -0.1807333 -0.01354998 0.01992875 -0.1807333 -0.006774961 0.01992875 -0.1806834 -0.006774961 0.02025419 -0.1806834 0 0.02025419 -0.180601 0 0.0205729 -0.180601 0.006774961 0.0205729 -0.1804866 0.006774961 0.02088165 -0.1804866 0.01354998 0.02088165 -0.1803416 0.01354998 0.02117723 -0.1803416 0.020325 0.02117723 -0.1801674 0.020325 0.02145659 -0.1801674 0.02709996 0.02145659 -0.1799659 0.02709996 0.02171695 -0.1799659 0.020325 0.02171695 -0.1797391 0.02709996 0.02195554 -0.1797391 0.020325 0.02195554 -0.1794893 0.02709996 0.02217 -0.1794893 0.020325 0.02217 -0.1792191 0.02709996 0.02235805 -0.1792191 0.020325 0.02235805 -0.1789312 0.02709996 0.02251785 -0.1789312 0.020325 0.02251785 -0.1786287 0.02709996 0.02264767 -0.1786287 0.020325 0.02264767 -0.1783146 0.02709996 0.0227462 -0.1783146 0.020325 0.0227462 -0.1779921 0.02709996 0.02281248 -0.1779921 0.020325 0.02281248 -0.1776646 0.02709996 0.0228458 -0.1776646 0.020325 0.0228458 -0.1773354 0.02709996 0.0228458 -0.1773354 0.020325 0.0228458 -0.1770078 0.02709996 0.02281248 -0.1770078 0.020325 0.02281248 -0.1766853 0.02709996 0.0227462 -0.1766853 0.020325 0.0227462 -0.1763712 0.02709996 0.02264767 -0.1763712 0.020325 0.02264767 -0.1760687 0.02709996 0.02251785 -0.1760687 0.020325 0.02251785 -0.1757808 0.02709996 0.02235805 -0.1757808 0.020325 0.02235805 -0.1755107 0.02709996 0.02217 -0.1755107 0.020325 0.02217 -0.1752609 0.02709996 0.02195554 -0.1752609 0.020325 0.02195554 -0.175034 0.02709996 0.02171695 -0.175034 0.020325 0.02171695 -0.1748325 0.02709996 0.02145659 -0.1748325 0.020325 0.02145659 -0.1746584 0.02709996 0.02117723 -0.1746584 0.020325 0.02117723 -0.1745133 0.02709996 0.02088165 -0.1745133 0.020325 0.02088165 -0.174399 0.02709996 0.0205729 -0.174399 0.020325 0.0205729 -0.1743165 0.02709996 0.02025419 -0.1743165 0.020325 0.02025419 -0.1803416 0.02709996 0.02117723 -0.1804866 0.020325 0.02088165 -0.180601 0.01354998 0.0205729 -0.1806834 0.006774961 0.02025419 -0.1807333 0 0.01992875 -0.1804866 0.02709996 0.02088165 -0.180601 0.020325 0.0205729 -0.1806834 0.01354998 0.02025419 -0.1807333 0.006774961 0.01992875 -0.18075 0.02709996 0.01959997 -0.180601 0.02709996 0.0205729 -0.1806834 0.020325 0.02025419 -0.1807333 0.01354998 0.01992875 -0.1806834 0.02709996 0.02025419 -0.1807333 0.020325 0.01992875 -0.1807333 0.02709996 0.01992875 -0.1745133 -0.020325 0.02088165 -0.174399 -0.01354998 0.0205729 -0.1743165 -0.006774961 0.02025419 -0.1742666 0 0.01992875 -0.174399 -0.020325 0.0205729 -0.1743165 -0.01354998 0.02025419 -0.1742666 -0.006774961 0.01992875 -0.1743165 -0.020325 0.02025419 -0.1742666 -0.01354998 0.01992875 -0.1742666 -0.020325 0.01992875 -0.1743165 0.01354998 0.02025419 -0.174399 0.01354998 0.0205729 -0.1745133 0.01354998 0.02088165 -0.1746584 0.01354998 0.02117723 -0.1748325 0.01354998 0.02145659 -0.175034 0.01354998 0.02171695 -0.1752609 0.01354998 0.02195554 -0.1755107 0.01354998 0.02217 -0.1757808 0.01354998 0.02235805 -0.1760687 0.01354998 0.02251785 -0.1763712 0.01354998 0.02264767 -0.1766853 0.01354998 0.0227462 -0.1770078 0.01354998 0.02281248 -0.1773354 0.01354998 0.0228458 -0.1776646 0.01354998 0.0228458 -0.1779921 0.01354998 0.02281248 -0.1783146 0.01354998 0.0227462 -0.1786287 0.01354998 0.02264767 -0.1789312 0.01354998 0.02251785 -0.1792191 0.01354998 0.02235805 -0.1794893 0.01354998 0.02217 -0.1797391 0.01354998 0.02195554 -0.1799659 0.01354998 0.02171695 -0.1801674 0.01354998 0.02145659 -0.174399 0.006774961 0.0205729 -0.1745133 0 0.02088165 -0.1746584 -0.006774961 0.02117723 -0.1748325 -0.01354998 0.02145659 -0.1745133 0.006774961 0.02088165 -0.1746584 0.006774961 0.02117723 -0.1748325 0.006774961 0.02145659 -0.175034 0.006774961 0.02171695 -0.1752609 0.006774961 0.02195554 -0.1755107 0.006774961 0.02217 -0.1757808 0.006774961 0.02235805 -0.1760687 0.006774961 0.02251785 -0.1763712 0.006774961 0.02264767 -0.1766853 0.006774961 0.0227462 -0.1770078 0.006774961 0.02281248 -0.1773354 0.006774961 0.0228458 -0.1776646 0.006774961 0.0228458 -0.1779921 0.006774961 0.02281248 -0.1783146 0.006774961 0.0227462 -0.1786287 0.006774961 0.02264767 -0.1789312 0.006774961 0.02251785 -0.1792191 0.006774961 0.02235805 -0.1794893 0.006774961 0.02217 -0.1797391 0.006774961 0.02195554 -0.1799659 0.006774961 0.02171695 -0.1801674 0.006774961 0.02145659 -0.1803416 0.006774961 0.02117723 -0.1746584 0 0.02117723 -0.1748325 -0.006774961 0.02145659 -0.175034 -0.01354998 0.02171695 -0.1748325 0 0.02145659 -0.175034 0 0.02171695 -0.1752609 0 0.02195554 -0.1755107 0 0.02217 -0.1757808 0 0.02235805 -0.1760687 0 0.02251785 -0.1763712 0 0.02264767 -0.1766853 0 0.0227462 -0.1770078 0 0.02281248 -0.1773354 0 0.0228458 -0.1776646 0 0.0228458 -0.1779921 0 0.02281248 -0.1783146 0 0.0227462 -0.1786287 0 0.02264767 -0.1789312 0 0.02251785 -0.1792191 0 0.02235805 -0.1794893 0 0.02217 -0.1797391 0 0.02195554 -0.1799659 0 0.02171695 -0.1801674 0 0.02145659 -0.1803416 0 0.02117723 -0.1804866 0 0.02088165 -0.175034 -0.006774961 0.02171695 -0.1752609 -0.01354998 0.02195554 -0.1752609 -0.006774961 0.02195554 -0.1755107 -0.006774961 0.02217 -0.1757808 -0.006774961 0.02235805 -0.1760687 -0.006774961 0.02251785 -0.1763712 -0.006774961 0.02264767 -0.1766853 -0.006774961 0.0227462 -0.1770078 -0.006774961 0.02281248 -0.1773354 -0.006774961 0.0228458 -0.1776646 -0.006774961 0.0228458 -0.1779921 -0.006774961 0.02281248 -0.1783146 -0.006774961 0.0227462 -0.1786287 -0.006774961 0.02264767 -0.1789312 -0.006774961 0.02251785 -0.1792191 -0.006774961 0.02235805 -0.1794893 -0.006774961 0.02217 -0.1797391 -0.006774961 0.02195554 -0.1799659 -0.006774961 0.02171695 -0.1801674 -0.006774961 0.02145659 -0.1803416 -0.006774961 0.02117723 -0.1804866 -0.006774961 0.02088165 -0.180601 -0.006774961 0.0205729 -0.1755107 -0.01354998 0.02217 -0.1757808 -0.01354998 0.02235805 -0.1760687 -0.01354998 0.02251785 -0.1763712 -0.01354998 0.02264767 -0.1766853 -0.01354998 0.0227462 -0.1770078 -0.01354998 0.02281248 -0.1773354 -0.01354998 0.0228458 -0.1776646 -0.01354998 0.0228458 -0.1779921 -0.01354998 0.02281248 -0.1783146 -0.01354998 0.0227462 -0.1786287 -0.01354998 0.02264767 -0.1789312 -0.01354998 0.02251785 -0.1792191 -0.01354998 0.02235805 -0.1794893 -0.01354998 0.02217 -0.1797391 -0.01354998 0.02195554 -0.1799659 -0.01354998 0.02171695 -0.1801674 -0.01354998 0.02145659 -0.1803416 -0.01354998 0.02117723 -0.1804866 -0.01354998 0.02088165 -0.180601 -0.01354998 0.0205729 -0.1806834 -0.01354998 0.02025419 -0.18075 0.02709996 0.001599967 -0.1807333 0.02709996 0.001271188 -0.1807333 0.020325 0.001271188 -0.1807333 0.01354998 0.001271188 -0.1807333 0.006774961 0.001271188 -0.1806834 0.006774961 9.4578e-4 -0.1806834 0 9.4578e-4 -0.180601 0 6.2707e-4 -0.180601 -0.006774961 6.2707e-4 -0.1804866 -0.006774961 3.18343e-4 -0.1804866 -0.01354998 3.18343e-4 -0.1803416 -0.01354998 2.27686e-5 -0.1803416 -0.020325 2.27686e-5 -0.1801674 -0.020325 -2.56622e-4 -0.1799659 -0.020325 -5.16961e-4 -0.1797391 -0.020325 -7.55576e-4 -0.1794893 -0.020325 -9.70021e-4 -0.1792191 -0.020325 -0.001158058 -0.1789312 -0.020325 -0.001317858 -0.1786287 -0.020325 -0.001447677 -0.1783146 -0.020325 -0.001546204 -0.1779921 -0.020325 -0.001612484 -0.1776646 -0.020325 -0.001645803 -0.1773354 -0.020325 -0.001645803 -0.1770078 -0.020325 -0.001612484 -0.1766853 -0.020325 -0.001546204 -0.1763712 -0.020325 -0.001447677 -0.1760687 -0.020325 -0.001317858 -0.1757808 -0.020325 -0.001158058 -0.1755107 -0.020325 -9.70021e-4 -0.1752609 -0.020325 -7.55576e-4 -0.175034 -0.020325 -5.16961e-4 -0.1748325 -0.020325 -2.56622e-4 -0.1746584 -0.020325 2.27686e-5 -0.1745133 -0.020325 3.18343e-4 -0.174399 -0.020325 6.2707e-4 -0.1743165 -0.020325 9.4578e-4 -0.1742666 -0.020325 0.001271188 -0.1742666 -0.01354998 0.001271188 -0.1742666 -0.006774961 0.001271188 -0.1743165 -0.006774961 9.4578e-4 -0.1743165 0 9.4578e-4 -0.174399 0 6.2707e-4 -0.174399 0.006774961 6.2707e-4 -0.1745133 0.006774961 3.18343e-4 -0.1745133 0.01354998 3.18343e-4 -0.1746584 0.01354998 2.27686e-5 -0.1746584 0.020325 2.27686e-5 -0.1748325 0.020325 -2.56622e-4 -0.1748325 0.02709996 -2.56622e-4 -0.175034 0.02709996 -5.16961e-4 -0.175034 0.020325 -5.16961e-4 -0.1752609 0.02709996 -7.55576e-4 -0.1752609 0.020325 -7.55576e-4 -0.1755107 0.02709996 -9.70021e-4 -0.1755107 0.020325 -9.70021e-4 -0.1757808 0.02709996 -0.001158058 -0.1757808 0.020325 -0.001158058 -0.1760687 0.02709996 -0.001317858 -0.1760687 0.020325 -0.001317858 -0.1763712 0.02709996 -0.001447677 -0.1763712 0.020325 -0.001447677 -0.1766853 0.02709996 -0.001546204 -0.1766853 0.020325 -0.001546204 -0.1770078 0.02709996 -0.001612484 -0.1770078 0.020325 -0.001612484 -0.1773354 0.02709996 -0.001645803 -0.1773354 0.020325 -0.001645803 -0.1776646 0.02709996 -0.001645803 -0.1776646 0.020325 -0.001645803 -0.1779921 0.02709996 -0.001612484 -0.1779921 0.020325 -0.001612484 -0.1783146 0.02709996 -0.001546204 -0.1783146 0.020325 -0.001546204 -0.1786287 0.02709996 -0.001447677 -0.1786287 0.020325 -0.001447677 -0.1789312 0.02709996 -0.001317858 -0.1789312 0.020325 -0.001317858 -0.1792191 0.02709996 -0.001158058 -0.1792191 0.020325 -0.001158058 -0.1794893 0.02709996 -9.70021e-4 -0.1794893 0.020325 -9.70021e-4 -0.1797391 0.02709996 -7.55576e-4 -0.1797391 0.020325 -7.55576e-4 -0.1799659 0.02709996 -5.16961e-4 -0.1799659 0.020325 -5.16961e-4 -0.1801674 0.02709996 -2.56622e-4 -0.1801674 0.020325 -2.56622e-4 -0.1803416 0.02709996 2.27686e-5 -0.1803416 0.020325 2.27686e-5 -0.1804866 0.02709996 3.18343e-4 -0.1804866 0.020325 3.18343e-4 -0.180601 0.02709996 6.2707e-4 -0.180601 0.020325 6.2707e-4 -0.1806834 0.02709996 9.4578e-4 -0.1806834 0.020325 9.4578e-4 -0.1746584 0.02709996 2.27686e-5 -0.1745133 0.020325 3.18343e-4 -0.174399 0.01354998 6.2707e-4 -0.1743165 0.006774961 9.4578e-4 -0.1742666 0 0.001271188 -0.1745133 0.02709996 3.18343e-4 -0.174399 0.020325 6.2707e-4 -0.1743165 0.01354998 9.4578e-4 -0.1742666 0.006774961 0.001271188 -0.174399 0.02709996 6.2707e-4 -0.1743165 0.020325 9.4578e-4 -0.1742666 0.01354998 0.001271188 -0.1743165 0.02709996 9.4578e-4 -0.1742666 0.020325 0.001271188 -0.1742666 0.02709996 0.001271188 -0.1804866 -0.020325 3.18343e-4 -0.180601 -0.01354998 6.2707e-4 -0.1806834 -0.006774961 9.4578e-4 -0.1807333 0 0.001271188 -0.180601 -0.020325 6.2707e-4 -0.1806834 -0.01354998 9.4578e-4 -0.1807333 -0.006774961 0.001271188 -0.1806834 -0.020325 9.4578e-4 -0.1807333 -0.01354998 0.001271188 -0.1807333 -0.020325 0.001271188 -0.1806834 0.01354998 9.4578e-4 -0.180601 0.01354998 6.2707e-4 -0.1804866 0.01354998 3.18343e-4 -0.1803416 0.01354998 2.27686e-5 -0.1801674 0.01354998 -2.56622e-4 -0.1799659 0.01354998 -5.16961e-4 -0.1797391 0.01354998 -7.55576e-4 -0.1794893 0.01354998 -9.70021e-4 -0.1792191 0.01354998 -0.001158058 -0.1789312 0.01354998 -0.001317858 -0.1786287 0.01354998 -0.001447677 -0.1783146 0.01354998 -0.001546204 -0.1779921 0.01354998 -0.001612484 -0.1776646 0.01354998 -0.001645803 -0.1773354 0.01354998 -0.001645803 -0.1770078 0.01354998 -0.001612484 -0.1766853 0.01354998 -0.001546204 -0.1763712 0.01354998 -0.001447677 -0.1760687 0.01354998 -0.001317858 -0.1757808 0.01354998 -0.001158058 -0.1755107 0.01354998 -9.70021e-4 -0.1752609 0.01354998 -7.55576e-4 -0.175034 0.01354998 -5.16961e-4 -0.1748325 0.01354998 -2.56622e-4 -0.180601 0.006774961 6.2707e-4 -0.1804866 0 3.18343e-4 -0.1803416 -0.006774961 2.27686e-5 -0.1801674 -0.01354998 -2.56622e-4 -0.1804866 0.006774961 3.18343e-4 -0.1803416 0.006774961 2.27686e-5 -0.1801674 0.006774961 -2.56622e-4 -0.1799659 0.006774961 -5.16961e-4 -0.1797391 0.006774961 -7.55576e-4 -0.1794893 0.006774961 -9.70021e-4 -0.1792191 0.006774961 -0.001158058 -0.1789312 0.006774961 -0.001317858 -0.1786287 0.006774961 -0.001447677 -0.1783146 0.006774961 -0.001546204 -0.1779921 0.006774961 -0.001612484 -0.1776646 0.006774961 -0.001645803 -0.1773354 0.006774961 -0.001645803 -0.1770078 0.006774961 -0.001612484 -0.1766853 0.006774961 -0.001546204 -0.1763712 0.006774961 -0.001447677 -0.1760687 0.006774961 -0.001317858 -0.1757808 0.006774961 -0.001158058 -0.1755107 0.006774961 -9.70021e-4 -0.1752609 0.006774961 -7.55576e-4 -0.175034 0.006774961 -5.16961e-4 -0.1748325 0.006774961 -2.56622e-4 -0.1746584 0.006774961 2.27686e-5 -0.1803416 0 2.27686e-5 -0.1801674 -0.006774961 -2.56622e-4 -0.1799659 -0.01354998 -5.16961e-4 -0.1801674 0 -2.56622e-4 -0.1799659 0 -5.16961e-4 -0.1797391 0 -7.55576e-4 -0.1794893 0 -9.70021e-4 -0.1792191 0 -0.001158058 -0.1789312 0 -0.001317858 -0.1786287 0 -0.001447677 -0.1783146 0 -0.001546204 -0.1779921 0 -0.001612484 -0.1776646 0 -0.001645803 -0.1773354 0 -0.001645803 -0.1770078 0 -0.001612484 -0.1766853 0 -0.001546204 -0.1763712 0 -0.001447677 -0.1760687 0 -0.001317858 -0.1757808 0 -0.001158058 -0.1755107 0 -9.70021e-4 -0.1752609 0 -7.55576e-4 -0.175034 0 -5.16961e-4 -0.1748325 0 -2.56622e-4 -0.1746584 0 2.27686e-5 -0.1745133 0 3.18343e-4 -0.1799659 -0.006774961 -5.16961e-4 -0.1797391 -0.01354998 -7.55576e-4 -0.1797391 -0.006774961 -7.55576e-4 -0.1794893 -0.006774961 -9.70021e-4 -0.1792191 -0.006774961 -0.001158058 -0.1789312 -0.006774961 -0.001317858 -0.1786287 -0.006774961 -0.001447677 -0.1783146 -0.006774961 -0.001546204 -0.1779921 -0.006774961 -0.001612484 -0.1776646 -0.006774961 -0.001645803 -0.1773354 -0.006774961 -0.001645803 -0.1770078 -0.006774961 -0.001612484 -0.1766853 -0.006774961 -0.001546204 -0.1763712 -0.006774961 -0.001447677 -0.1760687 -0.006774961 -0.001317858 -0.1757808 -0.006774961 -0.001158058 -0.1755107 -0.006774961 -9.70021e-4 -0.1752609 -0.006774961 -7.55576e-4 -0.175034 -0.006774961 -5.16961e-4 -0.1748325 -0.006774961 -2.56622e-4 -0.1746584 -0.006774961 2.27686e-5 -0.1745133 -0.006774961 3.18343e-4 -0.174399 -0.006774961 6.2707e-4 -0.1794893 -0.01354998 -9.70021e-4 -0.1792191 -0.01354998 -0.001158058 -0.1789312 -0.01354998 -0.001317858 -0.1786287 -0.01354998 -0.001447677 -0.1783146 -0.01354998 -0.001546204 -0.1779921 -0.01354998 -0.001612484 -0.1776646 -0.01354998 -0.001645803 -0.1773354 -0.01354998 -0.001645803 -0.1770078 -0.01354998 -0.001612484 -0.1766853 -0.01354998 -0.001546204 -0.1763712 -0.01354998 -0.001447677 -0.1760687 -0.01354998 -0.001317858 -0.1757808 -0.01354998 -0.001158058 -0.1755107 -0.01354998 -9.70021e-4 -0.1752609 -0.01354998 -7.55576e-4 -0.175034 -0.01354998 -5.16961e-4 -0.1748325 -0.01354998 -2.56622e-4 -0.1746584 -0.01354998 2.27686e-5 -0.1745133 -0.01354998 3.18343e-4 -0.174399 -0.01354998 6.2707e-4 -0.1743165 -0.01354998 9.4578e-4</float_array>
          <technique_common>
            <accessor source="#femur_001-mesh-positions-array" count="3872" stride="3">
              <param name="X" type="float"/>
              <param name="Y" type="float"/>
              <param name="Z" type="float"/>
            </accessor>
          </technique_common>
        </source>
        <source id="femur_001-mesh-normals">
          <float_array id="femur_001-mesh-normals-array" count="22566">-0.9984266 0 0.05607479 -0.9984266 0 0.05607491 -0.9984266 0 0.05607479 -0.9858666 0 0.1675326 -0.9858666 0 0.1675329 -0.9858666 0 0.1675326 -0.9609232 0 0.2768152 -0.9609231 0 0.2768153 -0.9609233 0 0.2768152 -0.9609231 0 0.2768153 -0.9238768 0 0.3826901 -0.9238767 0 0.3826904 -0.9238769 0 0.3826901 -0.9238767 0 0.3826905 -0.875218 0 0.4837288 -0.8752182 0 0.4837285 -0.8752181 0 0.4837285 -0.815565 0 0.5786657 -0.8155661 0 0.5786638 -0.815565 0 0.5786656 -0.8155663 0 0.5786638 -0.7456346 0 0.666355 -0.6663636 0 0.7456271 -0.6663628 0 0.7456277 -0.6663635 0 0.7456271 -0.6663628 0 0.7456277 -0.5786722 0 0.8155602 -0.5786725 0 0.81556 -0.5786723 0 0.8155603 -0.483708 0 0.8752295 -0.4837093 0 0.8752287 -0.4837081 0 0.8752295 -0.4837094 0 0.8752288 -0.3826839 0 0.9238795 -0.3826827 0 0.9238799 -0.3826838 0 0.9238794 -0.3826827 0 0.9238799 -0.2768327 0 0.9609181 -0.276834 0 0.9609178 -0.2768328 0 0.9609182 -0.276834 0 0.9609178 -0.1675071 0 0.985871 -0.1675084 0 0.9858707 -0.1675071 0 0.985871 -0.1675084 0 0.9858707 -0.05606979 0 0.9984269 -0.05606848 0 0.998427 -0.05606973 0 0.9984269 -0.05606842 0 0.9984269 0 0 1 -0.05605685 0 -0.9984276 -0.05607897 0 -0.9984264 -0.05605781 0 -0.9984276 -0.05607992 0 -0.9984263 -0.1675084 0 -0.9858707 -0.1675085 0 -0.9858707 -0.2768394 0 -0.9609163 -0.2768393 0 -0.9609162 -0.382674 0 -0.9238834 -0.4837157 0 -0.8752252 -0.4837075 0 -0.8752297 -0.4837154 0 -0.8752254 -0.4837071 0 -0.8752299 -0.5786713 0 -0.815561 -0.578679 0 -0.8155556 -0.5786716 0 -0.8155608 -0.5786793 0 -0.8155552 -0.6663612 0 -0.7456291 -0.6663674 0 -0.7456237 -0.6663615 0 -0.7456289 -0.6663676 0 -0.7456234 -0.7456308 0 -0.6663593 -0.815564 0 -0.5786671 -0.8155717 0 -0.5786561 -0.8155642 0 -0.5786666 -0.8155721 0 -0.5786557 -0.8752153 0 -0.4837337 -0.875218 0 -0.4837287 -0.8752155 0 -0.4837335 -0.8752181 0 -0.4837285 -0.9238765 0 -0.3826911 -0.9238767 0 -0.3826905 -0.9238765 0 -0.3826911 -0.9238767 0 -0.3826905 -0.960923 0 -0.276816 -0.960924 0 -0.2768124 -0.9609231 0 -0.2768158 -0.960924 0 -0.2768123 -0.9858666 0 -0.1675322 -0.9858664 0 -0.1675338 -0.9858666 0 -0.1675322 -0.9858664 0 -0.1675339 -0.9984266 0 -0.05607497 -0.9984266 0 -0.05607491 -0.9984266 0 -0.05607497 -0.9984266 0 -0.05607491 -1 0 0 0.9984266 0 -0.05607497 0.9984266 0 -0.05607491 0.9984266 0 -0.05607497 0.9984266 0 -0.05607491 0.9858751 0 -0.1674824 0.9858754 0 -0.1674804 0.9858752 0 -0.1674823 0.9858754 0 -0.1674803 0.9609098 0 -0.2768619 0.960909 0 -0.2768645 0.9609098 0 -0.2768619 0.960909 0 -0.2768645 0.9238765 0 -0.3826911 0.9238767 0 -0.3826905 0.9238765 0 -0.3826911 0.9238767 0 -0.3826905 0.8752405 0 -0.4836882 0.8752381 0 -0.4836923 0.8752403 0 -0.4836884 0.875238 0 -0.4836925 0.8155465 0 -0.5786916 0.8155394 0 -0.5787016 0.8155463 0 -0.578692 0.8155392 0 -0.578702 0.745657 0 -0.66633 0.7456573 0 -0.6663297 0.7456573 0 -0.6663296 0.6663407 0 -0.7456474 0.6663353 0 -0.7456523 0.6663405 0 -0.7456476 0.666335 0 -0.7456526 0.578679 0 -0.8155555 0.5786719 0 -0.8155605 0.5786787 0 -0.8155556 0.5786716 0 -0.8155608 0.4837069 0 -0.8752301 0.4837157 0 -0.8752253 0.4837073 0 -0.87523 0.483716 0 -0.8752251 0.382674 0 -0.9238834 0.2768536 0 -0.9609122 0.1674996 0 -0.9858722 0.1674997 0 -0.9858722 0.05608278 0 -0.9984262 0.05606079 0 -0.9984275 0.05608189 0 -0.9984263 0.05605989 0 -0.9984275 0 0 -1 0.05607134 0 0.9984269 0.05607277 0 0.9984267 0.05607134 0 0.9984268 0.05607283 0 0.9984267 0.1674996 0 0.9858722 0.1674983 0 0.9858724 0.1674996 0 0.9858722 0.1674982 0 0.9858723 0.2768482 0 0.9609137 0.276847 0 0.9609141 0.2768482 0 0.9609138 0.2768469 0 0.9609141 0.3826827 0 0.9238799 0.3826838 0 0.9238794 0.3826827 0 0.9238799 0.3826839 0 0.9238795 0.4837091 0 0.875229 0.4837083 0 0.8752293 0.483709 0 0.8752289 0.4837083 0 0.8752294 0.5786722 0 0.8155602 0.5786725 0 0.81556 0.5786723 0 0.8155603 0.6663359 0 0.7456517 0.6663374 0 0.7456505 0.6663359 0 0.7456517 0.6663374 0 0.7456504 0.7456608 0 0.6663258 0.7456611 0 0.6663254 0.7456611 0 0.6663253 0.8155407 0 0.5786998 0.8155401 0 0.5787006 0.8155407 0 0.5786998 0.8155401 0 0.5787007 0.8752405 0 0.4836882 0.8752408 0 0.4836876 0.8752405 0 0.4836882 0.8752408 0 0.4836876 0.9238765 0 0.3826911 0.9238771 0 0.3826895 0.9238765 0 0.382691 0.9238771 0 0.3826894 0.9609088 0 0.2768649 0.9609093 0 0.2768639 0.9609088 0 0.2768649 0.9609093 0 0.2768638 0.9858753 0 0.1674814 0.9858754 0 0.1674808 0.9858753 0 0.1674814 0.9858754 0 0.1674808 0.9984266 0 0.05607497 0.9984266 0 0.05607473 0.9984266 0 0.05607497 0.9984266 0 0.05607473 1 0 0 -0.9858753 0 0.167481 -0.9858754 0 0.1674813 -0.9858754 0 0.167481 -0.9858753 0 0.1674813 -0.9609091 0 0.2768641 -0.960909 0 0.2768645 -0.9609091 0 0.2768642 -0.960909 0 0.2768645 -0.9238957 0 0.3826445 -0.9238954 0 0.3826452 -0.9238957 0 0.3826446 -0.6663367 0 0.7456511 -0.6663366 0 0.7456511 -0.6663367 0 0.745651 -0.6663367 0 0.7456511 -0.4837303 0 0.8752172 -0.4837319 0 0.8752163 -0.4837303 0 0.8752171 -0.483732 0 0.8752162 0.05606836 0 0.9984269 0.05606979 0 0.9984269 0.05606842 0 0.998427 0.05606985 0 0.9984269 0.1675084 0 0.9858707 0.1675071 0 0.985871 0.1675084 0 0.9858707 0.1675071 0 0.985871 0.276834 0 0.9609178 0.2768328 0 0.9609182 0.276834 0 0.9609178 0.2768327 0 0.9609181 0.4837314 0 0.8752166 0.4837309 0 0.8752168 0.4837313 0 0.8752166 0.7456346 0 0.666355 0.815566 0 0.5786643 0.8155653 0 0.5786651 0.8155658 0 0.5786643 0.8155652 0 0.5786651 0.875218 0 0.4837288 0.8752182 0 0.4837285 0.8752181 0 0.4837285 0.960923 0 0.276816 0.9609234 0 0.2768146 0.960923 0 0.2768159 0.9609234 0 0.2768146 -0.483738 0 -0.8752129 -0.4837301 0 -0.8752173 -0.4837377 0 -0.8752131 -0.4837298 0 -0.8752175 -0.6663343 0 -0.7456532 -0.6663411 0 -0.7456471 -0.6663346 0 -0.7456529 -0.6663414 0 -0.7456468 -0.9238952 0 -0.3826455 -0.9238954 0 -0.3826452 -0.9609088 0 -0.2768649 -0.9609099 0 -0.2768617 -0.960909 0 -0.2768648 -0.9609099 0 -0.2768615 -0.9858754 0 -0.1674805 -0.9858751 0 -0.1674821 -0.9858754 0 -0.1674805 -0.9858751 0 -0.1674822 0.9609239 0 -0.2768129 0.9609232 0 -0.2768152 0.9609238 0 -0.276813 0.9609231 0 -0.2768153 0.875218 0 -0.4837288 0.8752155 0 -0.4837331 0.875218 0 -0.483729 0.8752155 0 -0.4837334 0.8155716 0 -0.5786561 0.8155646 0 -0.5786661 0.8155714 0 -0.5786565 0.8155643 0 -0.5786665 0.7456308 0 -0.6663593 0.4837291 0 -0.8752177 0.4837383 0 -0.8752128 0.4837295 0 -0.8752176 0.4837386 0 -0.8752126 0.2768394 0 -0.9609163 0.2768393 0 -0.9609162 0.1675084 0 -0.9858707 0.1675085 0 -0.9858707 0.05607986 0 -0.9984263 0.05605781 0 -0.9984276 0.05607897 0 -0.9984264 0.05605691 0 -0.9984276 -0.06975805 0.00165528 0.9975626 0 -0.001656532 0.9999987 0.0697537 0.001657307 0.9975629 0.1391773 -0.001658141 0.9902661 0.2079119 0.001656651 0.9781461 0.2756372 -0.001653492 0.9612604 0.3420062 0.001653492 0.9396964 0.4067413 -0.001650452 0.913542 0.4694787 0.001656591 0.8829423 0.5299136 -0.001656591 0.8480501 0.5877758 0.001650393 0.8090223 0.6427722 -0.001650393 0.7660557 0.6946668 0.00166583 0.7193298 0.7431467 -0.001644313 0.6691266 0.7880115 0.001656591 0.6156585 0.8290445 -0.001656591 0.5591804 0.8660311 0.001662731 0.4999873 0.8987988 -0.001656591 0.4383583 0.9271704 0.001656532 0.3746365 0.9510436 -0.00166887 0.3090523 0.9703023 0.001656591 0.2418899 0.9848155 -0.001644313 0.1735968 0.9945186 0.001644313 0.1045464 0.9993883 -0.001656591 0.03493231 0.9993884 0.001656591 -0.03493255 0.9945186 -0.001644313 -0.1045465 0.9848156 0.001644313 -0.1735965 0.9703016 -0.001656591 -0.2418928 0.9510456 0.001662671 -0.3090463 0.9271672 -0.001656591 -0.3746442 0.8988003 0.001662731 -0.4383553 0.8660291 -0.001656591 -0.4999908 0.8290451 0.001656591 -0.5591793 0.7880122 -0.001656591 -0.6156574 0.7431474 0.001650452 -0.6691257 0.6946632 -0.00166887 -0.7193332 0.6427802 0.001647353 -0.766049 0.5877667 -0.001656532 -0.8090289 0.529918 0.001656532 -0.8480474 0.4694777 -0.001662731 -0.8829429 0.4067419 0.001653552 -0.9135417 0.342011 -0.001653432 -0.9396945 0.2756317 0.001653492 -0.9612619 0.2079172 -0.001656651 -0.9781451 0.1391715 0.001657366 -0.990267 0.06975972 -0.001656532 -0.9975625 0 0.001656115 -0.9999987 -0.06976407 -0.001655101 -0.9975622 -0.1391715 0.001655101 -0.990267 -0.2079043 -0.001659572 -0.9781478 -0.2756317 0.001656532 -0.9612619 -0.3420313 -0.001659691 -0.9396871 -0.4067418 0.001656591 -0.9135416 -0.4694523 -0.001656532 -0.8829563 -0.529918 0.001656532 -0.8480474 -0.5877973 -0.001656651 -0.8090067 -0.6427801 0.001665771 -0.766049 -0.6946632 -0.001656591 -0.7193332 -0.7431474 0.001650452 -0.6691257 -0.7880122 -0.001656591 -0.6156574 -0.8290451 0.001656591 -0.5591793 -0.8660019 -0.001656532 -0.500038 -0.8988003 0.001656591 -0.4383553 -0.9271891 -0.001656591 -0.3745902 -0.9510456 0.001650393 -0.3090463 -0.9702867 -0.001656591 -0.2419524 -0.9848048 0.001662731 -0.1736573 -0.9945252 -0.001656591 -0.1044845 -0.9993906 0.001656591 -0.03486979 -0.9993906 -0.001656591 0.03486955 -0.9945252 0.001662731 0.1044842 -0.9848046 -0.00166887 0.1736578 -0.9702877 0.001656532 0.241949 -0.9510437 -0.001656591 0.3090524 -0.9271922 0.001656591 0.3745824 -0.8987988 -0.001656591 0.4383583 -0.866004 0.001662671 0.5000346 -0.8290445 -0.001656591 0.5591804 -0.7880115 0.001662731 0.6156585 -0.7431467 -0.00166887 0.6691265 -0.6946668 0.001656591 0.7193298 -0.6427721 -0.001662671 0.7660556 -0.5878056 0.001659691 0.8090005 -0.5299136 -0.001656591 0.8480501 -0.4694526 0.001653432 0.8829562 -0.4067413 -0.001656591 0.913542 -0.3420264 0.001658141 0.9396889 -0.2756372 -0.001656532 0.9612604 -0.2078991 0.001659631 0.9781489 -0.1391773 -0.001655101 0.9902661 -0.9989321 0 -0.04620385 -0.9989321 0 -0.04620349 -0.9989321 0 -0.04620379 -0.9989321 0 -0.04620343 -0.990413 0 -0.1381385 -0.990413 0 -0.1381382 -0.990413 0 -0.1381385 -0.990413 0 -0.1381382 -0.9734375 0 -0.2289532 -0.9734374 0 -0.2289538 -0.9734374 0 -0.2289533 -0.9734373 0 -0.2289538 -0.9481618 0 -0.3177882 -0.9481606 0 -0.3177916 -0.9481616 0 -0.3177886 -0.9481605 0 -0.3177919 -0.9147946 0 -0.4039197 -0.9147961 0 -0.4039162 -0.9147948 0 -0.4039193 -0.9147963 0 -0.4039158 -0.8736248 0 -0.4866003 -0.8736225 0 -0.4866042 -0.8736245 0 -0.4866008 -0.8736223 0 -0.4866048 -0.8249887 0 -0.5651494 -0.8249886 0 -0.5651494 -0.7693319 0 -0.6388495 -0.7693324 0 -0.6388489 -0.7693319 0 -0.6388494 -0.7693325 0 -0.6388487 -0.707118 0 -0.7070956 -0.7071226 0 -0.7070909 -0.7071186 0 -0.707095 -0.7071232 0 -0.7070904 -0.6388469 0 -0.7693339 -0.6388524 0 -0.7693294 -0.6388475 0 -0.7693334 -0.6388531 0 -0.7693288 -0.5651342 0 -0.824999 -0.5651341 0 -0.824999 -0.4865981 0 -0.873626 -0.4865905 0 -0.8736302 -0.4865972 0 -0.8736265 -0.4865896 0 -0.8736307 -0.4039193 0 -0.9147946 -0.4039263 0 -0.9147915 -0.4039201 0 -0.9147943 -0.4039271 0 -0.9147912 -0.3177878 0 -0.9481619 -0.3177955 0 -0.9481593 -0.3177887 0 -0.9481616 -0.3177965 0 -0.948159 -0.2289485 0 -0.9734385 -0.2289574 0 -0.9734365 -0.2289496 0 -0.9734383 -0.2289585 0 -0.9734362 -0.1381559 0 -0.9904105 -0.1381562 0 -0.9904105 -0.1381559 0 -0.9904105 -0.1381562 0 -0.9904105 -0.04619216 0 -0.9989326 -0.04618293 0 -0.9989331 -0.04619103 0 -0.9989327 -0.04618179 0 -0.9989331 0.04618167 0 -0.9989331 0.04619115 0 -0.9989327 0.04618287 0 -0.998933 0.04619228 0 -0.9989327 0.1381559 0 -0.9904105 0.1381562 0 -0.9904105 0.1381559 0 -0.9904105 0.1381562 0 -0.9904105 0.2289491 0 -0.9734385 0.2289403 0 -0.9734405 0.2289481 0 -0.9734387 0.2289392 0 -0.9734407 0.3177973 0 -0.9481588 0.3177881 0 -0.9481617 0.3177961 0 -0.9481591 0.317787 0 -0.9481621 0.4039281 0 -0.9147908 0.4039193 0 -0.9147946 0.403927 0 -0.9147912 0.4039183 0 -0.9147951 0.486608 0 -0.8736205 0.4866156 0 -0.8736162 0.4866089 0 -0.87362 0.4866166 0 -0.8736158 0.5651342 0 -0.824999 0.5651341 0 -0.824999 0.6388531 0 -0.7693288 0.6388475 0 -0.7693334 0.6388524 0 -0.7693294 0.6388469 0 -0.7693339 0.7071016 0 -0.7071121 0.7070968 0 -0.7071167 0.707101 0 -0.7071126 0.7070963 0 -0.7071173 0.7693319 0 -0.6388495 0.7693324 0 -0.6388489 0.7693319 0 -0.6388494 0.7693325 0 -0.6388487 0.8249887 0 -0.5651494 0.8249886 0 -0.5651494 0.8736223 0 -0.4866048 0.8736245 0 -0.4866008 0.8736225 0 -0.4866042 0.8736248 0 -0.4866003 0.9147963 0 -0.4039158 0.9147948 0 -0.4039193 0.9147961 0 -0.4039162 0.9147946 0 -0.4039197 0.9481607 0 -0.3177914 0.9481615 0 -0.3177891 0.9481608 0 -0.3177911 0.9481616 0 -0.3177888 0.9734375 0 -0.2289532 0.9734374 0 -0.2289538 0.9734374 0 -0.2289533 0.9734373 0 -0.2289538 0.990413 0 -0.1381385 0.990413 0 -0.1381382 0.990413 0 -0.1381385 0.990413 0 -0.1381382 0.9989321 0 -0.04620337 0.9989321 0 -0.04620385 0.9989321 0 -0.04620343 0.9989321 0 -0.04620391 0.9989321 0 0.04620355 0.9989321 0 0.04620367 0.9989321 0 0.04620355 0.9989321 0 0.04620367 0.990413 0 0.1381384 0.990413 0 0.1381381 0.990413 0 0.1381383 0.990413 0 0.1381381 0.9734376 0 0.2289529 0.9734374 0 0.2289535 0.9734375 0 0.228953 0.9734374 0 0.2289536 0.9481611 0 0.31779 0.948161 0 0.3177906 0.9481612 0 0.3177901 0.948161 0 0.3177906 0.9147955 0 0.4039176 0.9147954 0 0.4039176 0.8736237 0 0.4866023 0.8736237 0 0.4866023 0.8249884 0 0.5651499 0.8249885 0 0.5651496 0.8249886 0 0.5651496 0.7693324 0 0.6388489 0.7693329 0 0.6388481 0.7693324 0 0.6388487 0.7693331 0 0.6388481 0.7070986 0 0.707115 0.6388489 0 0.7693324 0.6388489 0 0.7693323 0.565136 0 0.8249979 0.4866095 0 0.8736196 0.4866095 0 0.8736196 0.4866096 0 0.8736197 0.4039253 0 0.914792 0.4039254 0 0.914792 0.4039253 0 0.914792 0.4039254 0 0.914792 0.3177908 0 0.948161 0.3177906 0 0.948161 0.3177908 0 0.948161 0.3177906 0 0.948161 0.2289442 0 0.9734396 0.2289453 0 0.9734393 0.2289443 0 0.9734396 0.2289454 0 0.9734393 0.1381571 0 0.9904103 0.1381564 0 0.9904105 0.1381571 0 0.9904104 0.1381562 0 0.9904105 0.04618299 0 0.998933 0.0461843 0 0.998933 0.04618316 0 0.9989331 0.04618442 0 0.998933 -0.0461843 0 0.998933 -0.04618328 0 0.9989331 -0.04618418 0 0.998933 -0.0461831 0 0.9989331 -0.1381559 0 0.9904105 -0.1381574 0 0.9904104 -0.1381561 0 0.9904106 -0.1381576 0 0.9904103 -0.2289548 0 0.9734371 -0.2289537 0 0.9734374 -0.2289547 0 0.9734371 -0.2289535 0 0.9734374 -0.3177914 0 0.9481607 -0.3177901 0 0.9481611 -0.3177912 0 0.9481607 -0.31779 0 0.9481611 -0.4039264 0 0.9147915 -0.4039245 0 0.9147924 -0.4039262 0 0.9147916 -0.4039244 0 0.9147924 -0.4865912 0 0.8736299 -0.4865911 0 0.8736299 -0.4865911 0 0.8736299 -0.565136 0 0.8249979 -0.6388489 0 0.7693324 -0.6388489 0 0.7693323 -0.7071203 0 0.7070934 -0.7693324 0 0.6388489 -0.7693329 0 0.6388481 -0.7693324 0 0.6388487 -0.7693331 0 0.6388481 -0.8249886 0 0.5651496 -0.8249884 0 0.5651499 -0.8249885 0 0.5651496 -0.8736237 0 0.4866023 -0.8736237 0 0.4866023 -0.9147955 0 0.4039176 -0.9147954 0 0.4039176 -0.9481611 0 0.31779 -0.948161 0 0.3177906 -0.9481612 0 0.3177901 -0.948161 0 0.3177906 -0.9734376 0 0.228953 -0.9734374 0 0.2289534 -0.9734375 0 0.228953 -0.9734374 0 0.2289535 -0.990413 0 0.1381384 -0.990413 0 0.1381381 -0.990413 0 0.1381384 -0.990413 0 0.138138 -0.9989321 0 0.04620361 -0.9989321 0 0.04620367 -0.9989321 0 0.04620361 -0.9989321 0 0.04620367 0 -1 0 0 -1 4.15719e-7 0 -1 -4.59364e-7 0 -1 5.91722e-7 0 -1 -1.06731e-6 0 -1 3.78957e-7 0 -1 -6.79175e-7 0 -1 6.90006e-7 0 -1 6.27059e-7 0 -1 0 0 -1 2.93076e-6 0 -1 -6.94066e-7 0 -1 6.97339e-7 0 -1 -1.93126e-6 0 -1 9.2934e-7 0 -1 8.46857e-7 0 -1 1.05032e-5 0 -1 6.26695e-7 0 -1 1.3373e-5 0 -1 9.40149e-7 0 -1 6.08865e-6 0 -1 -2.09012e-7 0 -1 -2.73774e-7 0 -1 -9.52949e-6 0 -1 4.02973e-6 0 -1 -1.39886e-6 0 -1 -4.5208e-6 0 -1 2.02893e-6 0 -1 7.17053e-7 0 -1 -8.18261e-7 0 -1 1.15642e-6 0 -1 -3.67644e-7 0 -1 -3.39562e-7 0 -1 1.27103e-6 0 -1 -5.07834e-7 0 -1 4.51967e-7 0 -1 -2.00574e-7 0 -1 -2.52557e-7 0 -1 0 0 -1 0 0 -1 2.63878e-7 0 -1 0 0 -1 1.79205e-7 0 -1 2.24871e-7 0 -1 0 0 -1 2.63732e-7 0 -1 -3.98687e-7 0 -1 4.47569e-7 0 -1 -1.02044e-6 0 -1 1.26656e-6 0 -1 -6.86321e-7 0 -1 1.16575e-6 0 -1 0 0 -1 -3.76815e-6 0 -1 7.17292e-7 0 -1 2.02963e-6 0 -1 -4.12323e-7 0 -1 -8.46555e-7 0 -1 -1.04995e-5 0 -1 -6.26693e-7 0 -1 -1.3373e-5 0 -1 -5.31821e-7 0 -1 4.16744e-6 0 -1 -1.07745e-5 0 -1 -3.20452e-7 0 -1 7.64135e-7 0 -1 6.08761e-6 0 -1 9.39833e-7 0 -1 6.97585e-7 0 -1 -1.93127e-6 0 -1 8.46252e-7 0 -1 -1.60323e-6 0 -1 2.92196e-6 0 -1 -3.6246e-7 0 -1 -7.47729e-7 0 -1 6.17675e-7 0 -1 3.15663e-7 0 -1 -6.79093e-7 0 -1 6.99487e-7 0 -1 -1.06239e-6 0 -1 4.93426e-7 0 -1 -4.63797e-7 0 -1 2.07833e-7 0 -1 -4.2341e-7 0 -1 -4.99939e-6 0 -1 3.34294e-6 0 -1 -1.33789e-5 0 -1 1.02435e-5 0 -1 -3.66063e-6 0 -1 6.6843e-6 0.9996 0 0.02828389 0.9995999 0 0.02828407 0.9995999 0 0.02828395 0.9996 0 0.02828407 0.9996 0 -0.02828401 0.9995999 0 -0.02828401 0.9963958 0 -0.08482682 0.9963958 0 -0.08482682 0.9963958 0 -0.08482682 0.9963957 0 -0.08482688 0.9900069 0 -0.1410194 0.990007 0 -0.1410191 0.9900069 0 -0.1410194 0.9900069 0 -0.1410191 0.9804368 0 -0.1968343 0.9804369 0 -0.196834 0.9804368 0 -0.1968343 0.9804369 0 -0.196834 0.9677342 0 -0.2519735 0.967734 0 -0.2519738 0.9677342 0 -0.2519736 0.967734 0 -0.2519739 0.9519242 0 -0.3063341 0.9519241 0 -0.3063341 0.9330708 0 -0.3596928 0.9330708 0 -0.3596928 0.9112293 0 -0.4118995 0.9112297 0 -0.4118985 0.9112294 0 -0.4118993 0.9112299 0 -0.4118984 0.8864744 0 -0.4627778 0.8864736 0 -0.4627794 0.8864743 0 -0.4627781 0.8864734 0 -0.4627796 0.8588553 0 -0.5122184 0.8588559 0 -0.5122174 0.8588554 0 -0.5122182 0.858856 0 -0.5122172 0.828515 0 -0.5599669 0.8285156 0 -0.5599661 0.8285151 0 -0.5599667 0.8285158 0 -0.5599659 0.7955026 0 -0.6059502 0.7599367 0 -0.6499972 0.7599352 0 -0.6499989 0.7599364 0 -0.6499975 0.7599349 0 -0.6499993 0.7219639 0 -0.6919308 0.7219609 0 -0.691934 0.7219632 0 -0.6919314 0.7219602 0 -0.6919347 0.6816533 0 -0.7316754 0.6391708 0 -0.7690649 0.6391708 0 -0.769065 0.5946242 0 -0.8040038 0.5946275 0 -0.8040014 0.5946249 0 -0.8040032 0.5946282 0 -0.8040009 0.5482047 0 -0.8363443 0.5482012 0 -0.8363465 0.5482039 0 -0.8363447 0.5482004 0 -0.8363471 0.5000026 0 -0.866024 0.4999994 0 -0.8660259 0.5000019 0 -0.8660244 0.4999987 0 -0.8660263 0.4502064 0 -0.8929245 0.450203 0 -0.8929263 0.4502056 0 -0.8929249 0.4502022 0 -0.8929267 0.398966 0 -0.9169657 0.3989576 0 -0.9169695 0.3989641 0 -0.9169666 0.3989557 0 -0.9169703 0.3464589 0 -0.9380652 0.3464501 0 -0.9380685 0.3464569 0 -0.938066 0.3464481 0 -0.9380692 0.2928256 0 -0.956166 0.2928211 0 -0.9561673 0.2928246 0 -0.9561662 0.29282 0 -0.9561676 0.2382603 0 -0.9712014 0.2382559 0 -0.9712025 0.2382594 0 -0.9712017 0.2382549 0 -0.9712027 0.1829296 0 -0.9831261 0.1829294 0 -0.9831261 0.1829296 0 -0.9831261 0.1829293 0 -0.9831261 0.1270166 0 -0.9919006 0.1270163 0 -0.9919006 0.1270165 0 -0.9919006 0.1270162 0 -0.9919007 0.07070028 0 -0.9974976 0.07069522 0 -0.997498 0.07069915 0 -0.9974977 0.07069408 0 -0.997498 0.01415342 0 -0.9998999 0.01415342 0 -0.9998999 0.01415342 0 -0.9998999 0.01415336 0 -0.9998999 -0.04244202 0 -0.999099 -0.0424419 0 -0.999099 -0.04244202 0 -0.999099 -0.0424419 0 -0.9990989 -0.09890139 0 -0.9950973 -0.09889137 0 -0.9950983 -0.09889912 0 -0.9950975 -0.09888911 0 -0.9950985 -0.1550378 0 -0.9879086 -0.1550431 0 -0.9879077 -0.155039 0 -0.9879084 -0.1550443 0 -0.9879075 -0.2106785 0 -0.9775555 -0.2656438 0 -0.9640713 -0.3197636 0 -0.9474974 -0.3197681 0 -0.9474958 -0.3197647 0 -0.9474971 -0.3197692 0 -0.9474956 -0.3728531 0 -0.9278905 -0.3728574 0 -0.9278888 -0.3728541 0 -0.9278901 -0.3728584 0 -0.9278883 -0.4247522 0 -0.9053096 -0.4247522 0 -0.9053097 -0.4752951 0 -0.8798264 -0.4752913 0 -0.8798285 -0.4752942 0 -0.8798269 -0.4752904 0 -0.879829 -0.5243099 0 -0.8515276 -0.5243062 0 -0.8515298 -0.524309 0 -0.8515281 -0.5243055 0 -0.8515304 -0.5716454 0 -0.8205007 -0.5716416 0 -0.8205035 -0.5716446 0 -0.8205015 -0.5716407 0 -0.8205041 -0.6171461 0 -0.7868487 -0.6171492 0 -0.7868461 -0.6171469 0 -0.786848 -0.61715 0 -0.7868457 -0.6606758 0 -0.7506714 -0.6606786 0 -0.7506689 -0.6606764 0 -0.7506708 -0.6606792 0 -0.7506684 -0.7020862 0 -0.7120921 -0.7020868 0 -0.7120915 -0.7020863 0 -0.7120919 -0.7020869 0 -0.7120913 -0.7412467 0 -0.6712328 -0.741249 0 -0.6712302 -0.7412472 0 -0.6712322 -0.7412495 0 -0.6712297 -0.7780323 0 -0.6282245 -0.7780322 0 -0.6282245 -0.8123294 0 -0.583199 -0.8123317 0 -0.5831959 -0.8123298 0 -0.5831983 -0.8123322 0 -0.5831952 -0.8440238 0 -0.5363057 -0.8440253 0 -0.5363034 -0.8440241 0 -0.5363052 -0.8440257 0 -0.5363029 -0.8730169 0 -0.4876901 -0.873019 0 -0.4876863 -0.8730173 0 -0.4876892 -0.8730195 0 -0.4876855 -0.8992066 0 -0.4375244 -0.8992061 0 -0.4375253 -0.8992065 0 -0.4375246 -0.8992061 0 -0.4375256 -0.9225162 0 -0.3859584 -0.9225168 0 -0.3859569 -0.9225164 0 -0.385958 -0.922517 0 -0.3859566 -0.9428774 0 -0.3331401 -0.9428779 0 -0.3331388 -0.9428774 0 -0.3331398 -0.9428779 0 -0.3331385 -0.9602169 0 -0.2792555 -0.9602169 0 -0.2792553 -0.9602169 0 -0.2792555 -0.960217 0 -0.2792553 -0.974476 0 -0.2244917 -0.9744759 0 -0.2244923 -0.974476 0 -0.2244919 -0.9744758 0 -0.2244924 -0.9856158 0 -0.1690017 -0.9856159 0 -0.1690017 -0.9935981 0 -0.1129731 -0.9983988 0 -0.05656808 -0.9983989 0 -0.05656796 -0.9983989 0 -0.05656808 -0.9983988 0 -0.0565679 -0.9983988 0 0.05656808 -0.9983989 0 0.05656796 -0.9983989 0 0.05656808 -0.9983988 0 0.0565679 -0.9935982 0 0.1129727 -0.9935981 0 0.112973 -0.9935981 0 0.1129728 -0.9935981 0 0.1129731 -0.9856158 0 0.1690017 -0.9856158 0 0.1690021 -0.9856159 0 0.1690018 -0.9856157 0 0.1690022 -0.974476 0 0.2244917 -0.974476 0 0.2244917 -0.9602169 0 0.2792555 -0.9602169 0 0.2792553 -0.9602169 0 0.2792555 -0.960217 0 0.2792553 -0.9428775 0 0.3331397 -0.9428777 0 0.3331391 -0.9428775 0 0.3331395 -0.9428778 0 0.333139 -0.9225165 0 0.3859578 -0.9225168 0 0.3859573 -0.9225166 0 0.3859577 -0.9225167 0 0.3859571 -0.8992066 0 0.4375244 -0.8992066 0 0.4375244 -0.8730177 0 0.4876888 -0.8730179 0 0.4876882 -0.8730177 0 0.4876886 -0.873018 0 0.4876881 -0.8440247 0 0.5363043 -0.8440244 0 0.5363049 -0.8440247 0 0.5363044 -0.8440244 0 0.536305 -0.812331 0 0.5831969 -0.8123323 0 0.5831949 -0.8123312 0 0.5831964 -0.8123327 0 0.5831944 -0.7780317 0 0.6282252 -0.7780316 0 0.6282252 -0.7412477 0 0.6712316 -0.7412474 0 0.6712319 -0.7412477 0 0.6712317 -0.7412474 0 0.671232 -0.7020862 0 0.7120921 -0.7020874 0 0.7120908 -0.7020865 0 0.7120918 -0.7020877 0 0.7120906 -0.6606771 0 0.7506703 -0.6606774 0 0.75067 -0.6606771 0 0.7506702 -0.6606775 0 0.7506699 -0.6171466 0 0.7868483 -0.6171462 0 0.7868485 -0.6171466 0 0.7868484 -0.6171461 0 0.7868487 -0.5716445 0 0.8205015 -0.5716443 0 0.8205016 -0.5716444 0 0.8205015 -0.5716443 0 0.8205016 -0.5243071 0 0.8515293 -0.5243071 0 0.8515293 -0.475293 0 0.8798276 -0.4752933 0 0.8798275 -0.4752931 0 0.8798276 -0.4752933 0 0.8798274 -0.4247525 0 0.9053095 -0.4247528 0 0.9053094 -0.4247526 0 0.9053094 -0.4247529 0 0.9053094 -0.3728549 0 0.9278897 -0.3728551 0 0.9278897 -0.3728549 0 0.9278897 -0.3728551 0 0.9278897 -0.3197665 0 0.9474964 -0.3197664 0 0.9474964 -0.3197665 0 0.9474964 -0.3197664 0 0.9474965 -0.2656457 0 0.9640707 -0.2656458 0 0.9640708 -0.2656458 0 0.9640708 -0.2656458 0 0.9640707 -0.2106794 0 0.9775553 -0.2106795 0 0.9775553 -0.2106794 0 0.9775553 -0.2106795 0 0.9775553 -0.1550363 0 0.9879088 -0.1550367 0 0.9879088 -0.1550365 0 0.9879088 -0.1550368 0 0.9879088 -0.09889662 0 0.9950978 -0.09889644 0 0.9950978 -0.09889656 0 0.9950978 -0.09889644 0 0.9950978 -0.04244148 0 0.999099 -0.04244136 0 0.999099 -0.04244148 0 0.999099 -0.04244136 0 0.999099 0.01415091 0 0.9998999 0.01415085 0 0.9998999 0.01415091 0 0.9998999 0.01415085 0 0.9998999 0.07069838 0 0.9974978 0.07069826 0 0.9974977 0.07069838 0 0.9974977 0.0706982 0 0.9974977 0.1270154 0 0.9919008 0.127015 0 0.9919008 0.1270153 0 0.9919008 0.1270149 0 0.9919008 0.1829321 0 0.9831256 0.182932 0 0.9831256 0.1829321 0 0.9831256 0.182932 0 0.9831256 0.2382566 0 0.9712023 0.2382568 0 0.9712023 0.2382566 0 0.9712023 0.2382568 0 0.9712022 0.2928235 0 0.9561666 0.2928233 0 0.9561667 0.2928234 0 0.9561666 0.2928232 0 0.9561667 0.3464515 0 0.9380679 0.3464513 0 0.938068 0.3464514 0 0.9380679 0.3989626 0 0.9169673 0.3989624 0 0.9169673 0.3989626 0 0.9169672 0.3989624 0 0.9169674 0.4502027 0 0.8929263 0.4502038 0 0.8929259 0.450203 0 0.8929263 0.450204 0 0.8929258 0.5000011 0 0.8660248 0.5000017 0 0.8660245 0.5000013 0 0.8660247 0.5000018 0 0.8660244 0.548202 0 0.836346 0.5482023 0 0.8363459 0.5482021 0 0.836346 0.5482023 0 0.8363458 0.5946257 0 0.8040027 0.5946257 0 0.8040026 0.6391712 0 0.7690644 0.6391708 0 0.7690648 0.6391711 0 0.7690646 0.6391708 0 0.7690649 0.6816549 0 0.7316738 0.6816542 0 0.7316745 0.6816548 0 0.731674 0.6816541 0 0.7316746 0.721961 0 0.6919339 0.72196 0 0.6919348 0.7219607 0 0.6919341 0.7219598 0 0.691935 0.7599365 0 0.6499975 0.7599367 0 0.6499971 0.7599365 0 0.6499974 0.7599369 0 0.6499971 0.7955026 0 0.6059502 0.7955022 0 0.6059509 0.7955025 0 0.6059504 0.795502 0 0.605951 0.828515 0 0.5599669 0.8285153 0 0.5599666 0.828515 0 0.5599669 0.8285152 0 0.5599666 0.8588557 0 0.5122177 0.8588562 0 0.5122168 0.8588558 0 0.5122175 0.8588564 0 0.5122166 0.886474 0 0.4627784 0.8864735 0 0.4627794 0.8864739 0 0.4627786 0.8864734 0 0.4627796 0.9112296 0 0.411899 0.9112296 0 0.4118989 0.933071 0 0.3596923 0.9330708 0 0.3596927 0.933071 0 0.3596924 0.9330708 0 0.3596928 0.9519242 0 0.3063341 0.9519243 0 0.3063338 0.9519241 0 0.306334 0.9519243 0 0.3063337 0.9677342 0 0.2519735 0.9677339 0 0.2519744 0.9677342 0 0.2519738 0.9677339 0 0.2519746 0.9804368 0 0.1968349 0.980437 0 0.1968337 0.9804368 0 0.1968346 0.980437 0 0.1968334 0.9900069 0 0.1410194 0.990007 0 0.1410191 0.9900069 0 0.1410194 0.9900069 0 0.1410191 0.9963958 0 0.08482682 0.9963958 0 0.08482682 0.9963958 0 0.08482682 0.9963957 0 0.08482688 0.9995992 0 0.02830892 0.9995992 0 0.0283091 0.9995992 0 0.02830898 0.9995992 0 0.02830916 0.9995992 0 -0.02830904 0.9995992 0 -0.02830904 0.9995992 0 -0.02830904 0.9995992 0 -0.0283091 0.9963979 0 -0.08480191 0.9963979 0 -0.08480197 0.9963978 0 -0.08480191 0.9963979 0 -0.08480197 0.9900034 0 -0.1410438 0.9519315 0 -0.3063113 0.9519314 0 -0.3063113 0.8864639 0 -0.4627976 0.8864632 0 -0.4627991 0.8864639 0 -0.462798 0.8864631 0 -0.4627995 0.8588666 0 -0.5121992 0.8588668 0 -0.5121993 0.8285036 0 -0.5599837 0.7599496 0 -0.6499822 0.7599474 0 -0.6499845 0.7599492 0 -0.6499827 0.759947 0 -0.6499851 0.6816411 0 -0.7316868 0.6816405 0 -0.7316873 0.6816409 0 -0.7316869 0.6816403 0 -0.7316875 0.594636 0 -0.8039952 0.5946398 0 -0.8039923 0.5946369 0 -0.8039945 0.5946406 0 -0.8039916 0.5481935 0 -0.8363516 0.5481894 0 -0.8363543 0.5481926 0 -0.8363522 0.5481885 0 -0.8363549 0.1270195 0 -0.9919002 0.1270197 0 -0.9919002 0.1270195 0 -0.9919002 0.1270197 0 -0.9919002 0.07069844 0 -0.9974978 0.07069349 0 -0.9974982 0.0706973 0 -0.9974979 0.07069236 0 -0.9974982 -0.2656469 0 -0.9640705 -0.2656469 0 -0.9640705 -0.3728483 0 -0.9278923 -0.3728531 0 -0.9278904 -0.3728494 0 -0.927892 -0.3728541 0 -0.92789 -0.4247617 0 -0.9053052 -0.4247617 0 -0.9053053 -0.4752894 0 -0.8798296 -0.475286 0 -0.8798313 -0.4752886 0 -0.87983 -0.4752853 0 -0.8798319 -0.5716391 0 -0.8205053 -0.5716357 0 -0.8205077 -0.5716382 0 -0.8205057 -0.571635 0 -0.8205082 -0.617152 0 -0.7868439 -0.6171552 0 -0.7868416 -0.6171528 0 -0.7868434 -0.6171559 0 -0.786841 -0.660669 0 -0.7506774 -0.6606724 0 -0.7506744 -0.6606698 0 -0.7506767 -0.6606732 0 -0.7506737 -0.7412536 0 -0.6712252 -0.7412551 0 -0.6712234 -0.7412539 0 -0.6712248 -0.7412555 0 -0.671223 -0.7780381 0 -0.6282171 -0.7780382 0 -0.6282171 -0.8123235 0 -0.5832071 -0.8123258 0 -0.5832039 -0.8123241 0 -0.5832064 -0.8123263 0 -0.5832032 -0.8440294 0 -0.536297 -0.8440308 0 -0.5362947 -0.8440297 0 -0.5362964 -0.8440312 0 -0.5362942 -0.8730113 0 -0.4877 -0.8730137 0 -0.4876958 -0.8730118 0 -0.487699 -0.8730142 0 -0.4876947 -0.9225208 0 -0.3859472 -0.9225213 0 -0.3859464 -0.9225209 0 -0.3859471 -0.9225213 0 -0.3859462 -0.9602102 0 -0.2792788 -0.9602103 0 -0.279278 -0.9602102 0 -0.2792786 -0.9602104 0 -0.2792779 -0.9935995 0 -0.1129608 -0.9935995 0 -0.1129607 -0.9935995 0 -0.1129608 -0.9935995 0 -0.1129606 -0.9935995 0 0.1129605 -0.9935995 0 0.1129606 -0.9935995 0 0.1129605 -0.9935995 0 0.1129606 -0.9602102 0 0.2792788 -0.9602103 0 0.279278 -0.9602102 0 0.2792786 -0.9602104 0 0.2792779 -0.9225211 0 0.3859468 -0.9225211 0 0.3859468 -0.873012 0 0.4876987 -0.8730127 0 0.4876976 -0.8730122 0 0.4876984 -0.8730127 0 0.4876974 -0.8440303 0 0.5362955 -0.8440299 0 0.5362961 -0.8440302 0 0.5362957 -0.8440299 0 0.5362963 -0.8123251 0 0.5832049 -0.8123266 0 0.583203 -0.8123254 0 0.5832045 -0.8123269 0 0.5832025 -0.7780376 0 0.6282178 -0.7780376 0 0.6282178 -0.7412546 0 0.6712241 -0.7412537 0 0.671225 -0.7412544 0 0.6712243 -0.7412535 0 0.6712253 -0.6606703 0 0.7506763 -0.6606712 0 0.7506754 -0.6606705 0 0.7506761 -0.6606714 0 0.7506752 -0.6171526 0 0.7868436 -0.6171522 0 0.7868438 -0.6171525 0 0.7868436 -0.617152 0 0.7868439 -0.571638 0 0.8205059 -0.5716385 0 0.8205057 -0.5716381 0 0.8205059 -0.5716385 0 0.8205056 -0.4752873 0 0.8798307 -0.4752881 0 0.8798303 -0.4752874 0 0.8798306 -0.4752883 0 0.8798303 -0.424762 0 0.9053052 -0.4247622 0 0.905305 -0.4247621 0 0.905305 -0.4247623 0 0.9053049 -0.3728501 0 0.9278916 -0.3728507 0 0.9278914 -0.3728502 0 0.9278916 -0.3728508 0 0.9278913 -0.2656489 0 0.9640699 -0.2656489 0 0.9640699 -0.2656489 0 0.9640699 -0.265649 0 0.9640699 0.07069653 0 0.9974979 0.07069653 0 0.9974979 0.07069653 0 0.9974979 0.07069647 0 0.997498 0.1270183 0 0.9919005 0.1270183 0 0.9919004 0.1270183 0 0.9919004 0.1270184 0 0.9919004 0.5481908 0 0.8363533 0.5481904 0 0.8363536 0.5481907 0 0.8363534 0.5481904 0 0.8363537 0.5946374 0 0.803994 0.594638 0 0.8039936 0.5946376 0 0.803994 0.5946382 0 0.8039935 0.6816427 0 0.7316852 0.6816415 0 0.7316864 0.6816424 0 0.7316855 0.6816412 0 0.7316867 0.7599492 0 0.6499825 0.759949 0 0.6499829 0.7599491 0 0.6499826 0.7599489 0 0.6499829 0.8285036 0 0.5599837 0.8285032 0 0.5599843 0.8285036 0 0.5599839 0.8285032 0 0.5599845 0.8588671 0 0.5121985 0.8588671 0 0.5121985 0.8864637 0 0.4627982 0.8864632 0 0.4627993 0.8864635 0 0.4627985 0.8864631 0 0.4627995 0.9519315 0 0.3063113 0.9519316 0 0.3063109 0.9519315 0 0.3063112 0.9519317 0 0.3063108 0.9900034 0 0.1410438 0.9963979 0 0.08480191 0.9963979 0 0.08480197 0.9963978 0 0.08480191 0.9963979 0 0.08480197 0 -1 0 0 -1 0 0 -1 -4.30182e-7 0 -1 2.3034e-6 0 -1 -2.88697e-6 0 -1 -3.69983e-7 0 -1 -1.64921e-6 0 -1 -3.31043e-6 0 -1 2.9553e-6 0 -1 0 0 -1 9.40246e-7 0 -1 4.50025e-6 0 -1 0 0 -1 -4.48047e-6 0 -1 -2.86057e-6 0 -1 0 0 -1 2.02208e-7 0 -1 4.85889e-6 0 -1 0 0 -1 -6.40004e-6 0 -1 7.85924e-6 0 -1 -7.52266e-6 0 -1 5.60755e-6 0 -1 2.36209e-5 0 -1 -1.0073e-5 0 -1 7.85099e-6 0 -1 -1.78695e-6 0 -1 3.81608e-5 0 -1 0 0 -1 1.76353e-6 0 -1 -3.7817e-5 0 -1 -4.24925e-6 0 -1 -7.41681e-6 0 -1 7.27042e-7 0 -1 1.39769e-5 0 -1 4.00221e-6 0 -1 -1.82146e-6 0 -1 -2.4428e-6 0 -1 -5.13406e-7 0 -1 -1.51669e-7 0 -1 -5.8052e-6 0 -1 2.22367e-7 0 -1 2.4506e-6 0 -1 9.91962e-7 0 -1 3.67121e-6 0 -1 1.19896e-6 0 -1 2.24551e-6 0 -1 -5.55653e-7 0 -1 2.94316e-6 0 -1 5.97507e-7 0 -1 -1.88991e-6 0 -1 6.01742e-6 0 -1 -2.70797e-6 0 -1 -2.0591e-6 0 -1 -2.54897e-7 0 -1 6.16323e-6 0 -1 1.1621e-6 0 -1 7.37301e-7 0 -1 -7.77256e-6 0 -1 5.71787e-6 0 -1 2.38739e-6 0 -1 3.39245e-6 0 -1 3.16666e-6 0 -1 3.33173e-7 0 -1 1.52019e-6 0 -1 -3.12798e-6 0 -1 -9.91957e-7 0 -1 9.14173e-6 0 -1 -2.56157e-5 0 -1 -9.19405e-7 0 -1 1.54636e-7 0 -1 2.05535e-6 0 -1 4.276e-6 0 -1 -2.08768e-6 0 -1 -4.35617e-7 0 -1 4.96449e-6 0 -1 -1.46708e-6 0 -1 -2.62429e-7 0 -1 1.78693e-6 0 -1 -7.85084e-6 0 -1 1.0073e-5 0 -1 -2.36206e-5 0 -1 7.52268e-6 0 -1 -5.6076e-6 0 -1 -7.8592e-6 0 -1 0 0 -1 6.4e-6 0 -1 -4.8589e-6 0 -1 0 0 -1 -2.02207e-7 0 -1 2.86059e-6 0 -1 0 0 -1 4.48051e-6 0 -1 -4.50024e-6 0 -1 0 0 -1 -9.40235e-7 0 -1 0 0 -1 2.1824e-6 0 -1 4.4139e-6 0 -1 -2.95534e-6 0 -1 -3.35322e-6 0 -1 3.93752e-6 0 -1 -2.0029e-6 0 -1 -2.15499e-6 0 -1 1.82146e-6 0 -1 2.44262e-6 0 -1 2.55874e-7 0 -1 5.13404e-7 0 -1 1.51668e-7 0 -1 6.29847e-6 0 -1 -2.2205e-7 0 -1 -2.45047e-6 0 -1 -1.36899e-6 0 -1 -3.91746e-6 0 -1 1.1014e-5 0 -1 -1.19893e-6 0 -1 -2.24537e-6 0 -1 5.55711e-7 0 -1 -4.20486e-7 0 -1 -1.14258e-6 0 -1 8.18322e-6 0 -1 -6.18903e-7 0 -1 2.70931e-6 0 -1 2.05948e-6 0 -1 -9.63981e-6 0 -1 2.54855e-7 0 -1 8.96945e-7 0 -1 2.88055e-6 0 -1 1.46214e-6 0 -1 -7.38316e-6 0 -1 4.26434e-7 0 -1 4.20483e-7 0 -1 2.57854e-6 0 -1 6.51945e-6 0 -1 -1.2784e-5 0 -1 2.92537e-6 0 -1 7.46373e-6 0 -1 8.46202e-7 0 -1 -1.97723e-6 0 -1 -6.62799e-6 0 -1 -2.05144e-7 0 -1 4.23323e-7 0 -1 0 0 -1 -1.67505e-6 0 -1 -5.82322e-7 0 -1 2.36998e-6 0 -1 -2.41349e-6 0 -1 0 0 -1 1.53822e-5 0 -1 -5.15579e-6 0 -1 -3.36087e-5 0 -1 -1.22876e-6 0 -1 -3.12002e-6 0 -1 -5.41283e-6 0 -1 0 0 -1 -1.12016e-5 0 -1 2.03713e-6 0 -1 -1.21938e-7 0 -1 -8.65711e-6 0 -1 -7.41839e-6 0 -1 0 0 -1 -5.87083e-7 0 -1 2.06407e-7 0 -1 1.84106e-7 0 -1 4.42628e-6 0 -1 5.71216e-6 0 -1 0 0 -1 -2.23428e-6 0 -1 -1.22524e-6 0 -1 0 0 -1 -2.64816e-6 0 -1 0 0 -1 4.23716e-7 0 -1 -4.23718e-7 0 -1 0 0 -1 2.64816e-6 0 -1 0 0 -1 1.22525e-6 0 -1 0 0 -1 2.23427e-6 0 -1 -5.71226e-6 0 -1 -1.84107e-7 0 -1 -4.42632e-6 0 -1 -2.06406e-7 0 -1 0 0 -1 5.87084e-7 0 -1 7.41834e-6 0 -1 1.21937e-7 0 -1 8.65707e-6 0 -1 -2.0372e-6 0 -1 0 0 -1 1.12014e-5 0 -1 -4.7191e-6 0 -1 0 0 -1 2.26936e-5 0 -1 -2.15253e-5 0 -1 -2.88442e-6 0 -1 3.2844e-5 0 -1 2.09484e-6 0 -1 2.28899e-6 0 -1 2.19686e-6 0 -1 9.00166e-6 0 -1 2.35461e-6 0 -1 5.2241e-6 0 -1 -1.82136e-6 0 -1 -7.49915e-6 0 -1 -8.37597e-7 0 -1 0 0 -1 -1.26013e-5 0 -1 -8.54434e-6 0 -1 2.50642e-4 0 -1 3.24812e-6 0 -1 1.1754e-6 0 -1 -5.52674e-5 0 -1 -7.51405e-6 0 -1 -4.72734e-7 0 -1 -3.90228e-6 0 -1 6.57119e-7 0 -1 -4.00222e-6 0 -1 -1.3977e-5 0 -1 7.98366e-6 0 -1 3.03417e-6 0 -1 7.57913e-6 0 -1 -2.30385e-6 0 -1 -4.08112e-7 0 -1 -9.14862e-7 0 -1 3.39185e-7 0 -1 4.12964e-6 0 -1 -5.22459e-6 0 -1 1.82133e-6 0 -1 2.69946e-6 0 -1 -6.57112e-7 0 -1 3.90233e-6 0 -1 4.72736e-7 0 -1 7.51416e-6 0 -1 5.52666e-5 0 -1 -2.33865e-6 0 -1 -1.95728e-4 0 -1 7.51424e-6 0 -1 4.72734e-7 0 -1 3.90233e-6 0 -1 -6.57107e-7 0 -1 -6.12957e-7 0 -1 -4.85585e-6 0 -1 -7.98791e-6 0 -1 3.31153e-4 0 -1 -5.20669e-5 0 -1 -9.05213e-7 0 -1 5.61922e-6 0 -1 2.13861e-6 0 -1 4.77059e-7 0 -1 3.84011e-7 0 -1 -4.30878e-6 0 -1 1.09401e-6 0 -1 1.42804e-5 0 -1 -3.43e-6 0 -1 -1.31814e-7 0 -1 2.24189e-6 0 -1 0 0 -1 9.0853e-7 0 -1 -4.53112e-7 0 -1 1.68754e-6 0 -1 1.08337e-5 0 -1 -4.40678e-6 0 -1 1.5517e-6 0 -1 2.53669e-6 0 -1 1.04956e-5 0 -1 2.03271e-7 0 -1 1.24843e-6 0 -1 -6.96688e-7 0 -1 0 0 -1 -3.7761e-6 0 -1 2.28857e-6 0 -1 -4.52688e-6 0 -1 6.89265e-6 0 -1 3.21067e-6 0 -1 4.33579e-7 0 -1 3.64027e-6 0 -1 1.27076e-7 0 -1 1.59744e-6 0 -1 1.20186e-7 0 -1 3.07153e-6 0 -1 -3.1344e-6 0 -1 9.68553e-7 0 -1 -5.61342e-6 0 -1 1.80474e-6 0 -1 2.52254e-7 0 -1 3.06353e-6 0 -1 -3.43203e-6 0 -1 3.52923e-6 0 -1 -8.63803e-6 0 -1 5.25937e-6 0 -1 -4.63298e-6 0 -1 7.32977e-7 0 -1 -3.41611e-7 0 -1 0 0 -1 2.66729e-7 0 -1 0 0 -1 -2.66729e-7 0 -1 0 0 -1 3.41611e-7 0 -1 -7.32977e-7 0 -1 4.63301e-6 0 -1 -5.25933e-6 0 -1 8.63811e-6 0 -1 -3.52917e-6 0 -1 3.43207e-6 0 -1 -3.0635e-6 0 -1 -2.5225e-7 0 -1 -1.80471e-6 0 -1 5.61341e-6 0 -1 -9.68526e-7 0 -1 3.1344e-6 0 -1 -3.0715e-6 0 -1 -1.20188e-7 0 -1 -1.59745e-6 0 -1 -1.27076e-7 0 -1 -3.64031e-6 0 -1 -4.33588e-7 0 -1 -3.21077e-6 0 -1 -6.8927e-6 0 -1 4.52682e-6 0 -1 -2.28859e-6 0 -1 3.77609e-6 0 -1 0 0 -1 1.05654e-6 0 -1 8.59249e-6 0 -1 2.10486e-6 0 -1 -1.24841e-6 0 -1 -2.03268e-7 0 -1 -2.53661e-6 0 -1 -1.04954e-5 0 -1 -1.55168e-6 0 -1 4.40684e-6 0 -1 -1.08337e-5 0 -1 4.53106e-7 0 -1 -1.68754e-6 0 -1 -9.08537e-7 0 -1 0 0 -1 -2.24193e-6 0 -1 1.31813e-7 0 -1 3.42997e-6 0 -1 0 0 -1 -9.18447e-7 0 -1 0 0 -1 3.5301e-6 0 -1 -1.36302e-6 0 -1 3.59264e-6 0 -1 1.29307e-6 0 -1 9.05234e-7 0 -1 5.34239e-5 0 -1 -1.6558e-4 0 -1 5.47837e-5 0 -1 2.81062e-5 0 -1 6.79852e-7 0 -1 7.49497e-7 0 -1 4.31156e-7 0 -1 1.3329e-6 0 -1 4.38534e-6 0 -1 -2.59341e-6 0 -1 4.7474e-7 0 -1 3.36771e-6 0 -1 -3.1019e-5 0 -1 1.01921e-6 0 -1 -5.4576e-6 0 -1 1.37551e-6 0 -1 1.39474e-6 0 -1 1.19536e-5 0 -1 3.33798e-6 0 -1 -1.83368e-6 0 -1 -9.72013e-6 0 -1 -2.62944e-6 0 -1 -1.78602e-7 0 -1 -1.16092e-6 0 -1 2.12225e-6 0 -1 -2.17276e-6 0 -1 3.95717e-6 0 -1 -7.60939e-6 0 -1 3.45226e-6 0 -1 2.0405e-7 0 -1 1.71033e-6 0 -1 0 0 -1 -9.64753e-7 0 -1 -1.42514e-7 0 -1 0 0 -1 0 0 -1 1.34107e-6 0 -1 0 0 -1 1.84775e-6 0 -1 -3.04613e-6 0 -1 1.72206e-6 0 -1 -5.81825e-6 0 -1 -1.88648e-6 0 -1 -1.998e-6 0 -1 -2.86341e-6 0 -1 -5.04111e-7 0 -1 2.69811e-7 0 -1 1.05105e-6 0 -1 -4.32646e-6 0 -1 2.1884e-6 0 -1 -8.41321e-6 0 -1 3.74029e-6 0 -1 -4.29979e-6 0 -1 0 0 -1 4.29978e-6 0 -1 -3.74028e-6 0 -1 8.4132e-6 0 -1 -2.1884e-6 0 -1 4.32646e-6 0 -1 -1.05105e-6 0 -1 -2.69811e-7 0 -1 5.04111e-7 0 -1 4.02323e-7 0 -1 1.51975e-6 0 -1 5.81825e-6 0 -1 -1.72206e-6 0 -1 3.04613e-6 0 -1 -1.84775e-6 0 -1 0 0 -1 -1.34107e-6 0 -1 0 0 -1 0 0 -1 1.42515e-7 0 -1 9.64767e-7 0 -1 0 0 -1 -1.71032e-6 0 -1 -2.0405e-7 0 -1 -3.45226e-6 0 -1 7.60936e-6 0 -1 -3.95717e-6 0 -1 2.17275e-6 0 -1 -2.12225e-6 0 -1 1.16092e-6 0 -1 1.78602e-7 0 -1 2.62944e-6 0 -1 9.72019e-6 0 -1 -3.33797e-6 0 -1 1.83368e-6 0 -1 0 0 -1 -1.17833e-6 0 -1 2.06746e-7 0 -1 5.45759e-6 0 -1 -1.01921e-6 0 -1 3.1019e-5 0 -1 -3.36773e-6 0 -1 2.59342e-6 0 -1 -4.74737e-7 0 -1 -4.38533e-6 0 -1 -6.36529e-7 0 -1 -5.14832e-7 0 -1 3.31217e-6 0 -1 1.55317e-5 0 -1 -2.72016e-5 0 -1 1.35668e-6 0 -1 1.65563e-4 0 -1 -1.79655e-6 0 -1 -6.46616e-7 0 -1 -2.83802e-6 0 -1 2.83621e-5 0 -1 -3.16046e-6 0 -1 1.2323e-6 0 -1 2.90218e-6 0 -1 2.00776e-6 0 -1 -1.01891e-5 0 -1 2.92538e-6 0 -1 -2.57662e-6 0 -1 3.09347e-6 0 -1 5.60151e-7 0 -1 -2.93796e-6 0 -1 -6.69836e-7 0 -1 -2.94371e-6 0 -1 1.61335e-5 0 -1 -3.00864e-6 0 -1 1.04696e-5 0 -1 -2.84517e-6 0 -1 0 0 -1 1.1219e-6 0 -1 -1.46171e-5 0 -1 3.7028e-6 0 -1 -7.6805e-6 0 -1 1.7414e-6 0 -1 -2.64791e-6 0 -1 -8.33211e-7 0 -1 3.71178e-6 0 -1 2.33453e-6 0 -1 -4.51883e-7 0 -1 -1.87917e-7 0 -1 -1.61169e-6 0 -1 5.10549e-6 0 -1 -6.71362e-7 0 -1 3.79592e-6 0 -1 -5.24858e-6 0 -1 -2.86441e-6 0 -1 -1.23333e-6 0 -1 5.82824e-7 0 -1 -3.20947e-7 0 -1 1.93457e-6 0 -1 -4.51756e-7 0 -1 1.15918e-6 0 -1 -4.22965e-7 0 -1 0 0 -1 0 0 -1 -8.58907e-7 0 -1 0 0 -1 -8.66284e-7 0 -1 0 0 -1 9.02282e-7 0 -1 0 0 -1 7.31288e-6 0 -1 0 0 -1 6.1373e-6 0 -1 -3.37775e-6 0 -1 -2.80682e-6 0 -1 6.07674e-7 0 -1 -3.43238e-6 0 -1 0 0 -1 2.24674e-6 0 -1 0 0 -1 2.28368e-6 0 -1 -4.8318e-7 0 -1 -1.51908e-6 0 -1 3.10053e-6 0 -1 -1.2398e-6 0 -1 1.20966e-6 0 -1 -6.20071e-7 0 -1 1.73341e-7 0 -1 5.23505e-7 0 -1 1.17196e-6 0 -1 -1.00717e-6 0 -1 7.6845e-7 0 -1 0 0 -1 7.47876e-6 0 -1 3.7687e-6 0 -1 1.15061e-5 0 -1 0 0 -1 6.28318e-6 0 -1 0 0 -1 4.32013e-6 0 -1 0 0 -1 2.79624e-6 0 -1 0 0 -1 -2.72928e-6 0 -1 0 0 -1 -2.41352e-6 0 -1 0 0 -1 2.8751e-6 0 -1 0 0 -1 7.05285e-6 0 -1 0 0 -1 5.88627e-6 0 -1 0 0 -1 1.27598e-5 0 -1 1.56144e-6 0 -1 3.65495e-6 0 -1 -4.87435e-6 0 -1 -1.4314e-6 0 -1 1.43138e-6 0 -1 0 0 -1 3.04356e-6 0 -1 1.88095e-6 0 -1 -1.88826e-6 0 -1 1.56699e-5 0 -1 -4.48247e-6 0 -1 5.42386e-6 0 -1 -1.11473e-5 0 -1 -1.84847e-6 0 -1 -2.06522e-6 0 -1 -4.8072e-6 0 -1 -1.54746e-5 0 -1 3.95384e-6 0 -1 0 0 -1 5.49912e-6 0 -1 0 0 -1 3.257e-6 0 -1 0 0 -1 9.13743e-7 0 -1 0 0 -1 3.04622e-6 0 -1 0 0 -1 2.56718e-6 0 -1 0 0 -1 3.62954e-6 0 -1 3.57688e-6 0 -1 -5.33363e-6 0 -1 4.73917e-6 0 -1 -8.54871e-6 0 -1 2.35562e-6 0 -1 6.6582e-6 0 -1 -5.42194e-6 0 -1 1.42111e-5 0 -1 -1.04408e-5 0 -1 6.32699e-6 0 -1 -1.37965e-6 0 -1 0 0 -1 -3.83372e-6 0 -1 0 0 -1 7.36934e-6 0 -1 1.47998e-7 0 -1 8.07281e-6 0 -1 0 0 -1 1.23365e-6 0 -1 1.41035e-6 0 -1 -1.41048e-6 0 -1 0 0 -1 -2.79651e-6 0 -1 -1.80614e-6 0 -1 1.85328e-6 0 -1 -4.12554e-6 0 -1 -2.11997e-6 0 -1 3.26441e-6 0 -1 -4.41402e-6 0 -1 6.39535e-6 0 -1 2.35014e-7 0 -1 7.14536e-6 0 -1 0 0 -1 -6.33056e-6 0 -1 3.12604e-6 0 -1 -1.17842e-5 0 -1 4.8563e-6 0 -1 -6.80187e-6 0 -1 1.19652e-7 0 -1 7.0387e-6 0 -1 2.6385e-7 0 -1 4.25121e-6 0 -1 2.11531e-6 0 -1 -4.90557e-6 0 -1 -3.58878e-6 0 -1 2.37018e-6 0 -1 -3.69199e-6 0 -1 1.16821e-6 0 -1 -3.20397e-6 0 -1 9.59692e-7 0 -1 -7.68271e-7 0 -1 -6.14933e-7 0 -1 9.46293e-7 0 -1 -9.79227e-7 0 -1 -4.72757e-7 0 -1 0 0 -1 -1.24933e-6 0 -1 1.62504e-7 0 -1 0 0 -1 -3.16082e-6 0 -1 0 0 -1 -2.33401e-6 0 -1 0 0 -1 -2.24714e-6 0 -1 0 0 -1 -1.89993e-6 0 -1 3.43212e-6 0 -1 2.8066e-6 0 -1 -2.87649e-6 0 -1 3.37749e-6 0 -1 0 0 -1 -7.31308e-6 0 -1 0 0 -1 -8.48195e-7 0 -1 5.04073e-7 0 -1 7.7244e-7 0 -1 8.33635e-7 0 -1 -5.73766e-7 0 -1 8.54172e-7 0 -1 0 0 -1 7.68112e-7 0 -1 -1.13062e-6 0 -1 1.19805e-6 0 -1 -1.86695e-6 0 -1 -7.39041e-7 0 -1 0 0 -1 2.86453e-6 0 -1 -1.50563e-6 0 -1 4.34043e-6 0 -1 6.26864e-6 0 -1 1.42245e-5 0 -1 -5.42387e-6 0 -1 6.30642e-6 0 -1 -1.35839e-5 0 -1 6.61172e-6 0 -1 1.27423e-7 0 -1 4.45424e-6 0 -1 0 0 -1 -3.80421e-6 0 -1 8.26545e-6 0 -1 -8.32554e-6 0 -1 8.29624e-6 0 -1 -6.44221e-6 0 -1 0 0 -1 1.33185e-6 0 -1 0 0 -1 1.49026e-6 0 -1 -1.33952e-5 0 -1 2.27306e-6 0 -1 -5.44366e-6 0 -1 9.70184e-7 0 -1 0 0 -1 3.37236e-6 0 -1 1.41821e-7 0 -1 3.69216e-6 0 -1 0 0 -1 3.96754e-6 0 -1 2.52742e-7 0 -1 4.90533e-6 0 -1 -4.25152e-6 0 -1 -2.63866e-7 0 -1 -7.03894e-6 0 -1 -1.19649e-7 0 -1 6.80191e-6 0 -1 -4.85635e-6 0 -1 1.17842e-5 0 -1 -3.12607e-6 0 -1 6.33056e-6 0 -1 5.01312e-6 0 -1 -6.77786e-6 0 -1 2.43767e-6 0 -1 -6.39528e-6 0 -1 4.41405e-6 0 -1 -3.26442e-6 0 -1 2.11998e-6 0 -1 -2.03644e-6 0 -1 0 0 -1 2.79621e-6 0 -1 0 0 -1 0 0 -1 5.57014e-6 0 -1 -1.51338e-5 0 -1 -2.61211e-6 0 -1 2.2211e-6 0 -1 -1.04702e-5 0 -1 3.00861e-6 0 -1 -1.64566e-5 0 -1 1.69445e-6 0 -1 1.80504e-7 0 -1 7.09424e-7 0 -1 7.04524e-6 0 -1 -2.09603e-6 0 -1 0 0 -1 8.14623e-6 0 -1 -4.4078e-6 0 -1 6.22035e-6 0 -1 -2.50311e-6 0 -1 3.26008e-6 0 -1 0 0 -1 2.08428e-6 0 -1 0 0 -1 -3.04361e-6 0 -1 0 0 -1 -2.88113e-6 0.9961912 0 -0.08719742 0.9961913 0 -0.08719468 0.9961912 0 -0.0871973 0.9961913 0 -0.08719456 0.9961913 0 0.0871948 0.9961913 0 0.08719581 0.9961914 0 0.08719485 0.9961912 0 0.08719587 0.9659339 0 0.258789 0.9659332 0 0.2587918 0.9659339 0 0.2587891 0.9659332 0 0.2587919 0.9063118 0 0.42261 0.9063092 0 0.4226155 0.9063116 0 0.4226102 0.906309 0 0.4226157 0.8191381 0 0.5735963 0.8191386 0 0.5735957 0.8191386 0 0.5735957 0.7071305 0 0.7070831 0.707139 0 0.7070745 0.707131 0 0.7070827 0.7071395 0 0.7070741 0.5735642 0 0.8191606 0.5735554 0 0.8191668 0.5735638 0 0.8191609 0.5735549 0 0.8191672 0.4226191 0 0.9063075 0.4226183 0 0.9063078 0.422619 0 0.9063075 0.4226183 0 0.9063078 0.2588283 0 0.9659234 0.2588148 0 0.965927 0.2588276 0 0.9659236 0.2588141 0 0.9659272 0.08715307 0 0.996195 0.08715325 0 0.9961949 0.08715307 0 0.996195 -0.08715307 0 0.996195 -0.08715325 0 0.9961949 -0.08715307 0 0.996195 -0.2588141 0 0.9659272 -0.2588276 0 0.9659236 -0.2588148 0 0.965927 -0.2588283 0 0.9659234 -0.4226191 0 0.9063075 -0.4226183 0 0.9063078 -0.422619 0 0.9063075 -0.4226183 0 0.9063078 -0.5735906 0 0.8191422 -0.5736011 0 0.8191348 -0.5735911 0 0.8191418 -0.5736017 0 0.8191345 -0.7070993 0 0.7071144 -0.7070934 0 0.7071202 -0.7070989 0 0.7071147 -0.7070931 0 0.7071205 -0.8191381 0 0.5735963 -0.8191386 0 0.5735957 -0.8191386 0 0.5735957 -0.906309 0 0.4226157 -0.9063116 0 0.4226102 -0.9063092 0 0.4226155 -0.9063118 0 0.42261 -0.9659329 0 0.2587927 -0.9659341 0 0.2587883 -0.965933 0 0.2587925 -0.9659342 0 0.2587881 -0.9961912 0 0.08719611 -0.9961913 0 0.08719462 -0.9961913 0 0.08719605 -0.9961913 0 0.08719456 -0.9961913 0 -0.0871948 -0.9961912 0 -0.08719706 -0.9961914 0 -0.08719491 -0.9961912 0 -0.08719718 -0.9659339 0 -0.258789 -0.9659342 0 -0.2587881 -0.965934 0 -0.2587889 -0.9659342 0 -0.2587881 -0.906309 0 -0.4226157 -0.9063116 0 -0.4226102 -0.9063092 0 -0.4226155 -0.9063118 0 -0.42261 -0.8191332 0 -0.5736034 -0.8191336 0 -0.5736028 -0.8191332 0 -0.5736034 -0.8191336 0 -0.5736028 -0.7071068 0 -0.7071068 -0.707101 0 -0.7071127 -0.7071065 0 -0.7071071 -0.7071006 0 -0.707113 -0.5735906 0 -0.8191422 -0.5735914 0 -0.8191417 -0.5735906 0 -0.8191422 -0.5735915 0 -0.8191416 -0.4226315 0 -0.9063016 -0.422619 0 -0.9063076 -0.4226309 0 -0.9063019 -0.4226183 0 -0.9063078 -0.2588283 0 -0.9659234 -0.2588148 0 -0.965927 -0.2588276 0 -0.9659236 -0.2588141 0 -0.9659272 -0.08715307 0 -0.996195 -0.08715325 0 -0.9961949 -0.08715307 0 -0.996195 0.08715307 0 -0.996195 0.08715325 0 -0.9961949 0.08715307 0 -0.996195 0.2588141 0 -0.9659272 0.2588276 0 -0.9659236 0.2588148 0 -0.965927 0.2588283 0 -0.9659234 0.4226191 0 -0.9063075 0.4226302 0 -0.9063022 0.4226196 0 -0.9063072 0.4226308 0 -0.906302 0.573554 0 -0.8191678 0.5735549 0 -0.8191671 0.5735541 0 -0.8191678 0.5735549 0 -0.8191672 0.7071381 0 -0.7070755 0.7071467 0 -0.7070669 0.7071385 0 -0.707075 0.7071471 0 -0.7070665 0.8191332 0 -0.5736034 0.8191336 0 -0.5736028 0.8191332 0 -0.5736034 0.8191336 0 -0.5736028 0.9063118 0 -0.42261 0.9063092 0 -0.4226155 0.9063116 0 -0.4226102 0.906309 0 -0.4226157 0.9659339 0 -0.258789 0.9659342 0 -0.2587881 0.965934 0 -0.2587889 0.9659342 0 -0.2587881 0.9961913 0 -0.08719545 0.9961913 0 -0.08719521 0.9961913 0 -0.08719539 0.9961913 0 -0.08719521 0.9961913 0 0.08719509 0.9961913 0 0.08719551 0.9961913 0 0.08719509 0.9961913 0 0.08719551 0.9659334 0 0.2587908 0.9659337 0 0.25879 0.9659334 0 0.2587908 0.9659337 0 0.25879 0.9063097 0 0.4226143 0.906311 0 0.4226116 0.9063097 0 0.4226142 0.9063111 0 0.4226114 0.8191369 0 0.5735981 0.8191373 0 0.5735975 0.8191369 0 0.5735981 0.8191373 0 0.5735974 0.7071362 0 0.7070774 0.7071376 0 0.707076 0.7071363 0 0.7070773 0.7071376 0 0.707076 0.5735591 0 0.8191642 0.57356 0 0.8191637 0.5735592 0 0.8191642 0.57356 0 0.8191636 0.4226183 0 0.9063079 0.422619 0 0.9063075 0.2588212 0 0.9659253 0.08715683 0 0.9961946 0.08715325 0 0.9961949 0.08715701 0 0.9961947 -0.08715683 0 0.9961947 -0.08715343 0 0.9961949 -0.08715665 0 0.9961946 -0.2588212 0 0.9659253 -0.4226183 0 0.9063079 -0.422619 0 0.9063075 -0.5735957 0 0.8191386 -0.5735965 0 0.8191381 -0.5735957 0 0.8191386 -0.5735966 0 0.8191381 -0.7070974 0 0.7071163 -0.7070987 0 0.7071149 -0.7070974 0 0.7071162 -0.7070987 0 0.7071149 -0.8191369 0 0.5735981 -0.8191373 0 0.5735975 -0.8191369 0 0.5735981 -0.8191373 0 0.5735974 -0.9063111 0 0.4226114 -0.9063097 0 0.4226142 -0.906311 0 0.4226116 -0.9063097 0 0.4226143 -0.9659334 0 0.2587908 -0.9659337 0 0.25879 -0.9659334 0 0.2587908 -0.9659337 0 0.25879 -0.9961913 0 0.08719575 -0.9961914 0 0.08719491 -0.9961913 0 0.08719575 -0.9961914 0 0.08719485 -0.9961913 0 -0.08719545 -0.9961913 0 -0.08719521 -0.9961913 0 -0.08719539 -0.9961913 0 -0.08719521 -0.9659334 0 -0.2587908 -0.9659334 0 -0.2587909 -0.9659334 0 -0.2587909 -0.9659335 0 -0.2587909 -0.9063103 0 -0.4226129 -0.9063103 0 -0.4226129 -0.8191381 0 -0.5735963 -0.8191338 0 -0.5736024 -0.8191379 0 -0.5735967 -0.7070993 0 -0.7071144 -0.7071006 0 -0.7071131 -0.7070993 0 -0.7071143 -0.5735957 0 -0.8191386 -0.5735965 0 -0.8191381 -0.5735957 0 -0.8191386 -0.5735966 0 -0.8191381 -0.4226191 0 -0.9063075 -0.4226183 0 -0.9063079 -0.422619 0 -0.9063075 -0.2588212 0 -0.9659253 -0.0871604 0 -0.9961943 -0.08715343 0 -0.9961949 -0.08716076 0 -0.9961943 0.08716058 0 -0.9961943 0.08715361 0 -0.9961949 0.08716022 0 -0.9961943 0.2588212 0 -0.9659253 0.4226183 0 -0.9063079 0.422619 0 -0.9063075 0.4226183 0 -0.9063078 0.5735591 0 -0.8191642 0.57356 0 -0.8191637 0.5735592 0 -0.8191642 0.57356 0 -0.8191636 0.7071394 0 -0.7070741 0.7071382 0 -0.7070754 0.7071395 0 -0.7070741 0.8191384 0 -0.573596 0.8191335 0 -0.573603 0.8191386 0 -0.5735957 0.9063103 0 -0.4226129 0.9063103 0 -0.4226129 0.9659332 0 -0.2587918 0.9659337 0 -0.2587901 0.9659332 0 -0.2587917 0.9659337 0 -0.25879 0.9975653 0 -0.06973934 0.9975653 0 -0.06973975 0.9975653 0 -0.0697394 0.9975653 0 -0.06973975 0.9975653 0 0.06973934 0.9975653 0 0.06973975 0.9975653 0 0.0697394 0.9975653 0 0.06973975 0.9781498 0 0.2079011 0.9781502 0 0.2078996 0.9781499 0 0.2079011 0.9781503 0 0.2078995 0.9396867 0 0.3420364 0.9396874 0 0.3420346 0.9396868 0 0.3420363 0.9396874 0 0.3420345 0.8829534 0 0.4694607 0.8829553 0 0.4694572 0.8829535 0 0.4694605 0.8829554 0 0.469457 0.8090001 0 0.5878085 0.8089969 0 0.587813 0.809 0 0.5878088 0.8089966 0 0.5878133 0.7193546 0 0.6946431 0.7193525 0 0.6946453 0.7193545 0 0.6946432 0.7193524 0 0.6946454 0.615671 0 0.7880034 0.615671 0 0.7880033 0.4999955 0 0.8660281 0.4999961 0 0.8660277 0.4999955 0 0.866028 0.4999962 0 0.8660277 0.3745947 0 0.9271887 0.3745952 0 0.9271885 0.3745948 0 0.9271886 0.3745952 0 0.9271885 0.2419288 0 0.9702941 0.2419288 0 0.970294 0.104533 0 0.9945214 0.1045332 0 0.9945214 0.1045332 0 0.9945214 -0.03490459 0 0.9993907 -0.03489887 0 0.9993909 -0.03490424 0 0.9993907 -0.03489851 0 0.999391 -0.1736384 0 0.9848096 -0.1736445 0 0.9848084 -0.1736388 0 0.9848095 -0.1736449 0 0.9848084 -0.3090196 0 0.9510557 -0.3090253 0 0.9510538 -0.30902 0 0.9510556 -0.3090257 0 0.9510538 -0.4383828 0 0.8987885 -0.4383875 0 0.8987862 -0.4383831 0 0.8987883 -0.4383877 0 0.898786 -0.5591663 0 0.8290556 -0.5591742 0 0.8290502 -0.5591669 0 0.8290552 -0.5591747 0 0.8290498 -0.6691346 0 0.7431412 -0.6691354 0 0.7431406 -0.6691347 0 0.7431412 -0.6691354 0 0.7431405 -0.7660403 0 0.6427927 -0.7660386 0 0.6427946 -0.7660402 0 0.6427928 -0.7660385 0 0.6427947 -0.8480593 0 0.5299013 -0.8480577 0 0.5299039 -0.8480592 0 0.5299015 -0.8480576 0 0.5299041 -0.9135401 0 0.4067485 -0.9135402 0 0.4067485 -0.9612637 0 0.2756304 -0.9612643 0 0.2756285 -0.9612638 0 0.2756302 -0.9612643 0 0.2756283 -0.9902693 0 0.1391648 -0.9902693 0 0.1391654 -0.9902693 0 0.1391648 -0.9902691 0 0.1391654 -0.9902693 0 -0.1391648 -0.9902691 0 -0.1391662 -0.9902693 0 -0.1391648 -0.9902691 0 -0.1391662 -0.9612647 0 -0.2756271 -0.9612643 0 -0.2756283 -0.9612646 0 -0.2756272 -0.9612643 0 -0.2756283 -0.9135392 0 -0.4067508 -0.9135392 0 -0.4067508 -0.8480593 0 -0.5299013 -0.7660403 0 -0.6427927 -0.7660386 0 -0.6427946 -0.7660402 0 -0.6427928 -0.7660385 0 -0.6427947 -0.6691346 0 -0.7431412 -0.6691386 0 -0.7431377 -0.6691349 0 -0.743141 -0.6691388 0 -0.7431375 -0.5591663 0 -0.8290556 -0.5591703 0 -0.8290529 -0.5591666 0 -0.8290554 -0.5591706 0 -0.8290527 -0.4383828 0 -0.8987885 -0.4383875 0 -0.8987862 -0.4383831 0 -0.8987883 -0.4383877 0 -0.898786 -0.3090196 0 -0.9510557 -0.3090201 0 -0.9510555 -0.3090196 0 -0.9510557 -0.3090201 0 -0.9510555 -0.1736443 0 -0.9848085 -0.1736449 0 -0.9848083 -0.1736444 0 -0.9848085 -0.1736449 0 -0.9848084 -0.03489845 0 -0.9993909 -0.03489851 0 -0.9993909 -0.03489845 0 -0.9993909 -0.03489851 0 -0.999391 0.104527 0 -0.9945222 0.1045271 0 -0.9945221 0.104527 0 -0.9945222 0.1045271 0 -0.9945221 0.2419346 0 -0.9702926 0.2419238 0 -0.9702953 0.241934 0 -0.9702928 0.241923 0 -0.9702954 0.3745947 0 -0.9271887 0.3745952 0 -0.9271885 0.3745948 0 -0.9271886 0.3745952 0 -0.9271885 0.4999955 0 -0.8660281 0.5000048 0 -0.8660227 0.4999961 0 -0.8660277 0.5000054 0 -0.8660224 0.6156672 0 -0.7880064 0.6156708 0 -0.7880036 0.6156674 0 -0.7880062 0.615671 0 -0.7880034 0.7193516 0 -0.6946461 0.7193524 0 -0.6946455 0.7193517 0 -0.6946461 0.7193524 0 -0.6946454 0.8090001 0 -0.5878085 0.8089989 0 -0.5878103 0.8090001 0 -0.5878086 0.8089988 0 -0.5878104 0.8829548 0 -0.4694582 0.8829541 0 -0.4694595 0.8829548 0 -0.4694583 0.882954 0 -0.4694595 0.9396867 0 -0.3420364 0.9396874 0 -0.3420346 0.9396868 0 -0.3420363 0.9396874 0 -0.3420345 0.9781498 0 -0.2079011 0.9781502 0 -0.2078996 0.9781499 0 -0.2079011 0.9781503 0 -0.2078995 0.9961945 0 -0.08715867 0.9961947 0 -0.08715617 0.9961946 0 -0.08715856 0.9961947 0 -0.08715605 0.9961947 0 0.08715605 0.9961946 0 0.0871573 0.9961947 0 0.08715611 0.9961946 0 0.08715736 0.9659242 0 0.2588253 0.9659235 0 0.258828 0.9659242 0 0.2588254 0.9659234 0 0.2588282 0.8191565 0 0.5735702 0.8191569 0 0.5735695 0.8191565 0 0.5735702 0.7070916 0 0.707122 0.7071002 0 0.7071135 0.7070921 0 0.7071216 0.7071006 0 0.707113 0.573583 0 0.8191476 0.5735732 0 0.8191543 0.5735825 0 0.8191479 0.5735728 0 0.8191547 -0.08715653 0 0.9961947 -0.08715653 0 0.9961947 -0.5735728 0 0.8191547 -0.5735825 0 0.8191479 -0.5735732 0 0.8191543 -0.573583 0 0.8191476 -0.8191565 0 0.5735702 -0.8191569 0 0.5735695 -0.8191565 0 0.5735702 -0.9659233 0 0.2588291 -0.9659243 0 0.2588246 -0.9659233 0 0.2588288 -0.9659245 0 0.2588244 -0.9961946 0 0.08715736 -0.9961947 0 0.08715611 -0.9961946 0 0.0871573 -0.9961947 0 0.08715605 -0.9961947 0 -0.08715605 -0.9961946 0 -0.08715856 -0.9961947 0 -0.08715617 -0.9961945 0 -0.08715867 -0.9659242 0 -0.2588253 -0.9659245 0 -0.2588244 -0.9659242 0 -0.2588252 -0.9659245 0 -0.2588244 -0.8191515 0 -0.5735774 -0.8191519 0 -0.5735768 -0.8191515 0 -0.5735773 -0.8191519 0 -0.5735767 -0.5735728 0 -0.8191547 -0.5735728 0 -0.8191547 -0.08715653 0 -0.9961947 -0.08715653 0 -0.9961947 0.5735728 0 -0.8191547 0.5735728 0 -0.8191547 0.7070993 0 -0.7071144 0.7071078 0 -0.7071059 0.7070997 0 -0.707114 0.7071082 0 -0.7071053 0.8191515 0 -0.5735774 0.8191519 0 -0.5735768 0.8191515 0 -0.5735773 0.8191519 0 -0.5735767 0.9659242 0 -0.2588253 0.9659245 0 -0.2588244 0.9659242 0 -0.2588252 0.9659245 0 -0.2588244 0.9961979 0 -0.08712011 0.9961981 0 -0.08711761 0.9961978 0 -0.08711993 0.9961981 0 -0.08711743 0.9961981 0 0.08711743 0.9961979 0 0.08711868 0.9961981 0 0.08711755 0.9961979 0 0.0871188 0.9659145 0 0.2588616 0.9659138 0 0.2588643 0.9659144 0 0.2588617 0.9659137 0 0.2588644 0.8191748 0 0.5735441 0.8191751 0 0.5735435 0.8191748 0 0.573544 0.8191753 0 0.5735435 -0.08715981 0 0.9961944 -0.08715999 0 0.9961944 -0.08715981 0 0.9961944 -0.08715999 0 0.9961944 -0.573554 0 0.8191678 -0.5735646 0 0.8191604 -0.5735546 0 0.8191674 -0.5735651 0 0.81916 -0.8191748 0 0.5735441 -0.8191751 0 0.5735435 -0.8191748 0 0.573544 -0.8191753 0 0.5735435 -0.9659135 0 0.2588653 -0.9659147 0 0.2588608 -0.9659135 0 0.2588651 -0.9659147 0 0.2588607 -0.9961979 0 0.0871188 -0.9961981 0 0.08711755 -0.9961979 0 0.08711868 -0.9961981 0 0.08711743 -0.9961981 0 -0.08711743 -0.9961978 0 -0.08711993 -0.9961981 0 -0.08711761 -0.9961979 0 -0.08712011 -0.9659145 0 -0.2588616 -0.9659147 0 -0.2588607 -0.9659146 0 -0.2588615 -0.9659147 0 -0.2588607 -0.8191698 0 -0.5735512 -0.8191701 0 -0.5735507 -0.8191698 0 -0.5735512 -0.8191702 0 -0.5735506 -0.573554 0 -0.8191678 -0.5735549 0 -0.8191671 -0.5735541 0 -0.8191678 -0.5735549 0 -0.8191672 -0.08715981 0 -0.9961944 -0.08715999 0 -0.9961944 -0.08715981 0 -0.9961944 -0.08715999 0 -0.9961944 0.8191698 0 -0.5735512 0.8191701 0 -0.5735507 0.8191698 0 -0.5735512 0.8191702 0 -0.5735506 0.9659145 0 -0.2588616 0.9659147 0 -0.2588607 0.9659146 0 -0.2588615 0.9659147 0 -0.2588607 0.996198 0 -0.08711808 0.996198 0 -0.08711808 0.996198 0 0.08711779 0.9961979 0 0.08711838 0.996198 0 0.08711779 0.9961979 0 0.08711844 0.9062799 0 0.4226782 0.9062812 0 0.4226754 0.9062799 0 0.4226781 0.9062812 0 0.4226753 0.8191735 0 0.5735459 0.8191739 0 0.5735453 0.8191739 0 0.5735452 0.7070974 0 0.7071163 0.7070987 0 0.7071149 0.7070974 0 0.7071162 0.7070987 0 0.7071149 0.5735957 0 0.8191386 0.5735965 0 0.8191381 0.5735957 0 0.8191386 0.5735966 0 0.8191381 0.4225893 0 0.9063214 0.4225885 0 0.9063217 0.4225892 0 0.9063214 0.08715981 0 0.9961944 0.08716356 0 0.9961941 0.08715999 0 0.9961944 0.08716374 0 0.996194 -0.5735591 0 0.8191642 -0.57356 0 0.8191637 -0.5735592 0 0.8191642 -0.57356 0 0.8191636 -0.8191735 0 0.5735459 -0.8191739 0 0.5735453 -0.8191739 0 0.5735452 -0.965914 0 0.2588634 -0.9659143 0 0.2588626 -0.965914 0 0.2588634 -0.9659142 0 0.2588625 -0.9961979 0 0.08711844 -0.996198 0 0.08711779 -0.9961979 0 0.08711838 -0.996198 0 0.08711779 -0.996198 0 -0.08711808 -0.996198 0 -0.08711808 -0.965914 0 -0.2588634 -0.965914 0 -0.2588635 -0.965914 0 -0.2588635 -0.9659139 0 -0.2588635 -0.8191748 0 -0.5735441 -0.8191705 0 -0.5735503 -0.8191745 0 -0.5735444 -0.5735591 0 -0.8191642 -0.57356 0 -0.8191637 -0.5735592 0 -0.8191642 -0.57356 0 -0.8191636 0.08716738 0 -0.9961938 0.08716034 0 -0.9961943 0.08716702 0 -0.9961938 0.08715999 0 -0.9961944 0.4225893 0 -0.9063214 0.4225885 0 -0.9063217 0.4225892 0 -0.9063214 0.5735957 0 -0.8191386 0.5735965 0 -0.8191381 0.5735957 0 -0.8191386 0.5735966 0 -0.8191381 0.7071006 0 -0.7071131 0.7070993 0 -0.7071143 0.7071006 0 -0.707113 0.819175 0 -0.5735439 0.81917 0 -0.5735509 0.8191753 0 -0.5735435 0.9062805 0 -0.4226768 0.9062819 0 0.4226738 0.9062793 0 0.4226794 0.9062818 0 0.4226742 0.9062792 0 0.4226797 0.5736008 0 0.819135 0.5735919 0 0.8191412 0.5736004 0 0.8191354 0.5735915 0 0.8191416 0.08715999 0 0.9961944 0.08715981 0 0.9961944 0.08715999 0 0.9961944 0.08715981 0 -0.9961944 0.08715999 0 -0.9961944 0.08715981 0 -0.9961944 0.4226004 0 -0.9063162 0.4225898 0 -0.9063211 0.422601 0 -0.9063159 0.5735906 0 -0.8191422 0.5735914 0 -0.8191417 0.5735906 0 -0.8191422 0.5735915 0 -0.8191416 0.9062819 0 -0.4226738 0.9062793 0 -0.4226794 0.9062818 0 -0.4226741 0.9062792 0 -0.4226797 0.9975609 0 -0.06980204 0.9975609 0 -0.06980228 0.9975609 0 -0.06980204 0.9975609 0 -0.06980228 0.9975609 0 0.06980204 0.9975609 0 0.06980228 0.9975609 0 0.06980204 0.9975609 0 0.06980228 0.8090301 0 0.5877674 0.8090268 0 0.5877718 0.8090298 0 0.5877676 0.8090266 0 0.5877722 0.7193232 0 0.6946756 0.7193211 0 0.6946778 0.719323 0 0.6946757 0.719321 0 0.6946779 0.3746166 0 0.9271798 0.3746171 0 0.9271796 0.3746166 0 0.9271798 0.3746171 0 0.9271797 0.241914 0 0.9702977 0.241914 0 0.9702978 -0.1736491 0 0.9848076 -0.1736552 0 0.9848065 -0.1736496 0 0.9848076 -0.1736556 0 0.9848065 -0.438358 0 0.8988004 -0.4383627 0 0.8987982 -0.4383583 0 0.8988003 -0.438363 0 0.8987981 -0.5591955 0 0.8290359 -0.5592034 0 0.8290306 -0.5591959 0 0.8290355 -0.5592039 0 0.8290302 -0.8480311 0 0.5299466 -0.8480294 0 0.5299491 -0.8480309 0 0.5299468 -0.8480293 0 0.5299493 -0.9135636 0 0.406696 -0.9135636 0 0.406696 -0.9902606 0 0.1392262 -0.9902606 0 0.1392269 -0.9902606 0 0.1392263 -0.9902606 0 0.1392269 -0.9902606 0 -0.1392262 -0.9902604 0 -0.1392276 -0.9902606 0 -0.1392263 -0.9902604 0 -0.1392278 -0.9135626 0 -0.4066983 -0.9135626 0 -0.4066983 -0.8480311 0 -0.5299466 -0.8480311 0 -0.5299466 -0.5591955 0 -0.8290359 -0.5591994 0 -0.8290333 -0.5591958 0 -0.8290358 -0.5591996 0 -0.829033 -0.438358 0 -0.8988004 -0.4383627 0 -0.8987982 -0.4383583 0 -0.8988003 -0.438363 0 -0.8987981 -0.1736551 0 -0.9848066 -0.1736556 0 -0.9848065 -0.1736551 0 -0.9848065 -0.1736556 0 -0.9848065 0.2419199 0 -0.9702963 0.241909 0 -0.970299 0.2419192 0 -0.9702964 0.2419083 0 -0.9702992 0.3746166 0 -0.9271798 0.3746171 0 -0.9271796 0.3746166 0 -0.9271798 0.3746171 0 -0.9271797 0.7193202 0 -0.6946787 0.719321 0 -0.694678 0.7193202 0 -0.6946787 0.719321 0 -0.6946779 0.8090301 0 -0.5877674 0.8090288 0 -0.5877692 0.80903 0 -0.5877674 0.8090288 0 -0.5877693 0.9961946 0 -0.08715671 0.9961946 0 -0.08715671 0.9961947 0 0.08715641 0.9961946 0 0.08715701 0.9961947 0 0.08715641 0.9961947 0 0.08715707 0.9659237 0 0.2588272 0.9659239 0 0.2588263 0.9659237 0 0.2588271 0.965924 0 0.2588263 0.8191552 0 0.573572 0.8191556 0 0.5735714 0.8191552 0 0.573572 0.8191556 0 0.5735713 0.5735779 0 0.8191512 -0.08716028 0 0.9961943 -0.08715671 0 0.9961946 -0.08716011 0 0.9961943 -0.5735779 0 0.8191512 -0.8191552 0 0.573572 -0.8191556 0 0.5735714 -0.8191552 0 0.573572 -0.8191556 0 0.5735713 -0.9659237 0 0.2588272 -0.9659239 0 0.2588263 -0.9659237 0 0.2588271 -0.965924 0 0.2588263 -0.9961947 0 0.08715707 -0.9961947 0 0.08715641 -0.9961946 0 0.08715701 -0.9961947 0 0.08715641 -0.9961946 0 -0.08715671 -0.9961946 0 -0.08715671 -0.9659237 0 -0.2588272 -0.9659237 0 -0.2588272 -0.9659237 0 -0.2588271 -0.9659236 0 -0.2588272 -0.8191565 0 -0.5735702 -0.8191522 0 -0.5735764 -0.8191562 0 -0.5735706 -0.5735779 0 -0.8191512 -0.08716368 0 -0.996194 -0.08715689 0 -0.9961946 -0.08716404 0 -0.9961941 0.5735779 0 -0.8191512 0.8191567 0 -0.5735699 0.8191518 0 -0.5735769 0.8191569 0 -0.5735695 0.9659235 0 -0.2588281 0.9659239 0 -0.2588263 0.9659234 0 -0.258828 0.965924 0 -0.2588263 0.965914 0 0.2588634 0.9659143 0 0.2588626 0.965914 0 0.2588634 0.9659142 0 0.2588625 -0.08716356 0 0.996194 -0.08716017 0 0.9961943 -0.08716338 0 0.9961941 -0.08716714 0 -0.9961938 -0.08716017 0 -0.9961943 -0.0871675 0 -0.9961938 0.9659137 0 -0.2588644 0.9659141 0 -0.2588626 0.9659138 0 -0.2588643 0.9659142 0 -0.2588625 -0.02533394 0 0.999679 -0.025334 0 0.999679 -0.02533394 0 0.999679 -0.025334 0 0.999679 -0.07593899 0 0.9971125 -0.07593023 0 0.9971132 -0.0759381 0 0.9971126 -0.07592934 0 0.9971132 -0.126336 0 0.9919875 -0.1263448 0 0.9919865 -0.1263369 0 0.9919874 -0.1263457 0 0.9919863 -0.1764191 0 0.9843152 -0.1764193 0 0.9843152 -0.1764191 0 0.9843152 -0.1764193 0 0.9843151 -0.2260423 0 0.9741176 -0.2260466 0 0.9741166 -0.2260428 0 0.9741174 -0.226047 0 0.9741164 -0.2750933 0 0.9614176 -0.3234378 0 0.9462496 -0.3234421 0 0.946248 -0.3234382 0 0.9462494 -0.3234425 0 0.9462479 -0.3709475 0 0.9286539 -0.3709479 0 0.9286538 -0.3709475 0 0.9286539 -0.3709479 0 0.9286537 -0.417517 0 0.9086692 -0.4175102 0 0.9086722 -0.4175162 0 0.9086695 -0.4175096 0 0.9086726 -0.463003 0 0.8863567 -0.4629995 0 0.8863586 -0.4630027 0 0.8863569 -0.4629992 0 0.8863588 -0.507287 0 0.8617773 -0.507291 0 0.8617748 -0.5072873 0 0.861777 -0.5072914 0 0.8617746 -0.550293 0 0.8349716 -0.5502904 0 0.8349733 -0.5502927 0 0.8349718 -0.5502902 0 0.8349735 -0.5918815 0 0.806025 -0.5918818 0 0.8060249 -0.5918815 0 0.806025 -0.6319367 0 0.7750201 -0.6319393 0 0.7750179 -0.6319369 0 0.7750198 -0.6319396 0 0.7750176 -0.6703824 0 0.7420158 -0.6703875 0 0.7420112 -0.6703829 0 0.7420153 -0.6703881 0 0.7420107 -0.7071065 0 0.7071071 -0.7071067 0 0.7071068 -0.7071068 0 0.7071068 -0.742012 0 0.6703867 -0.7420125 0 0.6703861 -0.742012 0 0.6703867 -0.7420126 0 0.6703861 -0.7750229 0 0.631933 -0.7750235 0 0.6319324 -0.7750231 0 0.631933 -0.7750236 0 0.6319323 -0.8060262 0 0.5918798 -0.8060247 0 0.5918819 -0.8060261 0 0.59188 -0.8060246 0 0.5918822 -0.8349687 0 0.5502976 -0.8349674 0 0.5502997 -0.8349686 0 0.5502979 -0.8349671 0 0.5502998 -0.8617743 0 0.507292 -0.8617728 0 0.5072944 -0.8617742 0 0.5072923 -0.8617727 0 0.5072946 -0.8863601 0 0.4629967 -0.8863613 0 0.4629945 -0.8863602 0 0.4629966 -0.8863614 0 0.4629942 -0.9086765 0 0.4175011 -0.9086766 0 0.4175009 -0.9086765 0 0.417501 -0.9086766 0 0.4175009 -0.9286482 0 0.3709616 -0.928649 0 0.3709596 -0.9286483 0 0.3709614 -0.9286491 0 0.3709594 -0.9462522 0 0.32343 -0.9462522 0 0.3234297 -0.9462521 0 0.32343 -0.9462522 0 0.3234297 -0.961414 0 0.2751058 -0.9614144 0 0.2751044 -0.9614141 0 0.2751056 -0.9614145 0 0.2751042 -0.9741192 0 0.2260352 -0.9741194 0 0.2260346 -0.9741191 0 0.2260352 -0.9741193 0 0.2260345 -0.984315 0 0.1764202 -0.984315 0 0.1764203 -0.984315 0 0.1764202 -0.9919853 0 0.1263536 -0.9919854 0 0.1263532 -0.9919853 0 0.1263535 -0.9919854 0 0.1263531 -0.9971136 0 0.07592546 -0.9971135 0 0.07592535 -0.9971135 0 0.0759254 -0.9971136 0 0.07592535 -0.999679 0 0.02533864 -0.9996789 0 0.02533853 -0.9996789 0 0.02533864 -0.9996789 0 0.02533853 -0.999679 0 -0.02533864 -0.9996789 0 -0.02533859 -0.9996789 0 -0.02533864 -0.999679 0 -0.02533859 -0.9971136 0 -0.07592546 -0.9971135 0 -0.07592535 -0.9971135 0 -0.0759254 -0.9971136 0 -0.07592535 -0.9919853 0 -0.1263536 -0.9919854 0 -0.1263535 -0.9919853 0 -0.1263535 -0.9919853 0 -0.1263534 -0.984315 0 -0.1764202 -0.984315 0 -0.1764203 -0.984315 0 -0.1764202 -0.9741193 0 -0.2260347 -0.9741194 0 -0.2260345 -0.9741193 0 -0.2260347 -0.9741193 0 -0.2260345 -0.9614142 0 -0.2751051 -0.9614146 0 -0.275104 -0.9614143 0 -0.275105 -0.9614146 0 -0.2751039 -0.9462519 0 -0.3234307 -0.9462521 0 -0.3234301 -0.9462519 0 -0.3234307 -0.9462522 0 -0.3234301 -0.9286486 0 -0.3709608 -0.9286488 0 -0.3709603 -0.9286486 0 -0.3709608 -0.9286488 0 -0.3709602 -0.9086769 0 -0.4175001 -0.9086767 0 -0.4175008 -0.9086769 0 -0.4175002 -0.9086766 0 -0.4175009 -0.8863603 0 -0.4629962 -0.8863608 0 -0.4629953 -0.8863603 0 -0.4629961 -0.8863608 0 -0.4629952 -0.8617733 0 -0.5072936 -0.8617731 0 -0.507294 -0.8617733 0 -0.5072937 -0.861773 0 -0.5072941 -0.8349683 0 -0.5502982 -0.8349682 0 -0.5502985 -0.8349682 0 -0.5502982 -0.8060252 0 -0.5918813 -0.8060253 0 -0.591881 -0.8060252 0 -0.5918812 -0.8060254 0 -0.591881 -0.7750228 0 -0.6319334 -0.7750233 0 -0.6319327 -0.7750229 0 -0.6319333 -0.7750234 0 -0.6319326 -0.742012 0 -0.6703867 -0.7420123 0 -0.6703863 -0.7420124 0 -0.6703862 -0.707107 0 -0.7071067 -0.7071072 0 -0.7071064 -0.7071073 0 -0.7071064 -0.6703842 0 -0.7420142 -0.6703845 0 -0.7420139 -0.6703844 0 -0.7420141 -0.6703845 0 -0.7420139 -0.6319387 0 -0.7750184 -0.6319386 0 -0.7750185 -0.6319386 0 -0.7750184 -0.5918823 0 -0.8060245 -0.5918826 0 -0.8060243 -0.5918823 0 -0.8060244 -0.5502909 0 -0.8349731 -0.5502914 0 -0.8349727 -0.5502909 0 -0.834973 -0.5502914 0 -0.8349727 -0.5072898 0 -0.8617756 -0.5072905 0 -0.8617752 -0.5072898 0 -0.8617755 -0.5072906 0 -0.8617752 -0.4629991 0 -0.8863589 -0.4629989 0 -0.8863589 -0.4629991 0 -0.8863589 -0.462999 0 -0.8863589 -0.4175129 0 -0.9086711 -0.4175137 0 -0.9086706 -0.417513 0 -0.908671 -0.4175139 0 -0.9086707 -0.370947 0 -0.9286541 -0.3709471 0 -0.9286541 -0.370947 0 -0.9286541 -0.3709471 0 -0.9286541 -0.323434 0 -0.9462507 -0.3234346 0 -0.9462505 -0.3234341 0 -0.9462507 -0.3234347 0 -0.9462506 -0.2751014 0 -0.9614153 -0.275101 0 -0.9614154 -0.2751014 0 -0.9614152 -0.2751009 0 -0.9614154 -0.2260441 0 -0.9741172 -0.1764197 0 -0.9843151 -0.1764194 0 -0.9843151 -0.1764197 0 -0.984315 -0.1764193 0 -0.9843151 -0.1263391 0 -0.9919872 -0.1263386 0 -0.9919873 -0.126339 0 -0.9919872 -0.1263385 0 -0.9919873 -0.07593411 0 -0.9971129 -0.07593476 0 -0.9971128 -0.07593417 0 -0.9971129 -0.07593482 0 -0.9971129 -0.02533274 0 -0.9996792 -0.02533221 0 -0.9996792 -0.02533268 0 -0.9996792 -0.02533215 0 -0.9996792 0.02533209 0 -0.9996792 0.02533268 0 -0.9996792 0.02533215 0 -0.9996792 0.02533274 0 -0.9996792 0.07593303 0 -0.9971129 0.0759325 0 -0.9971131 0.07593297 0 -0.9971129 0.07593244 0 -0.997113 0.1263385 0 -0.9919873 0.126339 0 -0.9919872 0.1263386 0 -0.9919873 0.1263391 0 -0.9919872 0.1764211 0 -0.9843149 0.1764223 0 -0.9843146 0.1764212 0 -0.9843148 0.1764224 0 -0.9843146 0.2260465 0 -0.9741165 0.2260462 0 -0.9741166 0.2260465 0 -0.9741166 0.2260462 0 -0.9741166 0.2750951 0 -0.9614171 0.2750955 0 -0.9614169 0.2750951 0 -0.961417 0.2750956 0 -0.961417 0.323441 0 -0.9462484 0.3234414 0 -0.9462483 0.323441 0 -0.9462483 0.3234414 0 -0.9462482 0.3709465 0 -0.9286543 0.3709473 0 -0.9286539 0.3709465 0 -0.9286543 0.3709474 0 -0.9286539 0.417509 0 -0.9086728 0.4175094 0 -0.9086726 0.4175091 0 -0.9086729 0.4175094 0 -0.9086727 0.462999 0 -0.8863589 0.4629992 0 -0.8863588 0.462999 0 -0.8863589 0.4629992 0 -0.8863588 0.5072949 0 -0.8617725 0.5072954 0 -0.8617722 0.507295 0 -0.8617725 0.5072955 0 -0.8617723 0.5502909 0 -0.8349731 0.5502914 0 -0.8349727 0.5502909 0 -0.834973 0.5502915 0 -0.8349727 0.5918767 0 -0.8060286 0.5918773 0 -0.8060281 0.5918768 0 -0.8060285 0.5918774 0 -0.8060281 0.631944 0 -0.7750141 0.6319444 0 -0.7750138 0.6319441 0 -0.7750139 0.6319445 0 -0.7750138 0.6703842 0 -0.7420142 0.6703845 0 -0.7420139 0.6703844 0 -0.7420141 0.6703845 0 -0.7420139 0.707107 0 -0.7071067 0.7071072 0 -0.7071064 0.7071073 0 -0.7071064 0.742012 0 -0.6703867 0.7420125 0 -0.6703861 0.742012 0 -0.6703867 0.7420126 0 -0.6703861 0.7750172 0 -0.6319403 0.7750176 0 -0.6319397 0.7750172 0 -0.6319403 0.7750176 0 -0.6319396 0.8060254 0 -0.591881 0.8060255 0 -0.591881 0.834973 0 -0.550291 0.8349736 0 -0.5502902 0.834973 0 -0.550291 0.8349737 0 -0.5502901 0.8617733 0 -0.5072936 0.8617731 0 -0.507294 0.8617733 0 -0.5072937 0.861773 0 -0.5072941 0.8863605 0 -0.4629957 0.8863608 0 -0.4629953 0.8863605 0 -0.4629957 0.8863608 0 -0.4629952 0.9086722 0 -0.4175105 0.9086725 0 -0.4175096 0.9086722 0 -0.4175104 0.9086726 0 -0.4175095 0.9286525 0 -0.370951 0.9286527 0 -0.3709505 0.9286525 0 -0.3709509 0.9286528 0 -0.3709505 0.9462487 0 -0.3234403 0.9462485 0 -0.3234406 0.9462486 0 -0.3234403 0.9462485 0 -0.3234406 0.9614175 0 -0.2750937 0.9614173 0 -0.2750943 0.9614175 0 -0.2750937 0.9614173 0 -0.2750943 0.9741169 0 -0.2260453 0.9741168 0 -0.2260455 0.9741169 0 -0.2260453 0.9741168 0 -0.2260455 0.9843149 0 -0.1764206 0.984315 0 -0.1764199 0.9843149 0 -0.1764205 0.984315 0 -0.1764199 0.9919867 0 -0.1263425 0.9919868 0 -0.1263422 0.9919868 0 -0.1263425 0.9919868 0 -0.1263422 0.9971126 0 -0.07593667 0.9996793 0 -0.02532732 0.9996792 0 -0.02532732 0.9996792 0 -0.02532732 0.9996793 0 -0.02532732 0.9996792 0 0.02532726 0.9996792 0 0.02532726 0.9996793 0 0.02532726 0.9996793 0 0.02532732 0.9971126 0 0.07593667 0.9919868 0 0.1263422 0.9919868 0 0.1263422 0.9919868 0 0.1263422 0.9843149 0 0.1764206 0.984315 0 0.1764199 0.9843149 0 0.1764205 0.984315 0 0.1764199 0.9741169 0 0.2260453 0.9741166 0 0.2260459 0.9741169 0 0.2260453 0.9741167 0 0.226046 0.9614174 0 0.275094 0.9614174 0 0.2750937 0.9614174 0 0.275094 0.9614175 0 0.2750937 0.9462483 0 0.3234414 0.9462488 0 0.32344 0.9462483 0 0.3234412 0.9462487 0 0.3234398 0.9286529 0 0.3709502 0.9286525 0 0.3709512 0.9286528 0 0.3709503 0.9286523 0 0.3709513 0.9086722 0 0.4175105 0.9086725 0 0.41751 0.9086722 0 0.4175104 0.9086724 0 0.4175099 0.8863611 0 0.4629947 0.8863604 0 0.4629961 0.886361 0 0.4629948 0.8863603 0 0.4629963 0.861773 0 0.5072941 0.8617739 0 0.5072927 0.8617731 0 0.507294 0.861774 0 0.5072925 0.8349722 0 0.5502921 0.8349738 0 0.5502896 0.8349724 0 0.5502919 0.834974 0 0.5502895 0.8060246 0 0.5918822 0.8060261 0 0.59188 0.8060247 0 0.5918819 0.8060262 0 0.5918798 0.7750177 0 0.6319397 0.7750179 0 0.6319393 0.7750176 0 0.6319397 0.742012 0 0.6703867 0.7420125 0 0.6703861 0.742012 0 0.6703867 0.7420126 0 0.6703861 0.7071065 0 0.7071071 0.7071067 0 0.7071068 0.7071068 0 0.7071068 0.6703878 0 0.742011 0.6703832 0 0.7420151 0.6703873 0 0.7420114 0.6703827 0 0.7420156 0.6319451 0 0.7750132 0.6319426 0 0.7750152 0.6319448 0 0.7750134 0.6319425 0 0.7750154 0.5918759 0 0.8060292 0.5918765 0 0.8060287 0.5918759 0 0.8060291 0.5918765 0 0.8060288 0.5502896 0 0.8349739 0.5502932 0 0.8349715 0.5502899 0 0.8349736 0.5502936 0 0.8349713 0.5072957 0 0.8617721 0.5072929 0 0.8617737 0.5072954 0 0.8617723 0.5072926 0 0.8617739 0.4629992 0 0.8863588 0.4630027 0 0.8863569 0.4629995 0 0.8863586 0.463003 0 0.8863567 0.4175046 0 0.9086748 0.4175127 0 0.9086712 0.4175055 0 0.9086745 0.4175135 0 0.9086708 0.3709475 0 0.9286539 0.3709479 0 0.9286538 0.3709475 0 0.9286539 0.3709479 0 0.9286537 0.3234422 0 0.946248 0.3234385 0 0.9462492 0.3234418 0 0.9462482 0.3234381 0 0.9462493 0.2750933 0 0.9614176 0.2260494 0 0.9741158 0.2260454 0 0.9741168 0.226049 0 0.9741159 0.226045 0 0.9741169 0.1764211 0 0.9843149 0.1764212 0 0.9843148 0.1764211 0 0.9843148 0.1764212 0 0.9843147 0.1263457 0 0.9919863 0.1263369 0 0.9919874 0.1263448 0 0.9919865 0.126336 0 0.9919875 0.07592755 0 0.9971134 0.07593643 0 0.9971128 0.07592844 0 0.9971134 0.07593733 0 0.9971126 0.02533394 0 0.999679 0.025334 0 0.999679 0.02533394 0 0.999679 0.025334 0 0.999679 0 1 0 0 1 -2.79423e-6 0 1 -3.505e-6 0 1 1.67122e-6 0 1 3.28573e-6 0 1 0 0 1 6.45185e-7 0 1 -3.9469e-6 0 1 -4.38755e-6 0 1 -3.61609e-6 0 1 2.15813e-7 0 1 1.11087e-6 0 1 0 0 1 -3.51522e-6 0 1 0 0 1 -1.24618e-6 0 1 0 0 1 3.35443e-6 0 1 2.14876e-5 0 1 -5.73805e-6 0 1 1.04987e-5 0 1 -4.10958e-5 0 1 3.18821e-5 0 1 1.42032e-5 0 1 -2.16514e-7 0 1 -1.68851e-5 0 1 -1.19817e-5 0 1 3.65522e-6 0 1 1.17556e-5 0 1 1.83785e-7 0 1 -2.31618e-6 0 1 1.38759e-6 0 1 1.18875e-6 0 1 -1.60022e-6 0 1 -3.77403e-6 0 1 -1.42133e-4 0 1 1.2384e-4 0 1 -6.9069e-5 0 1 2.75847e-5 0 1 4.17335e-6 0 1 -1.03661e-5 0 1 2.98734e-5 0 1 -5.62781e-6 0 1 0 0 1 3.88087e-6 0 1 0 0 1 -1.33263e-5 0 1 5.16555e-6 0 1 -6.62244e-6 0 1 1.44645e-5 0 1 -5.12698e-7 0 1 -5.84308e-6 0 1 6.16722e-6 0 1 -1.15987e-5 0 1 7.48126e-7 0 1 0 0 1 -5.09587e-6 0 1 0 0 1 -1.72745e-6 0 1 0 0 1 -2.08663e-6 0 1 2.77916e-7 0 1 4.08795e-6 0 1 1.17784e-5 0 1 -1.24219e-7 0 1 -3.94523e-7 0 1 5.54709e-6 0 1 4.95355e-6 0 1 -3.09468e-7 0 1 2.01189e-6 0 1 1.73274e-6 0 1 -3.81978e-7 0 1 0 0 1 6.50895e-6 0 1 6.21902e-6 0 1 -1.14159e-5 0 1 -9.76977e-6 0 1 -7.93625e-6 0 1 -1.89125e-5 0 1 1.97411e-7 0 1 1.69993e-5 0 1 0 0 1 5.09588e-6 0 1 0 0 1 -7.48132e-7 0 1 1.15987e-5 0 1 -6.16722e-6 0 1 5.84305e-6 0 1 5.12713e-7 0 1 -1.44644e-5 0 1 6.6224e-6 0 1 -5.16553e-6 0 1 1.33263e-5 0 1 0 0 1 -3.88091e-6 0 1 0 0 1 5.62783e-6 0 1 -2.9873e-5 0 1 1.03659e-5 0 1 -4.17335e-6 0 1 -2.75851e-5 0 1 1.38188e-4 0 1 -1.23775e-4 0 1 7.61998e-6 0 1 1.42127e-4 0 1 2.77906e-6 0 1 1.60022e-6 0 1 5.60107e-7 0 1 5.32272e-7 0 1 0 0 1 1.20016e-6 0 1 1.10585e-6 0 1 -6.641e-6 0 1 6.9635e-6 0 1 -5.79518e-5 0 1 7.41213e-6 0 1 2.50844e-5 0 1 -2.67652e-5 0 1 7.43065e-5 0 1 0 0 1 2.28478e-6 0 1 0 0 1 4.60125e-6 0 1 0 0 1 -7.74869e-7 0 1 -3.15397e-6 0 1 -5.21774e-6 0 1 4.01207e-6 0 1 0 0 1 4.00657e-6 0 1 2.08175e-5 0 1 -1.29583e-7 0 1 -1.76857e-7 0 1 -3.46378e-5 0 1 2.56781e-5 0 1 -5.87043e-6 0 1 -2.14872e-5 0 1 0 0 1 -3.35443e-6 0 1 1.24618e-6 0 1 0 0 1 3.51523e-6 0 1 0 0 1 1.31568e-6 0 1 0 0 1 -6.0636e-6 0 1 0 0 1 0 0 1 -2.09226e-6 0 1 7.14601e-6 0 1 0 0 1 -4.26887e-6 0 1 0 0 1 0 0 1 8.72943e-7 0 1 -2.67463e-6 0 1 -1.36404e-6 0 1 -3.36683e-7 0 1 -5.50054e-7 0 1 5.80568e-7 0 1 -3.57976e-6 0 1 1.66184e-7 0 1 1.1249e-5 0 1 -1.5315e-5 0 1 2.82079e-5 0 1 0 0 1 3.35448e-6 0 1 -1.24617e-6 0 1 -3.51522e-6 0 1 0 0 1 -3.1935e-6 0 1 0 0 1 3.6767e-6 0 1 0 0 1 3.52281e-6 0 1 -5.59745e-7 0 1 1.51382e-6 0 1 3.72609e-6 0 1 -3.72597e-6 0 1 -1.30323e-5 0 1 1.32441e-5 0 1 4.78747e-6 0 1 9.02561e-6 0 1 1.07034e-5 0 1 4.37653e-6 0 1 -6.56757e-5 0 1 1.20491e-5 0 1 -6.43765e-6 0 1 -9.50238e-6 0 1 -6.90441e-6 0 1 -3.52287e-6 0 1 -1.23047e-6 0 1 -5.04682e-6 0 1 4.52129e-6 0 1 7.76968e-6 0 1 -6.7251e-6 0 1 2.80464e-6 0 1 -5.49552e-6 0 1 -6.29442e-7 0 1 2.47535e-6 0 1 8.43101e-7 0 1 -4.80068e-6 0 1 3.53883e-6 0 1 1.74666e-6 0 1 -3.44757e-6 0 1 -2.99498e-6 0 1 2.52062e-6 0 1 2.54521e-6 0 1 -6.59286e-6 0 1 2.66979e-6 0 1 -5.47838e-5 0 1 6.48461e-5 0 1 2.17908e-6 0 1 -2.28779e-5 0 1 -1.27096e-6 0 1 -3.10555e-7 0 1 7.00268e-7 0 1 8.38235e-6 0 1 -1.6148e-6 0 1 1.03001e-6 0 1 1.50485e-6 0 1 -2.33164e-7 0 1 -1.27168e-6 0 1 -1.08906e-6 0 1 1.36529e-6 0 1 1.23051e-6 0 1 3.31528e-6 0 1 1.02978e-6 0 1 -7.69815e-7 0 1 1.86334e-6 0 1 -5.29239e-7 0 1 4.10482e-6 0 1 0 0 1 1.60271e-6 0 1 -3.38444e-6 0 1 2.46825e-7 0 1 0 0 1 -1.53152e-6 0 1 -5.33886e-7 0 1 1.82619e-6 0 1 -3.60126e-6 0 1 9.11532e-7 0 1 -3.0641e-6 0 1 -1.01767e-6 0 1 -5.08938e-7 0 1 -6.16745e-7 0 1 -7.88302e-6 0 1 1.89912e-6 0 1 1.79975e-6 0 1 -5.25123e-6 0 1 5.27536e-6 0 1 1.76051e-5 0 1 1.89377e-6 0 1 2.33124e-7 0 1 3.13738e-6 0 1 5.296e-6 0 1 0 0 1 -9.66321e-7 0 1 -7.37196e-7 0 1 1.48731e-7 0 1 3.3242e-7 0 1 -1.15093e-6 0 1 1.89658e-6 0 1 9.54106e-7 0 1 -1.51705e-6 0 1 -2.64396e-7 0 1 9.70506e-7 0 1 -5.42258e-7 0 1 -5.65801e-7 0 1 -1.62115e-5 0 1 9.05305e-7 0 1 5.47837e-5 0 1 5.47808e-5 0 1 -5.44062e-5 0 1 6.34951e-5 0 1 -8.56038e-6 0 1 2.24204e-5 0 1 1.33668e-6 0 1 3.10545e-7 0 1 0 0 1 -3.3508e-6 0 1 -5.38184e-7 0 1 3.86514e-7 0 1 2.00768e-7 0 1 -6.01944e-7 0 1 2.33184e-7 0 1 -7.04351e-7 0 1 3.07839e-6 0 1 2.78831e-6 0 1 -3.77518e-7 0 1 6.9676e-7 0 1 -3.31528e-6 0 1 -1.64314e-6 0 1 5.34022e-6 0 1 2.49634e-7 0 1 8.78639e-7 0 1 -3.70584e-6 0 1 0 0 1 -8.62428e-7 0 1 3.72069e-6 0 1 4.57206e-7 0 1 0 0 1 -5.70097e-7 0 1 1.48772e-7 0 1 -3.254e-6 0 1 -1.1361e-6 0 1 -5.35722e-7 0 1 3.83003e-6 0 1 1.44169e-6 0 1 8.33824e-7 0 1 -3.12329e-6 0 1 2.94159e-6 0 1 -5.59339e-7 0 1 -1.29928e-6 0 1 5.25122e-6 0 1 -5.2753e-6 0 1 -9.87615e-6 0 1 1.51502e-5 0 1 -5.44023e-7 0 1 -2.33123e-7 0 1 -3.13735e-6 0 1 -5.29592e-6 0 1 -2.58436e-5 0 1 0 0 1 1.45197e-6 0 1 2.82749e-7 0 1 -1.5494e-7 0 1 -2.22497e-6 0 1 4.3939e-5 0 1 -2.95949e-5 0 1 2.14805e-5 0 1 6.79833e-7 0 1 2.62949e-5 0 1 -5.34238e-5 0 1 1.65573e-4 0 1 2.84438e-7 0 1 -5.19224e-7 0 1 -2.35668e-6 0 1 3.90668e-7 0 1 4.24068e-7 0 1 5.27204e-7 0 1 9.68751e-7 0 1 -3.55453e-6 0 1 -2.70356e-6 0 1 5.13314e-7 0 1 1.05689e-6 0 1 -7.55077e-6 0 1 -1.50402e-6 0 1 3.82409e-6 0 1 1.91419e-6 0 1 -3.80107e-7 0 1 -2.52799e-6 0 1 -1.82796e-6 0 1 2.8362e-6 0 1 3.25341e-6 0 1 -2.7403e-6 0 1 6.22771e-6 0 1 4.33701e-6 0 1 -1.23314e-5 0 1 -4.36811e-6 0 1 -9.82541e-7 0 1 -2.82627e-7 0 1 1.23771e-6 0 1 6.23493e-6 0 1 9.19246e-6 0 1 -4.42709e-6 0 1 7.75891e-6 0 1 0 0 1 2.11359e-6 0 1 1.84869e-5 0 1 8.95479e-6 0 1 5.12067e-7 0 1 4.91848e-5 0 1 3.84347e-6 0 1 -3.14479e-5 0 1 0 0 1 0 0 1 3.63352e-6 0 1 3.08517e-7 0 1 1.3049e-6 0 1 -7.3785e-7 0 1 -2.57625e-7 0 1 -1.61037e-6 0 1 0 0 1 2.17478e-6 0 1 -7.20853e-6 0 1 -5.60174e-6 0 1 4.77011e-7 0 1 9.10694e-6 0 1 -1.22807e-5 0 1 0 0 1 1.92454e-7 0 1 -2.60027e-7 0 1 3.54404e-7 0 1 1.47889e-5 0 1 -5.54019e-6 0 1 0 0 1 -7.03714e-6 0 1 1.78836e-6 0 1 -1.26409e-6 0 1 1.44391e-6 0 1 1.55895e-6 0 1 -1.04019e-5 0 1 2.94877e-6 0 1 6.15135e-6 0 1 0 0 1 -7.53984e-7 0 1 0 0 1 1.53846e-5 0 1 -1.1789e-5 0 1 4.05114e-5 0 1 -2.91261e-5 0 1 4.87066e-6 0 1 1.46753e-5 0 1 -1.90697e-6 0 1 0 0 1 5.46216e-7 0 1 0 0 1 -4.49745e-6 0 1 0 0 1 2.82638e-6 0 1 3.35415e-6 0 1 -6.22851e-6 0 1 -1.84648e-6 0 1 2.63065e-7 0 1 6.59538e-7 0 1 -7.2762e-7 0 1 -3.9069e-7 0 1 3.16649e-6 0 1 -7.15515e-7 0 1 2.13676e-6 0 1 8.16827e-7 0 1 -3.75654e-6 0 1 5.29291e-6 0 1 2.08889e-6 0 1 -1.6997e-6 0 1 -2.99263e-7 0 1 -1.27778e-6 0 1 0 0 1 -6.91693e-7 0 1 -4.36305e-7 0 1 -3.4468e-7 0 1 -7.27335e-7 0 1 0 0 1 6.88096e-6 0 1 -2.14252e-6 0 1 -1.78325e-7 0 1 3.06827e-6 0 1 2.74112e-6 0 1 7.1849e-5 0 1 -1.21999e-5 0 1 4.17898e-6 0 1 2.40493e-6 0 1 5.27547e-5 0 1 1.20021e-6 0 1 -1.05797e-5 0 1 -1.59817e-6 0 1 -5.43833e-6 0 1 7.0861e-7 0 1 1.44418e-6 0 1 4.548e-7 0 1 1.55538e-6 0 1 7.13151e-6 0 1 3.21144e-6 0 1 -6.98806e-6 0 1 -1.28459e-7 0 1 -2.37427e-6 0 1 0 0 1 6.60318e-6 0 1 7.71973e-7 0 1 1.58325e-6 0 1 6.33412e-6 0 1 2.15417e-6 0 1 9.35165e-6 0 1 -7.50371e-6 0 1 3.31999e-7 0 1 3.50263e-6 0 1 4.21621e-6 0 1 -1.19446e-6 0 1 1.02328e-5 0 1 -8.42235e-6 0 -1 1.43166e-6 0 -1 0 0 -1 3.04421e-6 0 -1 1.88095e-6 0 -1 1.13105e-6 0 -1 2.13999e-6 0 -1 5.95618e-6 0 -1 -4.44384e-6 0 -1 1.29352e-7 0 -1 8.60828e-6 0 -1 1.32292e-7 0 -1 2.15152e-6 0 -1 -1.51947e-7 0 -1 -5.99031e-6 0 -1 0 0 -1 -5.08288e-7 0 -1 2.05587e-6 0 -1 2.32311e-6 0 -1 2.3919e-7 0 -1 -2.23958e-6 0 -1 2.03721e-7 0 -1 4.30892e-6 0 -1 1.5838e-6 0 -1 -8.06042e-7 0 -1 0 0 -1 -6.4836e-7 0 -1 1.71383e-6 0 -1 0 0 -1 -9.0792e-7 0 -1 1.61442e-7 0 -1 3.05512e-6 0 -1 7.91545e-7 0 -1 0 0 -1 1.98656e-6 0 -1 0 0 -1 -2.77128e-7 0 -1 -1.77165e-7 0 -1 -1.42796e-6 0 -1 0 0 -1 -8.6264e-7 0 -1 -2.39208e-7 0 -1 -8.0184e-7 0 -1 1.80498e-7 0 -1 7.09435e-7 0 -1 7.04749e-6 0 -1 -2.09582e-6 0 -1 7.15374e-6 0 -1 -1.9329e-6 0 -1 8.39779e-6 0 -1 6.12382e-6 0 -1 0 0 -1 0 0 -1 -1.60578e-7 0 -1 -3.80138e-6 0 -1 0 0 -1 -2.43257e-6 0 -1 3.84059e-7 0 -1 -2.17972e-7 0 -1 0 0 -1 1.59473e-6 0 -1 -5.16021e-7 0 -1 8.38594e-7 0 -1 7.64456e-7 0 -1 0 0 -1 5.04069e-7 0 -1 -1.92463e-6 0 -1 -1.03652e-5 0 -1 1.97325e-6 0 -1 3.6615e-6 0 -1 -4.4133e-6 0 -1 -5.86532e-7 0 -1 -1.25253e-6 0 -1 -2.19947e-6 0 -1 -1.33682e-6 0 -1 8.82862e-7 0 -1 -2.60601e-6 0 -1 3.58206e-7 0 -1 -5.31582e-6 0 -1 1.02727e-6 0 -1 5.30994e-7 0 -1 0 0 -1 1.40421e-6 0 -1 -4.15561e-7 0 -1 9.1509e-7 0 -1 1.90277e-7 0 -1 0 0 -1 -9.49333e-7 0 -1 1.95354e-6 0 -1 -6.14931e-7 0 -1 5.0105e-7 0 -1 0 0 -1 1.76306e-6 0 -1 -6.619e-6 0 -1 2.06727e-6 0 -1 -7.5575e-6 0 -1 0 0 -1 7.79122e-6 0 -1 -1.2347e-7 0 -1 -8.9352e-6 0 -1 3.08669e-6 0 -1 -2.64375e-5 0 -1 2.37298e-6 0 -1 -1.1043e-5 0 -1 1.05641e-6 0 -1 1.36484e-5 0 -1 -1.66532e-6 0 -1 2.19644e-5 0 -1 -1.27232e-6 0 -1 -5.18867e-6 0 -1 1.21875e-6 0 -1 -6.84473e-6 0 -1 -1.00781e-6 0 -1 2.21458e-5 0 -1 -3.69982e-6 0 -1 -6.27633e-6 0 -1 1.04383e-5 0 -1 1.91783e-6 0 -1 2.45123e-6 0 -1 0 0 -1 2.82569e-7 0 -1 -2.82567e-7 0 -1 0 0 -1 -2.45123e-6 0 -1 -1.04383e-5 0 -1 -1.91783e-6 0 -1 6.27633e-6 0 -1 -2.21458e-5 0 -1 3.69982e-6 0 -1 1.0078e-6 0 -1 6.84473e-6 0 -1 -1.21877e-6 0 -1 5.18863e-6 0 -1 1.27231e-6 0 -1 -2.19645e-5 0 -1 1.6653e-6 0 -1 -1.36485e-5 0 -1 -1.05641e-6 0 -1 1.1043e-5 0 -1 -2.37298e-6 0 -1 2.64375e-5 0 -1 -3.08671e-6 0 -1 8.9352e-6 0 -1 1.23465e-7 0 -1 -7.79121e-6 0 -1 0 0 -1 7.55799e-6 0 -1 -2.06721e-6 0 -1 6.61942e-6 0 -1 -1.76305e-6 0 -1 0 0 -1 -5.01047e-7 0 -1 6.1493e-7 0 -1 0 0 -1 1.00912e-6 0 -1 2.00191e-6 0 -1 -1.6539e-7 0 -1 9.10068e-7 0 -1 -9.15104e-7 0 -1 -1.40421e-6 0 -1 3.05925e-6 0 -1 -4.71526e-7 0 -1 6.83525e-6 0 -1 -1.02729e-6 0 -1 -3.58218e-7 0 -1 2.60601e-6 0 -1 -8.82841e-7 0 -1 0 0 -1 1.33687e-6 0 -1 1.25255e-6 0 -1 5.70483e-6 0 -1 5.86589e-7 0 -1 -3.66152e-6 0 -1 1.03638e-5 0 -1 -1.9735e-6 0 -1 1.92458e-6 0 -1 0 0 -1 -5.0404e-7 0 -1 -7.64391e-7 0 -1 0 0 -1 5.54462e-7 0 -1 2.46746e-7 0 -1 0 0 -1 4.35985e-7 0 -1 -3.84064e-7 0 -1 1.18758e-6 0 -1 -1.35518e-7 0 -1 1.9343e-6 0 -1 1.60573e-7 0 -1 0 0 -1 0 0 -1 -6.12382e-6 0 -1 -8.3978e-6 0 -1 -5.31174e-6 0 -1 3.53831e-6 0 -1 6.68922e-7 0 -1 0 0 -1 3.35119e-6 0 -1 -3.20452e-6 0 -1 1.77249e-6 0 -1 0 0 -1 -5.4301e-6 0 -1 6.07867e-6 0 -1 -1.90632e-5 0 -1 7.91191e-6 0 -1 -4.68836e-6 0 -1 -1.15449e-6 0 -1 1.02339e-5 0 -1 9.13739e-7 0 -1 0 0 -1 -3.84277e-7 0 -1 9.51254e-6 0 -1 -4.37064e-6 0 -1 7.39182e-6 0 -1 -3.08662e-6 0 -1 0 0 -1 3.62913e-6 0 -1 3.57675e-6 0 -1 1.27268e-7 0 -1 4.53763e-6 0 -1 5.91501e-6 0 -1 -8.34424e-6 0 -1 1.42634e-5 0 -1 -4.10572e-6 0 -1 7.1396e-6 0 -1 0 0 -1 0 0 -1 5.71158e-6 0 -1 -8.76182e-6 0 -1 1.1037e-5 0 -1 -5.14279e-6 0 -1 6.7876e-6 0 -1 -1.11836e-5 0 -1 1.18668e-6 0 -1 -4.28251e-6 0 -1 0 0 -1 -2.73513e-7 0 -1 0 0 -1 1.15521e-6 0 -1 -6.04211e-6 0 -1 3.6886e-6 0 -1 -1.18807e-5 0 -1 -2.83642e-6 0 -1 7.42416e-6 0 -1 -7.4526e-6 0 -1 9.30566e-6 0 -1 -1.25423e-6 0 -1 0 0 -1 4.02928e-6 0 -1 -1.03215e-5 0 -1 8.47251e-6 0 -1 -1.83221e-5 0 -1 3.90506e-6 0 -1 -6.11778e-6 0 -1 8.087e-6 0 -1 1.34197e-7 0 -1 3.11147e-6 0 -1 2.34054e-6 0 -1 0 0 -1 6.48456e-6 0 -1 -4.46375e-6 0 -1 1.57002e-5 0 -1 -1.02429e-5 0 -1 3.22858e-6 0 -1 -1.52588e-7 0 -1 -3.60279e-6 0 -1 0 0 -1 1.86704e-6 0 -1 0 0 -1 -7.18524e-6 0 -1 7.38631e-6 0 -1 -6.3953e-7 0 -1 6.24761e-6 0 -1 7.05236e-6 0 -1 0 0 -1 -5.54994e-7 0 -1 0 0 -1 -5.15941e-6 0 -1 -4.917e-7 0 -1 -1.21823e-6 0 -1 0 0 -1 -6.53055e-7 0 -1 0 -0.9984266 0 0.05607473 -0.9984266 0 0.05607497 -0.9984266 0 0.05607473 -0.9984266 0 0.05607497 -0.9858667 0 0.1675325 -0.9858666 0 0.1675331 -0.9858667 0 0.1675325 -0.9858666 0 0.1675331 -0.9609234 0 0.2768146 -0.960923 0 0.2768159 -0.9609234 0 0.2768146 -0.960923 0 0.276816 -0.9238771 0 0.3826894 -0.9238765 0 0.382691 -0.9238771 0 0.3826895 -0.9238765 0 0.3826911 -0.8155652 0 0.5786651 -0.8155658 0 0.5786643 -0.8155653 0 0.5786651 -0.815566 0 0.5786643 -0.4837083 0 0.8752294 -0.483709 0 0.8752289 -0.4837083 0 0.8752293 -0.4837091 0 0.875229 -0.05606985 0 0.9984269 -0.05606842 0 0.998427 -0.05606979 0 0.9984269 -0.05606836 0 0.9984269 -0.05605691 0 -0.9984276 -0.05607897 0 -0.9984264 -0.05605781 0 -0.9984276 -0.05607986 0 -0.9984263 -0.483716 0 -0.8752251 -0.4837073 0 -0.87523 -0.4837157 0 -0.8752253 -0.4837069 0 -0.8752301 -0.5786716 0 -0.8155608 -0.5786787 0 -0.8155556 -0.5786719 0 -0.8155605 -0.578679 0 -0.8155555 -0.8155643 0 -0.5786665 -0.8155714 0 -0.5786565 -0.8155646 0 -0.5786661 -0.8155716 0 -0.5786561 -0.8752155 0 -0.4837334 -0.875218 0 -0.483729 -0.8752155 0 -0.4837331 -0.875218 0 -0.4837288 -0.9609231 0 -0.2768153 -0.9609238 0 -0.276813 -0.9609232 0 -0.2768152 -0.9609239 0 -0.2768129 -0.9858667 0 -0.167532 -0.9858663 0 -0.167534 -0.9858667 0 -0.167532 -0.9858664 0 -0.1675341 -0.9858754 0 0.1674808 -0.9858753 0 0.1674814 -0.9858754 0 0.1674808 -0.9858753 0 0.1674814 -0.9609093 0 0.2768638 -0.9609088 0 0.2768649 -0.9609093 0 0.2768639 -0.9609088 0 0.2768649 -0.9238958 0 0.3826442 -0.9238952 0 0.3826455 -0.9238958 0 0.3826442 -0.9238952 0 0.3826455 -0.6663374 0 0.7456504 -0.6663359 0 0.7456517 -0.6663374 0 0.7456505 -0.6663359 0 0.7456517 -0.4837309 0 0.8752168 -0.4837313 0 0.8752166 -0.4837314 0 0.8752166 -0.4837386 0 -0.8752126 -0.4837295 0 -0.8752176 -0.4837383 0 -0.8752128 -0.4837291 0 -0.8752177 -0.666335 0 -0.7456526 -0.6663405 0 -0.7456476 -0.6663353 0 -0.7456523 -0.6663407 0 -0.7456474 -0.960909 0 -0.2768645 -0.9609098 0 -0.2768619 -0.960909 0 -0.2768645 -0.9609098 0 -0.2768619 -0.9858754 0 -0.1674803 -0.9858752 0 -0.1674823 -0.9858754 0 -0.1674804 -0.9858751 0 -0.1674824 0.0560714 0 0.9984267 0.05607271 0 0.9984267 0.05607146 0 0.9984267 0.05607277 0 0.9984267 0.4837094 0 0.8752288 0.4837081 0 0.8752295 0.4837093 0 0.8752287 0.483708 0 0.8752295 0.6663367 0 0.7456511 0.6663367 0 0.745651 0.6663366 0 0.7456511 0.6663367 0 0.7456511 0.815541 0 0.5786993 0.8155398 0 0.5787011 0.815541 0 0.5786994 0.8155398 0 0.5787011 0.9238767 0 0.3826905 0.9238769 0 0.3826901 0.9238767 0 0.3826904 0.9238768 0 0.3826901 0.960909 0 0.2768645 0.9609091 0 0.2768642 0.960909 0 0.2768645 0.9609091 0 0.2768641 0.9858753 0 0.1674813 0.9858754 0 0.167481 0.9858754 0 0.1674813 0.9858753 0 0.167481 0.9984266 0 0.05607491 0.9984266 0 0.05607479 0.9984266 0 0.05607479 0.9858751 0 -0.1674822 0.9858754 0 -0.1674805 0.9858751 0 -0.1674821 0.9858754 0 -0.1674805 0.9609099 0 -0.2768615 0.960909 0 -0.2768648 0.9609099 0 -0.2768617 0.9609088 0 -0.2768649 0.8752408 0 -0.4836876 0.8752378 0 -0.4836928 0.8752406 0 -0.4836879 0.8752377 0 -0.4836931 0.8155468 0 -0.5786911 0.8155391 0 -0.5787021 0.8155466 0 -0.5786916 0.8155388 0 -0.5787025 0.6663414 0 -0.7456468 0.6663346 0 -0.7456529 0.6663411 0 -0.7456471 0.6663343 0 -0.7456532 0.5786793 0 -0.8155552 0.5786716 0 -0.8155608 0.578679 0 -0.8155556 0.5786713 0 -0.815561 0.4837071 0 -0.8752299 0.4837154 0 -0.8752254 0.4837075 0 -0.8752297 0.4837157 0 -0.8752252 0.0560829 0 -0.9984261 0.05606073 0 -0.9984275 0.05608195 0 -0.9984261 0.05605983 0 -0.9984275 0.05606842 0 0.9984269 0.05606973 0 0.9984269 0.05606848 0 0.998427 0.05606979 0 0.9984269 0.483732 0 0.8752162 0.4837303 0 0.8752171 0.4837319 0 0.8752163 0.4837303 0 0.8752172 0.8155663 0 0.5786638 0.815565 0 0.5786656 0.8155661 0 0.5786638 0.815565 0 0.5786657 0.9609231 0 0.2768153 0.9609233 0 0.2768152 0.9609231 0 0.2768153 0.9609232 0 0.2768152 0.960924 0 -0.2768123 0.9609231 0 -0.2768158 0.960924 0 -0.2768124 0.960923 0 -0.276816 0.8752181 0 -0.4837285 0.8752155 0 -0.4837335 0.875218 0 -0.4837287 0.8752153 0 -0.4837337 0.8155721 0 -0.5786557 0.8155642 0 -0.5786666 0.8155717 0 -0.5786561 0.815564 0 -0.5786671 0.4837298 0 -0.8752175 0.4837377 0 -0.8752131 0.4837301 0 -0.8752173 0.483738 0 -0.8752129 0.05607992 0 -0.9984263 0.05605781 0 -0.9984276 0.05607897 0 -0.9984264 0.05605685 0 -0.9984276 -0.06976419 -0.001655101 -0.9975622 0.06975978 -0.001657307 -0.9975625 0.1391713 0.001658141 -0.990267 0.2079178 -0.001656651 -0.978145 0.2756314 0.001653492 -0.961262 0.3420116 -0.001653432 -0.9396944 0.4067413 0.001650452 -0.913542 0.4694787 -0.001659691 -0.8829423 0.5877677 -0.001653492 -0.8090281 0.6427794 0.001650393 -0.7660497 0.6946636 -0.00166887 -0.7193329 0.7431467 0.001644313 -0.6691266 0.7880138 -0.001656591 -0.6156555 0.8290445 0.001656591 -0.5591804 0.8660296 -0.001650452 -0.49999 0.8988 0.001656591 -0.4383559 0.9271678 -0.001656591 -0.3746429 0.9510454 0.00166881 -0.3090469 0.9848155 0.001644313 -0.1735968 0.9945186 -0.001644313 -0.1045464 0.9945186 0.001644313 0.1045465 0.9848156 -0.001644313 0.1735965 0.9510439 -0.001662731 0.3090517 0.9271698 0.001656532 0.3746379 0.8987991 -0.001662731 0.4383577 0.8660306 0.00166887 0.4999882 0.8290451 -0.001656591 0.5591793 0.78801 0.001656591 0.6156604 0.7431474 -0.001650452 0.6691257 0.6946664 0.001662731 0.7193302 0.642773 -0.001650393 0.766055 0.5877747 0.001650393 0.8090231 0.4694777 0.001656591 0.8829429 0.4067419 -0.001653552 0.9135417 0.3420057 0.001653432 0.9396965 0.2756373 -0.001653492 0.9612603 0.2079113 0.001656651 0.9781463 0.1391775 -0.001657366 0.9902661 0.06975358 0.001657307 0.9975629 -0.06975799 0.001655101 0.9975627 -0.1391775 -0.001655101 0.9902661 -0.2078984 0.001659572 0.9781491 -0.2756373 -0.001656532 0.9612603 -0.3420259 0.001659691 0.9396892 -0.4067418 -0.001656591 0.9135416 -0.4694523 0.001656532 0.8829563 -0.5878053 0.001656651 0.8090008 -0.6427729 -0.001662671 0.766055 -0.6946664 0.001656591 0.7193302 -0.7431474 -0.001662731 0.6691257 -0.78801 0.001656591 0.6156604 -0.8290451 -0.001650452 0.5591793 -0.8660035 0.001656532 0.5000354 -0.8987991 -0.001656591 0.4383577 -0.9271916 0.001656591 0.3745837 -0.9510439 -0.001650452 0.3090517 -0.9702875 0.001656532 0.2419494 -0.9848048 -0.001662731 0.1736573 -0.9945252 0.001656591 0.1044845 -0.9945252 -0.001662731 -0.1044842 -0.9848046 0.00166887 -0.1736578 -0.9702869 -0.001656591 -0.2419518 -0.9510454 0.001656532 -0.3090469 -0.9271897 -0.001656591 -0.3745889 -0.8988 0.001656591 -0.4383559 -0.8660025 -0.001656532 -0.5000372 -0.8290445 0.001656591 -0.5591804 -0.7880138 -0.001662731 -0.6156555 -0.7431467 0.001644313 -0.6691266 -0.6946636 -0.001653552 -0.7193329 -0.6427794 0.001662671 -0.7660496 -0.5877977 -0.001656651 -0.8090064 -0.4694526 -0.001656532 -0.8829562 -0.4067413 0.001656591 -0.913542 -0.3420318 -0.001658141 -0.939687 -0.2756314 0.001656532 -0.961262 -0.2079049 -0.001659631 -0.9781476 -0.1391713 0.001655101 -0.990267 0.9989321 0 -0.04620385 0.9989321 0 -0.04620349 0.9989321 0 -0.04620379 0.9989321 0 -0.04620343 0.9481618 0 -0.3177882 0.9481606 0 -0.3177916 0.9481616 0 -0.3177886 0.9481605 0 -0.3177919 0.486616 0 -0.873616 0.4866094 0 -0.8736198 0.4866152 0 -0.8736165 0.4866086 0 -0.8736202 0.4039193 0 -0.9147946 0.4039263 0 -0.9147915 0.4039201 0 -0.9147943 0.4039271 0 -0.9147912 0.3177878 0 -0.9481619 0.3177955 0 -0.9481593 0.3177887 0 -0.9481616 0.3177965 0 -0.948159 0.04619216 0 -0.9989326 0.04618293 0 -0.9989331 0.04619103 0 -0.9989327 0.04618179 0 -0.9989331 -0.04618167 0 -0.9989331 -0.04619115 0 -0.9989327 -0.04618287 0 -0.998933 -0.04619228 0 -0.9989327 -0.3177973 0 -0.9481588 -0.3177881 0 -0.9481617 -0.3177961 0 -0.9481591 -0.317787 0 -0.9481621 -0.4039281 0 -0.9147908 -0.4039193 0 -0.9147946 -0.403927 0 -0.9147912 -0.4039183 0 -0.9147951 -0.4865902 0 -0.8736305 -0.4865968 0 -0.8736268 -0.4865909 0 -0.8736299 -0.4865975 0 -0.8736262 -0.9481607 0 -0.3177914 -0.9481615 0 -0.3177891 -0.9481608 0 -0.3177911 -0.9481616 0 -0.3177888 -0.9989321 0 -0.04620337 -0.9989321 0 -0.04620385 -0.9989321 0 -0.04620343 -0.9989321 0 -0.04620391 -0.9989321 0 0.04620355 -0.9989321 0 0.04620367 -0.9989321 0 0.04620355 -0.9989321 0 0.04620367 -0.990413 0 0.1381384 -0.990413 0 0.1381381 -0.990413 0 0.1381383 -0.990413 0 0.1381381 -0.9734376 0 0.2289529 -0.9734375 0 0.228953 -0.9734374 0 0.2289536 -0.4865916 0 0.8736296 -0.4865907 0 0.8736301 -0.4865915 0 0.8736296 -0.4865906 0 0.8736302 -0.4039253 0 0.914792 -0.4039254 0 0.914792 -0.4039253 0 0.914792 -0.4039254 0 0.914792 -0.3177908 0 0.948161 -0.3177906 0 0.948161 -0.3177908 0 0.948161 -0.3177906 0 0.948161 -0.1381571 0 0.9904103 -0.1381564 0 0.9904105 -0.1381571 0 0.9904104 -0.1381562 0 0.9904105 -0.04618299 0 0.998933 -0.0461843 0 0.998933 -0.04618316 0 0.9989331 -0.04618442 0 0.998933 0.0461843 0 0.998933 0.04618328 0 0.9989331 0.04618418 0 0.998933 0.0461831 0 0.9989331 0.1381559 0 0.9904105 0.1381574 0 0.9904104 0.1381561 0 0.9904106 0.1381576 0 0.9904103 0.3177914 0 0.9481607 0.3177901 0 0.9481611 0.3177912 0 0.9481607 0.31779 0 0.9481611 0.4039264 0 0.9147915 0.4039245 0 0.9147924 0.4039262 0 0.9147916 0.4039244 0 0.9147924 0.486609 0 0.8736199 0.4866099 0 0.8736194 0.4866091 0 0.8736199 0.4866101 0 0.8736194 0.9734376 0 0.228953 0.9734374 0 0.2289534 0.9734375 0 0.228953 0.990413 0 0.1381384 0.990413 0 0.1381381 0.990413 0 0.1381384 0.990413 0 0.138138 0.9989321 0 0.04620361 0.9989321 0 0.04620367 0.9989321 0 0.04620361 0.9989321 0 0.04620367 0 1 -4.15719e-7 0 1 4.59338e-7 0 1 -5.91722e-7 0 1 1.06708e-6 0 1 -3.78987e-7 0 1 6.79058e-7 0 1 -6.90053e-7 0 1 -6.27068e-7 0 1 0 0 1 -2.931e-6 0 1 6.94066e-7 0 1 -6.97403e-7 0 1 1.93127e-6 0 1 -9.29426e-7 0 1 -8.46858e-7 0 1 -1.05032e-5 0 1 -6.26969e-7 0 1 -1.33789e-5 0 1 -9.40149e-7 0 1 -6.08865e-6 0 1 2.09012e-7 0 1 2.73645e-7 0 1 9.52949e-6 0 1 -4.02973e-6 0 1 1.39886e-6 0 1 4.52083e-6 0 1 -2.02893e-6 0 1 -7.17051e-7 0 1 8.18264e-7 0 1 -1.15637e-6 0 1 3.67644e-7 0 1 3.39514e-7 0 1 -1.27129e-6 0 1 5.07807e-7 0 1 -4.52133e-7 0 1 2.00574e-7 0 1 2.52557e-7 0 1 0 0 1 0 0 1 -2.63903e-7 0 1 0 0 1 -1.79227e-7 0 1 -2.24843e-7 0 1 0 0 1 -2.63699e-7 0 1 2.52531e-7 0 1 3.98738e-7 0 1 -4.47543e-7 0 1 1.0205e-6 0 1 -1.26649e-6 0 1 6.86275e-7 0 1 -1.16573e-6 0 1 0 0 1 3.76815e-6 0 1 -7.1729e-7 0 1 -2.02963e-6 0 1 4.12167e-7 0 1 8.46252e-7 0 1 1.04957e-5 0 1 6.26418e-7 0 1 1.33671e-5 0 1 5.31821e-7 0 1 -4.16744e-6 0 1 1.07745e-5 0 1 3.20452e-7 0 1 -7.64244e-7 0 1 -6.08761e-6 0 1 -9.39833e-7 0 1 -6.97528e-7 0 1 1.93127e-6 0 1 -8.46555e-7 0 1 1.60323e-6 0 1 -2.92174e-6 0 1 3.6246e-7 0 1 7.47785e-7 0 1 -6.17681e-7 0 1 -3.15636e-7 0 1 6.79136e-7 0 1 -6.99488e-7 0 1 1.06252e-6 0 1 -4.93425e-7 0 1 4.63824e-7 0 1 -2.07832e-7 0 1 -1.02473e-5 0 1 3.65977e-6 0 1 -6.68577e-6 0 1 4.23391e-7 0 1 4.99903e-6 0 1 -3.34507e-6 0 1 1.3373e-5 0.998964 0 0.04550755 0.9989641 0 0.04550778 0.9989641 0 0.0455076 0.9989641 0 0.04550778 0.998964 0 -0.04550755 0.998964 0 -0.04550743 0.9989641 0 -0.04550755 0.9989641 0 -0.04550743 0.9906877 0 -0.1361546 0.9906876 0 -0.1361553 0.9906876 0 -0.1361546 0.9906875 0 -0.1361553 0.9741978 0 -0.2256962 0.9741978 0 -0.2256962 0.9496361 0 -0.313355 0.949636 0 -0.3133553 0.9496361 0 -0.313355 0.9496361 0 -0.3133553 0.9172135 0 -0.3983962 0.9172127 0 -0.3983979 0.9172134 0 -0.3983963 0.9172126 0 -0.3983981 0.87718 0 -0.4801618 0.8298915 0 -0.5579249 0.8298936 0 -0.5579217 0.8298916 0 -0.5579248 0.8298937 0 -0.5579215 0.7757081 0 -0.6310918 0.7757112 0 -0.6310881 0.7757083 0 -0.6310917 0.7757115 0 -0.6310879 0.7151042 0 -0.699018 0.7151017 0 -0.6990205 0.7151041 0 -0.699018 0.7151015 0 -0.6990207 0.6485811 0 -0.7611455 0.6485782 0 -0.761148 0.648581 0 -0.7611457 0.648578 0 -0.7611482 0.5766851 0 -0.8169665 0.5766841 0 -0.8169673 0.5766851 0 -0.8169665 0.5766841 0 -0.8169673 0.4999932 0 -0.8660293 0.4999932 0 -0.8660294 0.4191798 0 -0.9079033 0.3348876 0 -0.9422582 0.3348872 0 -0.9422582 0.3348875 0 -0.9422582 0.2477942 0 -0.9688127 0.2478018 0 -0.9688107 0.2477946 0 -0.9688126 0.2478023 0 -0.9688106 0.1586844 0 -0.9873294 0.1586923 0 -0.9873282 0.1586849 0 -0.9873293 0.1586927 0 -0.9873281 0.068241 0 -0.9976689 0.06824094 0 -0.9976689 0.068241 0 -0.9976689 0.06824094 0 -0.9976689 -0.02276235 0 -0.9997409 -0.02276235 0 -0.9997409 -0.02276235 0 -0.9997409 -0.113582 0 -0.9935286 -0.113582 0 -0.9935287 -0.2034521 0 -0.979085 -0.2034521 0 -0.9790849 -0.2916485 0 -0.9565257 -0.2916482 0 -0.9565258 -0.2916485 0 -0.9565256 -0.2916482 0 -0.9565258 -0.377424 0 -0.9260406 -0.3774172 0 -0.9260435 -0.3774236 0 -0.9260408 -0.3774167 0 -0.9260436 -0.4600655 0 -0.887885 -0.460065 0 -0.8878852 -0.4600655 0 -0.887885 -0.5388922 0 -0.8423749 -0.5388977 0 -0.8423712 -0.5388925 0 -0.8423746 -0.5388979 0 -0.8423711 -0.6132671 0 -0.7898756 -0.6132611 0 -0.7898803 -0.6132668 0 -0.7898759 -0.6132608 0 -0.7898806 -0.6825619 0 -0.7308278 -0.6825595 0 -0.7308301 -0.6825618 0 -0.7308279 -0.6825593 0 -0.7308303 -0.746178 0 -0.6657466 -0.803635 0 -0.5951228 -0.8036347 0 -0.5951231 -0.8036348 0 -0.5951228 -0.8036346 0 -0.5951231 -0.8544247 0 -0.5195752 -0.8544245 0 -0.5195757 -0.8544248 0 -0.5195753 -0.8981299 0 -0.4397304 -0.8981297 0 -0.4397308 -0.8981299 0 -0.4397304 -0.9343931 0 -0.3562439 -0.9343929 0 -0.3562441 -0.934393 0 -0.3562439 -0.9343929 0 -0.3562442 -0.9629134 0 -0.2698107 -0.9629127 0 -0.2698131 -0.9629133 0 -0.2698108 -0.9629127 0 -0.2698132 -0.9834591 0 -0.1811303 -0.9834593 0 -0.1811297 -0.9834591 0 -0.1811303 -0.9834592 0 -0.1811296 -0.995857 0 -0.09093308 -0.9958571 0 -0.0909335 -0.9958571 0 -0.09093314 -0.9958571 0 -0.0909335 -0.995857 0 0.09093308 -0.9958571 0 0.0909335 -0.9958571 0 0.09093314 -0.9958571 0 0.0909335 -0.9834591 0 0.1811303 -0.9834593 0 0.1811297 -0.9834591 0 0.1811303 -0.9834592 0 0.1811296 -0.9629134 0 0.2698107 -0.9629133 0 0.2698109 -0.9629134 0 0.2698107 -0.9629133 0 0.2698109 -0.9343931 0 0.3562439 -0.9343924 0 0.3562455 -0.934393 0 0.356244 -0.9343925 0 0.3562456 -0.8981299 0 0.4397304 -0.8981297 0 0.4397308 -0.8981299 0 0.4397304 -0.8544247 0 0.5195752 -0.8544234 0 0.5195775 -0.8544247 0 0.5195754 -0.8544233 0 0.5195776 -0.8036364 0 0.5951207 -0.8036363 0 0.595121 -0.8036364 0 0.5951207 -0.8036361 0 0.595121 -0.746178 0 0.6657466 -0.7461742 0 0.6657508 -0.7461777 0 0.6657468 -0.746174 0 0.665751 -0.6825596 0 0.73083 -0.6825616 0 0.7308281 -0.6825597 0 0.7308299 -0.6825617 0 0.7308281 -0.6132671 0 0.7898756 -0.6132663 0 0.7898762 -0.6132663 0 0.7898764 -0.5388922 0 0.8423749 -0.5388947 0 0.8423731 -0.5388923 0 0.8423747 -0.5388948 0 0.8423731 -0.460062 0 0.8878868 -0.4600649 0 0.8878853 -0.4600622 0 0.8878867 -0.460065 0 0.8878852 -0.3774201 0 0.9260422 -0.3774241 0 0.9260405 -0.3774204 0 0.9260421 -0.3774243 0 0.9260404 -0.2916485 0 0.9565257 -0.2916463 0 0.9565263 -0.2916483 0 0.9565256 -0.2916461 0 0.9565263 -0.2034521 0 0.979085 -0.2034501 0 0.9790854 -0.2034519 0 0.979085 -0.2034499 0 0.9790853 -0.1135798 0 0.9935289 -0.113584 0 0.9935284 -0.1135801 0 0.9935289 -0.1135842 0 0.9935284 -0.02276235 0 0.9997409 -0.02276444 0 0.999741 -0.02276247 0 0.9997409 -0.02276456 0 0.9997409 0.068241 0 0.9976689 0.06824094 0 0.9976689 0.068241 0 0.9976689 0.06824094 0 0.9976689 0.1586866 0 0.9873291 0.1586883 0 0.9873288 0.1586867 0 0.987329 0.1586884 0 0.9873287 0.2478026 0 0.9688106 0.2478003 0 0.9688112 0.2478024 0 0.9688106 0.2478002 0 0.9688112 0.3348895 0 0.9422574 0.3348836 0 0.9422596 0.3348892 0 0.9422576 0.3348833 0 0.9422597 0.4191798 0 0.9079033 0.4191763 0 0.9079049 0.4191796 0 0.9079034 0.4191762 0 0.9079049 0.4999966 0 0.8660275 0.4999933 0 0.8660293 0.4999964 0 0.8660275 0.4999932 0 0.8660293 0.5766851 0 0.8169665 0.5766785 0 0.8169713 0.5766848 0 0.8169668 0.5766782 0 0.8169714 0.6485837 0 0.7611433 0.6485782 0 0.761148 0.6485835 0 0.7611437 0.648578 0 0.7611482 0.7151042 0 0.699018 0.7151017 0 0.6990206 0.7151041 0 0.6990181 0.7151015 0 0.6990207 0.7757099 0 0.6310898 0.7757097 0 0.6310899 0.7757096 0 0.63109 0.8298928 0 0.5579228 0.8298924 0 0.5579236 0.8298923 0 0.5579236 0.87718 0 0.4801618 0.87718 0 0.4801618 0.9172135 0 0.3983962 0.9172127 0 0.3983979 0.9172134 0 0.3983963 0.9172126 0 0.3983981 0.9496361 0 0.313355 0.9496365 0 0.313354 0.9496361 0 0.313355 0.9496365 0 0.313354 0.9741975 0 0.2256972 0.9741978 0 0.2256963 0.9741976 0 0.2256972 0.9741978 0 0.2256962 0.9906877 0 0.1361546 0.9906876 0 0.1361547 0.9906876 0 0.1361546 0.9906877 0 0.1361547 -0.02533209 0 -0.9996792 -0.02533268 0 -0.9996792 -0.02533215 0 -0.9996792 -0.02533274 0 -0.9996792 -0.0759347 0 -0.9971128 -0.07593423 0 -0.9971128 -0.07593464 0 -0.9971128 -0.07593417 0 -0.9971129 -0.1764191 0 -0.9843152 -0.1764199 0 -0.984315 -0.1764192 0 -0.9843152 -0.1764199 0 -0.984315 -0.3234343 0 -0.9462507 -0.3234344 0 -0.9462506 -0.3234343 0 -0.9462507 -0.3234344 0 -0.9462507 -0.3709467 0 -0.9286541 -0.3709474 0 -0.9286539 -0.3709468 0 -0.9286542 -0.3709474 0 -0.9286539 -0.4175131 0 -0.9086709 -0.4175136 0 -0.9086707 -0.4175131 0 -0.9086709 -0.4175136 0 -0.9086707 -0.5072897 0 -0.8617756 -0.5072906 0 -0.8617751 -0.5072907 0 -0.8617751 -0.7420118 0 -0.6703869 -0.7420125 0 -0.6703861 -0.7420119 0 -0.6703868 -0.7420126 0 -0.6703861 -0.8863605 0 -0.4629957 -0.8863605 0 -0.4629958 -0.8863605 0 -0.4629957 -0.9086765 0 -0.4175011 -0.9086769 0 -0.4175 -0.9086765 0 -0.417501 -0.9086771 0 -0.4174999 -0.946252 0 -0.3234303 -0.9462519 0 -0.3234304 -0.946252 0 -0.3234304 -0.946252 0 -0.3234304 -0.9614145 0 -0.2751041 -0.9614143 0 -0.2751048 -0.9614144 0 -0.2751042 -0.9614143 0 -0.2751048 -0.9741194 0 -0.2260342 -0.9741192 0 -0.2260349 -0.9741194 0 -0.2260343 -0.9741192 0 -0.226035 -0.9843149 0 -0.1764206 -0.984315 0 -0.1764199 -0.9843149 0 -0.1764205 -0.984315 0 -0.1764199 -0.9996789 0 0.02533859 -0.9996789 0 0.02533859 -0.9996789 0 0.02533859 -0.999679 0 0.02533859 -0.9919854 0 0.1263533 -0.9919854 0 0.1263534 -0.9919854 0 0.1263533 -0.9919853 0 0.1263534 -0.9843149 0 0.1764206 -0.984315 0 0.1764199 -0.9843149 0 0.1764205 -0.984315 0 0.1764199 -0.9741194 0 0.2260342 -0.9741191 0 0.2260354 -0.9741194 0 0.2260344 -0.9741191 0 0.2260355 -0.9614144 0 0.2751045 -0.9614141 0 0.2751054 -0.9614144 0 0.2751046 -0.9614142 0 0.2751055 -0.9286489 0 0.3709599 -0.9286485 0 0.370961 -0.9286489 0 0.3709601 -0.9286485 0 0.3709611 -0.8863611 0 0.4629947 -0.8863604 0 0.4629961 -0.886361 0 0.4629948 -0.8863603 0 0.4629963 -0.861773 0 0.5072941 -0.8617739 0 0.5072927 -0.8617731 0 0.507294 -0.861774 0 0.5072925 -0.6703878 0 0.742011 -0.6703832 0 0.7420151 -0.6703873 0 0.7420114 -0.6703827 0 0.7420156 -0.5502896 0 0.8349739 -0.5502932 0 0.8349715 -0.5502899 0 0.8349736 -0.5502936 0 0.8349713 -0.5072906 0 0.8617751 -0.5072881 0 0.8617767 -0.5072904 0 0.8617753 -0.5072878 0 0.8617768 -0.4175089 0 0.9086729 -0.4175169 0 0.9086693 -0.4175097 0 0.9086725 -0.4175177 0 0.9086689 -0.3234422 0 0.946248 -0.3234385 0 0.9462492 -0.3234418 0 0.9462482 -0.3234381 0 0.9462493 -0.07592922 0 0.9971133 -0.07593816 0 0.9971126 -0.07593011 0 0.9971132 -0.07593905 0 0.9971125 0.9989622 0 0.04554843 0.9989622 0 0.04554867 0.9989622 0 0.04554843 0.9989622 0 0.04554867 0.9989622 0 -0.04554843 0.9989622 0 -0.04554826 0.9989622 0 -0.04554843 0.9989622 0 -0.04554826 0.9496482 0 -0.3133182 0.9496483 0 -0.3133182 0.9171985 0 -0.3984308 0.9171978 0 -0.3984323 0.9171985 0 -0.3984309 0.9171978 0 -0.3984324 0.8771973 0 -0.4801301 0.8771973 0 -0.4801301 0.8298724 0 -0.5579532 0.8298748 0 -0.5579497 0.8298726 0 -0.557953 0.8298751 0 -0.5579495 0.7151247 0 -0.6989969 0.7151221 0 -0.6989995 0.7151246 0 -0.698997 0.715122 0 -0.6989997 0.3348746 0 -0.9422628 0.3348743 0 -0.9422629 0.3348742 0 -0.9422628 0.2478041 0 -0.9688103 0.2478117 0 -0.9688082 0.2478045 0 -0.9688102 0.2478122 0 -0.9688082 0.158678 0 -0.9873304 0.1586861 0 -0.9873292 0.1586784 0 -0.9873304 0.1586865 0 -0.9873291 0.0682438 0 -0.9976688 0.06824374 0 -0.9976687 0.0682438 0 -0.9976687 0.06824374 0 -0.9976688 -0.02276146 0 -0.999741 -0.0227614 0 -0.999741 -0.02276146 0 -0.999741 -0.2034603 0 -0.9790833 -0.2034603 0 -0.9790833 -0.37741 0 -0.9260463 -0.3774024 0 -0.9260494 -0.3774095 0 -0.9260465 -0.377402 0 -0.9260495 -0.5389108 0 -0.8423629 -0.5389163 0 -0.8423594 -0.5389111 0 -0.8423628 -0.5389166 0 -0.8423591 -0.6132569 0 -0.7898836 -0.6132512 0 -0.789888 -0.6132566 0 -0.7898838 -0.6132508 0 -0.7898883 -0.8544157 0 -0.5195903 -0.8544154 0 -0.5195907 -0.8544156 0 -0.5195903 -0.9629187 0 -0.2697916 -0.9629181 0 -0.2697941 -0.9629187 0 -0.2697917 -0.962918 0 -0.2697942 -0.9834628 0 -0.1811105 -0.9834629 0 -0.1811099 -0.9834629 0 -0.1811105 -0.9834628 0 0.1811105 -0.9834629 0 0.1811099 -0.9834629 0 0.1811105 -0.9629187 0 0.2697916 -0.9629187 0 0.2697919 -0.9629188 0 0.2697917 -0.9629187 0 0.2697919 -0.8544157 0 0.5195903 -0.8544142 0 0.5195925 -0.8544155 0 0.5195904 -0.8544142 0 0.5195927 -0.6132569 0 0.7898836 -0.6132564 0 0.789884 -0.6132568 0 0.7898836 -0.6132563 0 0.789884 -0.5389108 0 0.8423629 -0.5389133 0 0.8423612 -0.5389109 0 0.8423628 -0.5389135 0 0.8423612 -0.3774062 0 0.9260479 -0.3774095 0 0.9260466 -0.3774063 0 0.9260478 -0.3774096 0 0.9260465 -0.2034603 0 0.9790833 -0.2034583 0 0.9790837 -0.2034602 0 0.9790833 -0.2034581 0 0.9790837 -0.02276146 0 0.999741 -0.02276355 0 0.999741 -0.02276158 0 0.999741 -0.02276366 0 0.9997409 0.0682438 0 0.9976688 0.06824374 0 0.9976687 0.0682438 0 0.9976687 0.06824374 0 0.9976688 0.1586802 0 0.9873301 0.1586821 0 0.9873299 0.1586803 0 0.98733 0.1586822 0 0.9873298 0.2478124 0 0.9688081 0.2478102 0 0.9688086 0.2478123 0 0.9688081 0.2478101 0 0.9688087 0.3348765 0 0.942262 0.3348706 0 0.9422642 0.3348762 0 0.9422621 0.3348703 0 0.9422643 0.7151247 0 0.6989969 0.7151221 0 0.6989996 0.7151246 0 0.698997 0.715122 0 0.6989997 0.8298738 0 0.5579512 0.8298737 0 0.5579515 0.8298739 0 0.5579512 0.8298735 0 0.5579515 0.8771973 0 0.4801301 0.8771973 0 0.4801301 0.9171985 0 0.3984308 0.9171978 0 0.3984323 0.9171985 0 0.3984309 0.9171978 0 0.3984324 0.9496482 0 0.3133182 0.9496486 0 0.313317 0.9496483 0 0.3133181 0.9496487 0 0.3133169 0.02533215 0 -0.9996792 0.02533268 0 -0.9996792 0.02533221 0 -0.9996792 0.02533274 0 -0.9996792 0.1764212 0 -0.9843147 0.1764222 0 -0.9843146 0.1764214 0 -0.9843148 0.1764222 0 -0.9843146 0.2260468 0 -0.9741165 0.226046 0 -0.9741166 0.2260467 0 -0.9741166 0.2260459 0 -0.9741166 0.3709469 0 -0.9286542 0.370947 0 -0.9286541 0.3709469 0 -0.9286541 0.4175097 0 -0.9086725 0.4175088 0 -0.9086729 0.4175096 0 -0.9086725 0.4175087 0 -0.908673 0.5502914 0 -0.8349727 0.5502914 0 -0.8349727 0.5918768 0 -0.8060284 0.5918772 0 -0.8060281 0.5918768 0 -0.8060286 0.6319443 0 -0.7750139 0.6319441 0 -0.775014 0.6319443 0 -0.7750139 0.6319441 0 -0.775014 0.7750174 0 -0.63194 0.7750173 0 -0.63194 0.7750173 0 -0.63194 0.8349732 0 -0.5502906 0.8349733 0 -0.5502904 0.8349733 0 -0.5502906 0.8349734 0 -0.5502905 0.9086724 0 -0.4175099 0.9086725 0 -0.41751 0.9086724 0 -0.41751 0.9086723 0 -0.41751 0.9614175 0 -0.2750933 0.9614172 0 -0.2750945 0.9614175 0 -0.2750934 0.9614172 0 -0.2750946 0.9741169 0 -0.226045 0.9741167 0 -0.2260457 0.9741169 0 -0.226045 0.9741167 0 -0.2260458 0.984315 0 -0.1764203 0.984315 0 -0.1764202 0.984315 0 -0.1764202 0.9996792 0 0.02532726 0.9996792 0 0.02532732 0.9996793 0 0.02532726 0.9996793 0 0.02532732 0.9919868 0 0.1263419 0.9919868 0 0.1263425 0.9919868 0 0.1263419 0.9919867 0 0.1263425 0.984315 0 0.1764203 0.984315 0 0.1764202 0.984315 0 0.1764202 0.9741169 0 0.226045 0.9741166 0 0.2260462 0.9741169 0 0.2260451 0.9741166 0 0.2260463 0.928653 0 0.3709496 0.9286522 0 0.3709516 0.928653 0 0.3709499 0.9286522 0 0.3709518 0.8863614 0 0.4629942 0.8863602 0 0.4629966 0.8863613 0 0.4629945 0.8863601 0 0.4629967 0.8617727 0 0.5072946 0.8617742 0 0.5072923 0.8617728 0 0.5072944 0.8617743 0 0.507292 0.8349725 0 0.5502917 0.8349736 0 0.5502901 0.8349727 0 0.5502915 0.8349736 0 0.5502899 0.6703881 0 0.7420107 0.6703829 0 0.7420153 0.6703875 0 0.7420112 0.6703824 0 0.7420158 0.6319454 0 0.775013 0.6319424 0 0.7750154 0.6319451 0 0.7750133 0.6319422 0 0.7750157 0.5502902 0 0.8349735 0.5502927 0 0.8349718 0.5502904 0 0.8349733 0.550293 0 0.8349716 0.5072963 0 0.8617718 0.5072925 0 0.861774 0.5072959 0 0.8617721 0.507292 0 0.8617742 0.4175053 0 0.9086745 0.4175121 0 0.9086714 0.417506 0 0.9086742 0.4175128 0 0.9086712 0.3234425 0 0.9462479 0.3234382 0 0.9462494 0.3234421 0 0.946248 0.3234378 0 0.9462496 0.2260497 0 0.9741159 0.2260452 0 0.9741169 0.2260493 0 0.9741159 0.2260447 0 0.9741169 0 1 -2.90698e-7 0 1 0 0 1 8.81652e-6 0 1 -3.27748e-6 0 1 -4.4743e-6 0 1 -4.16627e-6 0 1 -3.47688e-6 0 1 1.00624e-5 0 1 -5.16657e-6 0 1 6.92301e-6 0 1 -8.98032e-6 0 1 -5.00258e-6 0 1 -5.43944e-5 0 1 6.9691e-6 0 1 -6.1596e-5 0 1 -4.05309e-7 0 1 -2.80076e-7 0 1 3.19694e-6 0 1 8.60329e-7 0 1 -2.44054e-6 0 1 9.65153e-6 0 1 5.47553e-6 0 1 9.89196e-7 0 1 3.2906e-6 0 1 -1.10207e-5 0 1 2.60044e-6 0 1 -1.34849e-5 0 1 -2.81696e-6 0 1 8.36895e-7 0 1 -1.35976e-6 0 1 -5.44032e-5 0 1 1.35668e-6 0 1 1.65563e-4 0 1 -4.21403e-7 0 1 5.25089e-6 0 1 2.04673e-6 0 1 1.82146e-6 0 1 2.44263e-6 0 1 5.13406e-7 0 1 1.51669e-7 0 1 5.80535e-6 0 1 -2.22242e-7 0 1 -2.45059e-6 0 1 -9.91957e-7 0 1 -3.67121e-6 0 1 -1.19888e-6 0 1 -2.2453e-6 0 1 5.557e-7 0 1 -2.94324e-6 0 1 -5.97523e-7 0 1 1.88996e-6 0 1 -6.01723e-6 0 1 2.70826e-6 0 1 2.05918e-6 0 1 1.70685e-7 0 1 0 0 1 2.28258e-6 0 1 5.22646e-6 0 1 1.77705e-6 0 1 -1.6633e-4 0 1 2.68405e-6 0 1 -1.82304e-6 0 1 2.06535e-6 0 1 -1.65374e-4 0 1 2.18051e-6 0 1 7.78585e-7 0 1 -1.91952e-6 0 1 5.34101e-6 0 1 4.10516e-6 0 1 0 0 1 6.81489e-7 0 1 -2.71354e-6 0 1 -1.8923e-7 0 1 -3.04436e-6 0 1 -1.41603e-6 0 1 -1.43976e-5 0 1 5.4908e-5 0 1 0 0 1 2.17445e-7 0 1 8.07995e-7 0 1 0 0 1 -3.35569e-4 -1.94763e-7 0.9999935 -0.003632187 -1.70199e-7 0.9999872 -0.005076408 1.81841e-7 0.9999997 -9.56864e-4 0 1 2.76856e-6 0 1 -7.39626e-6 0 1 0 0 1 -1.59092e-4 0 1 0 0 1 -1.2512e-4 0 1 -6.57025e-5 0 1 -1.28616e-6 0 1 -7.10331e-6 0 1 3.82685e-6 0 1 0 0 1 0 0 1 2.39134e-6 0 1 8.90245e-7 0 1 4.27591e-6 0 1 -2.08781e-6 0 1 0 0 1 1.23023e-6 0 1 -5.90344e-7 0 1 -1.82136e-6 0 1 5.64375e-6 0 1 -3.68301e-6 0 1 0 0 1 2.17225e-6 0 1 4.08911e-5 0 1 -2.12869e-6 0 1 -2.27778e-6 0 1 3.96013e-7 0 1 -4.62939e-7 0 1 -1.93718e-6 0 1 -6.98245e-6 0 1 5.16284e-6 0 1 -2.71841e-6 0 1 8.48018e-6 0 1 -1.19476e-5 0 1 6.29356e-6 0 1 8.46967e-7 0 1 -3.16072e-6 0 1 -3.02254e-6 0 1 1.20014e-5 0 1 -5.39932e-6 0 1 7.12862e-6 0 1 -7.33087e-7 0 1 -3.80394e-6 0 1 5.09254e-6 0 1 8.47694e-6 0 1 0 0 1 -4.87457e-5 0 1 3.92006e-6 0 1 -6.00238e-7 0 1 -3.40107e-6 0 1 0 0 1 3.40107e-6 0 1 4.06458e-6 0 1 0 0 1 4.14161e-7 0 1 7.23408e-7 0 1 -1.2014e-7 0 1 -2.13703e-7 0 1 -2.03254e-7 0 1 0 0 1 -2.78668e-7 0 1 0 0 1 0 0 1 2.27993e-7 0 1 0 0 1 0 0 1 -2.50449e-7 0 1 0 0 1 0 0 1 0 0 1 -2.95221e-7 0 1 0 0 1 0 0 1 0 0 1 0 0 1 1.51255e-7 0 1 -1.9942e-7 0 1 0 0 1 1.46938e-6 0 1 0 0 1 -4.80116e-7 0 1 1.27367e-6 0 1 7.43957e-7 0 1 1.42302e-6 0 1 6.84998e-6 0 1 5.47667e-6 0 1 -1.35248e-6 0 1 0 0 1 4.64342e-6 0 1 5.11216e-7 0 1 -9.3148e-7 0 1 8.31015e-6 0 1 -2.68726e-7 0 1 -6.72455e-7 0 1 -6.11904e-6 0 1 -1.62838e-6 0 1 0 0 1 -2.09867e-6 0 1 3.30353e-6 0 1 3.93102e-6 0 1 1.36897e-6 0 1 3.91734e-6 0 1 -1.10141e-5 0 1 1.19892e-6 0 1 2.24536e-6 0 1 -5.55727e-7 0 1 4.20483e-7 0 1 1.14258e-6 0 1 -8.18322e-6 0 1 6.1885e-7 0 1 -2.70937e-6 0 1 -2.05949e-6 0 1 -2.54877e-7 0 1 6.07905e-6 0 1 1.16247e-6 0 1 7.38425e-7 0 1 -5.57887e-6 0 1 6.81628e-6 0 1 -7.16139e-7 0 1 5.55711e-7 0 1 3.33176e-7 0 1 -5.32071e-6 0 1 9.1126e-6 0 1 2.97598e-6 0 1 -6.09478e-6 0 1 -7.56787e-6 0 1 5.22413e-6 0 1 -1.82135e-6 0 1 -1.63316e-5 0 1 6.32018e-6 0 1 2.05736e-6 0 1 -4.00551e-6 0 1 -1.69222e-6 0 1 0 0 1 -5.49065e-5 0 1 2.33865e-6 0 1 1.95735e-4 0 1 -7.51407e-6 0 1 -4.72733e-7 0 1 -3.90228e-6 0 1 6.57115e-7 0 1 6.12959e-7 0 1 4.85585e-6 0 1 7.98789e-6 0 1 1.51668e-7 0 1 5.13404e-7 0 1 4.12962e-6 0 1 -3.75432e-6 0 1 -3.44261e-6 0 1 -2.82792e-7 0 1 -1.96687e-7 0 1 6.06322e-6 0 1 2.92024e-6 0 1 -2.90518e-6 0 1 -9.00168e-6 0 1 -2.35461e-6 0 1 7.4992e-6 0 1 8.37612e-7 0 1 0 0 1 1.26012e-5 0 1 8.54451e-6 0 1 -2.50633e-4 0 1 -3.24814e-6 0 1 -8.1178e-7 0 1 2.59812e-6 0 1 2.15392e-6 0 1 0 0 1 -1.03757e-5 0 1 4.97888e-6 0 1 -1.30039e-5 0 1 -4.92381e-6 0 1 3.3009e-6 0 1 -1.99858e-5 0 1 1.5436e-5 0 1 -1.63192e-5 0 1 1.31141e-7 0 1 1.03749e-5 0 1 3.23769e-6 0 1 0 0 1 -4.53079e-7 0 1 -6.06081e-6 0 1 0 0 1 -1.06068e-6 0 1 3.31271e-6 0 1 -2.47269e-6 0 1 4.667e-6 0 1 -2.23888e-6 0 1 1.80917e-6 0 1 2.62599e-7 0 1 0 0 1 2.59987e-6 0 1 2.16732e-6 0 1 2.58506e-6 0 1 1.86313e-6 0 1 -4.27381e-7 0 1 0 0 1 0 0 1 2.25319e-7 0 1 0 0 1 0 0 1 2.91191e-7 0 1 2.62549e-7 0 1 2.20111e-7 0 1 0 0 1 0 0 1 -1.3361e-7 0 1 3.77276e-7 0 1 0 0 1 -9.23661e-7 0 1 0 0 1 0 0 1 -2.75131e-7 0 1 0 0 1 1.60507e-7 0 1 -2.67984e-7 0 1 -1.48658e-6 0 1 -1.26565e-5 0 1 -1.23555e-7 0 1 0 0 1 1.28549e-7 0 1 -2.64266e-7 0 1 2.14187e-6 0 1 -5.76112e-7 0 1 -1.73963e-7 0 1 -1.2329e-6 0 1 1.59784e-6 0 1 0 0 1 -4.78558e-7 0 1 -5.29298e-7 0 1 0 0 1 -2.0669e-7 0 1 1.03542e-6 0 1 1.68708e-6 0 1 -1.71656e-6 0 1 1.70264e-6 0 1 7.85201e-7 0 1 7.66651e-7 0 1 1.35681e-6 0 1 -6.48462e-5 0 1 1.93014e-5 0 1 -1.43417e-5 0 1 2.19695e-5 0 1 -1.98975e-6 0 1 1.17585e-6 0 1 -1.49575e-6 0 1 -7.13261e-7 0 1 1.6768e-6 0 1 -9.81152e-7 0 1 8.78609e-7 0 1 -3.23034e-7 0 1 -1.61694e-6 0 1 -1.07584e-6 0 1 -4.63441e-7 0 1 7.87821e-7 0 1 2.64266e-7 0 1 -1.28548e-7 0 1 -7.87821e-7 0 1 4.63441e-7 0 1 1.07584e-6 0 1 1.61694e-6 0 1 3.23036e-7 0 1 -8.78607e-7 0 1 9.81169e-7 0 1 -1.67673e-6 0 1 7.13358e-7 0 1 1.49578e-6 0 1 -1.17585e-6 0 1 1.98984e-6 0 1 5.76203e-7 0 1 2.95954e-5 0 1 -2.03899e-5 0 1 3.24231e-5 0 1 -6.78177e-7 0 1 -8.27541e-5 0 1 1.35693e-6 0 1 -1.36038e-5 0 1 6.45149e-5 0 1 -3.54114e-5 0 1 2.12835e-5 0 1 -2.15787e-5 0 1 6.94437e-6 0 1 5.68787e-6 0 1 9.09935e-7 0 1 -9.05213e-7 0 1 -5.34238e-5 0 1 1.65577e-4 0 -1 1.05071e-5 0 -1 1.62771e-5 0 -1 -6.8082e-6 0 -1 2.53475e-6 0 -1 -4.82517e-6 0 -1 9.85304e-6 0 -1 -1.25612e-5 0 -1 8.97993e-6 0 -1 5.00248e-6 0 -1 2.36105e-5 0 -1 4.30229e-6 0 -1 0 0 -1 0 0 -1 -5.76886e-5 0 -1 6.52243e-6 0 -1 4.29453e-6 0 -1 7.49649e-6 0 -1 8.26154e-6 0 -1 -3.0904e-6 0 -1 -1.28949e-5 0 -1 -1.32867e-5 0 -1 3.7642e-7 0 -1 1.56986e-6 0 -1 2.29195e-6 0 -1 4.42695e-6 0 -1 -1.44724e-5 0 -1 4.43073e-5 0 -1 6.42201e-6 0 -1 -1.63981e-7 0 -1 3.05053e-5 0 -1 1.81061e-6 0 -1 1.09567e-4 0 -1 1.60022e-6 0 -1 2.31617e-6 0 -1 -1.08798e-6 0 -1 -1.18875e-6 0 -1 1.60022e-6 0 -1 3.77403e-6 0 -1 1.42127e-4 0 -1 -1.23842e-4 0 -1 6.90698e-5 0 -1 -2.75851e-5 0 -1 -4.17335e-6 0 -1 1.03659e-5 0 -1 -2.9873e-5 0 -1 5.62783e-6 0 -1 0 0 -1 -3.88091e-6 0 -1 0 0 -1 1.33263e-5 0 -1 -5.16553e-6 0 -1 6.6224e-6 0 -1 -1.44644e-5 0 -1 5.12713e-7 0 -1 5.84305e-6 0 -1 -6.16722e-6 0 -1 1.15987e-5 0 -1 -7.48132e-7 0 -1 0 0 -1 5.09588e-6 0 -1 0 0 -1 1.72744e-6 0 -1 0 0 -1 2.08661e-6 0 -1 0 0 -1 -4.08841e-6 0 -1 -1.17795e-5 0 -0.9999994 -0.001150369 0 -1 3.94682e-7 0 -1 -5.54728e-6 0 -1 -4.95397e-6 0 -0.9999985 -0.001723468 -1.59373e-7 -0.9999994 -0.001156628 0 -1 1.01978e-4 0 -1 3.26086e-6 0 -1 -2.86765e-6 0 -1 0 0 -1 -3.11817e-6 0 -1 4.45621e-7 0 -1 4.82248e-6 0 -1 -1.0864e-5 0 -1 -4.62025e-6 0 -1 3.3561e-6 0 -1 -1.1833e-6 0 -1 -3.56504e-7 0 -1 2.26507e-5 0 -1 -1.46138e-5 0 -1 -7.93986e-7 0 -0.9999999 4.61944e-4 0 -0.9999997 7.68722e-4 0 -1 -1.49893e-7 0 -1 -2.39839e-6 0 -1 2.74519e-6 0 -1 0 0 -1 -4.87377e-6 0 -1 -2.19927e-6 0 -1 0 0 -1 -2.19334e-7 0 -1 -7.4145e-7 0 -1 -3.73996e-6 0 -1 -3.36685e-7 0 -1 -1.10325e-6 0 -1 6.94283e-6 0 -1 -1.90486e-5 0 -1 9.3146e-6 0 -1 -6.59979e-6 0 -1 2.71846e-6 0 -1 -6.0002e-6 0 -1 -2.62073e-6 0 -1 2.59367e-7 0 -1 4.7733e-6 0 -1 -2.70819e-5 0 -1 -1.67017e-6 0 -1 -1.04231e-5 0 -1 1.63586e-6 0 -1 -2.10478e-6 0 -1 3.28164e-6 0 -1 -1.75582e-5 0 -1 1.91413e-6 0 -1 0 0 -1 1.83105e-6 0 -1 -1.01257e-6 0 -1 -1.21065e-6 0 -1 5.46461e-6 0 -1 -9.66835e-7 0 -1 3.31878e-6 0 -1 4.55592e-5 0 -1 -1.60181e-5 0 -1 5.68952e-6 0 -1 -2.08894e-5 0 -1 -1.60022e-6 0 -1 1.81685e-4 0 -1 -2.2362e-6 0 -1 -1.62499e-5 0 -1 1.08108e-5 0 -0.9999999 -4.83068e-4 0 -1 2.54302e-6 0 -1 3.42939e-6 0 -1 1.00707e-6 0 -1 -1.20048e-4 0 -0.9999997 -8.59877e-4 0 -1 3.42569e-6 0 -1 4.74546e-6 0 -1 -7.80237e-6 0 -1 -4.13187e-6 0 -1 8.77904e-6 0 -1 -1.71826e-6 0 -1 -2.19241e-5 0 -1 -4.0405e-6 0 -1 2.16538e-6 0 -1 9.10758e-6 0 -1 6.47779e-6 0 -1 9.41265e-7 0 -1 1.52534e-5 0 -1 4.43101e-5 0 -1 -1.44714e-5 0 -1 4.42679e-6 0 -1 -5.23032e-6 0 -1 -1.5044e-5 0 -1 -1.30636e-6 0 -1 3.68878e-7 0 -1 6.6663e-6 0 -1 5.61796e-6 0 -1 3.12451e-6 0 -1 5.06833e-6 0 -1 0 0 -1 -3.30778e-6 0 -1 -3.43659e-7 0 -1 0 0 -1 4.20937e-6 0 -1 2.19878e-5 0 -1 -1.67217e-5 0 -1 1.29924e-5 0 -1 -1.01661e-5 0 -1 7.906e-6 0 -1 -1.18375e-5 0 -1 6.6967e-6 0 -1 1.48425e-6 0 -1 -7.98026e-6 0 -1 1.11861e-6 0 -1 8.06248e-6 0 -1 -7.12667e-6 0 -1 4.14162e-7 0 -1 7.23408e-7 0 -1 0 0 -1 0 0 -1 0 0 -1 -1.30913e-7 0 -1 3.07965e-7 0 -1 0 0 -1 0 0 -1 1.58291e-7 0 -1 0 0 -1 0 0 -1 -3.06302e-7 0 -1 -2.52861e-7 0 -1 0 0 -1 4.89373e-7 0 -1 -3.21608e-7 0 -1 0 0 -1 0 0 -1 0 0 -1 4.62499e-7 0 -1 0 0 -1 1.99307e-7 0 -1 0 0 -1 0 0 -1 4.405e-6 0 -1 1.26641e-7 0 -1 -6.99514e-7 0 -1 -1.97406e-6 0 -1 7.94409e-7 0 -1 1.54474e-6 0 -1 1.83404e-6 0 -1 2.5147e-6 0 -1 1.96922e-7 0 -1 1.99172e-6 0 -1 2.18254e-6 0 -1 -3.74729e-6 0 -1 -6.11369e-6 0 -1 6.49313e-6 0 -1 -1.12695e-6 0 -1 5.46009e-7 0 -1 1.94055e-6 0 -1 1.01569e-5 0 -1 8.51658e-7 0 -1 -5.38023e-7 0 -1 2.1505e-6 0 -1 4.55994e-6 0 -1 -7.68626e-7 0 -1 1.79808e-6 0 -1 5.49856e-6 0 -1 3.13704e-6 0 -1 9.37097e-7 0 -1 0 0 -1 -1.72452e-5 0 -1 -1.94599e-6 0 -1 0 0 -1 2.0729e-6 0 -1 4.5631e-6 0 -1 4.60757e-6 0 -1 4.9132e-7 0 -1 -3.0691e-5 0 -1 -2.99768e-6 0 -1 -4.97483e-6 0 -1 7.55931e-6 0 -1 4.10153e-6 0 -1 -4.29842e-6 0 -1 -9.27686e-7 0 -1 5.13472e-6 0 -1 -3.53886e-6 0 -1 -1.74671e-6 0 -1 3.44757e-6 0 -1 2.99478e-6 0 -1 -2.52106e-6 0 -1 -2.54538e-6 0 -1 6.59286e-6 0 -1 -2.67044e-6 0 -1 1.22528e-6 0 -1 -5.10292e-6 0 -1 3.28121e-6 0 -1 4.24214e-6 0 -1 2.64633e-6 0 -1 -6.70353e-6 0 -1 -2.87548e-6 0 -1 7.55049e-6 0 -1 3.07139e-6 0 -1 -2.38735e-5 0 -1 1.12327e-5 0 -1 -5.05351e-6 0 -1 7.8619e-6 0 -1 1.00663e-5 0 -1 -3.61079e-6 0 -1 4.89278e-6 0 -1 8.20028e-6 0 -1 0 0 -1 -3.6405e-6 0 -1 -1.07421e-6 0 -1 1.37117e-7 0 -1 4.11786e-6 0 -1 7.40176e-6 0 -1 4.98834e-6 0 -1 -2.34189e-6 0 -1 -8.27909e-6 0 -1 4.68776e-6 0 -1 5.92961e-7 0 -1 7.56793e-6 0 -1 -2.86802e-7 0 -1 -4.9182e-6 0 -1 -4.8323e-6 0 -1 -2.61082e-6 0 -1 -2.11776e-6 0 -1 2.56579e-6 0 -1 1.64378e-6 0 -1 -1.81976e-6 0 -1 -4.0778e-5 0 -1 6.34863e-5 0 -1 -5.62198e-5 0 -1 -1.09567e-4 0 -1 0 0 -1 -1.12983e-6 0 -1 1.18989e-6 0 -1 3.21264e-7 0 -1 1.23492e-6 0 -1 -2.70419e-7 0 -1 -3.08829e-7 0 -1 8.17593e-7 0 -1 2.20854e-7 0 -1 5.68373e-7 0 -1 2.99999e-7 0 -1 4.3939e-5 0 -1 -2.95951e-5 0 -1 2.14814e-5 0 -1 -9.05285e-7 0 -1 -5.47838e-5 0 -1 1.08964e-6 0 -1 3.17465e-5 0 -1 -2.72009e-5 0 -1 -1.35679e-6 0 -1 -1.65577e-4 -0.03238523 0.8567276 -0.5147516 -0.1593837 0.8567213 -0.490536 -0.2763903 0.8566972 -0.4355209 -0.3759915 0.8567176 -0.35308 -0.4519786 0.8567199 -0.248488 -0.47958 0.8567105 -0.1898685 -0.5117118 0.856723 -0.06462818 -0.5117115 0.8567233 0.06462776 -0.4795749 0.8567144 0.1898642 -0.4172713 0.8567203 0.3031752 -0.32877 0.8567197 0.3974187 -0.2196104 0.8567255 0.4666829 -0.09664571 0.8567167 0.5066519 0.03238475 0.8567152 0.5147723 0.09663933 0.8567548 0.5065888 0.1594122 0.8566693 0.4906176 0.2195896 0.8567388 0.4666682 0.2763903 0.8566972 0.4355209 0.32877 0.8567197 0.3974187 0.3759921 0.8567257 0.3530597 0.4172713 0.8567203 0.3031752 0.4519969 0.8567074 0.2484982 0.4795651 0.8567207 0.1898603 0.4995738 0.8567199 0.1282855 0.511727 0.8567138 0.06462973 0.5157839 0.8567187 0 0.5117222 0.8567167 -0.06462949 0.499576 0.8567186 -0.1282853 0.4795606 0.8567231 -0.1898608 0.4519969 0.8567074 -0.2484982 0.3760099 0.8567122 -0.3530736 0.2763903 0.8566972 -0.4355209 0.1593964 0.8566948 -0.490578 0.03238743 0.8566899 -0.514814 -0.03238523 0.8567276 0.5147516 -0.1593863 0.8567197 0.490538 -0.2763903 0.8566972 0.4355209 -0.3759737 0.8567311 0.3530661 -0.4519969 0.8567074 0.2484982 -0.4995955 0.8567098 0.1282674 -0.5157944 0.8567124 0 -0.4995876 0.8567149 -0.1282646 -0.4172906 0.8567066 -0.3031871 -0.32877 0.8567197 -0.3974187 -0.2196104 0.8567255 -0.4666829 -0.09664571 0.8567167 -0.5066519 0.09663933 0.8567548 -0.5065888 0.2195896 0.8567388 -0.4666682 0.32877 0.8567197 -0.3974187 0.4172906 0.8567066 -0.3031871 0.04416972 0.7072075 -0.7056249 0.04273378 0.7065072 -0.7064145 0.04291653 0.7065964 -0.7063142 -0.04284727 0.7065255 -0.7063893 -0.04273599 0.7064701 -0.7064515 -0.04416769 0.7071812 -0.7056515 -0.04439049 0.7072914 -0.705527 -0.1280502 0.7058557 -0.6966857 -0.1277208 0.7056735 -0.6969307 -0.131868 0.7079584 -0.6938341 -0.1322864 0.7081882 -0.6935199 -0.2115555 0.7052336 -0.6766756 -0.2110208 0.7049109 -0.6771786 -0.2172837 0.7086643 -0.6712546 -0.2179123 0.7090385 -0.6706554 -0.2913979 0.7041724 -0.6474785 -0.2999491 0.7097516 -0.6374036 -0.3676256 0.7035954 -0.608116 -0.3771069 0.7104147 -0.5942234 -0.4385846 0.7030321 -0.5598119 -0.4482516 0.7109619 -0.5418521 -0.503177 0.7025752 -0.5031909 -0.5123134 0.7113883 -0.4811047 -0.5604552 0.7021987 -0.439098 -0.5681832 0.7118715 -0.4128037 -0.6096233 0.7018257 -0.3685107 -0.6151968 0.7121409 -0.3382134 -0.6498664 0.7015148 -0.2924907 -0.6524776 0.712414 -0.2583394 -0.6805989 0.701291 -0.2120755 -0.6795012 0.7126326 -0.1744504 -0.7013436 0.7011381 -0.1285401 -0.6959312 0.7127081 -0.08790397 -0.7117625 0.7011008 -0.04303365 -0.7014195 0.7127488 0 -0.7117648 0.7010985 0.04303348 -0.6959286 0.7127105 0.08790427 -0.7013093 0.7011739 0.128533 -0.6795093 0.7126265 0.1744439 -0.6806014 0.7012888 0.2120748 -0.6524673 0.7124279 0.2583273 -0.6498323 0.7015527 0.2924754 -0.6152228 0.7121116 0.3382277 -0.6096233 0.7018257 0.3685107 -0.568189 0.7118644 0.412808 -0.5604584 0.7021968 0.4390968 -0.5123314 0.7113576 0.481131 -0.5031805 0.7025735 0.5031898 -0.4482655 0.7109442 0.5418639 -0.4385655 0.7030684 0.5597814 -0.3771411 0.7103597 0.5942673 -0.3676079 0.7036166 0.6081021 -0.2999585 0.709734 0.6374186 -0.2914064 0.7041706 0.6474768 -0.2179065 0.7090595 0.6706351 -0.2172721 0.7086803 0.6712415 -0.2115294 0.7052192 0.6766988 -0.2110208 0.7049109 0.6771786 -0.1322862 0.708187 0.6935212 -0.1318678 0.7079579 0.6938346 -0.1280849 0.7058746 0.6966602 -0.1277208 0.7056735 0.6969307 -0.04438811 0.7073333 0.7054852 -0.04425692 0.7072631 0.7055638 -0.04282933 0.7064989 0.7064171 -0.04273277 0.706447 0.7064748 0.0428164 0.7065382 0.7063785 0.04272997 0.7064934 0.7064285 0.04426348 0.7072895 0.705537 0.0443843 0.707352 0.7054666 0.1280761 0.7058278 0.6967093 0.1277225 0.7056273 0.6969772 0.131882 0.7079781 0.6938114 0.1322901 0.7082078 0.6934992 0.2115609 0.7052263 0.6766816 0.2110236 0.7049016 0.6771875 0.2172816 0.7086618 0.671258 0.2179123 0.7090385 0.6706554 0.2913911 0.7042081 0.6474429 0.2999415 0.7097336 0.6374273 0.3676355 0.7035949 0.6081106 0.3771283 0.7103753 0.594257 0.4385793 0.7030161 0.5598363 0.4482769 0.7109226 0.5418827 0.5032163 0.7025489 0.5031883 0.5123159 0.7114055 0.4810767 0.5604878 0.702159 0.4391198 0.5681832 0.7118715 0.4128037 0.6096788 0.7017403 0.3685816 0.6151968 0.7121409 0.3382134 0.6498734 0.7015224 0.2924566 0.6524748 0.7124164 0.2583402 0.6805604 0.7013213 0.2120994 0.6795514 0.7125715 0.1745042 0.7013493 0.7011392 0.1285029 0.6958893 0.7127496 0.08789926 0.7117636 0.7010974 0.04307079 0.7013996 0.7127683 0 0.7117614 0.7010997 -0.04307091 0.6958918 0.712747 -0.08789896 0.7013102 0.7011795 -0.1284966 0.6795433 0.7125777 -0.1745108 0.6805579 0.7013235 -0.2121001 0.6524885 0.7124061 -0.2583338 0.6498734 0.7015224 -0.2924566 0.6152055 0.7121312 -0.3382182 0.6096788 0.7017403 -0.3685816 0.568184 0.7118704 -0.4128043 0.5604845 0.7021608 -0.439121 0.5123196 0.7114068 -0.4810708 0.5032128 0.7025506 -0.5031895 0.4482782 0.7109245 -0.5418792 0.4385526 0.7030552 -0.5598081 0.3771518 0.71034 -0.5942841 0.3676339 0.7036113 -0.6080925 0.2999424 0.7097358 -0.6374243 0.291375 0.7042287 -0.6474277 0.2179127 0.7090398 -0.670654 0.2172805 0.7086632 -0.6712568 0.2115612 0.7052268 -0.6766808 0.2110236 0.7049016 -0.6771875 0.1322898 0.7082065 -0.6935005 0.1318931 0.707987 -0.6938002 0.1280582 0.7058556 -0.6966844 0.1277158 0.7056645 -0.6969407 0.04438686 0.7073134 -0.7055053 -0.06279295 -0.001254022 -0.9980258 0 0.001305699 -0.9999992 0 0 -1 0 0 -1 0.06278932 -0.0012542 -0.9980261 0.1278744 0.001303255 -0.9917896 0.1278747 0 -0.9917904 0.1278747 0 -0.9917904 0.1873892 -0.001249909 -0.982285 0.2536641 0.001296877 -0.9672915 0.2536645 0 -0.9672924 0.2536645 0 -0.9672924 0.3090136 -0.001238942 -0.9510569 0.3752669 0.001284003 -0.926916 0.375271 0 -0.9269152 0.375271 0 -0.9269151 0.4257638 -0.001226842 -0.9048336 0.4907274 0.001271069 -0.8713123 0.4907278 0 -0.871313 0.4907278 0 -0.8713129 0.5358274 -0.001204967 -0.8443267 0.598104 0.001253902 -0.8014176 0.5981049 0 -0.801418 0.598105 0 -0.8014179 0.6374173 -0.001187443 -0.770518 0.6956733 0.001228094 -0.7183573 0.6956719 0 -0.7183597 0.6956719 0 -0.7183597 0.7289847 -0.001169919 -0.6845291 0.7818403 0.001202404 -0.6234778 0.7818391 0 -0.6234802 0.7818391 0 -0.6234803 0.8090127 -0.001141428 -0.5877901 0.8551323 0.001168012 -0.5184086 0.8551331 0 -0.5184088 0.8551331 0 -0.5184088 0.8763099 -0.001106381 -0.4817466 0.9144265 0.00113368 -0.4047505 0.9144271 0 -0.4047508 0.9144271 0 -0.4047508 0.9297755 -0.001062572 -0.3681255 0.9586653 0.001090705 -0.2845342 0.9586655 0 -0.2845356 0.9586656 0 -0.2845356 0.9685757 -0.001018762 -0.2487172 0.9871772 0.001056373 -0.1596247 0.9871777 0 -0.1596255 0.9871777 0 -0.1596254 0.9921166 -9.85912e-4 -0.1253149 0.9994859 9.96274e-4 -0.03205007 0.9994863 0 -0.03205001 0.9999996 -9.31135e-4 0 0.9953774 9.44739e-4 0.09603649 0.9953779 0 0.09603649 0.9953779 0 0.09603649 0.9921168 -8.8074e-4 0.1253138 0.9749241 9.01801e-4 0.2225357 0.9749248 0 0.2225347 0.9749249 0 0.2225347 0.9685764 -8.10623e-4 0.2487152 0.9384746 8.33093e-4 0.3453475 0.938475 0 0.3453474 0.938475 0 0.3453474 0.9297758 -7.449e-4 0.3681255 0.8865951 7.72976e-4 0.4625457 0.8865957 0 0.4625455 0.8865956 0 0.4625454 0.8763103 -6.91224e-4 0.4817467 0.820163 7.04253e-4 0.5721296 0.8201642 0 0.5721284 0.8201642 0 0.5721283 0.8090132 -6.17835e-4 0.5877903 0.7402994 6.26983e-4 0.672277 0.7403001 0 0.6722766 0.7403001 0 0.6722767 0.7289893 -5.41164e-4 0.684525 0.6452371 2.74329e-4 0.7639824 0.648207 0 0.7614643 0.6404054 -4.86791e-7 0.7680371 0.6374201 -4.57895e-4 0.7705163 0.5428515 2.37984e-4 0.8398287 0.5455465 0 0.8380807 0.5385305 4.14915e-7 0.842606 0.5358306 -3.71085e-4 0.8443256 0.4316226 1.97961e-4 0.9020543 0.433876 0 0.9009726 0.4280158 -3.14752e-7 0.9037712 0.425764 -2.9001e-4 0.9048342 0.3134157 1.57547e-4 0.9496161 0.315105 0 0.9490569 0.3106992 2.10494e-7 0.9505083 0.3090136 -1.96497e-4 0.9510576 0.1900677 1.12563e-4 0.981771 0.1911662 0 0.9815578 0.1885272 -3.84793e-7 0.982068 0.1873851 -9.94667e-5 0.9822865 0.06371754 7.44141e-5 0.9979681 0.06406015 0 0.997946 0.06313478 0 0.9980051 0.06279373 0 0.9980266 -0.06279736 0 0.9980264 -0.06313836 0 0.9980048 -0.06376886 7.82575e-5 0.9979647 -0.06406378 0 0.9979459 -0.1873744 -1.00779e-4 0.9822885 -0.1884224 1.34317e-7 0.9820881 -0.1901037 1.17746e-4 0.981764 -0.1911555 0 0.9815598 -0.3090136 -1.9499e-4 0.9510576 -0.3107154 -1.93782e-7 0.950503 -0.313462 1.60781e-4 0.9496008 -0.315122 0 0.9490513 -0.4257865 -2.89204e-4 0.9048237 -0.428017 -3.44317e-7 0.9037706 -0.4316437 2.02456e-4 0.9020442 -0.433876 0 0.9009726 -0.5358304 -3.81218e-4 0.8443256 -0.5385057 -4.15486e-7 0.8426219 -0.5428498 2.32675e-4 0.8398298 -0.5455204 0 0.8380976 -0.6374201 -4.60086e-4 0.7705163 -0.648235 5.49676e-4 0.7614402 -0.6482351 0 0.7614403 -0.6482351 0 0.7614403 -0.7289602 -5.3457e-4 0.6845559 -0.740271 6.26959e-4 0.6723083 -0.7402718 0 0.6723078 -0.7402718 0 0.6723078 -0.8090131 -6.22217e-4 0.5877904 -0.8201897 7.12865e-4 0.5720912 -0.8201909 0 0.57209 -0.8201909 0 0.5720901 -0.8763103 -6.74793e-4 0.4817466 -0.8865951 7.72976e-4 0.4625457 -0.8865957 0 0.4625455 -0.8865956 0 0.4625455 -0.9297758 -7.449e-4 0.3681256 -0.9384561 8.24488e-4 0.3453976 -0.9384566 0 0.3453975 -0.9384565 0 0.3453974 -0.9685904 -8.06253e-4 0.2486606 -0.9749364 8.93224e-4 0.2224819 -0.9749371 0 0.2224808 -0.9749371 0 0.2224808 -0.9921168 -8.67595e-4 0.1253138 -0.9953774 9.53328e-4 0.09603649 -0.9953779 0 0.09603649 -0.9953779 0 0.09603649 -0.9999996 -9.2018e-4 0 -0.9994859 9.96274e-4 -0.03205007 -0.9994863 0 -0.03205001 -0.9921166 -9.72766e-4 -0.1253148 -0.9871862 0.001056373 -0.1595695 -0.9871867 0 -0.1595702 -0.9871867 0 -0.1595702 -0.9685896 -0.001025319 -0.2486629 -0.9586653 0.001090705 -0.2845342 -0.9586656 0 -0.2845356 -0.9586655 0 -0.2845356 -0.9297755 -0.001064717 -0.3681255 -0.9144054 0.00113368 -0.4047981 -0.9144061 0 -0.4047982 -0.9144062 0 -0.4047982 -0.87631 -0.001099765 -0.4817464 -0.8551323 0.001176595 -0.5184086 -0.8551329 0 -0.5184088 -0.8551331 0 -0.5184088 -0.8090127 -0.001139223 -0.5877901 -0.7818402 0.001210987 -0.6234777 -0.7818392 0 -0.6234803 -0.7818391 0 -0.6234803 -0.7289557 -0.001165509 -0.6845599 -0.6956733 0.001236677 -0.7183573 -0.6956719 0 -0.7183597 -0.6956719 0 -0.7183597 -0.6374171 -0.001191794 -0.770518 -0.5981312 0.001253962 -0.8013973 -0.5981319 0 -0.8013977 -0.5981319 0 -0.8013977 -0.5358274 -0.001213729 -0.8443267 -0.4907031 0.001266717 -0.871326 -0.4907034 0 -0.8713267 -0.4907034 0 -0.8713267 -0.4257861 -0.001226902 -0.904823 -0.3752669 0.001288294 -0.926916 -0.3752711 0 -0.9269151 -0.375271 0 -0.9269151 -0.3090136 -0.001240015 -0.9510569 -0.2536641 0.001296877 -0.9672915 -0.2536646 0 -0.9672923 -0.2536646 0 -0.9672923 -0.1873785 -0.001249849 -0.9822871 -0.1278744 0.001303255 -0.9917896 -0.1278747 0 -0.9917904 -0.1278747 0 -0.9917904 0.06279802 0.0012542 -0.9980255 0 -0.001305699 -0.9999992 -0.06280165 0.00125432 -0.9980252 -0.1278747 -0.001303255 -0.9917895 -0.18737 0.001249849 -0.9822887 -0.2536647 -0.001296877 -0.9672914 -0.3090136 0.001240015 -0.9510569 -0.3752747 -0.001288294 -0.9269129 -0.4257794 0.001226902 -0.9048262 -0.4907031 -0.001266717 -0.871326 -0.5358271 0.001213729 -0.8443269 -0.5981317 -0.001253962 -0.8013969 -0.6374224 0.001194 -0.7705138 -0.6956694 -0.001236677 -0.7183611 -0.7289602 0.001167714 -0.6845551 -0.7818369 -0.001210987 -0.6234819 -0.8090126 0.001139223 -0.5877903 -0.8551326 -0.001176595 -0.5184082 -0.8763098 0.00110197 -0.4817469 -0.9144057 -0.00113368 -0.4047977 -0.9297757 0.001064717 -0.3681253 -0.9586646 -0.001090705 -0.2845366 -0.9685901 0.001023113 -0.2486605 -0.987186 -0.001056373 -0.1595707 -0.9921168 9.7714e-4 -0.1253139 -0.9994859 -9.96274e-4 -0.03205001 -0.9999996 9.22371e-4 0 -0.9953774 -9.53328e-4 0.09603637 -0.9921166 8.65412e-4 0.125315 -0.974937 -8.93216e-4 0.2224795 -0.9685898 8.08451e-4 0.2486629 -0.9384563 -8.24488e-4 0.3453971 -0.9297758 7.449e-4 0.3681254 -0.8865956 -7.72977e-4 0.4625449 -0.8763082 6.75893e-4 0.4817507 -0.8201916 -7.12863e-4 0.5720885 -0.8090143 6.24405e-4 0.5877886 -0.7402721 -6.2696e-4 0.6723071 -0.7289586 5.32381e-4 0.6845576 -0.648235 -5.49676e-4 0.7614402 -0.63742 4.60086e-4 0.7705165 -0.5428499 -2.33897e-4 0.8398298 -0.5358304 3.79849e-4 0.8443255 -0.4316441 -2.02581e-4 0.9020441 -0.4257868 2.88108e-4 0.9048235 -0.3134202 -1.57739e-4 0.9496146 -0.3090177 1.9499e-4 0.9510564 -0.1901038 -1.17492e-4 0.981764 -0.1873744 1.01036e-4 0.9822885 -0.06376886 -7.82554e-5 0.9979647 0.06279367 0 0.9980266 0.06371748 -7.44161e-5 0.9979681 0.1873852 9.85938e-5 0.9822866 0.1901616 -1.20443e-4 0.9817529 0.3090176 1.97181e-4 0.9510564 0.3134191 -1.58161e-4 0.949615 0.4257645 2.89189e-4 0.904834 0.4316231 -1.9879e-4 0.902054 0.5358304 3.72454e-4 0.8443256 0.5428515 -2.36763e-4 0.8398287 0.6374201 4.55704e-4 0.7705163 0.6452372 -2.75163e-4 0.7639824 0.7289874 5.43357e-4 0.6845269 0.7403004 -6.26984e-4 0.6722759 0.8090144 6.22214e-4 0.5877887 0.820165 -7.04251e-4 0.5721268 0.876308 6.92325e-4 0.4817508 0.8865956 -7.72977e-4 0.4625449 0.929776 7.449e-4 0.3681254 0.9384747 -8.33093e-4 0.345347 0.9685758 8.06248e-4 0.2487171 0.9749248 -9.01794e-4 0.2225334 0.9921166 8.76366e-4 0.125315 0.9953774 -9.44739e-4 0.09603637 0.9999996 9.28944e-4 0 0.9994859 -9.96274e-4 -0.03205001 0.9921168 9.90285e-4 -0.1253139 0.987177 -0.001056373 -0.159626 0.9685763 0.001016557 -0.2487148 0.9586646 -0.001090705 -0.2845366 0.9297757 0.001060366 -0.3681253 0.9144265 -0.00113368 -0.4047505 0.8763097 0.001108586 -0.4817469 0.8551326 -0.001168012 -0.5184082 0.8090124 0.001143634 -0.5877905 0.7818369 -0.001202404 -0.6234819 0.7289891 0.001169919 -0.6845244 0.6956694 -0.001228094 -0.7183611 0.6374224 0.001187443 -0.7705138 0.598105 -0.001253902 -0.8014168 0.5358269 0.001204967 -0.844327 0.4907274 -0.001271069 -0.8713123 0.4257569 0.001226842 -0.9048369 0.3752747 -0.001284003 -0.9269129 0.3090136 0.001238942 -0.9510569 0.2536644 -0.001296877 -0.9672914 0.1873807 0.001249909 -0.9822866 0.1278747 -0.001303255 -0.9917895 -0.03238523 -0.8567276 0.5147516 -0.1593866 -0.8567209 0.4905357 -0.2763903 -0.8566972 0.4355209 -0.3759889 -0.8567185 0.3530804 -0.4519969 -0.8567074 0.2484982 -0.4795846 -0.8567081 0.189868 -0.5117141 -0.8567216 0.06462806 -0.511717 -0.8567199 -0.06462883 -0.4795703 -0.8567169 -0.1898647 -0.4172737 -0.8567193 -0.3031749 -0.32877 -0.8567197 -0.3974187 -0.2196104 -0.8567255 -0.4666829 -0.09664571 -0.8567167 -0.5066519 0.03238743 -0.8566899 -0.514814 0.09663933 -0.8567548 -0.5065888 0.1593964 -0.8566948 -0.490578 0.2195896 -0.8567388 -0.4666682 0.2763903 -0.8566972 -0.4355209 0.32877 -0.8567197 -0.3974187 0.3760099 -0.8567122 -0.3530736 0.4172906 -0.8567066 -0.3031871 0.4519969 -0.8567074 -0.2484982 0.4795606 -0.8567231 -0.1898608 0.4995659 -0.856725 -0.1282827 0.5117275 -0.8567135 -0.06463015 0.5157839 -0.8567187 0 0.5117244 -0.8567155 0.06462937 0.4995636 -0.8567262 0.1282829 0.4795651 -0.8567207 0.1898603 0.4519969 -0.8567074 0.2484982 0.3759921 -0.8567257 0.3530597 0.2763903 -0.8566972 0.4355209 0.1594122 -0.8566693 0.4906176 0.03238475 -0.8567152 0.5147723 -0.03238523 -0.8567276 -0.5147516 -0.1593835 -0.85672 -0.4905382 -0.2763903 -0.8566972 -0.4355209 -0.3759762 -0.8567302 -0.3530657 -0.4519786 -0.8567199 -0.248488 -0.4995775 -0.8567212 -0.128262 -0.5157944 -0.8567124 0 -0.4995955 -0.8567098 0.1282674 -0.4172713 -0.8567203 0.3031752 -0.32877 -0.8567197 0.3974187 -0.2196104 -0.8567255 0.4666829 -0.09664571 -0.8567167 0.5066519 0.09663933 -0.8567548 0.5065888 0.2195896 -0.8567388 0.4666682 0.32877 -0.8567197 0.3974187 0.4172713 -0.8567203 0.3031752 0.04426771 -0.7072938 0.7055324 0.04272913 -0.7065073 0.7064146 0.04281127 -0.7065494 0.7063676 -0.04282867 -0.7064984 0.7064176 -0.04273277 -0.706447 0.7064748 -0.04429495 -0.7072817 0.7055428 -0.04438799 -0.7073314 0.7054871 -0.1280501 -0.7058557 0.6966857 -0.1277208 -0.7056735 0.6969307 -0.131868 -0.7079585 0.6938341 -0.1322864 -0.7081882 0.6935199 -0.2115969 -0.7052626 0.6766325 -0.2110208 -0.7049109 0.6771786 -0.2172299 -0.7086752 0.6712605 -0.2179 -0.7090782 0.6706175 -0.2914064 -0.7041706 0.6474768 -0.2999491 -0.7097516 0.6374036 -0.3676079 -0.7036166 0.6081021 -0.3771495 -0.7103358 0.5942906 -0.4385655 -0.7030684 0.5597814 -0.4482516 -0.7109619 0.5418521 -0.5031805 -0.7025735 0.5031898 -0.512335 -0.7113527 0.4811344 -0.5604584 -0.7021968 0.4390968 -0.5681832 -0.7118715 0.4128037 -0.6096233 -0.7018257 0.3685107 -0.6152316 -0.7121018 0.3382325 -0.6498323 -0.7015527 0.2924754 -0.6524748 -0.7124164 0.2583402 -0.6806014 -0.7012888 0.2120748 -0.6794986 -0.712635 0.174451 -0.7013093 -0.7011739 0.128533 -0.6959286 -0.7127105 0.08790427 -0.7117648 -0.7010985 0.04303348 -0.7014195 -0.7127488 0 -0.7117625 -0.7011008 -0.04303365 -0.6959312 -0.7127081 -0.08790397 -0.7013436 -0.7011381 -0.1285401 -0.679512 -0.7126241 -0.1744433 -0.6805989 -0.701291 -0.2120755 -0.6524701 -0.7124257 -0.2583264 -0.6498664 -0.7015148 -0.2924907 -0.6151881 -0.7121507 -0.3382086 -0.6096233 -0.7018257 -0.3685107 -0.5681892 -0.7118642 -0.412808 -0.5604552 -0.7021987 -0.439098 -0.5123098 -0.7113932 -0.4811013 -0.503177 -0.7025752 -0.5031909 -0.4482655 -0.7109442 -0.5418639 -0.4385846 -0.7030321 -0.5598119 -0.3771198 -0.7103992 -0.5942338 -0.3676256 -0.7035954 -0.608116 -0.2999585 -0.709734 -0.6374186 -0.2913979 -0.7041724 -0.6474785 -0.2179127 -0.7090398 -0.670654 -0.2172832 -0.7086654 -0.6712537 -0.2115563 -0.7052338 -0.6766752 -0.2110208 -0.7049109 -0.6771786 -0.1322862 -0.708187 -0.6935212 -0.1318682 -0.7079578 -0.6938347 -0.1280498 -0.7058551 -0.6966863 -0.1277208 -0.7056735 -0.6969307 -0.04439061 -0.7072933 -0.7055251 -0.04412883 -0.7071635 -0.7056717 -0.04292464 -0.7065643 -0.7063459 -0.04273599 -0.7064701 -0.7064515 0.04279923 -0.7065415 -0.7063763 0.0427336 -0.7065095 -0.7064122 0.04417067 -0.7072073 -0.7056251 0.0443868 -0.7073121 -0.7055066 0.1280935 -0.7058756 -0.6966575 0.1277158 -0.7056645 -0.6969407 0.1318929 -0.7079877 -0.6937995 0.1322901 -0.7082078 -0.6934992 0.2115921 -0.705246 -0.6766512 0.2110236 -0.7049016 -0.6771875 0.2172811 -0.7086622 -0.6712577 0.2179123 -0.7090385 -0.6706554 0.291375 -0.7042287 -0.6474277 0.2999415 -0.7097336 -0.6374273 0.3676339 -0.7036113 -0.6080925 0.3771495 -0.7103358 -0.5942906 0.4385526 -0.7030552 -0.5598081 0.4482769 -0.7109226 -0.5418827 0.5032128 -0.7025506 -0.5031895 0.5123232 -0.7114019 -0.4810742 0.5604845 -0.7021608 -0.439121 0.5681832 -0.7118715 -0.4128037 0.6096788 -0.7017403 -0.3685816 0.6151968 -0.7121409 -0.3382134 0.6498734 -0.7015224 -0.2924566 0.6524776 -0.712414 -0.2583394 0.6805579 -0.7013235 -0.2121001 0.6795541 -0.7125691 -0.1745036 0.7013102 -0.7011795 -0.1284966 0.6958918 -0.712747 -0.08789896 0.7117614 -0.7010997 -0.04307091 0.7013996 -0.7127683 0 0.7117636 -0.7010974 0.04307079 0.6958893 -0.7127496 0.08789926 0.7013493 -0.7011392 0.1285029 0.6795406 -0.71258 0.1745114 0.6805604 -0.7013213 0.2120994 0.6524857 -0.7124084 0.2583345 0.6498734 -0.7015224 0.2924566 0.6152055 -0.7121312 0.3382182 0.6096788 -0.7017403 0.3685816 0.5681878 -0.7118659 0.4128071 0.5604878 -0.702159 0.4391198 0.5123122 -0.7114104 0.4810732 0.5032163 -0.7025489 0.5031883 0.4482782 -0.7109245 0.5418792 0.4385793 -0.7030161 0.5598363 0.3771411 -0.7103597 0.5942673 0.3676355 -0.7035949 0.6081106 0.2999424 -0.7097358 0.6374243 0.2913911 -0.7042081 0.6474429 0.2179127 -0.7090398 0.670654 0.2172811 -0.7086628 0.671257 0.2115612 -0.7052268 0.6766809 0.2110236 -0.7049016 0.6771875 0.1322898 -0.7082065 0.6935005 0.1318822 -0.7079774 0.693812 0.1280757 -0.7058272 0.6967099 0.1277225 -0.7056273 0.6969772 0.04438436 -0.7073532 0.7054654 -0.0627886 0.001254022 0.9980261 0 -0.001305699 0.9999992 0 0 1 0 0 1 0.06278496 0.0012542 0.9980263 0.1278829 -0.001303255 0.9917885 0.1278831 0 0.9917893 0.1278831 0 0.9917893 0.1873807 0.001248836 0.9822866 0.2536602 -0.001296877 0.9672926 0.2536585 0 0.9672939 0.2536585 0 0.9672939 0.3090175 0.001240015 0.9510556 0.3752743 -0.001284003 0.926913 0.3752747 0 0.9269137 0.3752747 0 0.9269136 0.4257638 0.001226842 0.9048336 0.4907209 -0.001271069 0.871316 0.4907212 0 0.8713166 0.4907212 0 0.8713166 0.5358305 0.001204967 0.8443247 0.598104 -0.001249611 0.8014176 0.5981049 0 0.8014178 0.598105 0 0.8014179 0.6374199 0.001187443 0.7705157 0.6956666 -0.001228094 0.7183637 0.6956675 0 0.718364 0.6956675 0 0.7183641 0.7289888 0.001169919 0.6845247 0.7818385 -0.001202404 0.6234798 0.7818391 0 0.6234803 0.7818391 0 0.6234802 0.8090142 0.001137018 0.5877881 0.8551346 -0.001168012 0.5184048 0.8551341 0 0.5184069 0.8551342 0 0.5184069 0.8763059 0.001106381 0.481754 0.9144293 -0.00113368 0.4047442 0.9144299 0 0.4047445 0.9144299 0 0.4047444 0.9297744 0.001062572 0.3681285 0.9586646 -0.001090705 0.2845366 0.9586652 0 0.2845368 0.9586651 0 0.2845367 0.9685763 0.001018702 0.2487151 0.987177 -0.001056373 0.159626 0.9871776 0 0.1596261 0.9871776 0 0.1596261 0.9921168 9.85903e-4 0.1253138 0.9994859 -9.96274e-4 0.03205007 0.9994863 0 0.03205019 0.9994863 0 0.03205019 0.9999996 9.31135e-4 0 0.9953776 -9.44731e-4 -0.09603565 0.9953779 0 -0.09603607 0.995378 0 -0.09603607 0.9921166 8.80748e-4 -0.1253149 0.9749246 -9.01793e-4 -0.2225339 0.9749251 0 -0.2225337 0.974925 0 -0.2225337 0.9685758 8.1063e-4 -0.2487173 0.9384746 -8.33093e-4 -0.3453475 0.9384745 0 -0.3453487 0.9384745 0 -0.3453488 0.9297747 7.44906e-4 -0.3681285 0.886597 -7.7297e-4 -0.4625422 0.8865984 0 -0.4625402 0.8865984 0 -0.4625402 0.8763103 6.91224e-4 -0.4817467 0.8201603 -7.04258e-4 -0.5721336 0.8201607 0 -0.5721334 0.8201606 0 -0.5721334 0.8090132 6.1893e-4 -0.5877903 0.7403052 -6.35566e-4 -0.6722707 0.7403059 0 -0.6722702 0.7403059 0 -0.6722702 0.7289851 5.41167e-4 -0.6845293 0.6452348 -2.7297e-4 -0.7639842 0.648212 0 -0.76146 0.64041 4.85335e-7 -0.7680332 0.6374176 4.57896e-4 -0.7705185 0.5428888 -2.40357e-4 -0.8398047 0.5455434 0 -0.8380826 0.5385276 -4.13838e-7 -0.8426079 0.5358274 3.71086e-4 -0.8443275 0.4316167 -1.94803e-4 -0.9020572 0.4338796 0 -0.9009709 0.428019 9.23441e-7 -0.9037697 0.4257568 2.86725e-4 -0.9048376 0.3134155 -1.59541e-4 -0.9496161 0.3151069 0 -0.9490562 0.3107466 2.39891e-7 -0.9504928 0.3090136 1.95812e-4 -0.9510576 0.1901114 -1.13937e-4 -0.9817626 0.1911745 0 -0.9815562 0.1885351 3.84959e-7 -0.9820665 0.1873809 9.94668e-5 -0.9822874 0.06376159 -7.74723e-5 -0.9979652 0.06406867 0 -0.9979455 0.06304681 0 -0.9980106 0.06278938 0 -0.9980269 -0.06279301 0 -0.9980267 -0.06343311 0 -0.9979861 -0.06371754 -7.36743e-5 -0.9979681 -0.06407231 0 -0.9979453 -0.1873702 1.0297e-4 -0.9822894 -0.1884303 -1.34181e-7 -0.9820866 -0.1901472 -1.19804e-4 -0.9817557 -0.1911637 0 -0.9815582 -0.3090136 1.9499e-4 -0.9510576 -0.3107172 -2.33442e-7 -0.9505025 -0.3134619 -1.62766e-4 -0.9496008 -0.3151239 0 -0.9490506 -0.4257793 2.84823e-4 -0.9048271 -0.4280202 -2.89943e-7 -0.9037692 -0.4316377 -2.00338e-4 -0.9020471 -0.4338796 0 -0.9009709 -0.5358273 3.81219e-4 -0.8443276 -0.5385028 4.16563e-7 -0.8426238 -0.5428468 -2.32674e-4 -0.8398317 -0.5455174 0 -0.8380995 -0.6374176 4.60087e-4 -0.7705185 -0.6482375 -5.49674e-4 -0.7614381 -0.64824 0 -0.7614361 -0.64824 0 -0.7614361 -0.7289561 5.43337e-4 -0.6845602 -0.7402769 -6.26953e-4 -0.6723018 -0.7402776 0 -0.6723014 -0.7402777 0 -0.6723014 -0.8090131 6.22217e-4 -0.5877904 -0.8201869 -7.1287e-4 -0.5720953 -0.8201873 0 -0.5720951 -0.8201873 0 -0.5720951 -0.8763103 6.74793e-4 -0.4817466 -0.886597 -7.7297e-4 -0.4625422 -0.8865984 0 -0.4625402 -0.8865984 0 -0.4625401 -0.9297747 7.44906e-4 -0.3681286 -0.9384561 -8.24488e-4 -0.3453976 -0.938456 0 -0.3453989 -0.938456 0 -0.3453989 -0.9685899 8.0626e-4 -0.2486627 -0.9749369 -8.93216e-4 -0.22248 -0.9749374 0 -0.2224799 -0.9749374 0 -0.2224799 -0.9921166 8.67603e-4 -0.1253148 -0.9953776 -9.5332e-4 -0.09603565 -0.995378 0 -0.09603607 -0.9953779 0 -0.09603607 -0.9999996 9.2018e-4 0 -0.9994859 -9.96274e-4 0.03205007 -0.9994863 0 0.03205019 -0.9994863 0 0.03205019 -0.9921168 9.81522e-4 0.1253138 -0.9871859 -0.001056373 0.1595708 -0.9871865 0 0.1595708 -0.9871866 0 0.1595709 -0.9685901 0.001025319 0.2486608 -0.9586646 -0.001090705 0.2845366 -0.9586651 0 0.2845367 -0.9586652 0 0.2845368 -0.9297744 0.001064777 0.3681285 -0.9144083 -0.00113368 0.4047918 -0.914409 0 0.4047918 -0.914409 0 0.4047918 -0.8763059 0.001099824 0.4817539 -0.8551346 -0.001176595 0.5184048 -0.8551341 0 0.5184069 -0.8551341 0 0.5184069 -0.8090142 0.001139223 0.5877881 -0.7818385 -0.001210987 0.6234798 -0.7818391 0 0.6234803 -0.7818391 0 0.6234803 -0.7289599 0.001156747 0.6845555 -0.6956666 -0.001236677 0.7183637 -0.6956675 0 0.7183641 -0.6956674 0 0.7183641 -0.6374197 0.001191794 0.7705159 -0.5981312 -0.001253962 0.8013973 -0.598132 0 0.8013976 -0.598132 0 0.8013978 -0.5358305 0.001213729 0.8443247 -0.4906966 -0.001271009 0.8713297 -0.4906969 0 0.8713304 -0.4906969 0 0.8713303 -0.4257861 0.001226902 0.904823 -0.3752743 -0.001288294 0.926913 -0.3752747 0 0.9269137 -0.3752748 0 0.9269137 -0.3090175 0.001238942 0.9510556 -0.2536602 -0.001296877 0.9672926 -0.2536586 0 0.9672939 -0.2536586 0 0.9672938 -0.1873701 0.001248776 0.9822887 -0.1278829 -0.001303255 0.9917885 -0.1278831 0 0.9917893 -0.1278831 0 0.9917893 0.06278491 -0.0012542 0.9980263 0 0.001305699 0.9999992 -0.0627886 -0.00125432 0.9980261 -0.1278832 0.001303255 0.9917885 -0.1873742 -0.001248776 0.9822879 -0.2536566 0.001296877 0.9672936 -0.3090175 -0.001238942 0.9510556 -0.3752747 0.001288294 0.9269129 -0.4257866 -0.001226902 0.9048228 -0.4906966 0.001271009 0.8713297 -0.5358302 -0.001213729 0.844325 -0.5981317 0.001253962 0.8013969 -0.6374197 -0.001194 0.7705159 -0.6956672 0.001236677 0.7183632 -0.7289582 -0.001158952 0.6845573 -0.7818385 0.001210987 0.6234798 -0.8090171 -0.001139223 0.5877841 -0.8551326 0.001176595 0.5184082 -0.8763058 -0.00110203 0.4817543 -0.9144084 0.00113368 0.4047913 -0.9297744 -0.001064777 0.3681282 -0.9586646 0.001090705 0.2845366 -0.9685901 -0.001023113 0.2486605 -0.987186 0.001056373 0.1595707 -0.9921168 -9.7714e-4 0.1253139 -0.9994859 9.96282e-4 0.03205025 -0.9999996 -9.24554e-4 0 -0.9953774 9.53328e-4 -0.09603637 -0.9921168 -8.65404e-4 -0.1253139 -0.974937 8.93216e-4 -0.2224795 -0.9685898 -8.08451e-4 -0.2486629 -0.9384553 8.24495e-4 -0.3453999 -0.9297747 -7.44906e-4 -0.3681284 -0.8865992 7.72965e-4 -0.4625378 -0.8763082 -6.75893e-4 -0.4817507 -0.8201875 7.1287e-4 -0.5720946 -0.8090128 -6.24407e-4 -0.5877907 -0.740278 6.26954e-4 -0.6723007 -0.7289525 -5.41149e-4 -0.6845641 -0.6482424 5.49671e-4 -0.7614338 -0.6374174 -4.60087e-4 -0.7705186 -0.5428526 2.33898e-4 -0.8398281 -0.5358337 -3.79848e-4 -0.8443236 -0.4316444 2.00114e-4 -0.9020439 -0.4257868 -2.85917e-4 -0.9048235 -0.313462 1.62284e-4 -0.9496008 -0.3090137 -1.9547e-4 -0.9510576 -0.1901079 1.16898e-4 -0.9817632 -0.1873787 -1.03227e-4 -0.9822878 -0.063757 7.69503e-5 -0.9979655 -0.06278425 0 -0.9980272 0.06278055 0 -0.9980274 0.06341946 5.05434e-5 -0.997987 0.1873893 -9.85937e-5 -0.9822857 0.1900252 1.07796e-4 -0.9817793 0.3090136 -1.9499e-4 -0.9510576 0.3134156 1.59732e-4 -0.949616 0.4257645 -2.84807e-4 -0.904834 0.4316235 1.96671e-4 -0.9020538 0.5358335 -3.72453e-4 -0.8443236 0.542854 2.37875e-4 -0.8398271 0.6374176 -4.55705e-4 -0.7705185 0.6452352 2.73804e-4 -0.7639839 0.7289813 -5.43362e-4 -0.6845335 0.7403063 6.35567e-4 -0.6722695 0.8090128 -6.22216e-4 -0.5877908 0.8201607 7.04259e-4 -0.5721328 0.876308 -6.92325e-4 -0.4817508 0.8865992 7.72965e-4 -0.4625378 0.9297748 -7.44906e-4 -0.3681284 0.9384737 8.33099e-4 -0.3453498 0.9685758 -8.06248e-4 -0.2487171 0.9749248 9.01794e-4 -0.2225334 0.9921168 -8.76358e-4 -0.1253139 0.9953774 9.44739e-4 -0.09603637 0.9999996 -9.28936e-4 0 0.9994859 9.96282e-4 0.03205025 0.9921168 -9.90285e-4 0.1253139 0.987177 0.001056373 0.159626 0.9685763 -0.001016557 0.2487148 0.9586646 0.001090705 0.2845366 0.9297744 -0.001060366 0.3681282 0.9144293 0.00113368 0.4047442 0.8763057 -0.001108586 0.4817543 0.8551326 0.001168012 0.5184082 0.809017 -0.001139223 0.5877842 0.7818385 0.001202404 0.6234798 0.728987 -0.001169919 0.6845266 0.6956672 0.001228094 0.7183632 0.6374197 -0.001187443 0.7705159 0.598105 0.001249611 0.8014168 0.53583 -0.001204967 0.844325 0.4907209 0.001271069 0.871316 0.425764 -0.001226842 0.9048334 0.3752747 0.001284003 0.9269129 0.3090175 -0.001240015 0.9510556 0.2536563 0.001296877 0.9672936 0.187385 -0.001248836 0.9822857 0.1278832 0.001303255 0.9917885 0 -1 1.5141e-7 0 -1 0 0 -1 3.26174e-7 0 -1 0 0 -1 1.957e-7 0 -1 0 0 -1 0 0 -1 0 0 -1 0 0 -1 0 0 -1 5.38165e-7 0 -1 -2.12853e-7 0 -1 1.26781e-7 0 -1 0 0 -1 1.6257e-7 0 -1 4.74946e-7 0 -1 -4.32002e-7 0 -1 2.36253e-7 0 -1 -9.19769e-7 0 -1 3.13087e-7 0 -1 0 0 -1 0 0 -1 9.44142e-7 0 -1 0 0 -1 1.05754e-5 0 -1 2.31046e-7 0 -1 6.55757e-6 0 -1 -1.55524e-5 0 -1 1.89257e-6 0 -1 -6.37938e-7 0 -1 -3.3737e-6 0 -1 6.43861e-7 0 -1 3.24034e-6 0 -1 0 0 -1 1.80328e-7 0 -1 -3.24208e-6 0 -1 -6.43661e-7 0 -1 3.3737e-6 0 -1 6.37938e-7 0 -1 -1.89257e-6 0 -1 -2.35988e-7 0 -1 -1.27937e-6 0 -1 -1.05773e-5 0 -1 -6.26236e-7 0 -1 0 0 -1 -3.96429e-7 0 -1 4.59845e-7 0 -1 -2.42061e-7 0 -1 2.12873e-7 0 -1 -4.73513e-7 0 -1 0 0 -1 2.03832e-7 0 -1 0 0 -1 0 0 -1 0 0 -1 0 0 -1 -1.51409e-7 0 -1 0 0 -1 -3.26173e-7 0 -1 0 0 -1 -1.51422e-7 0 -1 -1.2679e-7 0 -1 0 0 -1 -1.62582e-7 0 -1 -4.74923e-7 0 -1 4.3196e-7 0 -1 -2.36244e-7 0 -1 9.19694e-7 0 -1 -3.13053e-7 0 -1 0 0 -1 0 0 -1 -9.43453e-7 0 -1 0 0 -1 -1.05678e-5 0 -1 -2.31046e-7 0 -1 -6.55722e-6 0 -1 1.55731e-5 0 -1 -1.892e-6 0 -1 6.38562e-7 0 -1 3.37378e-6 0 -1 -6.44131e-7 0 -1 -3.23765e-6 0 -1 0 0 -1 -1.80751e-7 0 -1 3.23938e-6 0 -1 6.43908e-7 0 -1 -3.37378e-6 0 -1 -6.38562e-7 0 -1 1.892e-6 0 -1 2.35968e-7 0 -1 1.27872e-6 0 -1 1.05701e-5 0 -1 6.26168e-7 0 -1 0 0 -1 3.96402e-7 0 -1 -4.59808e-7 0 -1 2.42052e-7 0 -1 -3.48416e-7 0 -1 -6.73769e-6 0 -1 -2.59249e-7 0 -1 -1.55627e-5 0 -1 3.48611e-7 0 -1 6.74145e-6 0 -1 2.58905e-7 0 -1 1.55421e-5 0.9987166 0 0.05064803 0.9987165 0 0.05064868 0.9987167 0 0.05064809 0.9987165 0 0.05064874 0.9987167 0 0.05064809 0.9884723 0 0.1514019 0.9884725 0 0.151401 0.9884724 0 0.1514019 0.9884724 0 0.1514019 0.9680749 0 0.2506611 0.9680749 0 0.2506612 0.9680749 0 0.2506612 0.9377551 0 0.3472972 0.9377552 0 0.3472972 0.9377551 0 0.3472974 0.9377559 0 0.3472952 0.8978021 0 0.4403991 0.8978033 0 0.4403967 0.8978022 0 0.4403989 0.8978022 0 0.4403992 0.8486362 0 0.5289769 0.848638 0 0.5289741 0.8486364 0 0.5289769 0.8486363 0 0.528977 0.790791 0 0.6120862 0.7907861 0 0.6120926 0.7907909 0 0.6120864 0.7247883 0 0.6889718 0.724785 0 0.6889751 0.7247851 0 0.688975 0.6513577 0 0.7587708 0.6513688 0 0.7587614 0.6513582 0 0.7587704 0.651369 0 0.7587612 0.5712727 0 0.8207604 0.5712809 0 0.8207547 0.5712732 0 0.82076 0.5712814 0 0.8207542 0.4852846 0 0.8743563 0.4852942 0 0.8743509 0.4852852 0 0.874356 0.4852948 0 0.8743506 0.394349 0 0.9189608 0.3943544 0 0.9189584 0.394349 0 0.9189608 0.3943541 0 0.9189586 0.2993718 0 0.9541366 0.2993717 0 0.9541366 0.2993718 0 0.9541366 0.2012994 0 0.9795299 0.2013055 0 0.9795286 0.2012997 0 0.9795297 0.2013058 0 0.9795284 0.1011472 0 0.9948716 0.1011598 0 0.9948703 0.101148 0 0.9948715 0.1011605 0 0.9948701 -0.1011776 0 0.9948684 -0.1011651 0 0.9948697 -0.1011767 0 0.9948685 -0.1011643 0 0.9948697 -0.2013031 0 0.9795291 -0.2012969 0 0.9795303 -0.2013027 0 0.9795292 -0.2012965 0 0.9795303 -0.2993718 0 0.9541366 -0.2993717 0 0.9541366 -0.2993718 0 0.9541366 -0.394349 0 0.9189608 -0.3943434 0 0.9189631 -0.394349 0 0.9189608 -0.3943437 0 0.9189631 -0.4853237 0 0.8743345 -0.485314 0 0.8743399 -0.4853231 0 0.8743349 -0.4853134 0 0.8743404 -0.571269 0 0.8207629 -0.5712602 0 0.820769 -0.5712685 0 0.8207632 -0.5712597 0 0.8207694 -0.6513727 0 0.758758 -0.6513617 0 0.7587674 -0.6513723 0 0.7587583 -0.6513615 0 0.7587676 -0.7248108 0 0.688948 -0.7248107 0 0.688948 -0.7248107 0 0.6889482 -0.7907643 0 0.6121208 -0.7907688 0 0.6121149 -0.7907644 0 0.6121206 -0.8486362 0 0.528977 -0.8486381 0 0.5289739 -0.8486363 0 0.528977 -0.848638 0 0.5289741 -0.8978022 0 0.4403991 -0.8978033 0 0.4403966 -0.8978023 0 0.4403989 -0.8978034 0 0.4403966 -0.9377543 0 0.3472995 -0.9377559 0 0.3472952 -0.9377543 0 0.3472993 -0.9377559 0 0.3472952 -0.9680746 0 0.2506628 -0.9680753 0 0.2506597 -0.9680745 0 0.2506626 -0.9884725 0 0.1514009 -0.9884724 0 0.1514019 -0.9884725 0 0.1514009 -0.9884724 0 0.1514019 -0.9987166 0 0.05064803 -0.9987165 0 0.05064868 -0.9987167 0 0.05064809 -0.9987165 0 0.05064874 -0.9987167 0 0.05064809 -0.9884723 0 0.1514019 -0.9884725 0 0.151401 -0.9884724 0 0.1514019 -0.9884724 0 0.1514019 -0.9680749 0 0.2506611 -0.9680749 0 0.2506612 -0.9680749 0 0.2506612 -0.9377551 0 0.3472972 -0.9377552 0 0.3472972 -0.9377551 0 0.3472974 -0.8978021 0 0.4403991 -0.8978033 0 0.4403967 -0.8978022 0 0.4403989 -0.8978022 0 0.4403992 -0.8486362 0 0.5289769 -0.848638 0 0.5289741 -0.8486364 0 0.5289769 -0.7907692 0 0.6121145 -0.7907642 0 0.612121 -0.790769 0 0.6121147 -0.7248076 0 0.6889513 -0.7248077 0 0.6889512 -0.6513577 0 0.7587708 -0.6513688 0 0.7587614 -0.6513582 0 0.7587704 -0.651369 0 0.7587612 -0.5712515 0 0.8207752 -0.571252 0 0.8207747 -0.4853038 0 0.8743457 -0.4853045 0 0.8743453 -0.485314 0 0.8743399 -0.3943544 0 0.9189584 -0.3943541 0 0.9189586 -0.2012905 0 0.9795316 -0.2012909 0 0.9795316 -0.2012969 0 0.9795303 -0.1011517 0 0.9948711 -0.1011525 0 0.994871 0.1011731 0 0.9948689 0.1011605 0 0.9948701 0.1011723 0 0.994869 0.2013119 0 0.9795272 0.2013115 0 0.9795274 0.2013055 0 0.9795286 0.3943434 0 0.9189631 0.3943437 0 0.9189631 0.4853046 0 0.8743453 0.4852948 0 0.8743506 0.4853039 0 0.8743456 0.4852942 0 0.874351 0.5712903 0 0.8207482 0.5712814 0 0.8207544 0.5712897 0 0.8207485 0.6513727 0 0.758758 0.6513617 0 0.7587674 0.6513723 0 0.7587583 0.6513615 0 0.7587676 0.7247881 0 0.6889718 0.7247881 0 0.6889719 0.7907862 0 0.6120926 0.7907908 0 0.6120865 0.7907864 0 0.6120924 0.8486362 0 0.528977 0.8486381 0 0.5289739 0.848638 0 0.5289741 0.8978022 0 0.4403991 0.8978033 0 0.4403966 0.8978023 0 0.4403989 0.8978034 0 0.4403966 0.9377543 0 0.3472995 0.9377559 0 0.3472952 0.9377543 0 0.3472993 0.9680746 0 0.2506628 0.9680753 0 0.2506597 0.9680745 0 0.2506626 0.9884725 0 0.1514009 0.9884724 0 0.1514019 0.9884725 0 0.1514009 0.9884724 0 0.1514019 -0.8978046 0 0.4403941 -0.9680754 0 0.2506596 -0.9680749 0 0.2506611 -0.9884723 0 0.1514019 -0.9987165 0 0.05064874 -0.8978047 0 0.4403939 -0.9377558 0 0.3472954 -0.9680746 0 0.2506627 -0.9680754 0 0.2506596 -0.9987166 0 0.05064678 -0.9987167 0 0.05064809 -0.9680753 0 0.2506597 -0.9884724 0 0.1514019 -0.9987165 0 0.0506494 -0.9680753 0 0.2506596 -0.9884722 0 0.1514028 -0.9884725 0 0.151401 -0.9884722 0 0.1514028 0.8978046 0 0.4403941 0.9680754 0 0.2506596 0.9680749 0 0.2506611 0.9884723 0 0.1514019 0.9987165 0 0.05064874 0.8978047 0 0.4403939 0.9377558 0 0.3472954 0.9680746 0 0.2506627 0.9680754 0 0.2506596 0.9987166 0 0.05064678 0.9987167 0 0.05064809 0.9680753 0 0.2506597 0.9884724 0 0.1514019 0.9987165 0 0.0506494 0.9680753 0 0.2506596 0.9884722 0 0.1514028 0.9884725 0 0.151401 0.9884722 0 0.1514028 0.9884725 0 0.1514009 0.9680746 0 0.2506626 0.9377543 0 0.3472993 0.8978034 0 0.4403966 0.8978035 0 0.4403965 0.8486363 0 0.5289769 0.8486364 0 0.5289768 0.7247821 0 0.6889782 0.6513653 0 0.7587643 0.5712769 0 0.8207574 0.5712772 0 0.8207572 0.4852897 0 0.8743535 0.48529 0 0.8743533 0.3943547 0 0.9189584 0.3943542 0 0.9189586 0.2993661 0 0.9541385 0.2993658 0 0.9541385 0.2012996 0 0.9795297 0.2012996 0 0.9795297 0.1011599 0 0.9948702 0.1011605 0 0.9948701 -0.1011713 0 0.9948691 -0.1011707 0 0.9948691 -0.2013028 0 0.9795292 -0.2993716 0 0.9541366 -0.2993718 0 0.9541366 -0.3943489 0 0.9189609 -0.3943494 0 0.9189606 -0.4853189 0 0.8743373 -0.4853186 0 0.8743374 -0.5712645 0 0.820766 -0.5712642 0 0.8207663 -0.6513653 0 0.7587643 -0.790769 0 0.6121147 -0.8486381 0 0.5289739 0.9377552 0 0.3472974 0.8978034 0 0.4403966 0.8486363 0 0.5289769 0.8486381 0 0.5289739 0.8978034 0 0.4403965 0.7907886 0 0.6120894 0.7907884 0 0.6120896 0.7247849 0 0.6889752 0.6513652 0 0.7587645 0.5712812 0 0.8207544 0.5712813 0 0.8207544 0.4852946 0 0.8743507 0.3943547 0 0.9189584 0.3943542 0 0.9189586 0.299366 0 0.9541385 0.2993656 0 0.9541385 0.2013058 0 0.9795284 0.2013055 0 0.9795286 0.1011664 0 0.9948695 0.1011668 0 0.9948695 -0.1011713 0 0.994869 -0.101171 0 0.9948691 -0.2012965 0 0.9795303 -0.2012969 0 0.9795303 -0.2993656 0 0.9541385 -0.299366 0 0.9541385 -0.3943542 0 0.9189586 -0.3943547 0 0.9189584 -0.4853138 0 0.8743401 -0.57126 0 0.8207692 -0.6513652 0 0.7587645 -0.7248075 0 0.6889514 -0.7907666 0 0.612118 -0.7907667 0 0.6121178 -0.8486363 0 0.5289769 -0.8978035 0 0.4403965 0.8978035 0 0.4403965 0.724785 0 0.6889752 0.6513653 0 0.7587643 0.3943543 0 0.9189586 0.2013059 0 0.9795284 0.1011664 0 0.9948695 -0.2012965 0 0.9795303 -0.2012969 0 0.9795303 -0.2993661 0 0.9541385 -0.3943543 0 0.9189586 -0.6513653 0 0.7587643 -0.7248076 0 0.6889514 -0.7907665 0 0.6121179 -0.7907667 0 0.6121177 -0.8978035 0 0.4403965 -0.8978034 0 0.4403966 -0.9377552 0 0.3472974 -0.1011713 0 0.9948691 -0.1011709 0 0.9948691 -0.7248077 0 0.6889513 -0.8978034 0 0.4403965 0.5712854 0 0.8207514 0.5712857 0 0.8207513 0.4852994 0 0.8743481 0.4852997 0 0.874348 0.3943494 0 0.9189606 0.3943489 0 0.9189609 0.2993718 0 0.9541366 0.2993716 0 0.9541366 0.2013118 0 0.9795273 0.1011662 0 0.9948696 0.1011668 0 0.9948695 -0.1011645 0 0.9948697 -0.2012907 0 0.9795315 -0.2993658 0 0.9541385 -0.3943542 0 0.9189586 -0.3943547 0 0.9189584 -0.4853092 0 0.8743426 -0.485309 0 0.8743429 -0.5712559 0 0.820772 -0.5712558 0 0.8207722 -0.7248047 0 0.6889544 -0.7907642 0 0.6121209 -0.8486364 0 0.5289768 -0.8486363 0 0.5289769 -0.8978034 0 0.4403966 -0.9377543 0 0.3472993 -0.9680746 0 0.2506626 -0.9884725 0 0.1514009 -0.9987165 0 -0.05064815 -0.9987165 0 -0.05064827 -0.9987165 0 -0.05064821 -0.9987165 0 -0.05064839 -0.9884723 0 -0.1514022 -0.9884723 0 -0.1514022 -0.9884723 0 -0.1514022 -0.968075 0 -0.2506608 -0.9377552 0 -0.347297 -0.8978023 0 -0.4403988 -0.8978022 0 -0.4403989 -0.8978022 0 -0.4403988 -0.8486381 0 -0.5289739 -0.7907671 0 -0.6121172 -0.790767 0 -0.6121175 -0.7907671 0 -0.6121172 -0.7248092 0 -0.6889497 -0.7248092 0 -0.6889497 -0.7248092 0 -0.6889497 -0.7248092 0 -0.6889496 -0.651365 0 -0.7587647 -0.6513649 0 -0.7587648 -0.6513649 0 -0.7587646 -0.5712597 0 -0.8207694 -0.5712593 0 -0.8207697 -0.5712597 0 -0.8207694 -0.5712593 0 -0.8207697 -0.4853101 0 -0.8743422 -0.48531 0 -0.8743422 -0.4853101 0 -0.8743422 -0.3943566 0 -0.9189575 -0.3943565 0 -0.9189576 -0.3943566 0 -0.9189575 -0.2993674 0 -0.9541379 -0.2993677 0 -0.9541379 -0.2993677 0 -0.9541379 -0.2012921 0 -0.9795314 -0.201292 0 -0.9795313 -0.1011695 0 -0.9948693 -0.1011691 0 -0.9948692 -0.1011695 0 -0.9948693 -0.1011691 0 -0.9948692 0.1011642 0 -0.9948698 0.1011645 0 -0.9948698 0.1011642 0 -0.9948698 0.1011646 0 -0.9948698 0.2013009 0 -0.9795295 0.2013009 0 -0.9795295 0.2013009 0 -0.9795295 0.2013009 0 -0.9795295 0.2993682 0 -0.9541378 0.2993677 0 -0.9541379 0.2993682 0 -0.9541377 0.2993677 0 -0.9541379 0.3943566 0 -0.9189575 0.3943565 0 -0.9189576 0.3943566 0 -0.9189575 0.4852908 0 -0.8743528 0.4852907 0 -0.8743528 0.4852908 0 -0.8743528 0.5712809 0 -0.8207547 0.5712804 0 -0.820755 0.5712805 0 -0.820755 0.651365 0 -0.7587647 0.6513649 0 -0.7587646 0.7247869 0 -0.6889732 0.7247866 0 -0.6889735 0.7247868 0 -0.6889732 0.7247865 0 -0.6889735 0.7907891 0 -0.6120889 0.7907888 0 -0.6120892 0.790789 0 -0.6120889 0.8486381 0 -0.528974 0.8486381 0 -0.528974 0.8486381 0 -0.5289739 0.8978024 0 -0.4403988 0.8978022 0 -0.4403988 0.8978023 0 -0.4403988 0.8978022 0 -0.4403989 0.9377552 0 -0.3472971 0.9377552 0 -0.347297 0.968075 0 -0.2506608 0.9680751 0 -0.2506608 0.968075 0 -0.2506608 0.9884723 0 -0.1514022 0.9884722 0 -0.1514022 0.9987165 0 -0.05064815 0.9987165 0 -0.05064827 0.9987165 0 -0.05064821 0.9987165 0 -0.05064839 0.9884723 0 -0.1514022 0.9884723 0 -0.1514022 0.968075 0 -0.2506608 0.8978023 0 -0.4403988 0.8978022 0 -0.4403988 0.790789 0 -0.6120889 0.7247866 0 -0.6889734 0.7247866 0 -0.6889734 0.6513649 0 -0.7587648 0.2993674 0 -0.9541379 0.2993677 0 -0.9541379 0.101165 0 -0.9948697 0.1011649 0 -0.9948697 0.1011646 0 -0.9948698 -0.1011687 0 -0.9948693 -0.1011687 0 -0.9948694 -0.1011691 0 -0.9948692 -0.2993682 0 -0.9541378 -0.2993677 0 -0.9541379 -0.2993682 0 -0.9541377 -0.7248095 0 -0.6889494 -0.7248091 0 -0.6889498 -0.7248094 0 -0.6889495 -0.7248092 0 -0.6889498 -0.7907671 0 -0.6121172 -0.7907668 0 -0.6121175 -0.8486381 0 -0.528974 -0.8486381 0 -0.528974 -0.8978024 0 -0.4403988 -0.8978022 0 -0.4403988 -0.8978023 0 -0.4403988 -0.9377552 0 -0.3472971 -0.968075 0 -0.2506608 -0.9680751 0 -0.2506608 -0.968075 0 -0.2506608 -0.9884722 0 -0.1514022 0.9377552 0 -0.347297 0.9680751 0 -0.2506607 0.9987165 0 -0.05064821 0.9987165 0 -0.05064833 0.9884723 0 -0.1514021 0.9884722 0 -0.1514021 -0.9377552 0 -0.347297 -0.9680751 0 -0.2506607 -0.9987165 0 -0.05064821 -0.9987165 0 -0.05064833 -0.9884723 0 -0.1514021 -0.9884722 0 -0.1514021 -0.8486381 0 -0.5289739 -0.7907669 0 -0.6121174 -0.5712592 0 -0.8207697 -0.5712593 0 -0.8207698 -0.4853101 0 -0.8743421 -0.2993673 0 -0.9541379 -0.2012917 0 -0.9795314 -0.2012917 0 -0.9795314 0.1011646 0 -0.9948698 0.2013013 0 -0.9795295 0.2013013 0 -0.9795295 0.4852913 0 -0.8743526 0.6513651 0 -0.7587645 0.790789 0 -0.6120891 -0.8486381 0 -0.5289739 -0.790767 0 -0.6121174 -0.6513651 0 -0.7587646 -0.5712592 0 -0.8207698 -0.4853104 0 -0.874342 -0.4853104 0 -0.874342 -0.3943565 0 -0.9189575 -0.3943565 0 -0.9189575 -0.2012921 0 -0.9795314 -0.201292 0 -0.9795314 -0.1011691 0 -0.9948692 0.2013009 0 -0.9795295 0.201301 0 -0.9795295 0.2993673 0 -0.9541379 0.3943565 0 -0.9189575 0.3943565 0 -0.9189575 0.4852911 0 -0.8743527 0.4852912 0 -0.8743527 0.5712804 0 -0.8207551 0.6513651 0 -0.7587646 0.7247865 0 -0.6889736 0.7907888 0 -0.6120891 0.8486381 0 -0.5289739 -0.7248091 0 -0.6889498 -0.6513651 0 -0.7587645 -0.5712592 0 -0.8207698 -0.3943566 0 -0.9189575 -0.1011691 0 -0.9948692 0.1011646 0 -0.9948698 0.1011646 0 -0.9948698 0.2013009 0 -0.9795296 0.3943566 0 -0.9189575 0.6513651 0 -0.7587645 -0.6513651 0 -0.7587645 -0.201292 0 -0.9795314 -0.201292 0 -0.9795314 -0.4853104 0 -0.8743419 -0.4853104 0 -0.8743419 -0.2012925 0 -0.9795313 -0.2012925 0 -0.9795313 0.2013006 0 -0.9795296 0.2013006 0 -0.9795295 0.485291 0 -0.8743528 0.8486381 0 -0.5289739 0 1 -1.5141e-7 0 1 0 0 1 -3.26174e-7 0 1 0 0 1 -1.95704e-7 0 1 0 0 1 0 0 1 0 0 1 0 0 1 0 0 1 -5.38187e-7 0 1 2.12871e-7 0 1 -1.2679e-7 0 1 0 0 1 -1.62582e-7 0 1 -4.7492e-7 0 1 4.31964e-7 0 1 -2.3624e-7 0 1 9.19691e-7 0 1 -3.13122e-7 0 1 0 0 1 0 0 1 -9.44491e-7 0 1 0 0 1 -1.05793e-5 0 1 -2.31046e-7 0 1 -6.55774e-6 0 1 1.55421e-5 0 1 -1.89257e-6 0 1 6.37938e-7 0 1 3.3737e-6 0 1 -6.43661e-7 0 1 -3.24208e-6 0 1 0 0 1 -1.80494e-7 0 1 3.24034e-6 0 1 6.43861e-7 0 1 -3.3737e-6 0 1 -6.37938e-7 0 1 1.89257e-6 0 1 2.35962e-7 0 1 1.27923e-6 0 1 1.05759e-5 0 1 6.26165e-7 0 1 0 0 1 3.9646e-7 0 1 -4.59845e-7 0 1 2.42075e-7 0 1 -2.12873e-7 0 1 4.73538e-7 0 1 0 0 1 -2.03832e-7 0 1 0 0 1 0 0 1 0 0 1 0 0 1 1.51416e-7 0 1 0 0 1 3.26187e-7 0 1 0 0 1 1.51428e-7 0 1 1.26799e-7 0 1 0 0 1 1.62594e-7 0 1 4.74896e-7 0 1 -4.31924e-7 0 1 2.36231e-7 0 1 -9.19616e-7 0 1 3.1309e-7 0 1 0 0 1 0 0 1 9.43789e-7 0 1 0 0 1 1.05716e-5 0 1 2.31251e-7 0 1 6.56345e-6 0 1 -1.55627e-5 0 1 1.892e-6 0 1 -6.38562e-7 0 1 -3.37378e-6 0 1 6.43908e-7 0 1 3.23938e-6 0 1 0 0 1 1.80917e-7 0 1 -3.23765e-6 0 1 -6.44131e-7 0 1 3.37378e-6 0 1 6.38562e-7 0 1 -1.892e-6 0 1 -2.35942e-7 0 1 -1.27868e-6 0 1 -1.05697e-5 0 1 -6.26096e-7 0 1 0 0 1 -3.96433e-7 0 1 4.59847e-7 0 1 -2.42065e-7 0 1 3.48456e-7 0 1 6.73844e-6 0 1 2.59421e-7 0 1 1.55731e-5 0 1 -3.48533e-7 0 1 -6.73995e-6 0 1 -2.59077e-7 0 1 -1.55524e-5</float_array>
          <technique_common>
            <accessor source="#femur_001-mesh-normals-array" count="7522" stride="3">
              <param name="X" type="float"/>
              <param name="Y" type="float"/>
              <param name="Z" type="float"/>
            </accessor>
          </technique_common>
        </source>
        <vertices id="femur_001-mesh-vertices">
          <input semantic="POSITION" source="#femur_001-mesh-positions"/>
        </vertices>
        <triangles count="7804">
          <input semantic="VERTEX" source="#femur_001-mesh-vertices" offset="0"/>
          <input semantic="NORMAL" source="#femur_001-mesh-normals" offset="1"/>
          <p>0 0 1 1 2 2 2 2 1 1 3 1 2 3 3 4 4 5 4 5 3 4 5 4 4 6 5 7 6 8 6 8 5 7 7 9 6 10 7 11 8 12 8 12 7 11 9 13 8 14 9 15 10 14 10 14 9 15 11 16 10 17 11 18 12 19 12 19 11 18 13 20 12 21 13 21 14 21 14 21 13 21 15 21 14 22 15 23 16 24 16 24 15 23 17 25 16 26 17 27 18 28 18 28 17 27 19 27 18 29 19 30 20 31 20 31 19 30 21 32 20 33 21 34 22 35 22 35 21 34 23 36 22 37 23 38 24 39 24 39 23 38 25 40 24 41 25 42 26 43 26 43 25 42 27 44 26 45 27 46 28 47 28 47 27 46 29 48 29 49 30 49 28 49 28 49 30 49 31 49 32 50 33 51 34 52 34 52 33 51 35 53 34 54 35 55 36 55 36 55 35 55 37 54 36 56 37 57 38 57 38 57 37 57 39 56 38 58 39 58 40 58 40 58 39 58 41 58 40 59 41 60 42 61 42 61 41 60 43 62 42 63 43 64 44 65 44 65 43 64 45 66 44 67 45 68 46 69 46 69 45 68 47 70 46 71 47 71 48 71 48 71 47 71 49 71 48 72 49 73 50 74 50 74 49 73 51 75 50 76 51 77 52 78 52 78 51 77 53 79 52 80 53 81 54 82 54 82 53 81 55 83 54 84 55 85 56 86 56 86 55 85 57 87 56 88 57 89 58 90 58 90 57 89 59 91 58 92 59 93 60 94 60 94 59 93 61 95 0 96 60 96 1 96 1 96 60 96 61 96 62 97 63 98 64 99 64 99 63 98 65 100 64 101 65 102 66 103 66 103 65 102 67 104 66 105 67 106 68 107 68 107 67 106 69 108 68 109 69 110 70 111 70 111 69 110 71 112 70 113 71 114 72 115 72 115 71 114 73 116 72 117 73 118 74 119 74 119 73 118 75 120 74 121 75 122 76 121 76 121 75 122 77 123 76 124 77 125 78 126 78 126 77 125 79 127 78 128 79 129 80 130 80 130 79 129 81 131 80 132 81 133 82 134 82 134 81 133 83 135 82 136 83 136 84 136 84 136 83 136 85 136 84 137 85 137 86 137 86 137 85 137 87 137 86 138 87 139 88 139 88 139 87 139 89 138 88 140 89 141 90 142 90 142 89 141 91 143 32 144 90 144 33 144 33 144 90 144 91 144 31 145 30 146 92 147 92 147 30 146 93 148 92 149 93 150 94 151 94 151 93 150 95 152 94 153 95 154 96 155 96 155 95 154 97 156 96 157 97 158 98 159 98 159 97 158 99 160 98 161 99 162 100 163 100 163 99 162 101 164 100 165 101 166 102 167 102 167 101 166 103 166 102 168 103 169 104 170 104 170 103 169 105 171 104 172 105 173 106 172 106 172 105 173 107 174 106 175 107 176 108 177 108 177 107 176 109 178 108 179 109 180 110 181 110 181 109 180 111 182 110 183 111 184 112 185 112 185 111 184 113 186 112 187 113 188 114 189 114 189 113 188 115 190 114 191 115 192 116 193 116 193 115 192 117 194 116 195 117 196 118 197 118 197 117 196 119 198 62 199 118 199 63 199 63 199 118 199 119 199 120 0 121 1 122 2 122 2 121 1 123 1 122 200 123 201 124 202 124 202 123 201 125 203 124 204 125 205 126 206 126 206 125 205 127 207 126 208 127 209 128 210 128 210 127 209 129 209 128 14 129 15 130 14 130 14 129 15 131 16 130 17 131 18 132 19 132 19 131 18 133 20 132 21 133 21 134 21 134 21 133 21 135 21 134 211 135 212 136 213 136 213 135 212 137 214 136 26 137 27 138 28 138 28 137 27 139 27 138 215 139 216 140 217 140 217 139 216 141 218 140 33 141 34 142 35 142 35 141 34 143 36 142 37 143 38 144 39 144 39 143 38 145 40 144 41 145 42 146 43 146 43 145 42 147 44 146 45 147 46 148 47 148 47 147 46 149 48 149 49 150 49 148 49 148 49 150 49 151 49 151 219 150 220 152 221 152 221 150 220 153 222 152 223 153 224 154 225 154 225 153 224 155 226 154 227 155 228 156 229 156 229 155 228 157 230 156 157 157 158 158 159 158 159 157 158 159 160 158 231 159 232 160 233 160 233 159 232 161 232 160 165 161 166 162 167 162 167 161 166 163 166 162 168 163 169 164 170 164 170 163 169 165 171 164 234 165 234 166 234 166 234 165 234 167 234 166 235 167 236 168 237 168 237 167 236 169 238 168 239 169 240 170 239 170 239 169 240 171 241 170 183 171 184 172 185 172 185 171 184 173 186 172 242 173 243 174 244 174 244 173 243 175 245 174 191 175 192 176 193 176 193 175 192 177 194 176 195 177 196 178 197 178 197 177 196 179 198 179 199 180 199 178 199 178 199 180 199 181 199 182 50 183 51 184 52 184 52 183 51 185 53 184 54 185 55 186 55 186 55 185 55 187 54 186 56 187 57 188 57 188 57 187 57 189 56 188 58 189 58 190 58 190 58 189 58 191 58 190 246 191 247 192 248 192 248 191 247 193 249 192 63 193 64 194 65 194 65 193 64 195 66 194 250 195 251 196 252 196 252 195 251 197 253 196 71 197 71 198 71 198 71 197 71 199 71 198 72 199 73 200 74 200 74 199 73 201 75 200 76 201 77 202 78 202 78 201 77 203 79 202 254 203 255 204 254 204 254 203 255 205 255 204 256 205 257 206 258 206 258 205 257 207 259 206 260 207 261 208 262 208 262 207 261 209 263 208 92 209 93 210 94 210 94 209 93 211 95 120 96 210 96 121 96 121 96 210 96 211 96 181 97 180 98 212 99 212 99 180 98 213 100 212 101 213 102 214 103 214 103 213 102 215 104 214 264 215 265 216 266 216 266 215 265 217 267 216 109 217 110 218 111 218 111 217 110 219 112 218 268 219 269 220 270 220 270 219 269 221 271 220 272 221 273 222 274 222 274 221 273 223 275 222 276 223 276 224 276 224 276 223 276 225 276 224 124 225 125 226 126 226 126 225 125 227 127 226 128 227 129 228 130 228 130 227 129 229 131 228 277 229 278 230 279 230 279 229 278 231 280 230 136 231 136 232 136 232 136 231 136 233 136 232 281 233 282 234 282 234 282 233 282 235 281 234 283 235 284 236 284 236 284 235 284 237 283 236 285 237 286 238 287 238 287 237 286 239 288 182 144 238 144 183 144 183 144 238 144 239 144 240 289 241 289 242 289 242 290 241 290 243 290 242 291 243 291 244 291 244 292 243 292 245 292 244 293 245 293 246 293 246 294 245 294 247 294 246 295 247 295 248 295 248 296 247 296 249 296 248 297 249 297 250 297 250 298 249 298 251 298 250 299 251 299 252 299 252 300 251 300 253 300 252 301 253 301 254 301 254 302 253 302 255 302 254 303 255 303 256 303 256 304 255 304 257 304 256 305 257 305 258 305 258 306 257 306 259 306 258 307 259 307 260 307 260 308 259 308 261 308 260 309 261 309 262 309 262 310 261 310 263 310 262 311 263 311 264 311 264 312 263 312 265 312 264 313 265 313 266 313 266 314 265 314 267 314 266 315 267 315 268 315 268 316 267 316 269 316 268 317 269 317 270 317 270 318 269 318 271 318 270 319 271 319 272 319 272 320 271 320 273 320 272 321 273 321 274 321 274 322 273 322 275 322 274 323 275 323 276 323 276 324 275 324 277 324 276 325 277 325 278 325 278 326 277 326 279 326 278 327 279 327 280 327 280 328 279 328 281 328 280 329 281 329 282 329 282 330 281 330 283 330 282 331 283 331 284 331 284 332 283 332 285 332 284 333 285 333 286 333 286 334 285 334 287 334 286 335 287 335 288 335 288 336 287 336 289 336 288 337 289 337 290 337 290 338 289 338 291 338 290 339 291 339 292 339 292 340 291 340 293 340 292 341 293 341 294 341 294 342 293 342 295 342 294 343 295 343 296 343 296 344 295 344 297 344 296 345 297 345 298 345 298 346 297 346 299 346 298 347 299 347 300 347 300 348 299 348 301 348 300 349 301 349 302 349 302 350 301 350 303 350 302 351 303 351 304 351 304 352 303 352 305 352 304 353 305 353 306 353 306 354 305 354 307 354 306 355 307 355 308 355 308 356 307 356 309 356 308 357 309 357 310 357 310 358 309 358 311 358 310 359 311 359 312 359 312 360 311 360 313 360 312 361 313 361 314 361 314 362 313 362 315 362 314 363 315 363 316 363 316 364 315 364 317 364 316 365 317 365 318 365 318 366 317 366 319 366 318 367 319 367 320 367 320 368 319 368 321 368 320 369 321 369 322 369 322 370 321 370 323 370 322 371 323 371 324 371 324 372 323 372 325 372 324 373 325 373 326 373 326 374 325 374 327 374 326 375 327 375 328 375 328 376 327 376 329 376 328 377 329 377 240 377 240 378 329 378 241 378 330 379 331 380 332 381 332 381 331 380 333 382 332 383 333 384 334 385 334 385 333 384 335 386 334 387 335 388 336 389 336 389 335 388 337 390 336 391 337 392 338 393 338 393 337 392 339 394 338 395 339 396 340 397 340 397 339 396 341 398 340 399 341 400 342 401 342 401 341 400 343 402 342 403 343 404 344 404 344 404 343 404 345 403 344 405 345 406 346 407 346 407 345 406 347 408 346 409 347 410 348 411 348 411 347 410 349 412 348 413 349 414 350 415 350 415 349 414 351 416 350 417 351 418 352 418 352 418 351 418 353 417 352 419 353 420 354 421 354 421 353 420 355 422 354 423 355 424 356 425 356 425 355 424 357 426 356 427 357 428 358 429 358 429 357 428 359 430 358 431 359 432 360 433 360 433 359 432 361 434 360 435 361 436 362 437 362 437 361 436 363 438 362 439 363 440 364 441 364 441 363 440 365 442 364 443 365 444 366 445 366 445 365 444 367 446 366 447 367 448 368 449 368 449 367 448 369 450 368 451 369 452 370 453 370 453 369 452 371 454 370 455 371 456 372 457 372 457 371 456 373 458 372 459 373 460 374 461 374 461 373 460 375 462 374 463 375 464 376 465 376 465 375 464 377 466 376 467 377 468 378 468 378 468 377 468 379 467 378 469 379 470 380 471 380 471 379 470 381 472 380 473 381 474 382 475 382 475 381 474 383 476 382 477 383 478 384 479 384 479 383 478 385 480 384 481 385 482 386 482 386 482 385 482 387 481 386 483 387 484 388 485 388 485 387 484 389 486 388 487 389 488 390 489 390 489 389 488 391 490 390 491 391 492 392 493 392 493 391 492 393 494 392 495 393 496 394 497 394 497 393 496 395 498 394 499 395 500 396 501 396 501 395 500 397 502 396 503 397 504 398 505 398 505 397 504 399 506 399 199 400 199 398 199 398 199 400 199 401 199 401 507 400 508 402 509 402 509 400 508 403 510 402 511 403 512 404 513 404 513 403 512 405 514 404 515 405 516 406 517 406 517 405 516 407 518 406 519 407 520 408 521 408 521 407 520 409 522 408 523 409 524 410 524 410 524 409 524 411 523 410 525 411 526 412 526 412 526 411 526 413 525 412 527 413 528 414 527 414 527 413 528 415 529 414 530 415 531 416 532 416 532 415 531 417 533 416 534 417 534 418 534 418 534 417 534 419 534 418 535 419 536 420 536 420 536 419 536 421 535 420 537 421 537 422 537 422 537 421 537 423 537 422 538 423 539 424 538 424 538 423 539 425 540 424 541 425 542 426 543 426 543 425 542 427 544 426 545 427 546 428 547 428 547 427 546 429 548 428 549 429 550 430 551 430 551 429 550 431 552 430 553 431 554 432 555 432 555 431 554 433 556 432 557 433 558 434 559 434 559 433 558 435 560 434 561 435 562 436 563 436 563 435 562 437 564 436 565 437 566 438 567 438 567 437 566 439 568 438 569 439 570 440 571 440 571 439 570 441 572 440 573 441 574 442 575 442 575 441 574 443 576 442 577 443 578 444 579 444 579 443 578 445 580 444 581 445 582 446 581 446 581 445 582 447 583 446 584 447 584 448 584 448 584 447 584 449 584 448 585 449 586 450 586 450 586 449 586 451 585 450 587 451 587 452 587 452 587 451 587 453 587 452 588 453 589 454 590 454 590 453 589 455 591 454 592 455 593 456 594 456 594 455 593 457 593 456 595 457 596 458 596 458 596 457 596 459 595 458 597 459 598 460 598 460 598 459 598 461 597 460 599 461 600 462 601 462 601 461 600 463 602 462 603 463 604 464 605 464 605 463 604 465 606 464 607 465 608 466 609 466 609 465 608 467 610 466 611 467 612 468 613 468 613 467 612 469 614 469 96 331 96 468 96 468 96 331 96 330 96 244 615 432 615 242 615 242 615 432 615 434 615 242 615 434 615 436 615 432 615 244 615 430 615 430 615 244 615 246 615 430 615 246 615 428 616 428 616 246 615 248 617 428 616 248 617 426 618 426 618 248 617 250 619 426 618 250 619 424 620 424 620 250 619 252 621 424 620 252 621 422 622 422 622 252 621 254 623 422 622 254 623 420 624 420 624 254 623 256 625 420 624 256 625 418 615 418 615 256 625 416 626 416 626 256 625 258 627 416 626 258 627 414 628 414 628 258 627 401 629 414 628 401 629 412 630 412 630 401 629 410 631 410 631 401 629 408 632 408 632 401 629 406 633 406 633 401 629 404 615 404 615 401 629 402 615 258 627 260 634 401 629 401 629 260 634 262 635 401 629 262 635 264 636 401 629 264 636 398 637 398 637 264 636 266 638 398 637 266 638 268 639 268 639 270 640 398 637 398 637 270 640 272 641 398 637 272 641 384 642 384 642 272 641 382 643 382 643 272 641 380 644 380 644 272 641 274 645 380 644 274 645 378 646 378 646 274 645 376 647 376 647 274 645 276 648 376 647 276 648 374 649 374 649 276 648 278 650 374 649 278 650 372 651 372 651 278 650 280 652 372 651 280 652 370 653 370 653 280 652 282 654 370 653 282 654 368 655 368 655 282 654 284 656 368 655 284 656 366 657 366 657 284 656 286 615 366 657 286 615 364 615 364 615 286 615 288 615 364 615 288 615 362 658 362 658 288 615 290 659 362 658 290 659 360 660 360 660 290 659 292 615 360 660 292 615 358 615 358 615 292 615 294 652 358 615 294 652 356 661 356 661 294 652 296 662 356 661 296 662 354 663 354 663 296 662 298 664 354 663 298 664 352 665 352 665 298 664 300 666 352 665 300 666 350 615 350 615 300 666 348 667 348 667 300 666 302 668 348 667 302 668 346 669 346 669 302 668 344 670 344 670 302 668 330 671 344 670 330 671 342 672 342 672 330 671 340 673 340 673 330 671 338 674 338 674 330 671 336 675 336 675 330 671 334 615 334 615 330 671 332 615 302 668 304 676 330 671 330 671 304 676 306 677 330 671 306 677 308 678 308 678 310 679 330 671 330 671 310 679 468 680 468 680 310 679 312 681 468 680 312 681 314 682 314 682 316 683 468 680 468 680 316 683 454 684 468 680 454 684 456 685 454 684 316 683 452 686 452 686 316 683 318 687 452 686 318 687 450 688 450 688 318 687 448 689 448 689 318 687 320 690 448 689 320 690 446 691 446 691 320 690 322 692 446 691 322 692 444 693 444 693 322 692 324 694 444 693 324 694 442 695 442 695 324 694 326 696 442 695 326 696 440 697 440 697 326 696 328 615 440 697 328 615 438 615 438 615 328 615 240 615 438 615 240 615 436 615 436 615 240 615 242 615 384 642 386 698 398 637 398 637 386 698 388 699 398 637 388 699 390 700 390 700 392 701 398 637 398 637 392 701 394 615 398 637 394 615 396 615 456 685 458 702 468 680 468 680 458 702 460 703 468 680 460 703 462 704 462 704 464 615 468 680 468 680 464 615 466 615 470 705 471 706 472 707 472 707 471 706 473 708 472 709 473 710 474 710 474 710 473 710 475 709 474 711 475 712 476 713 476 713 475 712 477 714 476 715 477 716 478 717 478 717 477 716 479 718 478 719 479 720 480 721 480 721 479 720 481 722 480 723 481 724 482 725 482 725 481 724 483 726 482 727 483 728 484 728 484 728 483 728 485 727 484 729 485 730 486 730 486 730 485 730 487 729 486 731 487 732 488 733 488 733 487 732 489 734 488 735 489 736 490 737 490 737 489 736 491 738 490 739 491 740 492 741 492 741 491 740 493 742 492 743 493 744 494 745 494 745 493 744 495 746 494 747 495 747 496 747 496 747 495 747 497 747 496 748 497 749 498 750 498 750 497 749 499 751 498 752 499 753 500 754 500 754 499 753 501 755 500 756 501 756 502 756 502 756 501 756 503 756 502 757 503 758 504 758 504 758 503 758 505 757 504 759 505 760 506 761 506 761 505 760 507 762 506 763 507 764 508 765 508 765 507 764 509 766 508 767 509 768 510 769 510 769 509 768 511 770 510 771 511 772 512 773 512 773 511 772 513 774 512 775 513 776 514 777 514 777 513 776 515 778 514 779 515 780 516 781 516 781 515 780 517 782 516 783 517 784 518 785 518 785 517 784 519 786 518 787 519 788 520 789 520 789 519 788 521 790 520 791 521 792 522 793 522 793 521 792 523 794 522 795 523 796 524 797 524 797 523 796 525 798 524 799 525 800 526 801 526 801 525 800 527 802 526 803 527 804 528 805 528 805 527 804 529 806 528 807 529 808 530 809 530 809 529 808 531 810 530 811 531 812 532 813 532 813 531 812 533 814 532 815 533 816 534 817 534 817 533 816 535 818 534 819 535 819 536 819 536 819 535 819 537 819 536 820 537 820 538 820 538 820 537 820 539 820 538 821 539 822 540 823 540 823 539 822 541 824 540 825 541 826 542 827 542 827 541 826 543 828 542 829 543 830 544 830 544 830 543 830 545 829 544 831 545 832 546 833 546 833 545 832 547 834 546 835 547 836 548 837 548 837 547 836 549 838 548 839 549 840 550 841 550 841 549 840 551 842 550 843 551 844 552 845 552 845 551 844 553 846 552 847 553 848 554 849 554 849 553 848 555 850 554 851 555 852 556 853 556 853 555 852 557 854 556 855 557 856 558 857 558 857 557 856 559 858 558 859 559 860 560 860 560 860 559 860 561 859 560 861 561 862 562 863 562 863 561 862 563 864 562 865 563 866 564 867 564 867 563 866 565 868 564 869 565 870 566 871 566 871 565 870 567 872 566 873 567 874 568 875 568 875 567 874 569 876 568 877 569 878 570 879 570 879 569 878 571 880 570 881 571 882 572 883 572 883 571 882 573 884 572 885 573 886 574 887 574 887 573 886 575 888 574 889 575 890 576 891 576 891 575 890 577 892 576 893 577 894 578 894 578 894 577 894 579 893 578 895 579 895 580 895 580 895 579 895 581 895 580 896 581 897 582 898 582 898 581 897 583 899 582 96 583 96 584 96 584 96 583 96 585 96 584 900 585 901 586 902 586 902 585 901 587 903 586 904 587 905 588 906 588 906 587 905 589 907 588 908 589 909 590 910 590 910 589 909 591 911 590 912 591 913 592 913 592 913 591 913 593 912 592 914 593 915 594 916 594 916 593 915 595 917 594 918 595 919 596 920 596 920 595 919 597 921 596 922 597 923 598 924 598 924 597 923 599 925 598 926 599 927 600 927 600 927 599 927 601 926 600 928 601 929 602 930 602 930 601 929 603 931 602 932 603 933 604 934 604 934 603 933 605 935 604 936 605 937 606 938 606 938 605 937 607 939 606 940 607 941 608 941 608 941 607 941 609 940 608 942 609 943 610 944 610 944 609 943 611 945 610 946 611 947 612 948 612 948 611 947 613 949 612 950 613 951 614 952 614 952 613 951 615 953 614 954 615 955 616 956 616 956 615 955 617 957 616 958 617 959 618 960 618 960 617 959 619 961 618 962 619 963 620 963 620 963 619 963 621 962 620 964 621 965 622 966 622 966 621 965 623 967 622 968 623 969 624 970 624 970 623 969 625 971 624 972 625 973 626 974 626 974 625 973 627 975 626 976 627 977 628 978 628 978 627 977 629 979 628 980 629 981 630 982 630 982 629 981 631 983 630 984 631 985 632 986 632 986 631 985 633 987 632 988 633 989 634 990 634 990 633 989 635 991 634 992 635 993 636 994 636 994 635 993 637 995 636 996 637 997 638 998 638 998 637 997 639 999 638 1000 639 1001 640 1002 640 1002 639 1001 641 1003 640 1004 641 1005 642 1006 642 1006 641 1005 643 1007 642 1008 643 1009 644 1010 644 1010 643 1009 645 1011 644 1012 645 1013 646 1014 646 1014 645 1013 647 1015 646 1016 647 1017 648 1018 648 1018 647 1017 649 1019 648 1020 649 1021 650 1022 650 1022 649 1021 651 1023 650 1024 651 1025 652 1026 652 1026 651 1025 653 1025 652 1027 653 1028 654 1029 654 1029 653 1028 655 1030 654 1031 655 1032 656 1033 656 1033 655 1032 657 1034 656 1035 657 1036 658 1037 658 1037 657 1036 659 1038 658 1039 659 1040 660 1041 660 1041 659 1040 661 1042 660 1043 661 1044 662 1044 662 1044 661 1044 663 1043 662 1045 663 1046 664 1047 664 1047 663 1046 665 1048 664 1049 665 1050 666 1051 666 1051 665 1050 667 1052 666 1053 667 1054 668 1055 668 1055 667 1054 669 1056 668 1057 669 1058 670 1059 670 1059 669 1058 671 1060 670 1061 671 1062 672 1063 672 1063 671 1062 673 1064 672 1065 673 1066 674 1067 674 1067 673 1066 675 1068 674 1069 675 1070 676 1071 676 1071 675 1070 677 1072 676 1073 677 1074 678 1075 678 1075 677 1074 679 1076 678 1077 679 1078 680 1078 680 1078 679 1078 681 1077 680 1079 681 1080 682 1081 682 1081 681 1080 683 1082 682 1083 683 1084 684 1085 684 1085 683 1084 685 1086 684 1087 685 1088 686 1089 686 1089 685 1088 687 1090 686 1091 687 1092 688 1093 688 1093 687 1092 689 1094 688 1095 689 1096 690 1097 690 1097 689 1096 691 1098 690 1099 691 1100 470 1101 470 1101 691 1100 471 1102 692 1103 693 1104 694 1105 694 1105 693 1104 695 1106 694 1107 695 1108 696 1109 696 1109 695 1108 697 1110 696 1111 697 1112 698 1113 698 1113 697 1112 699 1114 698 1115 699 1115 700 1115 700 1115 699 1115 701 1115 700 719 701 720 702 721 702 721 701 720 703 722 702 723 703 724 704 725 704 725 703 724 705 726 704 1116 705 1117 706 1117 706 1117 705 1117 707 1116 706 729 707 730 708 730 708 730 707 730 709 729 708 731 709 732 710 733 710 733 709 732 711 734 710 1118 711 1119 712 1120 712 1120 711 1119 713 1121 712 1122 713 1123 714 1123 714 1123 713 1123 715 1122 714 1124 715 1124 716 1124 716 1124 715 1124 717 1124 716 747 717 747 718 747 718 747 717 747 719 747 718 1125 719 1126 720 1127 720 1127 719 1126 721 1128 720 752 721 753 722 754 722 754 721 753 723 755 722 1129 723 1130 724 1131 724 1131 723 1130 725 1132 724 757 725 758 726 758 726 758 725 758 727 757 726 1133 727 1134 728 1135 728 1135 727 1134 729 1136 728 1137 729 1138 730 1139 730 1139 729 1138 731 1140 730 767 731 768 732 769 732 769 731 768 733 770 732 771 733 772 734 773 734 773 733 772 735 774 734 775 735 776 736 777 736 777 735 776 737 778 736 779 737 780 738 781 738 781 737 780 739 782 738 783 739 784 740 785 740 785 739 784 741 786 740 787 741 788 742 789 742 789 741 788 743 790 742 791 743 792 744 793 744 793 743 792 745 794 744 1141 745 1142 746 1143 746 1143 745 1142 747 1144 746 1145 747 1146 748 1147 748 1147 747 1146 749 1148 748 803 749 804 750 805 750 805 749 804 751 806 750 807 751 808 752 809 752 809 751 808 753 810 752 811 753 812 754 813 754 813 753 812 755 814 754 815 755 816 756 817 756 817 755 816 757 818 756 819 757 819 758 819 758 819 757 819 759 819 758 1149 759 1150 760 1150 760 1150 759 1150 761 1149 760 821 761 822 762 823 762 823 761 822 763 824 762 1151 763 1152 764 1153 764 1153 763 1152 765 1154 764 1155 765 1156 766 1156 766 1156 765 1156 767 1155 766 1157 767 1158 768 1159 768 1159 767 1158 769 1160 768 835 769 836 770 837 770 837 769 836 771 838 770 1161 771 1162 772 1163 772 1163 771 1162 773 1164 772 1165 773 1166 774 1167 774 1167 773 1166 775 1168 774 1169 775 1170 776 1171 776 1171 775 1170 777 1172 776 851 777 852 778 853 778 853 777 852 779 854 778 1173 779 1174 780 1175 780 1175 779 1174 781 1176 780 1177 781 1178 782 1178 782 1178 781 1178 783 1177 782 1179 783 1180 784 1181 784 1181 783 1180 785 1182 784 1183 785 1184 786 1185 786 1185 785 1184 787 1186 786 1187 787 1188 788 1189 788 1189 787 1188 789 1190 788 873 789 874 790 875 790 875 789 874 791 876 790 1191 791 1192 792 1193 792 1193 791 1192 793 1194 792 881 793 882 794 883 794 883 793 882 795 884 794 1195 795 1196 796 1197 796 1197 795 1196 797 1198 796 889 797 890 798 891 798 891 797 890 799 892 798 893 799 894 800 894 800 894 799 894 801 893 800 1199 801 1200 802 1201 802 1201 801 1200 803 1202 802 896 803 897 804 898 804 898 803 897 805 899 804 96 805 96 806 96 806 96 805 96 807 96 806 900 807 901 808 902 808 902 807 901 809 903 808 1203 809 1204 810 1205 810 1205 809 1204 811 1206 810 908 811 909 812 910 812 910 811 909 813 911 812 912 813 913 814 913 814 913 813 913 815 912 814 1207 815 1208 816 1209 816 1209 815 1208 817 1210 816 918 817 919 818 920 818 920 817 919 819 921 818 1211 819 1212 820 1212 820 1212 819 1212 821 1211 820 926 821 927 822 927 822 927 821 927 823 926 822 1213 823 1214 824 1215 824 1215 823 1214 825 1216 824 1217 825 1218 826 1219 826 1219 825 1218 827 1220 826 1221 827 1222 828 1223 828 1223 827 1222 829 1224 828 1225 829 1226 830 1226 830 1226 829 1226 831 1225 830 1227 831 1228 832 1229 832 1229 831 1228 833 1230 832 946 833 947 834 948 834 948 833 947 835 949 834 1231 835 1232 836 1233 836 1233 835 1232 837 1234 836 1235 837 1236 838 1237 838 1237 837 1236 839 1238 838 1239 839 1240 840 1241 840 1241 839 1240 841 1242 840 962 841 963 842 963 842 963 841 963 843 962 842 1243 843 1244 844 1245 844 1245 843 1244 845 1246 844 1247 845 1248 846 1249 846 1249 845 1248 847 1250 846 1251 847 1252 848 1253 848 1253 847 1252 849 1254 848 976 849 977 850 978 850 978 849 977 851 979 850 1255 851 1256 852 1257 852 1257 851 1256 853 1258 852 984 853 985 854 986 854 986 853 985 855 987 854 988 855 989 856 990 856 990 855 989 857 991 856 992 857 993 858 994 858 994 857 993 859 995 858 996 859 997 860 998 860 998 859 997 861 999 860 1000 861 1001 862 1002 862 1002 861 1001 863 1003 862 1259 863 1260 864 1261 864 1261 863 1260 865 1262 864 1263 865 1264 866 1265 866 1265 865 1264 867 1266 866 1012 867 1013 868 1014 868 1014 867 1013 869 1015 868 1016 869 1017 870 1018 870 1018 869 1017 871 1019 870 1020 871 1021 872 1022 872 1022 871 1021 873 1023 872 1024 873 1025 874 1026 874 1026 873 1025 875 1025 874 1027 875 1028 876 1029 876 1029 875 1028 877 1030 876 1031 877 1032 878 1033 878 1033 877 1032 879 1034 878 1035 879 1036 880 1037 880 1037 879 1036 881 1038 880 1267 881 1268 882 1269 882 1269 881 1268 883 1270 882 1271 883 1272 884 1273 884 1273 883 1272 885 1274 884 1045 885 1046 886 1047 886 1047 885 1046 887 1048 886 1275 887 1276 888 1277 888 1277 887 1276 889 1278 888 1053 889 1054 890 1055 890 1055 889 1054 891 1056 890 1279 891 1280 892 1281 892 1281 891 1280 893 1282 892 1061 893 1062 894 1063 894 1063 893 1062 895 1064 894 1283 895 1284 896 1285 896 1285 895 1284 897 1286 896 1287 897 1288 898 1288 898 1288 897 1288 899 1287 898 1289 899 1290 900 1291 900 1291 899 1290 901 1292 900 1077 901 1078 902 1078 902 1078 901 1078 903 1077 902 1079 903 1080 904 1081 904 1081 903 1080 905 1082 904 1293 905 1294 906 1295 906 1295 905 1294 907 1296 906 1087 907 1088 908 1089 908 1089 907 1088 909 1090 908 1091 909 1092 910 1093 910 1093 909 1092 911 1094 910 1297 911 1297 912 1297 912 1297 911 1297 913 1297 912 1298 913 1299 692 1300 692 1300 913 1299 693 1301 0 1302 472 1303 60 1304 60 1304 472 1303 474 1305 60 1304 474 1305 476 1306 2 1307 674 1308 0 1302 0 1302 674 1308 676 1309 0 1302 676 1309 678 1310 674 1308 2 1307 672 1311 672 1311 2 1307 4 1312 672 1311 4 1312 6 1313 672 1311 6 1313 670 1314 670 1314 6 1313 8 1315 670 1314 8 1315 10 1316 670 1314 10 1316 668 1317 668 1317 10 1316 12 1318 668 1317 12 1318 14 1319 668 1317 14 1319 666 1320 666 1320 14 1319 16 1321 666 1320 16 1321 18 1322 666 1320 18 1322 664 1323 664 1323 18 1322 20 1324 664 1323 20 1324 22 1325 664 1323 22 1325 662 1326 662 1326 22 1325 24 1327 662 1326 24 1327 660 1328 660 1328 24 1327 26 1329 660 1328 26 1329 658 1330 658 1330 26 1329 28 1331 658 1330 28 1331 656 615 656 615 28 1331 654 615 654 615 28 1331 652 1332 652 1332 28 1331 650 1333 650 1333 28 1331 451 1334 650 1333 451 1334 914 1335 914 1335 451 1334 449 1336 914 1335 449 1336 447 1337 31 1338 461 1339 28 1331 28 1331 461 1339 459 1340 28 1331 459 1340 457 1341 92 615 469 1342 31 1338 31 1338 469 1342 467 1343 31 1338 467 1343 465 1344 92 615 94 615 469 1342 469 1342 94 615 96 1345 469 1342 96 1345 98 1346 98 1346 100 1347 469 1342 469 1342 100 1347 102 1348 469 1342 102 1348 104 1349 104 1349 106 1350 469 1342 469 1342 106 1350 108 1351 469 1342 108 1351 110 1352 110 1352 112 1353 469 1342 469 1342 112 1353 114 1354 469 1342 114 1354 116 1355 116 1355 118 615 469 1342 469 1342 118 615 62 1356 469 1342 62 1356 331 1357 331 1357 62 1356 64 1358 331 1357 64 1358 66 1359 66 1359 68 1360 331 1357 331 1357 68 1360 70 1361 331 1357 70 1361 72 1362 72 1362 74 1363 331 1357 331 1357 74 1363 76 1364 331 1357 76 1364 78 1365 78 1365 80 1366 331 1357 331 1357 80 1366 82 1367 331 1357 82 1367 84 1368 84 1368 86 1369 331 1357 331 1357 86 1369 88 1370 331 1357 88 1370 90 1371 32 1372 339 1373 90 1371 90 1371 339 1373 337 1374 90 1371 337 1374 335 1375 34 1376 508 1377 32 1372 32 1372 508 1377 510 1378 32 1372 510 1378 512 1379 508 1377 34 1376 506 1380 506 1380 34 1376 36 1381 506 1380 36 1381 504 1382 504 1382 36 1381 38 1383 504 1382 38 1383 502 1384 502 1384 38 1383 40 1385 502 1384 40 1385 42 1386 502 1384 42 1386 500 1387 500 1387 42 1386 44 1388 500 1387 44 1388 46 1389 500 1387 46 1389 498 1390 498 1390 46 1389 48 1391 498 1390 48 1391 50 1392 498 1390 50 1392 496 1393 496 1393 50 1392 52 1394 496 1393 52 1394 54 1395 496 1393 54 1395 494 1396 494 1396 54 1395 56 1397 494 1396 56 1397 58 1398 494 1396 58 1398 492 1399 492 1399 58 1398 60 1304 492 1399 60 1304 490 1400 490 1400 60 1304 488 1401 488 1401 60 1304 486 1402 486 1402 60 1304 484 1403 484 1403 60 1304 482 1404 482 1404 60 1304 480 1405 480 1405 60 1304 478 615 478 615 60 1304 476 1306 182 1406 391 1407 238 1408 238 1408 391 1407 389 1409 238 1408 389 1409 387 1410 184 615 399 1411 182 1406 182 1406 399 1411 397 1412 182 1406 397 1412 395 1413 184 615 186 1414 399 1411 399 1411 186 1414 188 1415 399 1411 188 1415 190 1416 190 1416 192 1417 399 1411 399 1411 192 1417 194 1418 399 1411 194 1418 196 1419 196 1419 198 1420 399 1411 399 1411 198 1420 200 1421 399 1411 200 1421 202 1422 202 1422 204 1423 399 1411 399 1411 204 1423 206 1424 399 1411 206 1424 208 1425 208 1425 210 615 399 1411 399 1411 210 615 400 1426 400 1426 210 615 120 1427 400 1426 120 1427 122 1428 122 1428 124 1429 400 1426 400 1426 124 1429 126 1430 400 1426 126 1430 128 1431 128 1431 130 1432 400 1426 400 1426 130 1432 132 1433 400 1426 132 1433 134 615 134 615 136 1434 400 1426 400 1426 136 1434 138 1435 400 1426 138 1435 140 1436 140 1436 142 1437 400 1426 400 1426 142 1437 144 1438 400 1426 144 1438 146 1439 146 1439 148 1440 400 1426 400 1426 148 1440 403 1441 403 1441 148 1440 405 615 405 615 148 1440 407 615 407 615 148 1440 409 1442 409 1442 148 1440 151 1443 409 1442 151 1443 411 615 411 615 151 1443 413 615 413 615 151 1443 415 615 415 615 151 1443 417 1444 417 1444 151 1443 848 1445 417 1444 848 1445 915 1446 915 1446 848 1445 850 1447 915 1446 850 1447 852 1448 152 1449 842 1450 151 1443 151 1443 842 1450 844 1451 151 1443 844 1451 846 1452 154 1453 838 1454 152 1449 152 1449 838 1454 840 1455 152 1449 840 1455 842 1450 838 1454 154 1453 836 1456 836 1456 154 1453 156 1457 836 1456 156 1457 158 1458 836 1456 158 1458 834 1459 834 1459 158 1458 160 1460 834 1459 160 1460 162 1461 834 1459 162 1461 832 1462 832 1462 162 1461 164 1463 832 1462 164 1463 166 1464 832 1462 166 1464 830 1465 830 1465 166 1464 168 1466 830 1465 168 1466 170 1467 830 1465 170 1467 828 1468 828 1468 170 1467 172 1469 828 1468 172 1469 174 1470 828 1468 174 1470 826 1471 826 1471 174 1470 176 1472 826 1471 176 1472 824 1473 824 1473 176 1472 178 1474 824 1473 178 1474 822 615 822 615 178 1474 820 615 820 615 178 1474 818 615 818 615 178 1474 816 615 816 615 178 1474 814 615 814 615 178 1474 812 615 812 615 178 1474 810 615 810 615 178 1474 808 615 808 615 178 1474 806 615 806 615 178 1474 181 1475 806 615 181 1475 804 615 804 615 181 1475 802 615 802 615 181 1475 800 615 800 615 181 1475 798 615 798 615 181 1475 796 615 796 615 181 1475 794 615 794 615 181 1475 792 615 792 615 181 1475 790 615 790 615 181 1475 788 615 788 615 181 1475 786 1476 786 1476 181 1475 212 1477 786 1476 212 1477 784 1478 784 1478 212 1477 214 1479 784 1478 214 1479 782 1480 782 1480 214 1479 216 1481 782 1480 216 1481 218 1482 782 1480 218 1482 780 1483 780 1483 218 1482 220 1484 780 1483 220 1484 222 1485 780 1483 222 1485 778 1486 778 1486 222 1485 224 1487 778 1486 224 1487 226 1488 778 1486 226 1488 776 1489 776 1489 226 1488 228 1490 776 1489 228 1490 230 1491 776 1489 230 1491 774 1492 774 1492 230 1491 232 1493 774 1492 232 1493 234 1494 774 1492 234 1494 772 1495 772 1495 234 1494 236 1496 772 1495 236 1496 770 615 770 615 236 1496 768 1497 768 1497 236 1496 238 1408 768 1497 238 1408 766 1498 766 1498 238 1408 764 1499 764 1499 238 1408 762 1500 762 1500 238 1408 383 1501 762 1500 383 1501 916 1502 916 1502 383 1501 381 1503 916 1502 381 1503 379 1504 395 1413 393 1505 182 1406 182 1406 393 1505 391 1407 387 1410 385 1506 238 1408 238 1408 385 1506 383 1501 379 1504 377 1507 916 1502 916 1502 377 1507 375 1508 916 1502 375 1508 373 1509 373 1509 371 1510 916 1502 916 1502 371 1510 369 1511 916 1502 369 1511 367 1512 367 1512 365 1513 916 1502 916 1502 365 1513 917 1514 917 1514 365 1513 363 1515 917 1514 363 1515 361 1516 361 1516 359 1517 917 1514 917 1514 359 1517 357 1518 917 1514 357 1518 355 1519 355 1519 353 1520 917 1514 917 1514 353 1520 351 1521 917 1514 351 1521 349 1522 347 615 32 1372 349 1522 349 1522 32 1372 516 1523 349 1522 516 1523 917 1514 917 1514 516 1523 518 1524 917 1514 518 1524 520 1525 347 615 345 1526 32 1372 32 1372 345 1526 343 1527 32 1372 343 1527 341 1528 341 1528 339 1373 32 1372 335 1375 333 1529 90 1371 90 1371 333 1529 331 1357 465 1344 463 1530 31 1338 31 1338 463 1530 461 1339 457 1341 455 1531 28 1331 28 1331 455 1531 453 1532 28 1331 453 1532 451 1334 447 1337 445 1533 914 1335 914 1335 445 1533 443 1534 914 1335 443 1534 441 1535 441 1535 439 1536 914 1335 914 1335 439 1536 437 1537 914 1335 437 1537 435 1538 914 1335 435 1538 915 1446 915 1446 435 1538 433 1539 915 1446 433 1539 431 1540 431 1540 429 1541 915 1446 915 1446 429 1541 427 1542 915 1446 427 1542 425 1543 425 1543 423 1544 915 1446 915 1446 423 1544 421 1545 915 1446 421 1545 419 1546 419 1546 417 1444 915 1446 918 1547 919 1548 916 1502 916 1502 919 1548 920 1549 916 1502 920 1549 921 615 921 615 922 1550 916 1502 916 1502 922 1550 750 1551 916 1502 750 1551 752 1552 922 1550 923 1553 750 1551 750 1551 923 1553 924 1554 750 1551 924 1554 925 1555 750 1551 925 1555 748 1556 748 1556 925 1555 926 1557 748 1556 926 1557 746 1558 746 1558 926 1557 927 1559 746 1558 927 1559 744 1560 744 1560 927 1559 928 1561 744 1560 928 1561 742 615 742 615 928 1561 929 1562 742 615 929 1562 740 1563 740 1563 929 1562 738 1564 738 1564 929 1562 930 1565 738 1564 930 1565 736 1566 736 1566 930 1565 931 1567 736 1566 931 1567 734 1568 734 1568 931 1567 732 1569 732 1569 931 1567 932 1570 732 1569 932 1570 730 615 730 615 932 1570 933 615 730 615 933 615 728 615 728 615 933 615 934 1571 728 615 934 1571 726 615 726 615 934 1571 724 1572 724 1572 934 1571 935 1573 724 1572 935 1573 722 1574 722 1574 935 1573 936 1575 722 1574 936 1575 720 1576 720 1576 936 1575 937 1577 720 1576 937 1577 718 1578 718 1578 937 1577 938 1579 718 1578 938 1579 716 1580 716 1580 938 1579 939 1581 716 1580 939 1581 714 615 714 615 939 1581 712 1582 712 1582 939 1581 940 1583 712 1582 940 1583 710 1584 710 1584 940 1583 941 1585 710 1584 941 1585 708 1586 708 1586 941 1585 942 1587 708 1586 942 1587 706 1588 706 1588 942 1587 943 1589 706 1588 943 1589 704 1590 704 1590 943 1589 944 1591 704 1590 944 1591 702 1592 702 1592 944 1591 945 1593 702 1592 945 1593 700 1594 700 1594 945 1593 946 1595 700 1594 946 1595 698 1596 698 1596 946 1595 947 1597 698 1596 947 1597 696 1598 696 1598 947 1597 948 1599 696 1598 948 1599 694 615 694 615 948 1599 692 1600 692 1600 948 1599 949 1601 692 1600 949 1601 912 1602 912 1602 949 1601 950 1603 912 1602 950 1603 910 1604 910 1604 950 1603 951 1605 910 1604 951 1605 908 1606 908 1606 951 1605 952 1607 908 1606 952 1607 906 1608 906 1608 952 1607 953 1609 906 1608 953 1609 904 1610 904 1610 953 1609 954 1611 904 1610 954 1611 902 1612 902 1612 954 1611 955 1613 902 1612 955 1613 900 1614 900 1614 955 1613 956 1615 900 1614 956 1615 898 1616 898 1616 956 1615 957 1617 898 1616 957 1617 896 615 896 615 957 1617 894 1618 894 1618 957 1617 958 1619 894 1618 958 1619 892 1620 892 1620 958 1619 959 1621 892 1620 959 1621 890 1622 890 1622 959 1621 960 1623 890 1622 960 1623 888 1624 888 1624 960 1623 961 1625 888 1624 961 1625 886 1626 886 1626 961 1625 962 1627 886 1626 962 1627 884 1628 884 1628 962 1627 882 1629 882 1629 962 1627 963 615 882 1629 963 615 880 615 880 615 963 615 964 1630 880 615 964 1630 878 1631 878 1631 964 1630 965 1632 878 1631 965 1632 876 1633 876 1633 965 1632 874 1634 874 1634 965 1632 966 1635 874 1634 966 1635 872 1636 872 1636 966 1635 967 1637 872 1636 967 1637 870 1638 870 1638 967 1637 868 615 868 615 967 1637 968 1639 868 615 968 1639 866 1640 866 1640 968 1639 969 1641 866 1640 969 1641 864 1642 864 1642 969 1641 970 1643 864 1642 970 1643 862 1644 862 1644 970 1643 971 1645 862 1644 971 1645 860 1646 860 1646 971 1645 972 1647 860 1646 972 1647 973 1648 973 1648 974 615 860 1646 860 1646 974 615 915 1446 860 1646 915 1446 858 615 858 615 915 1446 856 1649 856 1649 915 1446 854 1650 854 1650 915 1446 852 1448 974 615 975 615 915 1446 915 1446 975 615 976 1651 915 1446 976 1651 977 1652 977 1652 978 1653 915 1446 979 615 980 1654 914 1335 914 1335 980 1654 981 1655 914 1335 981 1655 982 1656 982 1656 983 615 914 1335 914 1335 983 615 640 1657 914 1335 640 1657 642 1658 983 615 984 1659 640 1657 640 1657 984 1659 985 1660 640 1657 985 1660 638 1661 638 1661 985 1660 986 1662 638 1661 986 1662 987 1663 638 1661 987 1663 636 1664 636 1664 987 1663 988 1665 636 1664 988 1665 634 615 634 615 988 1665 989 1666 634 615 989 1666 632 615 632 615 989 1666 630 1667 630 1667 989 1666 990 1668 630 1667 990 1668 628 1669 628 1669 990 1668 991 1670 628 1669 991 1670 626 1671 626 1671 991 1670 624 1672 624 1672 991 1670 992 1673 624 1672 992 1673 622 1674 622 1674 992 1673 993 1675 622 1674 993 1675 620 615 620 615 993 1675 994 615 620 615 994 615 618 615 618 615 994 615 616 615 616 615 994 615 995 1676 616 615 995 1676 614 1677 614 1677 995 1676 996 1678 614 1677 996 1678 612 1679 612 1679 996 1678 997 1680 612 1679 997 1680 610 615 610 615 997 1680 608 1681 608 1681 997 1680 998 1682 608 1681 998 1682 606 1683 606 1683 998 1682 999 1684 606 1683 999 1684 604 1685 604 1685 999 1684 1000 1686 604 1685 1000 1686 602 1687 602 1687 1000 1686 1001 1688 602 1687 1001 1688 600 1689 600 1689 1001 1688 1002 1690 600 1689 1002 1690 598 1691 598 1691 1002 1690 1003 1692 598 1691 1003 1692 596 1693 596 1693 1003 1692 1004 1694 596 1693 1004 1694 594 1695 594 1695 1004 1694 592 1696 592 1696 1004 1694 1005 1697 592 1696 1005 1697 590 1698 590 1698 1005 1697 1006 1699 590 1698 1006 1699 588 1700 588 1700 1006 1699 1007 1701 588 1700 1007 1701 586 1702 586 1702 1007 1701 1008 1703 586 1702 1008 1703 584 1704 584 1704 1008 1703 1009 1705 584 1704 1009 1705 582 1706 582 1706 1009 1705 1010 1707 582 1706 1010 1707 580 1708 580 1708 1010 1707 1011 1709 580 1708 1011 1709 578 1710 578 1710 1011 1709 1012 1711 578 1710 1012 1711 576 1712 576 1712 1012 1711 1013 1713 576 1712 1013 1713 574 1714 574 1714 1013 1713 1014 1715 574 1714 1014 1715 572 615 572 615 1014 1715 570 1716 570 1716 1014 1715 1015 1717 570 1716 1015 1717 568 1718 568 1718 1015 1717 1016 1719 568 1718 1016 1719 566 1720 566 1720 1016 1719 1017 1721 566 1720 1017 1721 564 1722 564 1722 1017 1721 1018 1723 564 1722 1018 1723 562 1724 562 1724 1018 1723 1019 1725 562 1724 1019 1725 560 1726 560 1726 1019 1725 1020 1727 560 1726 1020 1727 558 1728 558 1728 1020 1727 1021 1729 558 1728 1021 1729 556 615 556 615 1021 1729 554 1730 554 1730 1021 1729 1022 1731 554 1730 1022 1731 552 1732 552 1732 1022 1731 1023 1733 552 1732 1023 1733 550 615 550 615 1023 1733 1024 615 550 615 1024 615 548 615 548 615 1024 615 546 615 546 615 1024 615 1025 1734 546 615 1025 1734 544 1735 544 1735 1025 1734 1026 1736 544 1735 1026 1736 542 1737 542 1737 1026 1736 1027 1738 542 1737 1027 1738 540 1739 540 1739 1027 1738 538 1740 538 1740 1027 1738 1028 1741 538 1740 1028 1741 536 1742 536 1742 1028 1741 1029 1743 536 1742 1029 1743 534 615 534 615 1029 1743 532 615 532 615 1029 1743 1030 1744 532 615 1030 1744 530 1745 530 1745 1030 1744 1031 1746 530 1745 1031 1746 528 1747 528 1747 1031 1746 1032 1748 528 1747 1032 1748 1033 1749 528 1747 1033 1749 526 1750 526 1750 1033 1749 1034 1751 526 1750 1034 1751 1035 1752 526 1750 1035 1752 917 1514 917 1514 1035 1752 1036 1753 917 1514 1036 1753 1037 1754 1037 1754 1038 1755 917 1514 917 1514 1038 1755 1039 1756 752 1552 754 1757 916 1502 916 1502 754 1757 756 1758 916 1502 756 1758 758 615 758 615 760 1759 916 1502 916 1502 760 1759 762 1500 846 1452 848 1445 151 1443 512 1379 514 1760 32 1372 32 1372 514 1760 516 1523 520 1525 522 1761 917 1514 917 1514 522 1761 524 1762 917 1514 524 1762 526 1750 642 1658 644 1763 914 1335 914 1335 644 1763 646 1764 914 1335 646 1764 648 1765 648 1765 650 1333 914 1335 678 1310 680 1766 0 1302 0 1302 680 1766 682 1767 0 1302 682 1767 684 1768 684 1768 686 1769 0 1302 0 1302 686 1769 688 1770 0 1302 688 1770 690 1771 690 1771 470 1772 0 1302 0 1302 470 1772 472 1303 1040 1773 717 1774 1041 1775 1041 1775 717 1774 715 1776 1041 1775 715 1776 1042 1777 1042 1777 715 1776 713 1778 1042 1777 713 1778 1043 1779 1043 1779 713 1778 711 1780 1043 1779 711 1780 1044 1781 1044 1781 711 1780 709 1782 1044 1781 709 1782 1045 1783 1045 1783 709 1782 707 1784 1045 1783 707 1784 705 1785 1046 1786 725 1787 1040 1773 1040 1773 725 1787 723 1788 1040 1773 723 1788 721 1789 1046 1786 1047 1790 725 1787 725 1787 1047 1790 1048 1791 725 1787 1048 1791 1049 1792 1049 1792 1050 1793 725 1787 725 1787 1050 1793 1051 1794 725 1787 1051 1794 727 1795 727 1795 1051 1794 1052 1796 727 1795 1052 1796 729 1797 729 1797 1052 1796 1053 1798 729 1797 1053 1798 731 1799 731 1799 1053 1798 1054 1800 731 1799 1054 1800 733 1801 733 1801 1054 1800 1055 1802 733 1801 1055 1802 735 1803 735 1803 1055 1802 1056 1804 735 1803 1056 1804 737 1805 737 1805 1056 1804 1057 1806 737 1805 1057 1806 739 1807 739 1807 1057 1806 1058 1808 739 1807 1058 1808 741 615 741 615 1058 1808 743 1809 743 1809 1058 1808 1059 1810 743 1809 1059 1810 745 615 745 615 1059 1810 747 1811 747 1811 1059 1810 1060 1812 747 1811 1060 1812 749 1813 749 1813 1060 1812 751 1814 751 1814 1060 1812 1061 1815 751 1814 1061 1815 753 1816 753 1816 1061 1815 755 1817 755 1817 1061 1815 1062 1818 755 1817 1062 1818 757 1819 757 1819 1062 1818 1063 1820 757 1819 1063 1820 759 1821 759 1821 1063 1820 761 1822 761 1822 1063 1820 1064 1823 761 1822 1064 1823 763 1824 763 1824 1064 1823 1065 1825 763 1824 1065 1825 765 1826 765 1826 1065 1825 767 1827 767 1827 1065 1825 1066 1828 767 1827 1066 1828 769 1829 769 1829 1066 1828 1067 1830 769 1829 1067 1830 771 615 771 615 1067 1830 1068 615 771 615 1068 615 1069 1831 1061 1815 1060 1812 1070 1832 1070 1832 1060 1812 1071 1833 1070 1832 1071 1833 1072 1834 1072 1834 1071 1833 1073 1835 1072 1834 1073 1835 1074 1836 1074 1836 1073 1835 1075 1837 1074 1836 1075 1837 1076 1838 1076 1838 1075 1837 1077 1839 1076 1838 1077 1839 1078 1840 1078 1840 1077 1839 1079 1841 1078 1840 1079 1841 1080 1842 1080 1842 1079 1841 1081 1843 1080 1842 1081 1843 1082 1844 1082 1844 1081 1843 1083 1845 1082 1844 1083 1845 1084 1846 1084 1846 1083 1845 1085 1847 1084 1846 1085 1847 1086 1848 1086 1848 1085 1847 1087 1849 1086 1848 1087 1849 1088 615 1088 615 1087 1849 1089 1850 1089 1850 1087 1849 1090 1851 1089 1850 1090 1851 1091 1852 1091 1852 1090 1851 1092 1853 1091 1852 1092 1853 1093 1854 1093 1854 1092 1853 1094 1855 1093 1854 1094 1855 1095 1856 1095 1856 1094 1855 1096 1857 1096 1857 1094 1855 1097 1858 1096 1857 1097 1858 695 615 695 615 1097 1858 697 615 697 615 1097 1858 699 1859 699 1859 1097 1858 1098 1860 699 1859 1098 1860 701 615 701 615 1098 1860 703 1861 703 1861 1098 1860 1099 1862 703 1861 1099 1862 705 1785 705 1785 1099 1862 1045 1783 1100 1863 1101 1864 1102 1865 1102 1865 1101 1864 1103 1866 1102 1865 1103 1866 1104 1867 1104 1867 1103 1866 1105 1868 1104 1867 1105 1868 1106 1869 1106 1869 1105 1868 1107 1870 1107 1870 1105 1868 1108 1871 1107 1870 1108 1871 1109 1872 1109 1872 1108 1871 1110 1873 1109 1872 1110 1873 1111 1874 1111 1874 1110 1873 1112 1875 1111 1874 1112 1875 1113 1876 1113 1876 1112 1875 1114 1877 1113 1876 1114 1877 1115 1878 1115 1878 1114 1877 1116 1879 1115 1878 1116 1879 1117 1880 1117 1880 1116 1879 1118 1881 1117 1880 1118 1881 1119 615 1119 615 1118 1881 1120 615 1119 615 1120 615 1121 1882 1121 1882 1120 615 1122 1883 1121 1882 1122 1883 1123 1884 1101 1864 1100 1863 1124 1885 1124 1885 1100 1863 1125 1886 1124 1885 1125 1886 1126 1887 1126 1887 1125 1886 1127 1888 1126 1887 1127 1888 1128 1889 1128 1889 1127 1888 1129 1890 1128 1889 1129 1890 1130 1891 1130 1891 1129 1890 1131 1892 1130 1891 1131 1892 1132 1893 1132 1893 1131 1892 1133 1894 1132 1893 1133 1894 1134 1895 1134 1895 1133 1894 1135 1896 1134 1895 1135 1896 1136 1897 1136 1897 1135 1896 1137 1898 1136 1897 1137 1898 1138 1899 1138 1899 1137 1898 1139 1900 1138 1899 1139 1900 1140 1901 1140 1901 1139 1900 1141 1902 1140 1901 1141 1902 1142 615 1142 615 1141 1902 1143 1903 1143 1903 1141 1902 1144 1904 1143 1903 1144 1904 805 615 805 615 1144 1904 807 615 807 615 1144 1904 809 1905 809 1905 1144 1904 1145 1906 809 1905 1145 1906 811 615 811 615 1145 1906 813 1907 813 1907 1145 1906 1146 1908 813 1907 1146 1908 815 1909 815 1909 1146 1908 817 1910 817 1910 1146 1908 1147 1911 817 1910 1147 1911 819 1912 819 1912 1147 1911 1148 1913 819 1912 1148 1913 821 1914 821 1914 1148 1913 1149 1915 821 1914 1149 1915 823 1916 823 1916 1149 1915 1150 1917 823 1916 1150 1917 825 1918 825 1918 1150 1917 1151 1919 825 1918 1151 1919 827 1920 827 1920 1151 1919 1152 1921 827 1920 1152 1921 829 1922 829 1922 1152 1921 1153 1923 829 1922 1153 1923 831 1924 831 1924 1153 1923 1154 1925 831 1924 1154 1925 833 1926 833 1926 1154 1925 1155 1927 833 1926 1155 1927 1156 1928 833 1926 1156 1928 835 1929 835 1929 1156 1928 1157 1930 835 1929 1157 1930 837 1931 837 1931 1157 1930 1158 1932 837 1931 1158 1932 839 1933 839 1933 1158 1932 1159 1934 839 1933 1159 1934 841 1935 841 1935 1159 1934 1160 615 841 1935 1160 615 1161 1936 841 1935 1161 1936 843 1937 843 1937 1161 1936 1162 1938 843 1937 1162 1938 845 1939 845 1939 1162 1938 1163 1940 845 1939 1163 1940 847 1941 847 1941 1163 1940 849 1942 849 1942 1163 1940 1164 1943 849 1942 1164 1943 851 1944 851 1944 1164 1943 1165 1945 851 1944 1165 1945 853 615 853 615 1165 1945 855 1946 855 1946 1165 1945 1166 1947 855 1946 1166 1947 857 1948 857 1948 1166 1947 1167 1949 857 1948 1167 1949 859 1950 859 1950 1167 1949 861 1951 861 1951 1167 1949 1168 1952 861 1951 1168 1952 863 1953 863 1953 1168 1952 865 1954 865 1954 1168 1952 1169 1955 865 1954 1169 1955 867 615 867 615 1169 1955 869 1956 869 1956 1169 1955 1170 1957 869 1956 1170 1957 871 1958 871 1958 1170 1957 873 1959 873 1959 1170 1957 1171 1960 873 1959 1171 1960 875 1961 875 1961 1171 1960 1172 1962 875 1961 1172 1962 877 1963 877 1963 1172 1962 1173 615 877 1963 1173 615 879 1964 879 1964 1173 615 1174 1965 879 1964 1174 1965 881 1966 881 1966 1174 1965 1175 1967 881 1966 1175 1967 883 615 883 615 1175 1967 1176 1968 883 615 1176 1968 885 1969 885 1969 1176 1968 1177 1970 885 1969 1177 1970 887 1971 887 1971 1177 1970 1178 1972 887 1971 1178 1972 1179 1973 1168 1952 1167 1949 1106 1869 1106 1869 1167 1949 1104 1867 1070 1832 1180 1974 1181 1975 1181 1975 1180 1974 1182 1976 1181 1975 1182 1976 1183 1977 1183 1977 1182 1976 1184 1978 1183 1977 1184 1978 1185 1979 1185 1979 1184 1978 1186 1980 1185 1979 1186 1980 1187 1981 1187 1981 1186 1980 1188 1982 1187 1981 1188 1982 1189 1983 1189 1983 1188 1982 1190 1984 1189 1983 1190 1984 1191 1985 1191 1985 1190 1984 1192 1986 1191 1985 1192 1986 1193 1987 1193 1987 1192 1986 1194 1988 1193 1987 1194 1988 1195 1989 1195 1989 1194 1988 1196 1990 1195 1989 1196 1990 1197 1991 1197 1991 1196 1990 1198 1992 1197 1991 1198 1992 1199 1993 1199 1993 1198 1992 1200 1994 1199 1993 1200 1994 1142 615 1142 615 1200 1994 1140 1901 771 615 1069 1831 773 1995 773 1995 1069 1831 1201 1996 773 1995 1201 1996 775 1997 775 1997 1201 1996 1202 1998 775 1997 1202 1998 777 1999 777 1999 1202 1998 1203 2000 777 1999 1203 2000 779 2001 779 2001 1203 2000 1204 2002 779 2001 1204 2002 1205 2003 779 2001 1205 2003 781 2004 781 2004 1205 2003 1206 2005 781 2004 1206 2005 783 2006 783 2006 1206 2005 1207 2007 783 2006 1207 2007 785 2008 785 2008 1207 2007 1208 2009 785 2008 1208 2009 787 2010 787 2010 1208 2009 1209 2011 787 2010 1209 2011 789 2012 789 2012 1209 2011 1210 2013 789 2012 1210 2013 791 2014 791 2014 1210 2013 1211 2015 791 2014 1211 2015 793 2016 793 2016 1211 2015 1212 2017 793 2016 1212 2017 795 2018 795 2018 1212 2017 1213 2019 795 2018 1213 2019 797 615 797 615 1213 2019 799 2020 799 2020 1213 2019 1214 2021 799 2020 1214 2021 801 615 801 615 1214 2021 803 2022 803 2022 1214 2021 1143 1903 803 2022 1143 1903 805 615 1072 1834 1180 1974 1070 1832 1121 1882 1123 1884 1215 2023 1215 2023 1123 1884 1216 2024 1215 2023 1216 2024 1217 2025 1217 2025 1216 2024 1093 1854 1217 2025 1093 1854 1095 1856 1218 2026 897 2027 1219 2028 1219 2028 897 2027 895 2029 1219 2028 895 2029 1220 2030 1220 2030 895 2029 893 2031 1220 2030 893 2031 1221 615 1221 615 893 2031 1222 2032 1222 2032 893 2031 891 2033 1222 2032 891 2033 1223 2034 1223 2034 891 2033 889 2035 1223 2034 889 2035 1179 1973 1179 1973 889 2035 887 1971 897 2027 1218 2026 899 2036 899 2036 1218 2026 1224 2037 899 2036 1224 2037 901 2038 901 2038 1224 2037 1225 2039 901 2038 1225 2039 903 2040 903 2040 1225 2039 1226 2041 903 2040 1226 2041 905 615 905 615 1226 2041 907 2042 907 2042 1226 2041 1227 2043 907 2042 1227 2043 909 2044 909 2044 1227 2043 1228 2045 909 2044 1228 2045 911 615 911 615 1228 2045 913 2046 913 2046 1228 2045 1096 1857 913 2046 1096 1857 693 615 693 615 1096 1857 695 615 721 1789 719 2047 1040 1773 1040 1773 719 2047 717 1774 1229 2048 1230 2049 1231 2050 1231 2050 1230 2049 1232 2051 1231 2052 1232 2053 1233 2054 1233 2054 1232 2053 1234 2055 1233 2056 1234 2057 1235 2058 1235 2058 1234 2057 1236 2059 1235 2060 1236 2061 1237 2062 1237 2062 1236 2061 1238 2063 1237 2064 1238 2065 1239 2064 1239 2064 1238 2065 1240 2066 1239 2067 1240 2068 1241 2069 1241 2069 1240 2068 1242 2070 1241 2071 1242 2072 1243 2073 1243 2073 1242 2072 1244 2074 1243 2075 1244 2076 1245 2077 1245 2077 1244 2076 1246 2078 1245 2079 1246 2080 1247 2081 1247 2081 1246 2080 1248 2082 1247 2083 1248 2084 1249 2085 1249 2085 1248 2084 1250 2084 1249 2086 1250 2087 1251 2088 1251 2088 1250 2087 1252 2087 1251 2089 1252 2090 1253 2091 1253 2091 1252 2090 1254 2092 1253 2093 1254 2094 1255 2095 1255 2095 1254 2094 1256 2096 1255 2097 1256 2098 1257 2099 1257 2099 1256 2098 1258 2100 1257 2101 1258 2102 1259 2103 1259 2103 1258 2102 1260 2104 1259 2105 1260 2106 1261 2105 1261 2105 1260 2106 1262 2107 1261 2108 1262 2109 1263 2110 1263 2110 1262 2109 1264 2111 1263 2112 1264 2113 1265 2114 1265 2114 1264 2113 1266 2115 1265 2116 1266 2117 1267 2118 1267 2118 1266 2117 1268 2119 1267 2120 1268 2121 1269 2122 1269 2122 1268 2121 1270 2123 1269 2124 1270 2125 1271 2126 1271 2126 1270 2125 1272 2127 1271 2128 1272 2129 1273 2130 1273 2130 1272 2129 1274 2131 1273 2132 1274 2133 1275 2134 1275 2134 1274 2133 1276 2135 1275 2136 1276 2137 1277 2138 1277 2138 1276 2137 1278 2139 1277 2140 1278 2141 1279 2142 1279 2142 1278 2141 1280 2143 1279 2144 1280 2145 1281 2146 1281 2146 1280 2145 1282 2147 1281 2148 1282 2149 1283 2150 1283 2150 1282 2149 1284 2151 1283 2152 1284 2153 1285 2154 1285 2154 1284 2153 1286 2153 1285 2155 1286 2156 1287 2157 1287 2157 1286 2156 1288 2156 1287 2158 1288 2159 1289 2160 1289 2160 1288 2159 1290 2161 1289 2162 1290 2163 1291 2164 1291 2164 1290 2163 1292 2165 1291 2166 1292 2167 1293 2168 1293 2168 1292 2167 1294 2169 1293 2170 1294 2171 1295 2172 1295 2172 1294 2171 1296 2173 1295 2174 1296 2175 1297 2176 1297 2176 1296 2175 1298 2177 1297 2178 1298 2179 1299 2180 1299 2180 1298 2179 1300 2181 1299 2182 1300 2183 1229 2184 1229 2184 1300 2183 1230 2185 1301 2186 1302 2187 1303 2188 1303 2188 1302 2187 1304 2189 1303 2190 1304 2191 1305 2192 1305 2192 1304 2191 1306 2193 1305 2194 1306 2195 1307 2196 1307 2196 1306 2195 1308 2197 1307 2198 1308 2199 1309 2200 1309 2200 1308 2199 1310 2201 1309 2202 1310 2203 1311 2204 1311 2204 1310 2203 1312 2205 1311 2206 1312 2207 1313 2208 1313 2208 1312 2207 1314 2209 1313 2210 1314 2211 1315 2212 1315 2212 1314 2211 1316 2213 1315 2075 1316 2214 1317 2215 1317 2215 1316 2214 1318 2078 1317 2216 1318 2216 1319 2216 1319 2216 1318 2216 1320 2216 1319 2083 1320 2217 1321 2218 1321 2218 1320 2217 1322 2219 1321 2220 1322 2221 1323 2222 1323 2222 1322 2221 1324 2087 1323 2223 1324 2223 1325 2223 1325 2223 1324 2223 1326 2223 1325 2093 1326 2224 1327 2225 1327 2225 1326 2224 1328 2096 1327 2226 1328 2227 1329 2228 1329 2228 1328 2227 1330 2229 1329 2230 1330 2231 1331 2232 1331 2232 1330 2231 1332 2233 1331 2234 1332 2235 1333 2236 1333 2236 1332 2235 1334 2237 1333 2238 1334 2239 1335 2240 1335 2240 1334 2239 1336 2241 1335 2242 1336 2243 1337 2244 1337 2244 1336 2243 1338 2245 1337 2246 1338 2247 1339 2248 1339 2248 1338 2247 1340 2249 1339 2250 1340 2251 1341 2252 1341 2252 1340 2251 1342 2253 1341 2254 1342 2255 1343 2256 1343 2256 1342 2255 1344 2257 1343 2258 1344 2259 1345 2259 1345 2259 1344 2259 1346 2258 1345 2260 1346 2261 1347 2262 1347 2262 1346 2261 1348 2135 1347 2263 1348 2264 1349 2265 1349 2265 1348 2264 1350 2139 1349 2266 1350 2267 1351 2268 1351 2268 1350 2267 1352 2269 1351 2270 1352 2271 1353 2272 1353 2272 1352 2271 1354 2147 1353 2273 1354 2273 1355 2273 1355 2273 1354 2273 1356 2273 1355 2152 1356 2274 1357 2275 1357 2275 1356 2274 1358 2276 1357 2277 1358 2278 1359 2279 1359 2279 1358 2278 1360 2156 1359 2280 1360 2280 1361 2280 1361 2280 1360 2280 1362 2280 1361 2162 1362 2281 1363 2282 1363 2282 1362 2281 1364 2283 1363 2284 1364 2285 1365 2286 1365 2286 1364 2285 1366 2287 1365 2170 1366 2288 1367 2289 1367 2289 1366 2288 1368 2290 1367 2174 1368 2291 1369 2292 1369 2292 1368 2291 1370 2293 1369 2294 1370 2295 1371 2295 1371 2295 1370 2295 1372 2294 1371 2296 1372 2297 1301 2298 1301 2298 1372 2297 1302 2299 1373 2300 1374 2301 1375 2302 1375 2302 1374 2301 1376 2303 1375 2304 1376 2305 1377 2306 1377 2306 1376 2305 1378 2307 1377 2308 1378 2309 1379 2310 1379 2310 1378 2309 1380 2311 1379 2312 1380 2313 1381 2314 1381 2314 1380 2313 1382 2315 1381 2316 1382 2317 1383 2318 1383 2318 1382 2317 1384 2319 1383 2320 1384 2321 1385 2322 1385 2322 1384 2321 1386 2323 1385 2324 1386 2325 1387 2326 1387 2326 1386 2325 1388 2327 1387 2328 1388 2329 1389 2329 1389 2329 1388 2329 1390 2328 1389 2330 1390 2331 1391 2332 1391 2332 1390 2331 1392 2333 1391 2334 1392 2335 1393 2336 1393 2336 1392 2335 1394 2337 1393 2338 1394 2339 1395 2339 1395 2339 1394 2339 1396 2338 1395 2340 1396 2341 1397 2340 1397 2340 1396 2341 1398 2342 1397 2343 1398 2344 1399 2345 1399 2345 1398 2344 1400 2346 1399 2347 1400 2348 1401 2349 1401 2349 1400 2348 1402 2350 1401 2351 1402 2352 1403 2353 1403 2353 1402 2352 1404 2354 1403 2355 1404 2356 1405 2357 1405 2357 1404 2356 1406 2358 1405 2359 1406 2360 1407 2361 1407 2361 1406 2360 1408 2362 1407 2363 1408 2364 1409 2365 1409 2365 1408 2364 1410 2366 1409 2367 1410 2368 1411 2369 1411 2369 1410 2368 1412 2370 1411 2371 1412 2372 1413 2373 1413 2373 1412 2372 1414 2374 1413 2375 1414 2376 1415 2376 1415 2376 1414 2376 1416 2375 1415 2377 1416 2378 1417 2379 1417 2379 1416 2378 1418 2380 1417 2381 1418 2382 1419 2383 1419 2383 1418 2382 1420 2384 1419 96 1420 96 1421 96 1421 96 1420 96 1422 96 1421 2385 1422 2386 1423 2387 1423 2387 1422 2386 1424 2388 1423 2389 1424 2390 1425 2391 1425 2391 1424 2390 1426 2392 1425 2393 1426 2394 1427 2394 1427 2394 1426 2394 1428 2393 1427 2395 1428 2395 1429 2395 1429 2395 1428 2395 1430 2395 1429 2396 1430 2397 1431 2398 1431 2398 1430 2397 1432 2399 1431 2400 1432 2401 1433 2402 1433 2402 1432 2401 1434 2403 1433 2404 1434 2405 1435 2406 1435 2406 1434 2405 1436 2407 1435 2408 1436 2409 1437 2410 1437 2410 1436 2409 1438 2411 1437 2412 1438 2413 1439 2414 1439 2414 1438 2413 1440 2415 1439 2416 1440 2417 1441 2418 1441 2418 1440 2417 1442 2419 1441 2420 1442 2421 1443 2422 1443 2422 1442 2421 1444 2423 1443 2424 1444 2425 1445 2426 1445 2426 1444 2425 1446 2427 1445 2428 1446 2429 1447 2430 1447 2430 1446 2429 1448 2431 1447 2432 1448 2433 1449 2434 1449 2434 1448 2433 1450 2435 1449 2436 1450 2437 1451 2438 1451 2438 1450 2437 1452 2439 1451 2440 1452 2441 1453 2442 1453 2442 1452 2441 1454 2443 1453 2444 1454 2445 1455 2446 1455 2446 1454 2445 1456 2447 1455 2448 1456 2449 1457 2450 1457 2450 1456 2449 1458 2451 1457 2452 1458 2453 1459 2454 1459 2454 1458 2453 1460 2455 1459 2456 1460 2457 1461 2458 1461 2458 1460 2457 1462 2459 1461 2460 1462 2461 1373 2462 1373 2462 1462 2461 1374 2463 1463 2464 1464 2465 1465 2466 1465 2466 1464 2465 1466 2467 1465 2468 1466 2469 1467 2470 1467 2470 1466 2469 1468 2471 1467 2472 1468 2473 1469 2474 1469 2474 1468 2473 1470 2475 1469 2060 1470 2061 1471 2062 1471 2062 1470 2061 1472 2063 1471 2476 1472 2477 1473 2478 1473 2478 1472 2477 1474 2477 1473 2479 1474 2480 1475 2481 1475 2481 1474 2480 1476 2482 1475 2483 1476 2484 1477 2485 1477 2485 1476 2484 1478 2486 1477 2075 1478 2076 1479 2077 1479 2077 1478 2076 1480 2078 1479 2079 1480 2080 1481 2081 1481 2081 1480 2080 1482 2082 1481 2083 1482 2084 1483 2085 1483 2085 1482 2084 1484 2084 1483 2487 1484 2488 1485 2488 1485 2488 1484 2488 1486 2487 1485 2089 1486 2090 1487 2091 1487 2091 1486 2090 1488 2092 1487 2093 1488 2094 1489 2095 1489 2095 1488 2094 1490 2096 1489 2489 1490 2490 1491 2491 1491 2491 1490 2490 1492 2492 1491 2101 1492 2102 1493 2103 1493 2103 1492 2102 1494 2104 1493 2493 1494 2494 1495 2495 1495 2495 1494 2494 1496 2494 1495 2108 1496 2109 1497 2110 1497 2110 1496 2109 1498 2111 1497 2496 1498 2497 1499 2498 1499 2498 1498 2497 1500 2499 1499 2500 1500 2501 1501 2502 1501 2502 1500 2501 1502 2503 1501 2504 1502 2505 1503 2506 1503 2506 1502 2505 1504 2507 1503 2508 1504 2509 1505 2510 1505 2510 1504 2509 1506 2511 1505 2128 1506 2129 1507 2130 1507 2130 1506 2129 1508 2131 1507 2512 1508 2513 1509 2514 1509 2514 1508 2513 1510 2515 1509 2136 1510 2137 1511 2138 1511 2138 1510 2137 1512 2139 1511 2516 1512 2517 1513 2517 1513 2517 1512 2517 1514 2516 1513 2144 1514 2145 1515 2146 1515 2146 1514 2145 1516 2147 1515 2148 1516 2149 1517 2150 1517 2150 1516 2149 1518 2151 1517 2518 1518 2519 1519 2519 1519 2519 1518 2519 1520 2518 1519 2155 1520 2156 1521 2157 1521 2157 1520 2156 1522 2156 1521 2158 1522 2159 1523 2160 1523 2160 1522 2159 1524 2161 1523 2162 1524 2163 1525 2164 1525 2164 1524 2163 1526 2165 1525 2520 1526 2521 1527 2521 1527 2521 1526 2521 1528 2520 1527 2522 1528 2523 1529 2524 1529 2524 1528 2523 1530 2525 1529 2526 1530 2527 1531 2528 1531 2528 1530 2527 1532 2529 1531 2178 1532 2179 1533 2180 1533 2180 1532 2179 1534 2181 1533 2530 1534 2531 1463 2532 1463 2532 1534 2531 1464 2533 1535 2534 1040 2535 1536 2536 1536 2536 1040 2535 1041 2537 1536 2538 1041 2539 1537 2540 1537 2540 1041 2539 1042 2541 1537 2542 1042 2543 1538 2544 1538 2544 1042 2543 1043 2545 1538 2060 1043 2061 1539 2062 1539 2062 1043 2061 1044 2063 1539 2546 1044 2547 1540 2548 1540 2548 1044 2547 1045 2549 1540 2479 1045 2480 1541 2481 1541 2481 1045 2480 1099 2482 1541 2071 1099 2072 1542 2073 1542 2073 1099 2072 1098 2074 1542 2075 1098 2076 1543 2077 1543 2077 1098 2076 1097 2078 1543 2079 1097 2080 1544 2081 1544 2081 1097 2080 1094 2082 1544 2083 1094 2084 1545 2085 1545 2085 1094 2084 1092 2084 1545 2550 1092 2551 1546 2552 1546 2552 1092 2551 1090 2553 1546 2089 1090 2090 1547 2091 1547 2091 1090 2090 1087 2092 1547 2093 1087 2094 1548 2095 1548 2095 1087 2094 1085 2096 1548 2554 1085 2555 1549 2556 1549 2556 1085 2555 1083 2557 1549 2101 1083 2102 1550 2103 1550 2103 1083 2102 1081 2104 1550 2558 1081 2559 1551 2560 1551 2560 1081 2559 1079 2561 1551 2108 1079 2109 1552 2110 1552 2110 1079 2109 1077 2111 1552 2562 1077 2563 1553 2564 1553 2564 1077 2563 1075 2565 1553 2566 1075 2567 1554 2568 1554 2568 1075 2567 1073 2569 1554 2570 1073 2571 1555 2572 1555 2572 1073 2571 1071 2573 1555 2574 1071 2575 1556 2576 1556 2576 1071 2575 1060 2577 1556 2128 1060 2129 1557 2130 1557 2130 1060 2129 1059 2131 1557 2578 1059 2579 1558 2580 1558 2580 1059 2579 1058 2581 1558 2136 1058 2137 1559 2138 1559 2138 1058 2137 1057 2139 1559 2582 1057 2583 1560 2584 1560 2584 1057 2583 1056 2585 1560 2144 1056 2145 1561 2146 1561 2146 1056 2145 1055 2147 1561 2148 1055 2149 1562 2150 1562 2150 1055 2149 1054 2151 1562 2586 1054 2587 1563 2588 1563 2588 1054 2587 1053 2589 1563 2155 1053 2156 1564 2157 1564 2157 1053 2156 1052 2156 1564 2158 1052 2159 1565 2160 1565 2160 1052 2159 1051 2161 1565 2162 1051 2163 1566 2164 1566 2164 1051 2163 1050 2165 1566 2166 1050 2167 1567 2168 1567 2168 1050 2167 1049 2169 1567 2522 1049 2523 1568 2524 1568 2524 1049 2523 1048 2525 1568 2590 1048 2591 1569 2592 1569 2592 1048 2591 1047 2593 1569 2178 1047 2179 1570 2180 1570 2180 1047 2179 1046 2181 1570 2594 1046 2595 1535 2596 1535 2596 1046 2595 1040 2597 1571 2598 1100 2599 1572 2599 1572 2599 1100 2599 1102 2598 1572 2600 1102 2601 1573 2602 1573 2602 1102 2601 1104 2603 1573 2194 1104 2195 1574 2196 1574 2196 1104 2195 1167 2197 1574 2604 1167 2605 1575 2606 1575 2606 1167 2605 1166 2607 1575 2608 1166 2609 1576 2608 1576 2608 1166 2609 1165 2610 1576 2611 1165 2612 1577 2613 1577 2613 1165 2612 1164 2614 1577 2615 1164 2616 1578 2617 1578 2617 1164 2616 1163 2618 1578 2619 1163 2620 1579 2621 1579 2621 1163 2620 1162 2620 1579 2216 1162 2216 1580 2216 1580 2216 1162 2216 1161 2216 1580 2622 1161 2623 1581 2624 1581 2624 1161 2623 1160 2625 1581 2220 1160 2221 1582 2222 1582 2222 1160 2221 1159 2087 1582 2223 1159 2223 1583 2223 1583 2223 1159 2223 1158 2223 1583 2093 1158 2224 1584 2225 1584 2225 1158 2224 1157 2096 1584 2626 1157 2627 1585 2628 1585 2628 1157 2627 1156 2629 1585 2230 1156 2231 1586 2232 1586 2232 1156 2231 1155 2233 1586 2630 1155 2631 1587 2630 1587 2630 1155 2631 1154 2632 1587 2238 1154 2239 1588 2240 1588 2240 1154 2239 1153 2241 1588 2633 1153 2634 1589 2635 1589 2635 1153 2634 1152 2636 1589 2637 1152 2638 1590 2639 1590 2639 1152 2638 1151 2640 1590 2641 1151 2642 1591 2642 1591 2642 1151 2642 1150 2641 1591 2643 1150 2644 1592 2645 1592 2645 1150 2644 1149 2646 1592 2258 1149 2259 1593 2259 1593 2259 1149 2259 1148 2258 1593 2647 1148 2648 1594 2649 1594 2649 1148 2648 1147 2581 1594 2263 1147 2264 1595 2265 1595 2265 1147 2264 1146 2139 1595 2650 1146 2651 1596 2652 1596 2652 1146 2651 1145 2653 1596 2270 1145 2271 1597 2272 1597 2272 1145 2271 1144 2147 1597 2273 1144 2273 1598 2273 1598 2273 1144 2273 1141 2273 1598 2152 1141 2274 1599 2275 1599 2275 1141 2274 1139 2276 1599 2654 1139 2655 1600 2656 1600 2656 1139 2655 1137 2657 1600 2280 1137 2280 1601 2280 1601 2280 1137 2280 1135 2280 1601 2658 1135 2659 1602 2660 1602 2660 1135 2659 1133 2659 1602 2661 1133 2662 1603 2663 1603 2663 1133 2662 1131 2664 1603 2522 1131 2665 1604 2666 1604 2666 1131 2665 1129 2667 1604 2590 1129 2668 1605 2669 1605 2669 1129 2668 1127 2670 1605 2671 1127 2671 1606 2671 1606 2671 1127 2671 1125 2671 1606 2296 1125 2297 1571 2298 1571 2298 1125 2297 1100 2299 1607 2534 1070 2535 1608 2536 1608 2536 1070 2535 1181 2537 1608 2538 1181 2539 1609 2540 1609 2540 1181 2539 1183 2541 1609 2056 1183 2057 1610 2058 1610 2058 1183 2057 1185 2059 1610 2672 1185 2673 1611 2674 1611 2674 1185 2673 1187 2675 1611 2546 1187 2547 1612 2548 1612 2548 1187 2547 1189 2549 1612 2479 1189 2480 1613 2481 1613 2481 1189 2480 1191 2482 1613 2676 1191 2677 1614 2678 1614 2678 1191 2677 1193 2679 1614 2619 1193 2620 1615 2621 1615 2621 1193 2620 1195 2620 1615 2079 1195 2080 1616 2081 1616 2081 1195 2080 1197 2082 1616 2622 1197 2680 1617 2681 1617 2681 1197 2680 1199 2682 1617 2086 1199 2087 1618 2088 1618 2088 1199 2087 1142 2087 1618 2089 1142 2090 1619 2091 1619 2091 1142 2090 1143 2092 1619 2093 1143 2094 1620 2095 1620 2095 1143 2094 1214 2096 1620 2554 1214 2555 1621 2556 1621 2556 1214 2555 1213 2557 1621 2101 1213 2102 1622 2103 1622 2103 1213 2102 1212 2104 1622 2558 1212 2559 1623 2560 1623 2560 1212 2559 1211 2561 1623 2108 1211 2109 1624 2110 1624 2110 1211 2109 1210 2111 1624 2562 1210 2563 1625 2564 1625 2564 1210 2563 1209 2565 1625 2566 1209 2567 1626 2568 1626 2568 1209 2567 1208 2569 1626 2570 1208 2571 1627 2572 1627 2572 1208 2571 1207 2573 1627 2574 1207 2575 1628 2576 1628 2576 1207 2575 1206 2577 1628 2128 1206 2129 1629 2130 1629 2130 1206 2129 1205 2131 1629 2578 1205 2579 1630 2580 1630 2580 1205 2579 1204 2581 1630 2136 1204 2137 1631 2138 1631 2138 1204 2137 1203 2139 1631 2582 1203 2583 1632 2584 1632 2584 1203 2583 1202 2585 1632 2144 1202 2145 1633 2146 1633 2146 1202 2145 1201 2147 1633 2148 1201 2149 1634 2150 1634 2150 1201 2149 1069 2151 1634 2152 1069 2153 1635 2154 1635 2154 1069 2153 1068 2153 1635 2683 1068 2684 1636 2685 1636 2685 1068 2684 1067 2657 1636 2158 1067 2159 1637 2160 1637 2160 1067 2159 1066 2161 1637 2658 1066 2686 1638 2687 1638 2687 1066 2686 1065 2688 1638 2689 1065 2690 1639 2691 1639 2691 1065 2690 1064 2692 1639 2522 1064 2523 1640 2524 1640 2524 1064 2523 1063 2525 1640 2590 1063 2591 1641 2592 1641 2592 1063 2591 1062 2593 1641 2693 1062 2694 1642 2695 1642 2695 1062 2694 1061 2696 1642 2182 1061 2183 1607 2184 1607 2184 1061 2183 1070 2185 1643 2697 1091 2698 1644 2699 1644 2699 1091 2698 1093 2700 1644 2701 1093 2702 1645 2703 1645 2703 1093 2702 1216 2704 1645 2308 1216 2309 1646 2310 1646 2310 1216 2309 1123 2311 1646 2312 1123 2313 1647 2314 1647 2314 1123 2313 1122 2315 1647 2316 1122 2317 1648 2318 1648 2318 1122 2317 1120 2319 1648 2705 1120 2706 1649 2707 1649 2707 1120 2706 1118 2708 1649 2709 1118 2710 1650 2711 1650 2711 1118 2710 1116 2712 1650 2328 1116 2329 1651 2329 1651 2329 1116 2329 1114 2328 1651 2330 1114 2331 1652 2332 1652 2332 1114 2331 1112 2333 1652 2713 1112 2714 1653 2715 1653 2715 1112 2714 1110 2716 1653 2717 1110 2718 1654 2718 1654 2718 1110 2718 1108 2717 1654 2340 1108 2341 1655 2340 1655 2340 1108 2341 1105 2342 1655 2343 1105 2344 1656 2345 1656 2345 1105 2344 1103 2346 1656 2719 1103 2720 1657 2721 1657 2721 1103 2720 1101 2722 1657 2351 1101 2352 1658 2353 1658 2353 1101 2352 1124 2354 1658 2723 1124 2724 1659 2725 1659 2725 1124 2724 1126 2726 1659 2727 1126 2728 1660 2729 1660 2729 1126 2728 1128 2730 1660 2363 1128 2364 1661 2365 1661 2365 1128 2364 1130 2366 1661 2367 1130 2368 1662 2369 1662 2369 1130 2368 1132 2370 1662 2731 1132 2732 1663 2733 1663 2733 1132 2732 1134 2734 1663 2735 1134 2736 1664 2736 1664 2736 1134 2736 1136 2735 1664 2377 1136 2378 1665 2379 1665 2379 1136 2378 1138 2380 1665 2737 1138 2738 1666 2739 1666 2739 1138 2738 1140 2740 1666 96 1140 96 1667 96 1667 96 1140 96 1200 96 1667 2741 1200 2742 1668 2743 1668 2743 1200 2742 1198 2744 1668 2389 1198 2390 1669 2391 1669 2391 1198 2390 1196 2392 1669 2745 1196 2746 1670 2746 1670 2746 1196 2746 1194 2745 1670 2747 1194 2748 1671 2748 1671 2748 1194 2748 1192 2747 1671 2396 1192 2397 1672 2398 1672 2398 1192 2397 1190 2399 1672 2400 1190 2401 1673 2402 1673 2402 1190 2401 1188 2403 1673 2749 1188 2750 1674 2751 1674 2751 1188 2750 1186 2752 1674 2753 1186 2754 1675 2755 1675 2755 1186 2754 1184 2756 1675 2412 1184 2413 1676 2414 1676 2414 1184 2413 1182 2415 1676 2757 1182 2758 1677 2759 1677 2759 1182 2758 1180 2760 1677 2420 1180 2421 1678 2422 1678 2422 1180 2421 1072 2423 1678 2424 1072 2425 1679 2426 1679 2426 1072 2425 1074 2427 1679 2761 1074 2762 1680 2763 1680 2763 1074 2762 1076 2764 1680 2765 1076 2766 1681 2767 1681 2767 1076 2766 1078 2768 1681 2436 1078 2437 1682 2438 1682 2438 1078 2437 1080 2439 1682 2440 1080 2441 1683 2442 1683 2442 1080 2441 1082 2443 1683 2769 1082 2770 1684 2771 1684 2771 1082 2770 1084 2772 1684 2773 1084 2774 1685 2775 1685 2775 1084 2774 1086 2776 1685 2452 1086 2453 1686 2454 1686 2454 1086 2453 1088 2455 1686 2456 1088 2457 1687 2458 1687 2458 1088 2457 1089 2459 1687 2460 1089 2461 1643 2462 1643 2462 1089 2461 1091 2463 1688 2777 1689 2778 1690 2778 1690 2778 1689 2778 1691 2777 1690 2779 1691 2780 1692 2781 1692 2781 1691 2780 1693 2782 1692 2783 1693 2784 1694 2785 1694 2785 1693 2784 1695 2786 1694 2198 1695 2199 1696 2200 1696 2200 1695 2199 1697 2201 1696 2787 1697 2788 1698 2789 1698 2789 1697 2788 1699 2790 1698 2611 1699 2612 1700 2613 1700 2613 1699 2612 1701 2614 1700 2791 1701 2791 1702 2791 1702 2791 1701 2791 1703 2791 1702 2075 1703 2214 1704 2215 1704 2215 1703 2214 1705 2078 1704 2216 1705 2216 1706 2216 1706 2216 1705 2216 1707 2216 1706 2083 1707 2217 1708 2218 1708 2218 1707 2217 1709 2219 1708 2792 1709 2793 1710 2794 1710 2794 1709 2793 1711 2487 1710 2223 1711 2223 1712 2223 1712 2223 1711 2223 1713 2223 1712 2093 1713 2224 1714 2225 1714 2225 1713 2224 1715 2096 1714 2795 1715 2795 1716 2795 1716 2795 1715 2795 1717 2795 1716 2230 1717 2231 1718 2232 1718 2232 1717 2231 1719 2233 1718 2796 1719 2797 1720 2798 1720 2798 1719 2797 1721 2799 1720 2238 1721 2239 1722 2240 1722 2240 1721 2239 1723 2241 1722 2800 1723 2801 1724 2802 1724 2802 1723 2801 1725 2803 1724 2804 1725 2805 1726 2806 1726 2806 1725 2805 1727 2807 1726 2808 1727 2809 1728 2809 1728 2809 1727 2809 1729 2808 1728 2810 1729 2811 1730 2812 1730 2812 1729 2811 1731 2813 1730 2258 1731 2259 1732 2259 1732 2259 1731 2259 1733 2258 1732 2814 1733 2815 1734 2816 1734 2816 1733 2815 1735 2515 1734 2263 1735 2264 1736 2265 1736 2265 1735 2264 1737 2139 1736 2817 1737 2817 1738 2817 1738 2817 1737 2817 1739 2817 1738 2270 1739 2271 1740 2272 1740 2272 1739 2271 1741 2147 1740 2273 1741 2273 1742 2273 1742 2273 1741 2273 1743 2273 1742 2518 1743 2818 1744 2819 1744 2819 1743 2818 1745 2820 1744 2277 1745 2278 1746 2279 1746 2279 1745 2278 1747 2156 1746 2280 1747 2280 1748 2280 1748 2280 1747 2280 1749 2280 1748 2162 1749 2281 1750 2282 1750 2282 1749 2281 1751 2283 1750 2821 1751 2821 1752 2821 1752 2821 1751 2821 1753 2821 1752 2522 1753 2665 1754 2666 1754 2666 1753 2665 1755 2667 1754 2526 1755 2822 1756 2823 1756 2823 1755 2822 1757 2824 1756 2294 1757 2295 1758 2295 1758 2295 1757 2295 1759 2294 1758 2825 1759 2826 1688 2827 1688 2827 1759 2826 1689 2828 1760 2598 1218 2599 1761 2599 1761 2599 1218 2599 1219 2598 1761 2600 1219 2601 1762 2602 1762 2602 1219 2601 1220 2603 1762 2829 1220 2830 1763 2831 1763 2831 1220 2830 1221 2832 1763 2198 1221 2199 1764 2200 1764 2200 1221 2199 1222 2201 1764 2608 1222 2609 1765 2608 1765 2608 1222 2609 1223 2610 1765 2611 1223 2612 1766 2613 1766 2613 1223 2612 1179 2614 1766 2210 1179 2211 1767 2212 1767 2212 1179 2211 1178 2213 1767 2075 1178 2214 1768 2215 1768 2215 1178 2214 1177 2078 1768 2216 1177 2216 1769 2216 1769 2216 1177 2216 1176 2216 1769 2083 1176 2217 1770 2218 1770 2218 1176 2217 1175 2219 1770 2833 1175 2834 1771 2835 1771 2835 1175 2834 1174 2553 1771 2223 1174 2223 1772 2223 1772 2223 1174 2223 1173 2223 1772 2093 1173 2224 1773 2225 1773 2225 1173 2224 1172 2096 1773 2626 1172 2627 1774 2628 1774 2628 1172 2627 1171 2629 1774 2230 1171 2231 1775 2232 1775 2232 1171 2231 1170 2233 1775 2630 1170 2631 1776 2630 1776 2630 1170 2631 1169 2632 1776 2238 1169 2239 1777 2240 1777 2240 1169 2239 1168 2241 1777 2633 1168 2634 1778 2635 1778 2635 1168 2634 1106 2636 1778 2637 1106 2638 1779 2639 1779 2639 1106 2638 1107 2640 1779 2641 1107 2642 1780 2642 1780 2642 1107 2642 1109 2641 1780 2643 1109 2644 1781 2645 1781 2645 1109 2644 1111 2646 1781 2258 1111 2259 1782 2259 1782 2259 1111 2259 1113 2258 1782 2647 1113 2648 1783 2649 1783 2649 1113 2648 1115 2581 1783 2263 1115 2264 1784 2265 1784 2265 1115 2264 1117 2139 1784 2650 1117 2651 1785 2652 1785 2652 1117 2651 1119 2653 1785 2270 1119 2271 1786 2272 1786 2272 1119 2271 1121 2147 1786 2273 1121 2273 1787 2273 1787 2273 1121 2273 1215 2273 1787 2586 1215 2836 1788 2837 1788 2837 1215 2836 1217 2838 1788 2277 1217 2278 1789 2279 1789 2279 1217 2278 1095 2156 1789 2280 1095 2280 1790 2280 1790 2280 1095 2280 1096 2280 1790 2162 1096 2281 1791 2282 1791 2282 1096 2281 1228 2283 1791 2284 1228 2285 1792 2286 1792 2286 1228 2285 1227 2287 1792 2522 1227 2665 1793 2666 1793 2666 1227 2665 1226 2667 1793 2590 1226 2668 1794 2669 1794 2669 1226 2668 1225 2670 1794 2294 1225 2295 1795 2295 1795 2295 1225 2295 1224 2294 1795 2839 1224 2840 1760 2841 1760 2841 1224 2840 1218 2842 916 2843 1796 2844 918 2845 918 2845 1796 2844 1797 2846 918 2847 1797 2848 919 2849 919 2849 1797 2848 1798 2850 919 2851 1798 2852 920 2853 920 2853 1798 2852 1799 2854 920 2855 1799 2856 921 2857 921 2857 1799 2856 1800 2858 921 2859 1800 2860 922 2861 922 2861 1800 2860 1801 2862 922 2863 1801 2863 923 2863 923 2863 1801 2863 1802 2863 923 2864 1802 2865 924 2866 924 2866 1802 2865 1803 2867 924 2868 1803 2869 925 2870 925 2870 1803 2869 1804 2871 925 2872 1804 2873 926 2874 926 2874 1804 2873 1805 2875 926 2876 1805 2877 927 2878 927 2878 1805 2877 1806 2879 927 2880 1806 2881 928 2882 928 2882 1806 2881 1807 2883 928 2884 1807 2885 929 2886 929 2886 1807 2885 1808 2887 929 2888 1808 2889 930 2890 930 2890 1808 2889 1809 2889 930 2891 1809 2892 931 2893 931 2893 1809 2892 1810 2894 931 2895 1810 2896 932 2897 932 2897 1810 2896 1811 2898 932 2899 1811 2900 933 2899 933 2899 1811 2900 1812 2901 933 2902 1812 2903 934 2904 934 2904 1812 2903 1813 2905 934 2906 1813 2907 935 2908 935 2908 1813 2907 1814 2909 935 2910 1814 2911 936 2912 936 2912 1814 2911 1815 2913 936 2914 1815 2915 937 2916 937 2916 1815 2915 1816 2917 937 2918 1816 2919 938 2920 938 2920 1816 2919 1817 2921 938 2922 1817 2923 939 2924 939 2924 1817 2923 1818 2925 939 2926 1818 2927 940 2928 940 2928 1818 2927 1819 2929 940 2930 1819 2931 941 2932 941 2932 1819 2931 1820 2933 941 2934 1820 2935 942 2936 942 2936 1820 2935 1821 2937 942 2938 1821 2939 943 2940 943 2940 1821 2939 1822 2941 943 2942 1822 2943 944 2944 944 2944 1822 2943 1823 2945 944 2946 1823 2947 945 2948 945 2948 1823 2947 1824 2947 945 2949 1824 2950 946 2951 946 2951 1824 2950 1825 2952 946 2953 1825 2954 947 2955 947 2955 1825 2954 1826 2956 947 2957 1826 2958 948 2959 948 2959 1826 2958 1827 2960 948 2961 1827 2962 949 2963 949 2963 1827 2962 1828 2964 949 2965 1828 2966 950 2967 950 2967 1828 2966 1829 2968 950 2969 1829 2970 951 2971 951 2971 1829 2970 1830 2972 951 2973 1830 2974 952 2975 952 2975 1830 2974 1831 2974 952 2976 1831 2977 953 2978 953 2978 1831 2977 1832 2979 953 2980 1832 2981 954 2982 954 2982 1832 2981 1833 2983 954 2984 1833 2985 955 2986 955 2986 1833 2985 1834 2987 955 2988 1834 2989 956 2990 956 2990 1834 2989 1835 2991 956 2992 1835 2993 957 2994 957 2994 1835 2993 1836 2995 957 2996 1836 2997 958 2998 958 2998 1836 2997 1837 2999 958 3000 1837 3001 959 3002 959 3002 1837 3001 1838 3003 959 3004 1838 3005 960 3006 960 3006 1838 3005 1839 3005 960 3007 1839 3008 961 3009 961 3009 1839 3008 1840 3010 961 3011 1840 3012 962 3013 962 3013 1840 3012 1841 3014 962 3015 1841 3016 963 3015 963 3015 1841 3016 1842 3017 963 3018 1842 3019 964 3018 964 3018 1842 3019 1843 3020 964 3021 1843 3022 965 3023 965 3023 1843 3022 1844 3024 965 3025 1844 3026 966 3027 966 3027 1844 3026 1845 3026 966 3028 1845 3029 967 3030 967 3030 1845 3029 1846 3029 967 3031 1846 3032 968 3033 968 3033 1846 3032 1847 3034 968 3035 1847 3036 969 3037 969 3037 1847 3036 1848 3038 969 3039 1848 3040 970 3041 970 3041 1848 3040 1849 3042 970 3043 1849 3044 971 3045 971 3045 1849 3044 1850 3046 971 3047 1850 3048 972 3049 972 3049 1850 3048 1851 3050 972 3051 1851 3052 973 3053 973 3053 1851 3052 1852 3054 973 3055 1852 3056 974 3057 974 3057 1852 3056 1853 3058 974 3059 1853 3059 975 3059 975 3059 1853 3059 1854 3059 975 3060 1854 3061 976 3062 976 3062 1854 3061 1855 3063 976 3064 1855 3065 977 3066 977 3066 1855 3065 1856 3067 977 3068 1856 3069 978 3070 978 3070 1856 3069 1857 3071 978 3072 1857 3073 915 3074 915 3074 1857 3073 1858 3075 1858 144 1859 144 915 144 915 144 1859 144 914 144 914 3076 1859 3077 979 3078 979 3078 1859 3077 1860 3079 979 3080 1860 3081 980 3082 980 3082 1860 3081 1861 3083 980 3084 1861 3085 981 3086 981 3086 1861 3085 1862 3087 981 3088 1862 3089 982 3090 982 3090 1862 3089 1863 3091 982 3092 1863 3093 983 3094 983 3094 1863 3093 1864 3095 983 3096 1864 3097 984 3098 984 3098 1864 3097 1865 3099 984 3100 1865 3101 985 3102 985 3102 1865 3101 1866 3103 985 3104 1866 3105 986 3106 986 3106 1866 3105 1867 3107 986 3108 1867 3109 987 3110 987 3110 1867 3109 1868 3111 987 3112 1868 3113 988 3114 988 3114 1868 3113 1869 3115 988 3116 1869 3117 989 3118 989 3118 1869 3117 1870 3119 989 3120 1870 3121 990 3122 990 3122 1870 3121 1871 3123 990 3124 1871 3125 991 3126 991 3126 1871 3125 1872 3127 991 3128 1872 3129 992 3130 992 3130 1872 3129 1873 3131 992 3132 1873 3133 993 3134 993 3134 1873 3133 1874 3135 993 3136 1874 3137 994 3136 994 3136 1874 3137 1875 3138 994 3139 1875 3140 995 3141 995 3141 1875 3140 1876 3142 995 3143 1876 3144 996 3145 996 3145 1876 3144 1877 3146 996 3147 1877 3148 997 3148 997 3148 1877 3148 1878 3147 997 3149 1878 3150 998 3151 998 3151 1878 3150 1879 3152 998 3153 1879 3154 999 3155 999 3155 1879 3154 1880 3156 999 3157 1880 3158 1000 3159 1000 3159 1880 3158 1881 3160 1000 3161 1881 3162 1001 3163 1001 3163 1881 3162 1882 3164 1001 3165 1882 3166 1002 3167 1002 3167 1882 3166 1883 3168 1002 3169 1883 3170 1003 3171 1003 3171 1883 3170 1884 3172 1003 3173 1884 3174 1004 3175 1004 3175 1884 3174 1885 3176 1004 3177 1885 3178 1005 3179 1005 3179 1885 3178 1886 3180 1005 3181 1886 3182 1006 3183 1006 3183 1886 3182 1887 3184 1006 3185 1887 3186 1007 3187 1007 3187 1887 3186 1888 3188 1007 3189 1888 3189 1008 3189 1008 3189 1888 3189 1889 3189 1008 3190 1889 3191 1009 3192 1009 3192 1889 3191 1890 3193 1009 3194 1890 3195 1010 3196 1010 3196 1890 3195 1891 3197 1010 3198 1891 3198 1011 3198 1011 3198 1891 3198 1892 3198 1011 3199 1892 3200 1012 3201 1012 3201 1892 3200 1893 3200 1012 3202 1893 3203 1013 3204 1013 3204 1893 3203 1894 3205 1013 3206 1894 3207 1014 3208 1014 3208 1894 3207 1895 3209 1014 3210 1895 3211 1015 3212 1015 3212 1895 3211 1896 3213 1015 3214 1896 3215 1016 3216 1016 3216 1896 3215 1897 3217 1016 3218 1897 3219 1017 3220 1017 3220 1897 3219 1898 3221 1017 3222 1898 3223 1018 3224 1018 3224 1898 3223 1899 3225 1018 3226 1899 3227 1019 3228 1019 3228 1899 3227 1900 3229 1019 3230 1900 3231 1020 3232 1020 3232 1900 3231 1901 3233 1020 3234 1901 3235 1021 3236 1021 3236 1901 3235 1902 3237 1021 3238 1902 3239 1022 3240 1022 3240 1902 3239 1903 3241 1022 3242 1903 3243 1023 3244 1023 3244 1903 3243 1904 3243 1023 3245 1904 3246 1024 3247 1024 3247 1904 3246 1905 3248 1024 3249 1905 3250 1025 3249 1025 3249 1905 3250 1906 3251 1025 3252 1906 3253 1026 3254 1026 3254 1906 3253 1907 3255 1026 3256 1907 3257 1027 3258 1027 3258 1907 3257 1908 3259 1027 3260 1908 3261 1028 3262 1028 3262 1908 3261 1909 3263 1028 3264 1909 3265 1029 3266 1029 3266 1909 3265 1910 3267 1029 3268 1910 3269 1030 3270 1030 3270 1910 3269 1911 3271 1030 3272 1911 3273 1031 3274 1031 3274 1911 3273 1912 3275 1031 3276 1912 3277 1032 3278 1032 3278 1912 3277 1913 3279 1032 3280 1913 3281 1033 3282 1033 3282 1913 3281 1914 3283 1033 3284 1914 3285 1034 3286 1034 3286 1914 3285 1915 3287 1034 3288 1915 3288 1035 3288 1035 3288 1915 3288 1916 3288 1035 3289 1916 3290 1036 3291 1036 3291 1916 3290 1917 3292 1036 3293 1917 3294 1037 3295 1037 3295 1917 3294 1918 3296 1037 3297 1918 3298 1038 3299 1038 3299 1918 3298 1919 3300 1038 3301 1919 3302 1039 3303 1039 3303 1919 3302 1920 3304 1039 3305 1920 3306 917 3307 917 3307 1920 3306 1921 3308 1921 49 1796 49 917 49 917 49 1796 49 916 49 61 3309 1303 3310 1 3311 1 3311 1303 3310 1305 3312 1 3311 1305 3312 1307 3313 59 3314 1297 3315 61 3309 61 3309 1297 3315 1299 3316 61 3309 1299 3316 1229 3317 57 3318 1293 3319 59 3314 59 3314 1293 3319 1295 3320 59 3314 1295 3320 1297 3315 1293 3319 57 3318 1291 3321 1291 3321 57 3318 55 3322 1291 3321 55 3322 1289 3323 1289 3323 55 3322 53 3324 1289 3323 53 3324 1287 3325 1287 3325 53 3324 51 3326 1287 3325 51 3326 49 3327 1287 3325 49 3327 1285 3328 1285 3328 49 3327 47 3329 1285 3328 47 3329 45 3330 45 3330 43 3331 1285 3328 1285 3328 43 3331 41 3332 1285 3328 41 3332 1918 3333 1918 3333 41 3332 39 3334 1918 3333 39 3334 37 3335 1918 3333 37 3335 1921 3336 1921 3336 37 3335 35 3337 1921 3336 35 3337 33 3338 33 3338 91 3339 1921 3336 1921 3336 91 3339 1796 3340 1796 3340 91 3339 183 3341 1796 3340 183 3341 239 3342 183 3341 91 3339 185 3343 185 3343 91 3339 89 3344 185 3343 89 3344 87 3345 185 3343 87 3345 187 3346 187 3346 87 3345 85 3347 187 3346 85 3347 189 3348 189 3348 85 3347 83 3349 189 3348 83 3349 191 3350 191 3350 83 3349 81 3351 191 3350 81 3351 193 3352 193 3352 81 3351 79 3353 193 3352 79 3353 195 3354 195 3354 79 3353 77 3355 195 3354 77 3355 197 3356 197 3356 77 3355 75 3357 197 3356 75 3357 199 3358 199 3358 75 3357 73 3359 199 3358 73 3359 201 3360 201 3360 73 3359 71 3361 201 3360 71 3361 203 3362 203 3362 71 3361 69 3363 203 3362 69 3363 205 3364 205 3364 69 3363 67 3365 205 3364 67 3365 207 3366 207 3366 67 3365 65 3367 207 3366 65 3367 209 3368 209 3368 65 3367 63 3369 209 3368 63 3369 211 3370 211 3370 63 3369 287 3371 211 3370 287 3371 285 3372 119 3373 309 3374 63 3369 63 3369 309 3374 307 3375 63 3369 307 3375 305 3376 117 3377 123 3378 119 3373 119 3373 123 3378 121 3379 119 3373 121 3379 243 3380 243 3380 121 3379 245 3381 245 3381 121 3379 247 3382 247 3382 121 3379 249 3383 249 3383 121 3379 251 3384 251 3384 121 3379 253 3381 253 3381 121 3379 255 3385 255 3385 121 3379 257 3386 257 3386 121 3379 259 3381 259 3381 121 3379 261 3381 261 3381 121 3379 263 3387 263 3387 121 3379 265 3388 265 3388 121 3379 211 3370 265 3388 211 3370 267 3389 267 3389 211 3370 269 3381 269 3381 211 3370 271 3381 271 3381 211 3370 273 3381 273 3381 211 3370 275 3381 275 3381 211 3370 277 3381 277 3381 211 3370 279 3381 279 3381 211 3370 281 3381 281 3381 211 3370 283 3381 283 3381 211 3370 285 3372 123 3378 117 3377 125 3390 125 3390 117 3377 115 3391 125 3390 115 3391 127 3392 127 3392 115 3391 113 3393 127 3392 113 3393 129 3394 129 3394 113 3393 111 3395 129 3394 111 3395 131 3396 131 3396 111 3395 109 3397 131 3396 109 3397 133 3398 133 3398 109 3397 107 3399 133 3398 107 3399 135 3400 135 3400 107 3399 105 3401 135 3400 105 3401 137 3402 137 3402 105 3401 103 3403 137 3402 103 3403 139 3404 139 3404 103 3403 101 3405 139 3404 101 3405 141 3406 141 3406 101 3405 99 3407 141 3406 99 3407 143 3408 143 3408 99 3407 97 3409 143 3408 97 3409 145 3410 145 3410 97 3409 95 3411 145 3410 95 3411 147 3412 147 3412 95 3411 93 3413 147 3412 93 3413 30 3414 29 3415 1859 3416 30 3414 30 3414 1859 3416 1858 3417 30 3414 1858 3417 149 3418 149 3418 1858 3417 150 3419 150 3419 1858 3417 153 3381 153 3381 1858 3417 155 3381 155 3381 1858 3417 1855 3420 155 3381 1855 3420 157 3381 157 3381 1855 3420 159 3421 159 3421 1855 3420 1581 3422 159 3421 1581 3422 161 3423 161 3423 1581 3422 163 3424 163 3424 1581 3422 165 3425 165 3425 1581 3422 167 3426 167 3426 1581 3422 1582 3427 167 3426 1582 3427 169 3381 169 3381 1582 3427 171 3428 171 3428 1582 3427 1583 3429 171 3428 1583 3429 173 3430 173 3430 1583 3429 1584 3431 173 3430 1584 3431 175 3432 175 3432 1584 3431 1585 3433 175 3432 1585 3433 177 3434 177 3434 1585 3433 1586 3435 177 3434 1586 3435 1587 3436 29 3415 27 3381 1859 3416 1859 3416 27 3381 1864 3437 1859 3416 1864 3437 1863 3381 27 3381 25 3438 1864 3437 1864 3437 25 3438 23 3439 1864 3437 23 3439 21 3440 1864 3437 21 3440 1321 3441 1321 3441 21 3440 19 3442 1321 3441 19 3442 17 3443 17 3443 15 3444 1321 3441 1321 3441 15 3444 13 3445 1321 3441 13 3445 1319 3446 1319 3446 13 3445 11 3447 1319 3446 11 3447 9 3448 1319 3446 9 3448 1317 3449 1317 3449 9 3448 7 3450 1317 3449 7 3450 1315 3451 1315 3451 7 3450 5 3452 1315 3451 5 3452 1313 3453 1313 3453 5 3452 3 3454 1313 3453 3 3454 1311 3381 1311 3381 3 3454 1309 3455 1309 3455 3 3454 1 3311 1309 3455 1 3311 1307 3313 239 3342 237 3456 1796 3340 1796 3340 237 3456 1805 3457 1796 3340 1805 3457 1804 3458 235 3459 1807 3460 237 3456 237 3456 1807 3460 1806 3461 237 3456 1806 3461 1805 3457 233 3462 1809 3463 235 3459 235 3459 1809 3463 1808 3464 235 3459 1808 3464 1807 3460 231 3465 1811 3466 233 3462 233 3462 1811 3466 1810 3467 233 3462 1810 3467 1809 3463 1811 3466 231 3465 1812 3468 1812 3468 231 3465 229 3469 1812 3468 229 3469 1635 3470 1635 3470 229 3469 227 3471 1635 3470 227 3471 225 3472 225 3472 223 3473 1635 3470 1635 3470 223 3473 1634 3474 1634 3474 223 3473 221 3475 1634 3474 221 3475 219 3476 1634 3474 219 3476 1633 3323 1633 3323 219 3476 217 3477 1633 3323 217 3477 1632 3478 1632 3478 217 3477 215 3479 1632 3478 215 3479 1631 3480 1631 3480 215 3479 213 3481 1631 3480 213 3481 1630 3381 1630 3381 213 3481 1629 3482 1629 3482 213 3481 180 3483 1629 3482 180 3483 1628 3381 1628 3381 180 3483 1627 3381 1627 3381 180 3483 1626 3381 1626 3381 180 3483 1625 3381 1625 3381 180 3483 1624 3381 1624 3381 180 3483 1623 3381 1623 3381 180 3483 1622 3381 1622 3381 180 3483 1621 3381 1621 3381 180 3483 1620 3381 1620 3381 180 3483 1619 3381 1619 3381 180 3483 1597 3381 1619 3381 1597 3381 1618 3381 1618 3381 1597 3381 1598 3381 1618 3381 1598 3381 1617 3381 1617 3381 1598 3381 1599 3381 1617 3381 1599 3381 1616 3381 1616 3381 1599 3381 1600 3381 1616 3381 1600 3381 1615 3381 1615 3381 1600 3381 1601 3381 1615 3381 1601 3381 1614 3381 1614 3381 1601 3381 1602 3381 1614 3381 1602 3381 1613 3381 1613 3381 1602 3381 1603 3381 1613 3381 1603 3381 1612 3381 1612 3381 1603 3381 1604 3381 1612 3381 1604 3381 1611 3381 1611 3381 1604 3381 1605 3381 1611 3381 1605 3381 1610 3381 1610 3381 1605 3381 1606 3381 1610 3381 1606 3381 1609 3381 1609 3381 1606 3381 1571 3381 1609 3381 1571 3381 1608 3484 1608 3484 1571 3381 1572 3485 1608 3484 1572 3485 1667 3486 1667 3486 1572 3485 1666 3487 1666 3487 1572 3485 1665 3488 1665 3488 1572 3485 1664 3489 1664 3489 1572 3485 1663 3490 1663 3490 1572 3485 1662 3491 1662 3491 1572 3485 1661 3381 1661 3381 1572 3485 1660 3381 1660 3381 1572 3485 1659 3381 1659 3381 1572 3485 1658 3381 1658 3381 1572 3485 1657 3492 1657 3492 1572 3485 1656 3493 1656 3493 1572 3485 1655 3381 1655 3381 1572 3485 1654 3381 1654 3381 1572 3485 1653 3494 1653 3494 1572 3485 1573 3495 1653 3494 1573 3495 1652 3496 1652 3496 1573 3495 1574 3497 1652 3496 1574 3497 1575 3498 180 3483 179 3499 1597 3381 1597 3381 179 3499 1596 3381 1596 3381 179 3499 1595 3381 1595 3381 179 3499 1594 3381 1594 3381 179 3499 1593 3381 1593 3381 179 3499 1592 3381 1592 3381 179 3499 1591 3381 1591 3381 179 3499 1590 3381 1590 3381 179 3499 1589 3381 1589 3381 179 3499 1588 3381 1588 3381 179 3499 1587 3436 1587 3436 179 3499 177 3434 149 3418 147 3412 30 3414 243 3380 241 3500 119 3373 119 3373 241 3500 329 3501 119 3373 329 3501 327 3502 327 3502 325 3503 119 3373 119 3373 325 3503 323 3504 119 3373 323 3504 321 3505 321 3505 319 3506 119 3373 119 3373 319 3506 317 3507 119 3373 317 3507 315 3508 315 3508 313 3509 119 3373 119 3373 313 3509 311 3510 119 3373 311 3510 309 3374 305 3376 303 3511 63 3369 63 3369 303 3511 301 3512 63 3369 301 3512 299 3513 299 3513 297 3514 63 3369 63 3369 297 3514 295 3515 63 3369 295 3515 293 3516 293 3516 291 3517 63 3369 63 3369 291 3517 289 3518 63 3369 289 3518 287 3371 1920 3381 1919 3519 1921 3336 1921 3336 1919 3519 1918 3333 1917 3381 1916 3381 1918 3333 1918 3333 1916 3381 1915 3381 1918 3333 1915 3381 1914 3520 1914 3520 1913 3521 1918 3333 1918 3333 1913 3521 1912 3522 1918 3333 1912 3522 1911 3523 1910 3524 1501 3525 1911 3523 1911 3523 1501 3525 1503 3526 1911 3523 1503 3526 1505 3527 1910 3524 1909 3381 1501 3525 1501 3525 1909 3381 1908 3528 1501 3525 1908 3528 1907 3529 1907 3529 1906 3530 1501 3525 1501 3525 1906 3530 1905 3531 1501 3525 1905 3531 1904 3532 1904 3532 1903 3533 1501 3525 1501 3525 1903 3533 1902 3534 1501 3525 1902 3534 1901 3381 1901 3381 1900 3535 1501 3525 1501 3525 1900 3535 1899 3536 1501 3525 1899 3536 1898 3537 1898 3537 1897 3538 1501 3525 1501 3525 1897 3538 1896 3539 1501 3525 1896 3539 1895 3540 1895 3540 1894 3541 1501 3525 1501 3525 1894 3541 1893 3542 1501 3525 1893 3542 1892 3543 1892 3543 1891 3544 1501 3525 1501 3525 1891 3544 1890 3545 1501 3525 1890 3545 1726 3546 1726 3546 1890 3545 1889 3547 1726 3546 1889 3547 1888 3548 1888 3548 1887 3549 1726 3546 1726 3546 1887 3549 1886 3550 1726 3546 1886 3550 1885 3551 1885 3551 1884 3552 1726 3546 1726 3546 1884 3552 1883 3553 1726 3546 1883 3553 1882 3554 1881 3555 1722 3556 1882 3554 1882 3554 1722 3556 1724 3557 1882 3554 1724 3557 1726 3546 1880 3558 1716 3559 1881 3555 1881 3555 1716 3559 1718 3560 1881 3555 1718 3560 1720 3561 1879 3381 1710 3562 1880 3558 1880 3558 1710 3562 1712 3563 1880 3558 1712 3563 1714 3564 1710 3562 1879 3381 1708 3565 1708 3565 1879 3381 1878 3566 1708 3565 1878 3566 1877 3567 1708 3565 1877 3567 1706 3568 1706 3568 1877 3567 1876 3569 1706 3568 1876 3569 1875 3570 1875 3570 1874 3571 1706 3568 1706 3568 1874 3571 1873 3572 1706 3568 1873 3572 1704 3573 1704 3573 1873 3572 1872 3574 1704 3573 1872 3574 1871 3575 1871 3575 1870 3576 1704 3573 1704 3573 1870 3576 1869 3577 1704 3573 1869 3577 1864 3437 1864 3437 1869 3577 1868 3578 1864 3437 1868 3578 1867 3381 1867 3381 1866 3381 1864 3437 1864 3437 1866 3381 1865 3381 1863 3381 1862 3579 1859 3416 1859 3416 1862 3579 1861 3580 1859 3416 1861 3580 1860 3381 1857 3381 1856 3581 1858 3417 1858 3417 1856 3581 1855 3420 1854 3381 1853 3381 1855 3420 1855 3420 1853 3381 1852 3582 1855 3420 1852 3582 1851 3583 1851 3583 1850 3584 1855 3420 1855 3420 1850 3584 1849 3585 1855 3420 1849 3585 1848 3586 1847 3587 1761 3588 1848 3586 1848 3586 1761 3588 1762 3589 1848 3586 1762 3589 1763 3590 1847 3587 1846 3591 1761 3588 1761 3588 1846 3591 1845 3592 1761 3588 1845 3592 1844 3593 1844 3593 1843 3594 1761 3588 1761 3588 1843 3594 1842 3595 1761 3588 1842 3595 1841 3596 1841 3596 1840 3597 1761 3588 1761 3588 1840 3597 1839 3598 1761 3588 1839 3598 1838 3599 1838 3599 1837 3600 1761 3588 1761 3588 1837 3600 1836 3601 1761 3588 1836 3601 1835 3602 1835 3602 1834 3603 1761 3588 1761 3588 1834 3603 1833 3604 1761 3588 1833 3604 1832 3605 1832 3605 1831 3606 1761 3588 1761 3588 1831 3606 1830 3607 1761 3588 1830 3607 1829 3608 1829 3608 1828 3609 1761 3588 1761 3588 1828 3609 1827 3610 1761 3588 1827 3610 1536 3611 1536 3611 1827 3610 1826 3612 1536 3611 1826 3612 1825 3613 1825 3613 1824 3614 1536 3611 1536 3611 1824 3614 1823 3615 1536 3611 1823 3615 1822 3616 1822 3616 1821 3617 1536 3611 1536 3611 1821 3617 1820 3618 1536 3611 1820 3618 1819 3619 1818 3620 1570 3621 1819 3619 1819 3619 1570 3621 1535 3622 1819 3619 1535 3622 1536 3611 1817 3623 1567 3624 1818 3620 1818 3620 1567 3624 1568 3625 1818 3620 1568 3625 1569 3626 1816 3627 1564 3628 1817 3623 1817 3623 1564 3628 1565 3629 1817 3623 1565 3629 1566 3630 1564 3628 1816 3627 1563 3631 1563 3631 1816 3627 1815 3632 1563 3631 1815 3632 1814 3633 1813 3634 1636 3635 1814 3633 1814 3633 1636 3635 1562 3636 1814 3633 1562 3636 1563 3631 1636 3635 1813 3634 1635 3470 1635 3470 1813 3634 1812 3468 1804 3458 1803 3637 1796 3340 1796 3340 1803 3637 1802 3638 1796 3340 1802 3638 1801 3639 1801 3639 1800 3640 1796 3340 1796 3340 1800 3640 1799 3641 1796 3340 1799 3641 1798 3642 1798 3642 1797 3643 1796 3340 1763 3590 1764 3381 1848 3586 1848 3586 1764 3381 1765 3644 1848 3586 1765 3644 1766 3645 1766 3645 1767 3646 1848 3586 1848 3586 1767 3646 1768 3647 1848 3586 1768 3647 1769 3648 1769 3648 1770 3649 1848 3586 1848 3586 1770 3649 1771 3650 1848 3586 1771 3650 1772 3651 1848 3586 1772 3651 1855 3420 1855 3420 1772 3651 1773 3652 1855 3420 1773 3652 1774 3653 1774 3653 1775 3381 1855 3420 1855 3420 1775 3381 1776 3654 1855 3420 1776 3654 1777 3655 1777 3655 1778 3656 1855 3420 1855 3420 1778 3656 1644 3657 1855 3420 1644 3657 1645 3658 1778 3656 1779 3659 1644 3657 1644 3657 1779 3659 1780 3660 1644 3657 1780 3660 1781 3661 1781 3661 1782 3662 1644 3657 1644 3657 1782 3662 1783 3663 1644 3657 1783 3663 1784 3664 1784 3664 1785 3665 1644 3657 1644 3657 1785 3665 1786 3666 1644 3657 1786 3666 1787 3667 1787 3667 1788 3668 1644 3657 1644 3657 1788 3668 1789 3669 1644 3657 1789 3669 1790 3670 1790 3670 1791 3381 1644 3657 1644 3657 1791 3381 1542 3671 1644 3657 1542 3671 1643 3672 1643 3672 1542 3671 1543 3673 1643 3672 1543 3673 1687 3674 1687 3674 1543 3673 1686 3675 1686 3675 1543 3673 1685 3676 1685 3676 1543 3673 1544 3677 1685 3676 1544 3677 1684 3381 1684 3381 1544 3677 1683 3381 1683 3381 1544 3677 1682 3678 1682 3678 1544 3677 1681 3679 1681 3679 1544 3677 1545 3680 1681 3679 1545 3680 1680 3381 1680 3381 1545 3680 1679 3381 1679 3381 1545 3680 1678 3681 1678 3681 1545 3680 1546 3682 1678 3681 1546 3682 1547 3683 1542 3671 1791 3381 1541 3381 1541 3381 1791 3381 1792 3381 1541 3381 1792 3381 1540 3381 1540 3381 1792 3381 1793 3381 1540 3381 1793 3381 1539 3381 1539 3381 1793 3381 1794 3381 1539 3381 1794 3381 1538 3381 1538 3381 1794 3381 1795 3381 1538 3381 1795 3381 1537 3381 1537 3381 1795 3381 1760 3381 1537 3381 1760 3381 1536 3611 1536 3611 1760 3381 1761 3588 1692 3381 1864 3437 1690 3684 1690 3684 1864 3437 1323 3685 1690 3684 1323 3685 1325 3686 1692 3381 1694 3687 1864 3437 1864 3437 1694 3687 1696 3688 1864 3437 1696 3688 1698 3689 1698 3689 1700 3690 1864 3437 1864 3437 1700 3690 1702 3691 1864 3437 1702 3691 1704 3573 1714 3564 1716 3559 1880 3558 1720 3561 1722 3556 1881 3555 1501 3525 1726 3546 1499 3381 1499 3381 1726 3546 1728 3381 1499 3381 1728 3381 1497 3381 1497 3381 1728 3381 1730 3381 1497 3381 1730 3381 1495 3381 1495 3381 1730 3381 1732 3381 1495 3381 1732 3381 1493 3381 1493 3381 1732 3381 1734 3381 1493 3381 1734 3381 1491 3381 1491 3381 1734 3381 1736 3381 1491 3381 1736 3381 1489 3381 1489 3381 1736 3381 1738 3381 1489 3381 1738 3381 1487 3381 1487 3381 1738 3381 1740 3381 1487 3381 1740 3381 1485 3381 1485 3381 1740 3381 1742 3381 1485 3381 1742 3381 1483 3381 1483 3381 1742 3381 1744 3381 1483 3381 1744 3381 1481 3381 1481 3381 1744 3381 1746 3381 1481 3381 1746 3381 1479 3381 1479 3381 1746 3381 1748 3381 1479 3381 1748 3381 1477 3381 1477 3381 1748 3381 1750 3381 1477 3381 1750 3381 1475 3381 1475 3381 1750 3381 1752 3381 1475 3381 1752 3381 1473 3381 1473 3381 1752 3381 1754 3381 1473 3381 1754 3381 1471 3381 1471 3381 1754 3381 1756 3381 1471 3381 1756 3381 1469 3381 1469 3381 1756 3381 1758 3381 1469 3381 1758 3381 1467 3381 1467 3381 1758 3381 1688 3381 1467 3381 1688 3381 1465 3381 1465 3381 1688 3381 1690 3684 1465 3381 1690 3684 1421 3692 1421 3692 1690 3684 1419 3381 1419 3381 1690 3684 1417 3381 1417 3381 1690 3684 1415 3381 1415 3381 1690 3684 1413 3381 1413 3381 1690 3684 1411 3381 1411 3381 1690 3684 1409 3381 1409 3381 1690 3684 1407 3381 1407 3381 1690 3684 1405 3381 1405 3381 1690 3684 1403 3381 1403 3381 1690 3684 1401 3381 1401 3381 1690 3684 1399 3381 1399 3381 1690 3684 1397 3381 1397 3381 1690 3684 1339 3693 1397 3381 1339 3693 1395 3381 1395 3381 1339 3693 1393 3381 1393 3381 1339 3693 1391 3381 1391 3381 1339 3693 1389 3381 1389 3381 1339 3693 1387 3694 1387 3694 1339 3693 1385 3695 1385 3695 1339 3693 1383 3381 1383 3381 1339 3693 1381 3381 1381 3381 1339 3693 1379 3381 1379 3381 1339 3693 1377 3381 1377 3381 1339 3693 1375 3696 1375 3696 1339 3693 1341 3697 1375 3696 1341 3697 1343 3698 1645 3658 1646 3381 1855 3420 1855 3420 1646 3381 1647 3381 1855 3420 1647 3381 1648 3381 1648 3381 1649 3699 1855 3420 1855 3420 1649 3699 1650 3700 1855 3420 1650 3700 1651 3701 1651 3701 1652 3496 1855 3420 1855 3420 1652 3496 1575 3498 1855 3420 1575 3498 1576 3702 1667 3486 1668 3703 1608 3484 1608 3484 1668 3703 1669 3704 1608 3484 1669 3704 1670 3705 1670 3705 1671 3706 1608 3484 1608 3484 1671 3706 1672 3707 1608 3484 1672 3707 1673 3708 1673 3708 1674 3709 1608 3484 1608 3484 1674 3709 1675 3710 1608 3484 1675 3710 1676 3711 1676 3711 1677 3712 1608 3484 1608 3484 1677 3712 1547 3683 1608 3484 1547 3683 1548 3713 1677 3712 1678 3681 1547 3683 1562 3636 1636 3635 1561 3714 1561 3714 1636 3635 1637 3715 1561 3714 1637 3715 1560 3716 1560 3716 1637 3715 1638 3717 1560 3716 1638 3717 1559 3718 1559 3718 1638 3717 1639 3719 1559 3718 1639 3719 1558 3720 1558 3720 1639 3719 1640 3721 1558 3720 1640 3721 1557 3722 1557 3722 1640 3721 1641 3723 1557 3722 1641 3723 1556 3724 1556 3724 1641 3723 1642 3725 1556 3724 1642 3725 1555 3726 1555 3726 1642 3725 1607 3727 1555 3726 1607 3727 1554 3728 1554 3728 1607 3727 1608 3484 1554 3728 1608 3484 1553 3381 1553 3381 1608 3484 1552 3381 1552 3381 1608 3484 1551 3381 1551 3381 1608 3484 1550 3381 1550 3381 1608 3484 1549 3381 1549 3381 1608 3484 1548 3713 1576 3702 1577 3729 1855 3420 1855 3420 1577 3729 1578 3730 1855 3420 1578 3730 1579 3731 1579 3731 1580 3732 1855 3420 1855 3420 1580 3732 1581 3422 1566 3630 1567 3624 1817 3623 1569 3626 1570 3621 1818 3620 1505 3527 1507 3733 1911 3523 1911 3523 1507 3733 1509 3734 1911 3523 1509 3734 1511 3735 1511 3735 1513 3381 1911 3523 1911 3523 1513 3381 1515 3736 1911 3523 1515 3736 1517 3737 1517 3737 1519 3738 1911 3523 1911 3523 1519 3738 1521 3739 1911 3523 1521 3739 1523 3740 1911 3523 1523 3740 1918 3333 1918 3333 1523 3740 1525 3741 1918 3333 1525 3741 1527 3742 1527 3742 1529 3743 1918 3333 1918 3333 1529 3743 1531 3744 1918 3333 1531 3744 1533 3745 1533 3745 1463 3381 1918 3333 1918 3333 1463 3381 1421 3692 1918 3333 1421 3692 1423 3746 1463 3381 1465 3381 1421 3692 1423 3746 1425 3747 1918 3333 1918 3333 1425 3747 1427 3748 1918 3333 1427 3748 1429 3749 1429 3749 1431 3750 1918 3333 1918 3333 1431 3750 1433 3751 1918 3333 1433 3751 1435 3752 1437 3753 1271 3754 1435 3752 1435 3752 1271 3754 1273 3755 1435 3752 1273 3755 1918 3333 1918 3333 1273 3755 1275 3756 1918 3333 1275 3756 1277 3757 1439 3758 1265 3759 1437 3753 1437 3753 1265 3759 1267 3760 1437 3753 1267 3760 1269 3761 1441 3762 1261 3763 1439 3758 1439 3758 1261 3763 1263 3764 1439 3758 1263 3764 1265 3759 1441 3762 1443 3765 1261 3763 1261 3763 1443 3765 1445 3766 1261 3763 1445 3766 1447 3381 1447 3381 1449 3767 1261 3763 1261 3763 1449 3767 1451 3768 1261 3763 1451 3768 1453 3769 1453 3769 1455 3770 1261 3763 1261 3763 1455 3770 1457 3771 1261 3763 1457 3771 1459 3772 1459 3772 1461 3773 1261 3763 1261 3763 1461 3773 1259 3381 1259 3381 1461 3773 1257 3381 1257 3381 1461 3773 1255 3381 1255 3381 1461 3773 1253 3381 1253 3381 1461 3773 1251 3381 1251 3381 1461 3773 1249 3381 1249 3381 1461 3773 1247 3381 1247 3381 1461 3773 1245 3774 1245 3774 1461 3773 1373 3775 1245 3774 1373 3775 1243 3776 1243 3776 1373 3775 1375 3696 1243 3776 1375 3696 1363 3381 1363 3381 1375 3696 1361 3381 1361 3381 1375 3696 1359 3381 1359 3381 1375 3696 1357 3381 1357 3381 1375 3696 1355 3381 1355 3381 1375 3696 1353 3777 1353 3777 1375 3696 1351 3778 1351 3778 1375 3696 1349 3779 1349 3779 1375 3696 1347 3780 1347 3780 1375 3696 1345 3381 1345 3381 1375 3696 1343 3698 1321 3441 1323 3685 1864 3437 1325 3686 1327 3781 1690 3684 1690 3684 1327 3781 1329 3782 1690 3684 1329 3782 1331 3783 1331 3783 1333 3784 1690 3684 1690 3684 1333 3784 1335 3785 1690 3684 1335 3785 1337 3786 1337 3786 1339 3693 1690 3684 1243 3776 1363 3381 1241 3381 1241 3381 1363 3381 1365 3381 1241 3381 1365 3381 1239 3381 1239 3381 1365 3381 1367 3381 1239 3381 1367 3381 1237 3381 1237 3381 1367 3381 1369 3381 1237 3381 1369 3381 1235 3381 1235 3381 1369 3381 1371 3381 1235 3381 1371 3381 1233 3381 1233 3381 1371 3381 1301 3381 1233 3381 1301 3381 1231 3381 1231 3381 1301 3381 1303 3310 1231 3381 1303 3310 61 3309 1269 3761 1271 3754 1437 3753 1277 3757 1279 3787 1918 3333 1918 3333 1279 3787 1281 3788 1918 3333 1281 3788 1283 3789 1283 3789 1285 3328 1918 3333 1229 3317 1231 3381 61 3309 471 615 1362 615 473 615 473 615 1362 615 1246 3790 473 615 1246 3790 475 615 475 615 1246 3790 477 3791 477 3791 1246 3790 1244 3792 477 3791 1244 3792 479 615 479 615 1244 3792 481 3793 481 3793 1244 3792 1242 3794 481 3793 1242 3794 483 3795 483 3795 1242 3794 1240 3796 483 3795 1240 3796 485 3797 485 3797 1240 3796 487 3798 487 3798 1240 3796 1238 3799 487 3798 1238 3799 489 3800 489 3800 1238 3799 1236 3801 489 3800 1236 3801 491 3802 491 3802 1236 3801 1234 3803 491 3802 1234 3803 493 3804 493 3804 1234 3803 1232 3805 493 3804 1232 3805 495 3806 495 3806 1232 3805 1230 3807 495 3806 1230 3807 497 3808 497 3808 1230 3807 499 3809 499 3809 1230 3807 501 615 501 615 1230 3807 503 3810 503 3810 1230 3807 1300 3811 503 3810 1300 3811 1298 3812 471 615 691 3813 1362 615 1362 615 691 3813 1364 3814 1364 3814 691 3813 689 3815 1364 3814 689 3815 687 3816 1364 3814 687 3816 1366 3817 1366 3817 687 3816 685 3818 1366 3817 685 3818 1368 3819 1368 3819 685 3818 683 3820 1368 3819 683 3820 681 3821 1368 3819 681 3821 1370 3822 1370 3822 681 3821 679 3823 1370 3822 679 3823 1372 3824 1372 3824 679 3823 677 3825 1372 3824 677 3825 1302 3826 1302 3826 677 3825 675 3827 1302 3826 675 3827 1304 3828 1304 3828 675 3827 673 3829 1304 3828 673 3829 1306 3830 1306 3830 673 3829 671 3831 1306 3830 671 3831 1308 615 1308 615 671 3831 1310 3832 1310 3832 671 3831 669 3833 1310 3832 669 3833 1312 3834 1312 3834 669 3833 667 3835 1312 3834 667 3835 1314 3836 1314 3836 667 3835 665 3837 1314 3836 665 3837 1316 3838 1316 3838 665 3837 1318 3839 1318 3839 665 3837 663 3840 1318 3839 663 3840 1320 3841 1320 3841 663 3840 661 3842 1320 3841 661 3842 1322 3843 1322 3843 661 3842 659 3844 1322 3843 659 3844 1324 3845 1324 3845 659 3844 657 3846 1324 3845 657 3846 1326 3847 1326 3847 657 3846 655 3848 1326 3847 655 3848 1328 3849 1328 3849 655 3848 653 3850 1328 3849 653 3850 1330 3851 1330 3851 653 3850 651 3852 1330 3851 651 3852 1332 3853 1332 3853 651 3852 649 3854 1332 3853 649 3854 647 3855 1332 3853 647 3855 1334 3856 1334 3856 647 3855 645 3857 1334 3856 645 3857 643 3858 1334 3856 643 3858 1336 3859 1336 3859 643 3858 641 3860 1336 3859 641 3860 639 3861 1336 3859 639 3861 1695 3862 1695 3862 639 3861 637 3863 1695 3862 637 3863 635 3864 1695 3862 635 3864 1697 3865 1697 3865 635 3864 633 3866 1697 3865 633 3866 1699 3867 1699 3867 633 3866 631 3868 1699 3867 631 3868 629 3869 1699 3867 629 3869 1701 3870 1701 3870 629 3869 627 3871 1701 3870 627 3871 1703 3872 1703 3872 627 3871 625 3873 1703 3872 625 3873 623 3874 1703 3872 623 3874 1705 3875 1705 3875 623 3874 621 3876 1705 3875 621 3876 1707 3877 1707 3877 621 3876 619 3878 1707 3877 619 3878 1709 615 1709 615 619 3878 1711 615 1711 615 619 3878 617 3879 1711 615 617 3879 1713 3880 1713 3880 617 3879 615 3881 1713 3880 615 3881 1715 3882 1715 3882 615 3881 613 3883 1715 3882 613 3883 1717 3884 1717 3884 613 3883 611 3885 1717 3884 611 3885 1719 615 1719 615 611 3885 1721 3886 1721 3886 611 3885 609 3887 1721 3886 609 3887 1723 3888 1723 3888 609 3887 607 3889 1723 3888 607 3889 1725 3890 1725 3890 607 3889 605 3891 1725 3890 605 3891 1727 3892 1727 3892 605 3891 603 3893 1727 3892 603 3893 1729 3894 1729 3894 603 3893 601 3895 1729 3894 601 3895 1731 3896 1731 3896 601 3895 599 3897 1731 3896 599 3897 1733 3898 1733 3898 599 3897 597 3899 1733 3898 597 3899 1735 3900 1735 3900 597 3899 595 3901 1735 3900 595 3901 1737 3902 1737 3902 595 3901 593 3903 1737 3902 593 3903 591 3904 1737 3902 591 3904 1739 3905 1739 3905 591 3904 589 3906 1739 3905 589 3906 587 3907 1739 3905 587 3907 1741 3908 1741 3908 587 3907 585 3909 1741 3908 585 3909 583 3910 1741 3908 583 3910 1488 3911 1488 3911 583 3910 581 3912 1488 3911 581 3912 1490 3913 1490 3913 581 3912 579 3914 1490 3913 579 3914 577 3915 1490 3913 577 3915 1492 3916 1492 3916 577 3915 575 3917 1492 3916 575 3917 573 3918 1492 3916 573 3918 1494 3919 1494 3919 573 3918 571 3920 1494 3919 571 3920 1496 3921 1496 3921 571 3920 569 3922 1496 3921 569 3922 1498 3923 1498 3923 569 3922 567 3924 1498 3923 567 3924 1500 3925 1500 3925 567 3924 565 3926 1500 3925 565 3926 1502 3927 1502 3927 565 3926 563 3928 1502 3927 563 3928 1504 3929 1504 3929 563 3928 561 3930 1504 3929 561 3930 1506 3931 1506 3931 561 3930 559 3932 1506 3931 559 3932 1508 3933 1508 3933 559 3932 557 3934 1508 3933 557 3934 1510 615 1510 615 557 3934 1512 3935 1512 3935 557 3934 555 3936 1512 3935 555 3936 1514 3937 1514 3937 555 3936 553 3938 1514 3937 553 3938 1516 3939 1516 3939 553 3938 551 3940 1516 3939 551 3940 1518 615 1518 615 551 3940 549 3941 1518 615 549 3941 1520 615 1520 615 549 3941 1522 3942 1522 3942 549 3941 547 3943 1522 3942 547 3943 1524 3944 1524 3944 547 3943 545 3945 1524 3944 545 3945 1526 3946 1526 3946 545 3945 543 3947 1526 3946 543 3947 541 3948 1526 3946 541 3948 1528 3949 1528 3949 541 3948 539 3950 1528 3949 539 3950 1530 3951 1530 3951 539 3950 537 3952 1530 3951 537 3952 535 3953 1530 3951 535 3953 1532 3954 1532 3954 535 3953 533 3955 1532 3954 533 3955 1534 3956 1534 3956 533 3955 531 3957 1534 3956 531 3957 529 3958 1534 3956 529 3958 1272 3959 1272 3959 529 3958 527 3960 1272 3959 527 3960 525 3961 1272 3959 525 3961 1274 3962 1274 3962 525 3961 523 3963 1274 3962 523 3963 521 3964 1274 3962 521 3964 1276 3965 1276 3965 521 3964 519 3966 1276 3965 519 3966 517 3967 1276 3965 517 3967 1278 3968 1278 3968 517 3967 515 3969 1278 3968 515 3969 1280 3970 1280 3970 515 3969 513 3971 1280 3970 513 3971 1282 3972 1282 3972 513 3971 511 3973 1282 3972 511 3973 1284 3974 1284 3974 511 3973 509 3975 1284 3974 509 3975 1286 3976 1286 3976 509 3975 507 3977 1286 3976 507 3977 1288 3978 1288 3978 507 3977 505 3979 1288 3978 505 3979 1290 3980 1290 3980 505 3979 503 3810 1290 3980 503 3810 1292 3981 1292 3981 503 3810 1294 615 1294 615 503 3810 1296 3982 1296 3982 503 3810 1298 3812 1689 3983 1402 3984 1691 3985 1691 3985 1402 3984 1400 3986 1691 3985 1400 3986 1693 3987 1693 3987 1400 3986 1398 3988 1693 3987 1398 3988 1338 3989 1338 3989 1398 3988 1340 3990 1340 3990 1398 3988 1396 3991 1340 3990 1396 3991 1342 3992 1342 3992 1396 3991 1394 3993 1342 3992 1394 3993 1344 3994 1344 3994 1394 3993 1392 3995 1344 3994 1392 3995 1346 3996 1346 3996 1392 3995 1390 3997 1346 3996 1390 3997 1348 3998 1348 3998 1390 3997 1388 3999 1348 3998 1388 3999 1350 4000 1350 4000 1388 3999 1386 4001 1350 4000 1386 4001 1352 4002 1352 4002 1386 4001 1384 4003 1352 4002 1384 4003 1354 4004 1354 4004 1384 4003 1382 4005 1354 4004 1382 4005 1380 4006 1402 3984 1689 3983 1404 4007 1404 4007 1689 3983 1759 4008 1404 4007 1759 4008 1406 4009 1406 4009 1759 4008 1757 4010 1406 4009 1757 4010 1408 4011 1408 4011 1757 4010 1755 4012 1408 4011 1755 4012 1410 4013 1410 4013 1755 4012 1753 4014 1410 4013 1753 4014 1412 4015 1412 4015 1753 4014 1751 4016 1412 4015 1751 4016 1414 4017 1414 4017 1751 4016 1749 4018 1414 4017 1749 4018 1416 4019 1416 4019 1749 4018 1747 4020 1416 4019 1747 4020 1418 4021 1418 4021 1747 4020 1745 4022 1418 4021 1745 4022 1420 4023 1420 4023 1745 4022 1743 615 1420 4023 1743 615 1486 615 1486 615 1743 615 1488 3911 1488 3911 1743 615 1741 3908 1336 3859 1695 3862 1338 3989 1338 3989 1695 3862 1693 3987 1464 4024 1442 4025 1466 4026 1466 4026 1442 4025 1440 4027 1466 4026 1440 4027 1468 4028 1468 4028 1440 4027 1438 4029 1468 4028 1438 4029 1470 4030 1470 4030 1438 4029 1436 4031 1470 4030 1436 4031 1472 4032 1472 4032 1436 4031 1434 4033 1472 4032 1434 4033 1474 4034 1474 4034 1434 4033 1432 4035 1474 4034 1432 4035 1476 4036 1476 4036 1432 4035 1430 4037 1476 4036 1430 4037 1478 4038 1478 4038 1430 4037 1428 4039 1478 4038 1428 4039 1480 4040 1480 4040 1428 4039 1426 4041 1480 4040 1426 4041 1482 4042 1482 4042 1426 4041 1424 4043 1482 4042 1424 4043 1484 4044 1484 4044 1424 4043 1422 4045 1484 4044 1422 4045 1486 615 1486 615 1422 4045 1420 4023 1534 3956 1272 3959 1464 4024 1464 4024 1272 3959 1270 4046 1464 4024 1270 4046 1444 4047 1444 4047 1270 4046 1268 4048 1444 4047 1268 4048 1446 4049 1446 4049 1268 4048 1266 4050 1446 4049 1266 4050 1448 4051 1448 4051 1266 4050 1264 4052 1448 4051 1264 4052 1450 4053 1450 4053 1264 4052 1262 4054 1450 4053 1262 4054 1452 4055 1452 4055 1262 4054 1260 4056 1452 4055 1260 4056 1454 4057 1454 4057 1260 4056 1258 4058 1454 4057 1258 4058 1456 4059 1456 4059 1258 4058 1256 4060 1456 4059 1256 4060 1458 4061 1458 4061 1256 4060 1254 4062 1458 4061 1254 4062 1460 615 1460 615 1254 4062 1462 4063 1462 4063 1254 4062 1252 4064 1462 4063 1252 4064 1374 4065 1374 4065 1252 4064 1250 4066 1374 4065 1250 4066 1376 4067 1376 4067 1250 4066 1248 4068 1376 4067 1248 4068 1360 615 1360 615 1248 4068 1362 615 1362 615 1248 4068 1246 3790 1444 4047 1442 4025 1464 4024 1354 4004 1380 4006 1356 4069 1356 4069 1380 4006 1378 4070 1356 4069 1378 4070 1358 4071 1358 4071 1378 4070 1376 4067 1358 4071 1376 4067 1360 615 1922 4072 1923 4073 1924 4074 1924 4074 1923 4073 1925 4075 1924 4076 1925 4077 1926 4078 1926 4078 1925 4077 1927 4079 1926 4080 1927 4081 1928 4082 1928 4082 1927 4081 1929 4083 1928 4084 1929 4085 1930 4086 1930 4086 1929 4085 1931 4087 1930 16 1931 14 1932 15 1932 15 1931 14 1933 14 1932 4088 1933 4089 1934 4090 1934 4090 1933 4089 1935 4091 1934 21 1935 21 1936 21 1936 21 1935 21 1937 21 1936 22 1937 23 1938 24 1938 24 1937 23 1939 25 1938 27 1939 28 1940 27 1940 27 1939 28 1941 26 1940 4092 1941 4093 1942 4094 1942 4094 1941 4093 1943 4095 1942 33 1943 34 1944 35 1944 35 1943 34 1945 36 1944 37 1945 38 1946 39 1946 39 1945 38 1947 40 1946 41 1947 42 1948 43 1948 43 1947 42 1949 44 1948 4096 1949 4097 1950 4098 1950 4098 1949 4097 1951 4099 1951 49 1952 49 1950 49 1950 49 1952 49 1953 49 1954 4100 1955 4101 1956 4102 1956 4102 1955 4101 1957 4103 1956 54 1957 55 1958 55 1958 55 1957 55 1959 54 1958 56 1959 57 1960 57 1960 57 1959 57 1961 56 1960 58 1961 58 1962 58 1962 58 1961 58 1963 58 1962 4104 1963 4105 1964 4106 1964 4106 1963 4105 1965 4107 1964 4108 1965 4109 1966 4110 1966 4110 1965 4109 1967 4111 1966 67 1967 68 1968 69 1968 69 1967 68 1969 70 1968 71 1969 71 1970 71 1970 71 1969 71 1971 71 1970 4112 1971 4113 1972 4114 1972 4114 1971 4113 1973 4115 1972 4116 1973 4117 1974 4118 1974 4118 1973 4117 1975 4119 1974 83 1975 82 1976 81 1976 81 1975 82 1977 80 1976 4120 1977 4121 1978 4122 1978 4122 1977 4121 1979 4123 1978 4124 1979 4125 1980 4126 1980 4126 1979 4125 1981 4127 1980 95 1981 94 1982 93 1982 93 1981 94 1983 92 1922 96 1982 96 1923 96 1923 96 1982 96 1983 96 1984 4072 1985 4073 1986 4074 1986 4074 1985 4073 1987 4075 1986 4128 1987 4129 1988 4130 1988 4130 1987 4129 1989 4131 1988 4132 1989 4133 1990 4134 1990 4134 1989 4133 1991 4135 1990 4136 1991 4137 1992 4138 1992 4138 1991 4137 1993 4139 1992 16 1993 14 1994 15 1994 15 1993 14 1995 14 1994 4088 1995 4089 1996 4090 1996 4090 1995 4089 1997 4091 1996 21 1997 21 1998 21 1998 21 1997 21 1999 21 1998 4140 1999 4141 2000 4142 2000 4142 1999 4141 2001 4143 2000 27 2001 28 2002 27 2002 27 2001 28 2003 26 2002 4144 2003 4145 2004 4144 2004 4144 2003 4145 2005 4146 2004 33 2005 34 2006 35 2006 35 2005 34 2007 36 2006 37 2007 38 2008 39 2008 39 2007 38 2009 40 2008 41 2009 42 2010 43 2010 43 2009 42 2011 44 2010 4096 2011 4097 2012 4098 2012 4098 2011 4097 2013 4099 2013 49 2014 49 2012 49 2012 49 2014 49 2015 49 2016 4100 2017 4101 2018 4102 2018 4102 2017 4101 2019 4103 2018 54 2019 55 2020 55 2020 55 2019 55 2021 54 2020 56 2021 57 2022 57 2022 57 2021 57 2023 56 2022 58 2023 58 2024 58 2024 58 2023 58 2025 58 2024 4147 2025 4148 2026 4149 2026 4149 2025 4148 2027 4150 2026 4108 2027 4109 2028 4110 2028 4110 2027 4109 2029 4111 2028 4151 2029 4152 2030 4153 2030 4153 2029 4152 2031 4154 2030 71 2031 71 2032 71 2032 71 2031 71 2033 71 2032 4112 2033 4113 2034 4114 2034 4114 2033 4113 2035 4115 2034 4116 2035 4117 2036 4118 2036 4118 2035 4117 2037 4119 2036 255 2037 254 2038 255 2038 255 2037 254 2039 254 2038 4155 2039 4156 2040 4157 2040 4157 2039 4156 2041 4158 2040 4159 2041 4160 2042 4161 2042 4161 2041 4160 2043 4162 2042 95 2043 94 2044 93 2044 93 2043 94 2045 92 1984 96 2044 96 1985 96 1985 96 2044 96 2045 96 1953 4163 1952 4164 2046 4165 2046 4165 1952 4164 2047 4166 2046 149 2047 150 2048 151 2048 151 2047 150 2049 152 2048 153 2049 154 2050 155 2050 155 2049 154 2051 156 2050 157 2051 158 2052 159 2052 159 2051 158 2053 160 2052 4167 2053 4168 2054 4169 2054 4169 2053 4168 2055 4170 2054 166 2055 167 2056 166 2056 166 2055 167 2057 165 2056 4171 2057 4172 2058 4173 2058 4173 2057 4172 2059 4174 2058 174 2059 172 2060 173 2060 173 2059 172 2061 172 2060 4175 2061 4176 2062 4177 2062 4177 2061 4176 2063 4178 2062 182 2063 181 2064 180 2064 180 2063 181 2065 179 2064 4179 2065 4180 2066 4181 2066 4181 2065 4180 2067 4182 2066 4183 2067 4184 2068 4185 2068 4185 2067 4184 2069 4186 2068 4187 2069 4188 2070 4189 2070 4189 2069 4188 2071 4190 2070 4191 2071 4192 2072 4191 2072 4191 2071 4192 2073 4193 2073 199 2074 199 2072 199 2072 199 2074 199 2075 199 2075 100 2074 99 2076 98 2076 98 2074 99 2077 97 2076 4194 2077 4195 2078 4196 2078 4196 2077 4195 2079 4197 2078 4198 2079 4199 2080 4200 2080 4200 2079 4199 2081 4201 2080 112 2081 111 2082 110 2082 110 2081 111 2083 109 2082 4202 2083 4203 2084 4204 2084 4204 2083 4203 2085 4205 2084 4206 2085 4207 2086 4208 2086 4208 2085 4207 2087 4209 2086 123 2087 121 2088 122 2088 122 2087 121 2089 121 2088 4210 2089 4211 2090 4212 2090 4212 2089 4211 2091 4213 2090 4214 2091 4215 2092 4216 2092 4216 2091 4215 2093 4217 2092 4218 2093 4219 2094 4220 2094 4220 2093 4219 2095 4221 2094 136 2095 136 2096 136 2096 136 2095 136 2097 136 2096 137 2097 137 2098 137 2098 137 2097 137 2099 137 2098 138 2099 139 2100 139 2100 139 2099 139 2101 138 2100 4222 2101 4223 2102 4224 2102 4224 2101 4223 2103 4225 1954 144 2102 144 1955 144 1955 144 2102 144 2103 144 2015 4226 2014 4227 2104 4228 2104 4228 2014 4227 2105 4229 2104 223 2105 224 2106 225 2106 225 2105 224 2107 226 2106 227 2107 228 2108 229 2108 229 2107 228 2109 230 2108 157 2109 158 2110 159 2110 159 2109 158 2111 160 2110 4230 2111 4231 2112 4232 2112 4232 2111 4231 2113 4233 2112 166 2113 167 2114 166 2114 166 2113 167 2115 165 2114 4171 2115 4172 2116 4173 2116 4173 2115 4172 2117 4174 2116 234 2117 234 2118 234 2118 234 2117 234 2119 234 2118 4234 2119 4235 2120 4236 2120 4236 2119 4235 2121 4237 2120 241 2121 239 2122 240 2122 240 2121 239 2123 239 2122 4179 2123 4180 2124 4181 2124 4181 2123 4180 2125 4182 2124 4238 2125 4239 2126 4240 2126 4240 2125 4239 2127 4241 2126 4187 2127 4188 2128 4189 2128 4189 2127 4188 2129 4190 2128 4191 2129 4192 2130 4191 2130 4191 2129 4192 2131 4193 2131 199 2132 199 2130 199 2130 199 2132 199 2133 199 2133 100 2132 99 2134 98 2134 98 2132 99 2135 97 2134 4194 2135 4195 2136 4196 2136 4196 2135 4195 2137 4197 2136 4242 2137 4243 2138 4244 2138 4244 2137 4243 2139 4245 2138 112 2139 111 2140 110 2140 110 2139 111 2141 109 2140 4246 2141 4247 2142 4248 2142 4248 2141 4247 2143 4249 2142 4250 2143 4251 2144 4252 2144 4252 2143 4251 2145 4253 2144 276 2145 276 2146 276 2146 276 2145 276 2147 276 2146 4210 2147 4211 2148 4212 2148 4212 2147 4211 2149 4213 2148 4214 2149 4215 2150 4216 2150 4216 2149 4215 2151 4217 2150 4254 2151 4255 2152 4256 2152 4256 2151 4255 2153 4257 2152 136 2153 136 2154 136 2154 136 2153 136 2155 136 2154 281 2155 282 2156 282 2156 282 2155 282 2157 281 2156 283 2157 284 2158 284 2158 284 2157 284 2159 283 2158 4258 2159 4259 2160 4260 2160 4260 2159 4259 2161 4261 2016 144 2160 144 2017 144 2017 144 2160 144 2161 144 2162 4262 2163 4262 2164 4262 2164 335 2163 335 2165 335 2164 4263 2165 4263 2166 4263 2166 4264 2165 4264 2167 4264 2166 4265 2167 4265 2168 4265 2168 4266 2167 4266 2169 4266 2168 4267 2169 4267 2170 4267 2170 4268 2169 4268 2171 4268 2170 4269 2171 4269 2172 4269 2172 327 2171 327 2173 327 2172 4270 2173 4270 2174 4270 2174 4271 2173 4271 2175 4271 2174 4272 2175 4272 2176 4272 2176 4273 2175 4273 2177 4273 2176 4274 2177 4274 2178 4274 2178 4275 2177 4275 2179 4275 2178 4276 2179 4276 2180 4276 2180 4277 2179 4277 2181 4277 2180 4278 2181 4278 2182 4278 2182 4279 2181 4279 2183 4279 2182 316 2183 316 2184 316 2184 4280 2183 4280 2185 4280 2184 4281 2185 4281 2186 4281 2186 313 2185 313 2187 313 2186 312 2187 312 2188 312 2188 4282 2187 4282 2189 4282 2188 4283 2189 4283 2190 4283 2190 309 2189 309 2191 309 2190 4284 2191 4284 2192 4284 2192 4285 2191 4285 2193 4285 2192 4286 2193 4286 2194 4286 2194 4287 2193 4287 2195 4287 2194 4288 2195 4288 2196 4288 2196 4289 2195 4289 2197 4289 2196 4290 2197 4290 2198 4290 2198 4291 2197 4291 2199 4291 2198 4292 2199 4292 2200 4292 2200 4293 2199 4293 2201 4293 2200 298 2201 298 2202 298 2202 4294 2201 4294 2203 4294 2202 4295 2203 4295 2204 4295 2204 4296 2203 4296 2205 4296 2204 4297 2205 4297 2206 4297 2206 4298 2205 4298 2207 4298 2206 4299 2207 4299 2208 4299 2208 4300 2207 4300 2209 4300 2208 290 2209 290 2210 290 2210 4301 2209 4301 2211 4301 2210 4302 2211 4302 2212 4302 2212 4303 2211 4303 2213 4303 2212 4304 2213 4304 2214 4304 2214 4305 2213 4305 2215 4305 2214 4306 2215 4306 2216 4306 2216 4307 2215 4307 2217 4307 2216 372 2217 372 2218 372 2218 4308 2217 4308 2219 4308 2218 4309 2219 4309 2220 4309 2220 4310 2219 4310 2221 4310 2220 4311 2221 4311 2222 4311 2222 4312 2221 4312 2223 4312 2222 4313 2223 4313 2224 4313 2224 4314 2223 4314 2225 4314 2224 4315 2225 4315 2226 4315 2226 4316 2225 4316 2227 4316 2226 4317 2227 4317 2228 4317 2228 4318 2227 4318 2229 4318 2228 4319 2229 4319 2230 4319 2230 4320 2229 4320 2231 4320 2230 358 2231 358 2232 358 2232 357 2231 357 2233 357 2232 4321 2233 4321 2234 4321 2234 4322 2233 4322 2235 4322 2234 4323 2235 4323 2236 4323 2236 4324 2235 4324 2237 4324 2236 4325 2237 4325 2238 4325 2238 4326 2237 4326 2239 4326 2238 4327 2239 4327 2240 4327 2240 4328 2239 4328 2241 4328 2240 4329 2241 4329 2242 4329 2242 4330 2241 4330 2243 4330 2242 4331 2243 4331 2244 4331 2244 4332 2243 4332 2245 4332 2244 4333 2245 4333 2246 4333 2246 343 2245 343 2247 343 2246 4334 2247 4334 2248 4334 2248 4335 2247 4335 2249 4335 2248 4336 2249 4336 2250 4336 2250 4337 2249 4337 2251 4337 2250 4338 2251 4338 2162 4338 2162 4339 2251 4339 2163 4339 2252 4340 2253 4341 2254 4342 2254 4342 2253 4341 2255 4343 2254 499 2255 500 2256 501 2256 501 2255 500 2257 502 2256 495 2257 496 2258 497 2258 497 2257 496 2259 498 2258 4344 2259 4345 2260 4346 2260 4346 2259 4345 2261 4347 2260 490 2261 489 2262 488 2262 488 2261 489 2263 487 2262 486 2263 485 2264 484 2264 484 2263 485 2265 483 2264 481 2265 482 2266 482 2266 482 2265 482 2267 481 2266 477 2267 478 2268 479 2268 479 2267 478 2269 480 2268 476 2269 475 2270 474 2270 474 2269 475 2271 473 2270 472 2271 471 2272 470 2272 470 2271 471 2273 469 2272 467 2273 468 2274 468 2274 468 2273 468 2275 467 2274 4348 2275 4349 2276 4350 2276 4350 2275 4349 2277 4351 2276 4352 2277 4353 2278 4354 2278 4354 2277 4353 2279 4355 2278 4356 2279 4357 2280 4358 2280 4358 2279 4357 2281 4359 2280 454 2281 453 2282 452 2282 452 2281 453 2283 451 2282 447 2283 448 2284 449 2284 449 2283 448 2285 450 2284 4360 2285 4361 2286 4362 2286 4362 2285 4361 2287 4363 2286 4364 2287 4365 2288 4366 2288 4366 2287 4365 2289 4367 2288 435 2289 436 2290 437 2290 437 2289 436 2291 438 2290 434 2291 433 2292 432 2292 432 2291 433 2293 431 2292 4368 2293 4369 2294 4370 2294 4370 2293 4369 2295 4371 2294 4372 2295 4373 2296 4374 2296 4374 2295 4373 2297 4375 2296 4376 2297 4377 2298 4378 2298 4378 2297 4377 2299 4379 2298 417 2299 418 2300 418 2300 418 2299 418 2301 417 2300 416 2301 415 2302 414 2302 414 2301 415 2303 413 2302 412 2303 411 2304 410 2304 410 2303 411 2305 409 2304 405 2305 406 2306 407 2306 407 2305 406 2307 408 2306 403 2307 404 2308 404 2308 404 2307 404 2309 403 2308 402 2309 401 2310 400 2310 400 2309 401 2311 399 2310 398 2311 397 2312 396 2312 396 2311 397 2313 395 2312 4380 2313 4381 2314 4382 2314 4382 2313 4381 2315 4383 2314 387 2315 388 2316 389 2316 389 2315 388 2317 390 2316 383 2317 384 2318 385 2318 385 2317 384 2319 386 2318 4384 2319 4385 2320 4386 2320 4386 2319 4385 2321 4387 2321 96 2322 96 2320 96 2320 96 2322 96 2323 96 2323 4388 2322 4389 2324 4390 2324 4390 2322 4389 2325 4391 2324 4392 2325 4393 2326 4394 2326 4394 2325 4393 2327 4395 2326 4396 2327 606 2328 4397 2328 4397 2327 606 2329 4398 2328 599 2329 600 2330 601 2330 601 2329 600 2331 602 2330 597 2331 598 2332 598 2332 598 2331 598 2333 597 2332 595 2333 596 2334 596 2334 596 2333 596 2335 595 2334 593 2335 594 2336 593 2336 593 2335 594 2337 592 2336 588 2337 589 2338 590 2338 590 2337 589 2339 591 2338 587 2339 587 2340 587 2340 587 2339 587 2341 587 2340 585 2341 586 2342 586 2342 586 2341 586 2343 585 2342 584 2343 584 2344 584 2344 584 2343 584 2345 584 2344 4399 2345 4400 2346 4401 2346 4401 2345 4400 2347 4402 2346 4403 2347 4404 2348 4405 2348 4405 2347 4404 2349 4406 2348 4407 2349 4408 2350 4409 2350 4409 2349 4408 2351 4410 2350 572 2351 571 2352 570 2352 570 2351 571 2353 569 2352 4411 2353 4412 2354 4413 2354 4413 2353 4412 2355 4414 2354 4415 2355 4416 2356 4417 2356 4417 2355 4416 2357 4418 2356 4419 2357 4420 2358 4421 2358 4421 2357 4420 2359 4422 2358 4423 2359 4424 2360 4425 2360 4425 2359 4424 2361 4426 2360 552 2361 551 2362 550 2362 550 2361 551 2363 549 2362 4427 2363 4428 2364 4429 2364 4429 2363 4428 2365 4430 2364 4431 2365 4432 2366 4433 2366 4433 2365 4432 2367 4434 2366 4435 2367 4436 2368 4437 2368 4437 2367 4436 2369 4438 2368 537 2369 537 2370 537 2370 537 2369 537 2371 537 2370 535 2371 536 2372 536 2372 536 2371 536 2373 535 2372 534 2373 534 2374 534 2374 534 2373 534 2375 534 2374 530 2375 531 2376 532 2376 532 2375 531 2377 533 2376 529 2377 527 2378 528 2378 528 2377 527 2379 527 2378 525 2379 526 2380 526 2380 526 2379 526 2381 525 2380 523 2381 524 2382 524 2382 524 2381 524 2383 523 2382 519 2383 520 2384 521 2384 521 2383 520 2385 522 2384 4439 2385 4440 2386 4441 2386 4441 2385 4440 2387 516 2386 4442 2387 4443 2388 4444 2388 4444 2387 4443 2389 4445 2388 4446 2389 4447 2390 4448 2390 4448 2389 4447 2391 4449 2391 199 2253 199 2390 199 2390 199 2253 199 2252 199 2166 3381 2284 3381 2164 3381 2164 3381 2284 3381 2286 3381 2164 3381 2286 3381 2288 3381 2284 3381 2166 3381 2282 3381 2282 3381 2166 3381 2168 3381 2282 3381 2168 3381 2280 4450 2280 4450 2168 3381 2170 4451 2280 4450 2170 4451 2278 4452 2278 4452 2170 4451 2172 4453 2278 4452 2172 4453 2276 4454 2276 4454 2172 4453 2174 4455 2276 4454 2174 4455 2274 4456 2274 4456 2174 4455 2176 4457 2274 4456 2176 4457 2272 4458 2272 4458 2176 4457 2178 4459 2272 4458 2178 4459 2270 3381 2270 3381 2178 4459 2268 4460 2268 4460 2178 4459 2180 4461 2268 4460 2180 4461 2266 4462 2266 4462 2180 4461 2252 4463 2266 4462 2252 4463 2264 4464 2264 4464 2252 4463 2262 4465 2262 4465 2252 4463 2260 4466 2260 4466 2252 4463 2258 4467 2258 4467 2252 4463 2256 3381 2256 3381 2252 4463 2254 3381 2180 4461 2182 4468 2252 4463 2252 4463 2182 4468 2184 4469 2252 4463 2184 4469 2186 4470 2252 4463 2186 4470 2390 4471 2390 4471 2186 4470 2188 4472 2390 4471 2188 4472 2190 4473 2190 4473 2192 4474 2390 4471 2390 4471 2192 4474 2194 4475 2390 4471 2194 4475 2376 4476 2376 4476 2194 4475 2374 4477 2374 4477 2194 4475 2372 4478 2372 4478 2194 4475 2196 4479 2372 4478 2196 4479 2370 4480 2370 4480 2196 4479 2368 4481 2368 4481 2196 4479 2198 4482 2368 4481 2198 4482 2366 4483 2366 4483 2198 4482 2200 4484 2366 4483 2200 4484 2364 4485 2364 4485 2200 4484 2202 4486 2364 4485 2202 4486 2362 4487 2362 4487 2202 4486 2204 4488 2362 4487 2204 4488 2360 4489 2360 4489 2204 4488 2206 4490 2360 4489 2206 4490 2358 4491 2358 4491 2206 4490 2208 3381 2358 4491 2208 3381 2356 3381 2356 3381 2208 3381 2210 3381 2356 3381 2210 3381 2354 4492 2354 4492 2210 3381 2212 4493 2354 4492 2212 4493 2352 4494 2352 4494 2212 4493 2214 3381 2352 4494 2214 3381 2350 3381 2350 3381 2214 3381 2216 4495 2350 3381 2216 4495 2348 4496 2348 4496 2216 4495 2218 4497 2348 4496 2218 4497 2346 4498 2346 4498 2218 4497 2220 4499 2346 4498 2220 4499 2344 4500 2344 4500 2220 4499 2222 4501 2344 4500 2222 4501 2342 3381 2342 3381 2222 4501 2340 4502 2340 4502 2222 4501 2224 4503 2340 4502 2224 4503 2338 4504 2338 4504 2224 4503 2336 4505 2336 4505 2224 4503 2323 4506 2336 4505 2323 4506 2334 4507 2334 4507 2323 4506 2332 4508 2332 4508 2323 4506 2330 4509 2330 4509 2323 4506 2328 4510 2328 4510 2323 4506 2326 3381 2326 3381 2323 4506 2324 3381 2224 4503 2226 4511 2323 4506 2323 4506 2226 4511 2228 4512 2323 4506 2228 4512 2230 4513 2230 4513 2232 4514 2323 4506 2323 4506 2232 4514 2320 4515 2320 4515 2232 4514 2234 4516 2320 4515 2234 4516 2236 4517 2236 4517 2238 4518 2320 4515 2320 4515 2238 4518 2306 4519 2320 4515 2306 4519 2308 4520 2306 4519 2238 4518 2304 4521 2304 4521 2238 4518 2240 4522 2304 4521 2240 4522 2302 4523 2302 4523 2240 4522 2300 4524 2300 4524 2240 4522 2242 4525 2300 4524 2242 4525 2298 4526 2298 4526 2242 4525 2244 4527 2298 4526 2244 4527 2296 4528 2296 4528 2244 4527 2246 4529 2296 4528 2246 4529 2294 4530 2294 4530 2246 4529 2248 4531 2294 4530 2248 4531 2292 4532 2292 4532 2248 4531 2250 3381 2292 4532 2250 3381 2290 3381 2290 3381 2250 3381 2162 3381 2290 3381 2162 3381 2288 3381 2288 3381 2162 3381 2164 3381 2308 4520 2310 4533 2320 4515 2320 4515 2310 4533 2312 4534 2320 4515 2312 4534 2314 4535 2314 4535 2316 3381 2320 4515 2320 4515 2316 3381 2318 3381 2376 4476 2378 4536 2390 4471 2390 4471 2378 4536 2380 4537 2390 4471 2380 4537 2382 4538 2382 4538 2384 4539 2390 4471 2390 4471 2384 4539 2386 3381 2390 4471 2386 3381 2388 3381 2392 144 2393 144 2394 144 2394 144 2393 144 2395 144 2396 49 2397 49 2398 49 2398 49 2397 49 2399 49 2400 4540 2401 4541 2402 4542 2402 4542 2401 4541 2403 4543 2402 4544 2403 4545 2404 4546 2404 4546 2403 4545 2405 4547 2404 4548 2405 4549 2406 4550 2406 4550 2405 4549 2407 4551 2406 4552 2407 4553 2408 4553 2408 4553 2407 4553 2409 4552 2408 4554 2409 4555 2410 4556 2410 4556 2409 4555 2411 4557 2410 4558 2411 4559 2412 4560 2412 4560 2411 4559 2413 4561 2412 4562 2413 4562 2414 4562 2414 4562 2413 4562 2415 4562 2414 4563 2415 4564 2416 4565 2416 4565 2415 4564 2417 4566 2416 4567 2417 4568 2418 4569 2418 4569 2417 4568 2419 4570 2418 4571 2419 4572 2420 4573 2420 4573 2419 4572 2421 4574 2420 4575 2421 4576 2422 4577 2422 4577 2421 4576 2423 4578 2422 4579 2423 4580 2424 4581 2424 4581 2423 4580 2425 4582 2424 4583 2425 4584 2426 4584 2426 4584 2425 4584 2427 4583 2426 4585 2427 4585 2428 4585 2428 4585 2427 4585 2429 4585 2428 4586 2429 4587 2430 4588 2430 4588 2429 4587 2431 4587 2430 4589 2431 4590 2432 4591 2432 4591 2431 4590 2433 4592 2432 4593 2433 4594 2434 4595 2434 4595 2433 4594 2435 4596 2434 4597 2435 4598 2436 4599 2436 4599 2435 4598 2437 4600 2436 4601 2437 4602 2438 4601 2438 4601 2437 4602 2439 4603 2438 4604 2439 4605 2440 4605 2440 4605 2439 4605 2441 4604 2440 4606 2441 4607 2442 4607 2442 4607 2441 4607 2443 4606 2442 4608 2443 4609 2444 4610 2444 4610 2443 4609 2445 4611 2444 4612 2445 4613 2446 4614 2446 4614 2445 4613 2447 4615 2446 4616 2447 4617 2448 4618 2448 4618 2447 4617 2449 4617 2448 4619 2449 4620 2450 4621 2450 4621 2449 4620 2451 4622 2450 4623 2451 4624 2452 4625 2452 4625 2451 4624 2453 4626 2452 4627 2453 4628 2454 4629 2454 4629 2453 4628 2455 4630 2454 4631 2455 4631 2456 4631 2456 4631 2455 4631 2457 4631 2456 4632 2457 4633 2458 4634 2458 4634 2457 4633 2459 4635 2458 4636 2459 4637 2460 4638 2460 4638 2459 4637 2461 4637 2460 4639 2461 4640 2462 4641 2462 4641 2461 4640 2463 4640 2462 4642 2463 4643 2464 4644 2464 4644 2463 4643 2465 4645 2464 4646 2465 4647 2466 4648 2466 4648 2465 4647 2467 4649 2466 4650 2467 4651 2468 4652 2468 4652 2467 4651 2469 4653 2468 4654 2469 4655 2470 4656 2470 4656 2469 4655 2471 4657 2470 96 2471 96 2472 96 2472 96 2471 96 2473 96 2472 4658 2473 4659 2474 4660 2474 4660 2473 4659 2475 4661 2474 4662 2475 4663 2476 4664 2476 4664 2475 4663 2477 4665 2476 4666 2477 4667 2478 4668 2478 4668 2477 4667 2479 4669 2478 4670 2479 4671 2480 4672 2480 4672 2479 4671 2481 4673 2480 4674 2481 4675 2482 4676 2482 4676 2481 4675 2483 4675 2482 4677 2483 4678 2484 4679 2484 4679 2483 4678 2485 4680 2484 4681 2485 4682 2486 4683 2486 4683 2485 4682 2487 4684 2486 4685 2487 4686 2488 4687 2488 4687 2487 4686 2489 4688 2488 4689 2489 4690 2490 4691 2490 4691 2489 4690 2491 4692 2490 4693 2491 4694 2492 4693 2492 4693 2491 4694 2493 4695 2492 4696 2493 4697 2494 4698 2494 4698 2493 4697 2495 4699 2494 4700 2495 4701 2496 4702 2496 4702 2495 4701 2497 4703 2496 4704 2497 4705 2498 4706 2498 4706 2497 4705 2499 4707 2498 4708 2499 4709 2500 4710 2500 4710 2499 4709 2501 4711 2500 4712 2501 4713 2502 4714 2502 4714 2501 4713 2503 4715 2502 4716 2503 4717 2504 4718 2504 4718 2503 4717 2505 4719 2504 4720 2505 4721 2506 4722 2506 4722 2505 4721 2507 4723 2506 4724 2507 4725 2508 4726 2508 4726 2507 4725 2509 4727 2508 4728 2509 4729 2510 4730 2510 4730 2509 4729 2511 4731 2510 4732 2511 4733 2512 4734 2512 4734 2511 4733 2513 4735 2512 4736 2513 4737 2514 4738 2514 4738 2513 4737 2515 4739 2514 4740 2515 4741 2516 4742 2516 4742 2515 4741 2517 4743 2516 4744 2517 4745 2518 4746 2518 4746 2517 4745 2519 4747 2518 4748 2519 4749 2520 4750 2520 4750 2519 4749 2521 4751 2520 4752 2521 4753 2522 4754 2522 4754 2521 4753 2523 4755 2522 4756 2523 4757 2524 4758 2524 4758 2523 4757 2525 4759 2524 4760 2525 4761 2526 4760 2526 4760 2525 4761 2527 4762 2526 4763 2527 4764 2528 4763 2528 4763 2527 4764 2529 4765 2528 4766 2529 4767 2530 4767 2530 4767 2529 4767 2531 4766 2530 4768 2531 4769 2532 4770 2532 4770 2531 4769 2533 4771 2532 4772 2533 4773 2534 4774 2534 4774 2533 4773 2535 4775 2534 4776 2535 4777 2536 4778 2536 4778 2535 4777 2537 4779 2536 4780 2537 4781 2400 4782 2400 4782 2537 4781 2401 4783 2395 4784 2393 4785 2538 4786 2538 4786 2393 4785 2539 4787 2538 4788 2539 4789 2540 4790 2540 4790 2539 4789 2541 4791 2540 3067 2541 3066 2542 3065 2542 3065 2541 3066 2543 3064 2542 4792 2543 4793 2544 4794 2544 4794 2543 4793 2545 4795 2544 3059 2545 3059 2546 3059 2546 3059 2545 3059 2547 3059 2546 3058 2547 3057 2548 3056 2548 3056 2547 3057 2549 3055 2548 4796 2549 4797 2550 4798 2550 4798 2549 4797 2551 4799 2550 4800 2551 4801 2552 4802 2552 4802 2551 4801 2553 4803 2552 4804 2553 4805 2554 4806 2554 4806 2553 4805 2555 4807 2554 3042 2555 3041 2556 3040 2556 3040 2555 3041 2557 3039 2556 4808 2557 4809 2558 3035 2558 3035 2557 4809 2559 4810 2558 3031 2559 3032 2560 3033 2560 3033 2559 3032 2561 3034 2560 3028 2561 3029 2562 3030 2562 3030 2561 3029 2563 3029 2562 3026 2563 3027 2564 3026 2564 3026 2563 3027 2565 3025 2564 3021 2565 3022 2566 3023 2566 3023 2565 3022 2567 3024 2566 3018 2567 3019 2568 3018 2568 3018 2567 3019 2569 3020 2568 4811 2569 4812 2570 4813 2570 4813 2569 4812 2571 4814 2570 3011 2571 3012 2572 3013 2572 3013 2571 3012 2573 3014 2572 3010 2573 3009 2574 3008 2574 3008 2573 3009 2575 3007 2574 3005 2575 3006 2576 3005 2576 3005 2575 3006 2577 3004 2576 3000 2577 3001 2578 3002 2578 3002 2577 3001 2579 3003 2578 4815 2579 4816 2580 4817 2580 4817 2579 4816 2581 4817 2580 4818 2581 4819 2582 4820 2582 4820 2581 4819 2583 4821 2582 2988 2583 2989 2584 2990 2584 2990 2583 2989 2585 2991 2584 4822 2585 4823 2586 4824 2586 4824 2585 4823 2587 4825 2586 4826 2587 4827 2588 4828 2588 4828 2587 4827 2589 4829 2588 4830 2589 4831 2590 4832 2590 4832 2589 4831 2591 4833 2590 4834 2591 4835 2592 4836 2592 4836 2591 4835 2593 4837 2592 2969 2593 2970 2594 2971 2594 2971 2593 2970 2595 2972 2594 2965 2595 2966 2596 2967 2596 2967 2595 2966 2597 2968 2596 2961 2597 2962 2598 2963 2598 2963 2597 2962 2599 2964 2598 4838 2599 4839 2600 4840 2600 4840 2599 4839 2601 4841 2600 2953 2601 2954 2602 2955 2602 2955 2601 2954 2603 2956 2602 4842 2603 4843 2604 4844 2604 4844 2603 4843 2605 4845 2604 4846 2605 4847 2606 4848 2606 4848 2605 4847 2607 4849 2606 4850 2607 4851 2608 4852 2608 4852 2607 4851 2609 4853 2608 4854 2609 4855 2610 4856 2610 4856 2609 4855 2611 4857 2610 2934 2611 2935 2612 2936 2612 2936 2611 2935 2613 2937 2612 4858 2613 4859 2614 4860 2614 4860 2613 4859 2615 4861 2614 2926 2615 2927 2616 2928 2616 2928 2615 2927 2617 2929 2616 4862 2617 4863 2618 4864 2618 4864 2617 4863 2619 4865 2618 4866 2619 4867 2620 4868 2620 4868 2619 4867 2621 4869 2620 2917 2621 2916 2622 2915 2622 2915 2621 2916 2623 2914 2622 2913 2623 2912 2624 2911 2624 2911 2623 2912 2625 2910 2624 2906 2625 2907 2626 2908 2626 2908 2625 2907 2627 2909 2626 2902 2627 2903 2628 2904 2628 2904 2627 2903 2629 2905 2628 2899 2629 2900 2630 2899 2630 2899 2629 2900 2631 2901 2630 4870 2631 4871 2632 4872 2632 4872 2631 4871 2633 4873 2632 2894 2633 2893 2634 2892 2634 2892 2633 2893 2635 2891 2634 2888 2635 2889 2636 2890 2636 2890 2635 2889 2637 2889 2636 4874 2637 4875 2638 4876 2638 4876 2637 4875 2639 4877 2638 4878 2639 4879 2640 4880 2640 4880 2639 4879 2641 4881 2640 2879 2641 2878 2642 2877 2642 2877 2641 2878 2643 2876 2642 4882 2643 4883 2644 4884 2644 4884 2643 4883 2645 4885 2644 2868 2645 2869 2646 2870 2646 2870 2645 2869 2647 2871 2646 4886 2647 4887 2648 4888 2648 4888 2647 4887 2649 4889 2648 2863 2649 2863 2650 2863 2650 2863 2649 2863 2651 2863 2650 2862 2651 2861 2652 2860 2652 2860 2651 2861 2653 2859 2652 2855 2653 2856 2654 2857 2654 2857 2653 2856 2655 2858 2654 2854 2655 2853 2656 2852 2656 2852 2655 2853 2657 2851 2656 4890 2657 4891 2658 4892 2658 4892 2657 4891 2659 4893 2658 2843 2659 2844 2398 2845 2398 2845 2659 2844 2396 2846 2660 4894 2661 4895 2662 4896 2662 4896 2661 4895 2663 4897 2662 4898 2663 4899 2664 4900 2664 4900 2663 4899 2665 4901 2664 4548 2665 4549 2666 4550 2666 4550 2665 4549 2667 4551 2666 4552 2667 4553 2668 4553 2668 4553 2667 4553 2669 4552 2668 4902 2669 4903 2670 4903 2670 4903 2669 4903 2671 4902 2670 4904 2671 4905 2672 4906 2672 4906 2671 4905 2673 4907 2672 4908 2673 4909 2674 4909 2674 4909 2673 4909 2675 4908 2674 4910 2675 4911 2676 4912 2676 4912 2675 4911 2677 4913 2676 4567 2677 4568 2678 4569 2678 4569 2677 4568 2679 4570 2678 4914 2679 4915 2680 4916 2680 4916 2679 4915 2681 4917 2680 4575 2681 4576 2682 4577 2682 4577 2681 4576 2683 4578 2682 4579 2683 4580 2684 4581 2684 4581 2683 4580 2685 4582 2684 4583 2685 4584 2686 4584 2686 4584 2685 4584 2687 4583 2686 4585 2687 4585 2688 4585 2688 4585 2687 4585 2689 4585 2688 4918 2689 4919 2690 4918 2690 4918 2689 4919 2691 4920 2690 4921 2691 4922 2692 4923 2692 4923 2691 4922 2693 4924 2692 4925 2693 4926 2694 4927 2694 4927 2693 4926 2695 4928 2694 4929 2695 4930 2696 4931 2696 4931 2695 4930 2697 4932 2696 4933 2697 4934 2698 4935 2698 4935 2697 4934 2699 4934 2698 4604 2699 4605 2700 4605 2700 4605 2699 4605 2701 4604 2700 4936 2701 4937 2702 4937 2702 4937 2701 4937 2703 4936 2702 4608 2703 4609 2704 4610 2704 4610 2703 4609 2705 4611 2704 4938 2705 4939 2706 4940 2706 4940 2705 4939 2707 4941 2706 4616 2707 4617 2708 4618 2708 4618 2707 4617 2709 4617 2708 4942 2709 4943 2710 4944 2710 4944 2709 4943 2711 4945 2710 4946 2711 4947 2712 4948 2712 4948 2711 4947 2713 4949 2712 4627 2713 4628 2714 4629 2714 4629 2713 4628 2715 4630 2714 4631 2715 4631 2716 4631 2716 4631 2715 4631 2717 4631 2716 4632 2717 4633 2718 4634 2718 4634 2717 4633 2719 4635 2718 4950 2719 4951 2720 4952 2720 4952 2719 4951 2721 4951 2720 4639 2721 4640 2722 4641 2722 4641 2721 4640 2723 4640 2722 4642 2723 4643 2724 4644 2724 4644 2723 4643 2725 4645 2724 4953 2725 4954 2726 4955 2726 4955 2725 4954 2727 4956 2726 4957 2727 4958 2728 4959 2728 4959 2727 4958 2729 4958 2728 4654 2729 4655 2730 4656 2730 4656 2729 4655 2731 4657 2730 96 2731 96 2732 96 2732 96 2731 96 2733 96 2732 4658 2733 4659 2734 4660 2734 4660 2733 4659 2735 4661 2734 4960 2735 4961 2736 4962 2736 4962 2735 4961 2737 4961 2736 4963 2737 4964 2738 4965 2738 4965 2737 4964 2739 4966 2738 4670 2739 4671 2740 4672 2740 4672 2739 4671 2741 4673 2740 4674 2741 4675 2742 4676 2742 4676 2741 4675 2743 4675 2742 4967 2743 4968 2744 4969 2744 4969 2743 4968 2745 4970 2744 4681 2745 4682 2746 4683 2746 4683 2745 4682 2747 4684 2746 4685 2747 4686 2748 4687 2748 4687 2747 4686 2749 4688 2748 4689 2749 4690 2750 4691 2750 4691 2749 4690 2751 4692 2750 4971 2751 4972 2752 4973 2752 4973 2751 4972 2753 4974 2752 4975 2753 4976 2754 4977 2754 4977 2753 4976 2755 4978 2754 4700 2755 4701 2756 4702 2756 4702 2755 4701 2757 4703 2756 4979 2757 4980 2758 4981 2758 4981 2757 4980 2759 4982 2758 4708 2759 4709 2760 4710 2760 4710 2759 4709 2761 4711 2760 4983 2761 4984 2762 4985 2762 4985 2761 4984 2763 4986 2762 4716 2763 4717 2764 4718 2764 4718 2763 4717 2765 4719 2764 4987 2765 4988 2766 4989 2766 4989 2765 4988 2767 4990 2766 4991 2767 4992 2768 4993 2768 4993 2767 4992 2769 4994 2768 4995 2769 4996 2770 4997 2770 4997 2769 4996 2771 4998 2770 4999 2771 5000 2772 5001 2772 5001 2771 5000 2773 5002 2772 5003 2773 5004 2774 5005 2774 5005 2773 5004 2775 5006 2774 4740 2775 4741 2776 4742 2776 4742 2775 4741 2777 4743 2776 4744 2777 4745 2778 4746 2778 4746 2777 4745 2779 4747 2778 4748 2779 4749 2780 4750 2780 4750 2779 4749 2781 4751 2780 4752 2781 4753 2782 4754 2782 4754 2781 4753 2783 4755 2782 5007 2783 5008 2784 5009 2784 5009 2783 5008 2785 5010 2784 4760 2785 4761 2786 4760 2786 4760 2785 4761 2787 4762 2786 5011 2787 5012 2788 5013 2788 5013 2787 5012 2789 5014 2788 5015 2789 5016 2790 5016 2790 5016 2789 5016 2791 5015 2790 5017 2791 5018 2792 5019 2792 5019 2791 5018 2793 5020 2792 5021 2793 5022 2794 5023 2794 5023 2793 5022 2795 5024 2794 4776 2795 4777 2796 4778 2796 4778 2795 4777 2797 4779 2796 4780 2797 4781 2660 4782 2660 4782 2797 4781 2661 4783 2392 5025 2394 5026 2798 5027 2798 5027 2394 5026 2799 5028 2798 3080 2799 3081 2800 3082 2800 3082 2799 3081 2801 3083 2800 3084 2801 3085 2802 3086 2802 3086 2801 3085 2803 3087 2802 5029 2803 5030 2804 5031 2804 5031 2803 5030 2805 5032 2804 5033 2805 5034 2806 5035 2806 5035 2805 5034 2807 5036 2806 3096 2807 3097 2808 3098 2808 3098 2807 3097 2809 3099 2808 3103 2809 3102 2810 3101 2810 3101 2809 3102 2811 3100 2810 5037 2811 5038 2812 5039 2812 5039 2811 5038 2813 5038 2812 5040 2813 5041 2814 5042 2814 5042 2813 5041 2815 5043 2814 3112 2815 3113 2816 3114 2816 3114 2815 3113 2817 3115 2816 3119 2817 3118 2818 3117 2818 3117 2817 3118 2819 3116 2818 5044 2819 3122 2820 5045 2820 5045 2819 3122 2821 3122 2820 3125 2821 5046 2822 5047 2822 5047 2821 5046 2823 5048 2822 5049 2823 5050 2824 5051 2824 5051 2823 5050 2825 5052 2824 3135 2825 3134 2826 3133 2826 3133 2825 3134 2827 3132 2826 3138 2827 3136 2828 3137 2828 3137 2827 3136 2829 3136 2828 3142 2829 3141 2830 3140 2830 3140 2829 3141 2831 3139 2830 5053 2831 5054 2832 5055 2832 5055 2831 5054 2833 5055 2832 3147 2833 3148 2834 3148 2834 3148 2833 3148 2835 3147 2834 5056 2835 5057 2836 5058 2836 5058 2835 5057 2837 5059 2836 3156 2837 3155 2838 3154 2838 3154 2837 3155 2839 3153 2838 3160 2839 3159 2840 3158 2840 3158 2839 3159 2841 3157 2840 5060 2841 5061 2842 5062 2842 5062 2841 5061 2843 5063 2842 3168 2843 3167 2844 3166 2844 3166 2843 3167 2845 3165 2844 3169 2845 3170 2846 3171 2846 3171 2845 3170 2847 3172 2846 5064 2847 5065 2848 5066 2848 5066 2847 5065 2849 5067 2848 5068 2849 5069 2850 5070 2850 5070 2849 5069 2851 5071 2850 5072 2851 5073 2852 5072 2852 5072 2851 5073 2853 5074 2852 3188 2853 3187 2854 3186 2854 3186 2853 3187 2855 3185 2854 3189 2855 3189 2856 3189 2856 3189 2855 3189 2857 3189 2856 3193 2857 3192 2858 3191 2858 3191 2857 3192 2859 3190 2858 5075 2859 5076 2860 5077 2860 5077 2859 5076 2861 5078 2860 3198 2861 3198 2862 3198 2862 3198 2861 3198 2863 3198 2862 5079 2863 5080 2864 5081 2864 5081 2863 5080 2865 5082 2864 5083 2865 5084 2866 5083 2866 5083 2865 5084 2867 5085 2866 5086 2867 5087 2868 5088 2868 5088 2867 5087 2869 5089 2868 3213 2869 3212 2870 3211 2870 3211 2869 3212 2871 3210 2870 3214 2871 3215 2872 3216 2872 3216 2871 3215 2873 3217 2872 5090 2873 5091 2874 5092 2874 5092 2873 5091 2875 5093 2874 3225 2875 3224 2876 3223 2876 3223 2875 3224 2877 3222 2876 5094 2877 5095 2878 5096 2878 5096 2877 5095 2879 5097 2878 5098 2879 5099 2880 5100 2880 5100 2879 5099 2881 5101 2880 5102 2881 5103 2882 5104 2882 5104 2881 5103 2883 5105 2882 3238 2883 3239 2884 3240 2884 3240 2883 3239 2885 3241 2884 3243 2885 3244 2886 3243 2886 3243 2885 3244 2887 3242 2886 3248 2887 3247 2888 3246 2888 3246 2887 3247 2889 3245 2888 3251 2889 3249 2890 3250 2890 3250 2889 3249 2891 3249 2890 5106 2891 5107 2892 5108 2892 5108 2891 5107 2893 5109 2892 5110 2893 5111 2894 5112 2894 5112 2893 5111 2895 5113 2894 3263 2895 3262 2896 3261 2896 3261 2895 3262 2897 3260 2896 5114 2897 5115 2898 5116 2898 5116 2897 5115 2899 5117 2898 5118 2899 5119 2900 5120 2900 5120 2899 5119 2901 5121 2900 3272 2901 3273 2902 3274 2902 3274 2901 3273 2903 3275 2902 5122 2903 5123 2904 5124 2904 5124 2903 5123 2905 5125 2904 3283 2905 3282 2906 3281 2906 3281 2905 3282 2907 3280 2906 5126 2907 5127 2908 5128 2908 5128 2907 5127 2909 5129 2908 3288 2909 3288 2910 3288 2910 3288 2909 3288 2911 3288 2910 5130 2911 5131 2912 5132 2912 5132 2911 5131 2913 5133 2912 3296 2913 3295 2914 3294 2914 3294 2913 3295 2915 3293 2914 3297 2915 3298 2916 3299 2916 3299 2915 3298 2917 3300 2916 3301 2917 3302 2918 3303 2918 3303 2917 3302 2919 3304 2918 3308 2919 3307 2397 3306 2397 3306 2919 3307 2399 3305 1925 5134 1923 3381 2663 5135 2663 5135 1923 3381 1983 5136 2663 5135 1983 5136 2665 3381 2665 3381 1983 5136 2667 5137 2667 5137 1983 5136 2669 5138 2669 5138 1983 5136 2671 3381 2671 3381 1983 5136 2673 5139 2673 5139 1983 5136 2675 5140 2675 5140 1983 5136 2677 5141 2677 5141 1983 5136 2679 5142 2679 5142 1983 5136 2681 5143 2681 5143 1983 5136 2683 5144 2683 5144 1983 5136 2685 5145 2685 5145 1983 5136 2687 3381 2687 3381 1983 5136 2689 3381 2689 3381 1983 5136 2691 3381 2691 3381 1983 5136 2693 3381 2693 3381 1983 5136 2695 5146 2695 5146 1983 5136 1981 5147 2695 5146 1981 5147 2697 5148 2697 5148 1981 5147 1979 5149 2697 5148 1979 5149 1977 5150 1977 5150 1975 5151 2697 5148 2697 5148 1975 5151 1973 5152 2697 5148 1973 5152 2699 5153 2699 5153 1973 5152 1971 5154 2699 5153 1971 5154 1969 5155 2699 5153 1969 5155 2907 5156 2907 5156 1969 5155 1967 5157 2907 5156 1967 5157 1965 5158 1965 5158 1963 5159 2907 5156 2907 5156 1963 5159 1961 5160 2907 5156 1961 5160 1959 5161 1959 5161 1957 3381 2907 5156 2907 5156 1957 3381 2399 5162 2907 5156 2399 5162 2909 3381 2909 3381 2399 5162 2911 3381 2911 3381 2399 5162 2913 5163 2913 5163 2399 5162 2915 5164 2915 5164 2399 5162 2917 5165 2917 5165 2399 5162 2919 5166 1957 3381 1955 5167 2399 5162 2399 5162 1955 5167 2305 5168 2399 5162 2305 5168 2303 5169 2103 5170 2313 5171 1955 5167 1955 5167 2313 5171 2311 5172 1955 5167 2311 5172 2309 5173 2101 3381 2321 5174 2103 5170 2103 5170 2321 5174 2319 5175 2103 5170 2319 5175 2317 5176 2101 3381 2099 3381 2321 5174 2321 5174 2099 3381 2097 5177 2321 5174 2097 5177 2095 5178 2095 5178 2093 5179 2321 5174 2321 5174 2093 5179 2091 5180 2321 5174 2091 5180 2089 5181 2089 5181 2087 5182 2321 5174 2321 5174 2087 5182 2085 5183 2321 5174 2085 5183 2083 5184 2083 5184 2081 5185 2321 5174 2321 5174 2081 5185 2079 5186 2321 5174 2079 5186 2077 5187 2077 5187 2074 3381 2321 5174 2321 5174 2074 3381 2073 5188 2321 5174 2073 5188 2322 3381 2322 3381 2073 5188 2325 3381 2325 3381 2073 5188 2327 3381 2327 3381 2073 5188 2329 3381 2329 3381 2073 5188 2331 3381 2331 3381 2073 5188 2333 3381 2333 3381 2073 5188 2335 5189 2335 5189 2073 5188 2071 5190 2335 5189 2071 5190 2069 5191 2069 5191 2067 5192 2335 5189 2335 5189 2067 5192 2337 5193 2337 5193 2067 5192 2065 5194 2337 5193 2065 5194 2063 5195 2063 5195 2061 5196 2337 5193 2337 5193 2061 5196 2339 5197 2339 5197 2061 5196 2059 5198 2339 5197 2059 5198 2057 5199 2339 5197 2057 5199 2341 5200 2341 5200 2057 5199 2055 5201 2341 5200 2055 5201 2053 5202 2341 5200 2053 5202 2343 5203 2343 5203 2053 5202 2051 5204 2343 5203 2051 5204 2049 5205 2343 5203 2049 5205 2345 5206 2345 5206 2049 5205 2047 5207 2345 5206 2047 5207 1952 5208 1952 5208 1951 5209 2345 5206 2345 5206 1951 5209 2347 3381 2347 3381 1951 5209 2349 3381 2349 3381 1951 5209 2351 3381 2351 3381 1951 5209 2353 3381 2353 3381 1951 5209 2355 5210 2355 5210 1951 5209 1949 5211 2355 5210 1949 5211 2394 5212 2394 5212 1949 5211 1947 5213 2394 5212 1947 5213 2767 5214 2767 5214 1947 5213 2769 3381 2769 3381 1947 5213 2771 5215 2771 5215 1947 5213 1945 5216 2771 5215 1945 5216 2773 3381 2773 3381 1945 5216 2775 3381 2775 3381 1945 5216 2777 3381 2777 3381 1945 5216 2779 3381 2779 3381 1945 5216 2781 3381 2781 3381 1945 5216 2783 5217 2783 5217 1945 5216 1943 5218 2783 5217 1943 5218 2785 5219 2785 5219 1943 5218 2787 5220 2787 5220 1943 5218 2789 5221 2789 5221 1943 5218 1941 5222 2789 5221 1941 5222 2791 3381 2791 3381 1941 5222 2793 3381 2793 3381 1941 5222 2795 3381 2795 3381 1941 5222 2797 5223 2797 5223 1941 5222 1939 5224 2797 5223 1939 5224 2661 3381 2661 3381 1939 5224 2663 5135 2663 5135 1939 5224 1937 5225 2663 5135 1937 5225 1935 3381 1935 3381 1933 5226 2663 5135 2663 5135 1933 5226 1931 5227 2663 5135 1931 5227 1929 5228 1929 5228 1927 5229 2663 5135 2663 5135 1927 5229 1925 5134 2161 5230 2261 5231 2017 5232 2017 5232 2261 5231 2259 5233 2017 5232 2259 5233 2257 5234 2159 5235 2398 5236 2161 5230 2161 5230 2398 5236 2269 5237 2161 5230 2269 5237 2267 5238 2157 5239 2638 5240 2159 5235 2159 5235 2638 5240 2640 5241 2159 5235 2640 5241 2642 5242 2155 5243 2634 5244 2157 5239 2157 5239 2634 5244 2636 5245 2157 5239 2636 5245 2638 5240 2153 5246 2630 5247 2155 5243 2155 5243 2630 5247 2632 5248 2155 5243 2632 5248 2634 5244 2630 5247 2153 5246 2628 5249 2628 5249 2153 5246 2151 5250 2628 5249 2151 5250 2626 5251 2626 5251 2151 5250 2149 5252 2626 5251 2149 5252 2147 5253 2626 5251 2147 5253 2624 5254 2624 5254 2147 5253 2145 5255 2624 5254 2145 5255 2622 5256 2622 5256 2145 5255 2143 5257 2622 5256 2143 5257 2141 5258 2622 5256 2141 5258 2620 5259 2620 5259 2141 5258 2139 5260 2620 5259 2139 5260 2437 5261 2437 5261 2139 5260 2439 5262 2439 5262 2139 5260 2137 5263 2439 5262 2137 5263 2135 5264 2135 5264 2132 5265 2439 5262 2439 5262 2132 5265 2441 5266 2441 5266 2132 5265 2443 3381 2443 3381 2132 5265 2445 3381 2445 3381 2132 5265 2447 3381 2447 3381 2132 5265 2449 3381 2449 3381 2132 5265 2451 3381 2451 3381 2132 5265 2453 3381 2453 3381 2132 5265 2455 3381 2455 3381 2132 5265 2457 3381 2457 3381 2132 5265 2459 3381 2459 3381 2132 5265 2461 3381 2461 3381 2132 5265 2463 5267 2463 5267 2132 5265 2465 5268 2465 5268 2132 5265 2467 5269 2467 5269 2132 5265 2469 3381 2469 3381 2132 5265 2471 3381 2471 3381 2132 5265 2131 5270 2471 3381 2131 5270 2473 3381 2473 3381 2131 5270 2475 3381 2475 3381 2131 5270 2477 5271 2477 5271 2131 5270 2479 5272 2479 5272 2131 5270 2395 5273 2479 5272 2395 5273 2481 3381 2481 3381 2395 5273 2483 3381 2483 3381 2395 5273 2485 3381 2485 3381 2395 5273 2487 3381 2487 3381 2395 5273 2489 3381 2489 3381 2395 5273 2491 3381 2491 3381 2395 5273 2493 3381 2493 3381 2395 5273 2495 3381 2495 3381 2395 5273 2497 3381 2497 3381 2395 5273 2499 5274 2499 5274 2395 5273 2501 5275 2501 5275 2395 5273 2503 5276 2503 5276 2395 5273 2505 5277 2505 5277 2395 5273 2507 5278 2507 5278 2395 5273 2538 5279 2507 5278 2538 5279 2509 5280 2509 5280 2538 5279 2511 5281 2511 5281 2538 5279 2540 5282 2511 5281 2540 5282 2513 5283 2513 5283 2540 5282 2515 5284 2515 5284 2540 5282 2542 5285 2515 5284 2542 5285 2517 5286 2517 5286 2542 5285 2519 5287 2519 5287 2542 5285 2544 5288 2519 5287 2544 5288 2521 5289 2521 5289 2544 5288 2523 5290 2523 5290 2544 5288 2546 5291 2523 5290 2546 5291 2525 5292 2525 5292 2546 5291 2527 5293 2527 5293 2546 5291 2529 3381 2529 3381 2546 5291 2548 5294 2529 3381 2548 5294 2531 3381 2531 3381 2548 5294 2533 5295 2533 5295 2548 5294 2535 5296 2535 5296 2548 5294 2537 5297 2537 5297 2548 5294 2550 5298 2537 5297 2550 5298 2401 3381 2401 3381 2550 5298 2403 5299 2403 5299 2550 5298 2566 5300 2403 5299 2566 5300 2568 5301 2131 5270 2129 5302 2395 5273 2395 5273 2129 5302 2127 5303 2395 5273 2127 5303 2125 5304 2125 5304 2123 5305 2395 5273 2395 5273 2123 5305 2121 5306 2395 5273 2121 5306 2119 5307 2119 5307 2117 5308 2395 5273 2395 5273 2117 5308 2115 5309 2395 5273 2115 5309 2113 5310 2113 5310 2111 5311 2395 5273 2395 5273 2111 5311 2109 5312 2395 5273 2109 5312 2107 5313 2107 5313 2105 5314 2395 5273 2395 5273 2105 5314 2014 5315 2395 5273 2014 5315 2013 5316 2013 5316 2011 5317 2395 5273 2395 5273 2011 5317 2391 5318 2395 5273 2391 5318 2389 5319 2011 5317 2009 5320 2391 5318 2391 5318 2009 5320 2007 5321 2391 5318 2007 5321 2005 5322 2005 5322 2003 5323 2391 5318 2391 5318 2003 5323 2001 5324 2391 5318 2001 5324 1999 5325 1999 5325 1997 5326 2391 5318 2391 5318 1997 5326 1995 5327 2391 5318 1995 5327 1993 5328 1993 5328 1991 5329 2391 5318 2391 5318 1991 5329 1989 5330 2391 5318 1989 5330 1987 5331 1987 5331 1985 3381 2391 5318 2391 5318 1985 3381 2045 5332 2391 5318 2045 5332 2253 5333 2253 5333 2045 5332 2043 5334 2253 5333 2043 5334 2041 5335 2041 5335 2039 5336 2253 5333 2253 5333 2039 5336 2037 5337 2253 5333 2037 5337 2035 5338 2035 5338 2033 3381 2253 5333 2253 5333 2033 3381 2031 5339 2253 5333 2031 5339 2029 5340 2029 5340 2027 5341 2253 5333 2253 5333 2027 5341 2025 5342 2253 5333 2025 5342 2023 5343 2023 5343 2021 5344 2253 5333 2253 5333 2021 5344 2019 5345 2253 5333 2019 5345 2017 5232 2317 5176 2315 5346 2103 5170 2103 5170 2315 5346 2313 5171 2309 5173 2307 5347 1955 5167 1955 5167 2307 5347 2305 5168 2303 5169 2301 5348 2399 5162 2399 5162 2301 5348 2299 5349 2399 5162 2299 5349 2297 5350 2297 5350 2295 5351 2399 5162 2399 5162 2295 5351 2293 5352 2399 5162 2293 5352 2291 5353 2291 5353 2289 5354 2399 5162 2399 5162 2289 5354 2287 5355 2399 5162 2287 5355 2398 5236 2398 5236 2287 5355 2285 5356 2398 5236 2285 5356 2283 5357 2283 5357 2281 5358 2398 5236 2398 5236 2281 5358 2279 5359 2398 5236 2279 5359 2277 5360 2277 5360 2275 5361 2398 5236 2398 5236 2275 5361 2273 5362 2398 5236 2273 5362 2271 5363 2271 5363 2269 5237 2398 5236 2267 5238 2265 5364 2161 5230 2161 5230 2265 5364 2263 5365 2161 5230 2263 5365 2261 5231 2257 5234 2255 5366 2017 5232 2017 5232 2255 5366 2253 5333 2389 5319 2387 5367 2395 5273 2395 5273 2387 5367 2385 5368 2395 5273 2385 5368 2383 5369 2383 5369 2381 5370 2395 5273 2395 5273 2381 5370 2379 5371 2395 5273 2379 5371 2377 5372 2377 5372 2375 5373 2395 5273 2395 5273 2375 5373 2373 5374 2395 5273 2373 5374 2371 5375 2371 5375 2369 5376 2395 5273 2395 5273 2369 5376 2367 5377 2395 5273 2367 5377 2365 5378 2365 5378 2363 5379 2395 5273 2395 5273 2363 5379 2361 5380 2395 5273 2361 5380 2359 5381 2359 5381 2357 5382 2395 5273 2395 5273 2357 5382 2394 5212 2394 5212 2357 5382 2355 5210 2435 5383 2616 5384 2437 5261 2437 5261 2616 5384 2618 5385 2437 5261 2618 5385 2620 5259 2616 5384 2435 5383 2614 5386 2614 5386 2435 5383 2433 5387 2614 5386 2433 5387 2612 5388 2612 5388 2433 5387 2431 5389 2612 5388 2431 5389 2429 5390 2612 5388 2429 5390 2610 5391 2610 5391 2429 5390 2427 5392 2610 5391 2427 5392 2425 5393 2425 5393 2423 5394 2610 5391 2610 5391 2423 5394 2608 5395 2608 5395 2423 5394 2421 5396 2608 5395 2421 5396 2419 5397 2608 5395 2419 5397 2606 5398 2606 5398 2419 5397 2417 5399 2606 5398 2417 5399 2415 5400 2606 5398 2415 5400 2604 5401 2604 5401 2415 5400 2413 5402 2604 5401 2413 5402 2411 5403 2604 5401 2411 5403 2602 5404 2602 5404 2411 5403 2409 5405 2602 5404 2409 5405 2600 5406 2600 5406 2409 5405 2407 5407 2600 5406 2407 5407 2405 5408 2600 5406 2405 5408 2598 5409 2598 5409 2405 5408 2403 5299 2598 5409 2403 5299 2596 3381 2596 3381 2403 5299 2594 3381 2594 3381 2403 5299 2592 3381 2592 3381 2403 5299 2590 3381 2590 3381 2403 5299 2588 3381 2588 3381 2403 5299 2586 5410 2586 5410 2403 5299 2584 5411 2584 5411 2403 5299 2582 3381 2582 3381 2403 5299 2580 3381 2580 3381 2403 5299 2578 3381 2578 3381 2403 5299 2576 3381 2576 3381 2403 5299 2574 3381 2574 3381 2403 5299 2572 5412 2572 5412 2403 5299 2570 5413 2570 5413 2403 5299 2568 5301 2767 5214 2765 5414 2394 5212 2394 5212 2765 5414 2763 5415 2394 5212 2763 5415 2799 5416 2799 5416 2763 5415 2761 5417 2799 5416 2761 5417 2801 5418 2801 5418 2761 5417 2759 3381 2801 5418 2759 3381 2757 5419 2801 5418 2757 5419 2803 5420 2803 5420 2757 5419 2755 3381 2803 5420 2755 3381 2753 3381 2753 3381 2751 5421 2803 5420 2803 5420 2751 5421 2805 5422 2805 5422 2751 5421 2749 5423 2805 5422 2749 5423 2747 5424 2805 5422 2747 5424 2807 5425 2807 5425 2747 5424 2745 5426 2807 5425 2745 5426 2743 5427 2743 5427 2741 5428 2807 5425 2807 5425 2741 5428 2739 5429 2807 5425 2739 5429 2809 5430 2809 5430 2739 5429 2737 5431 2809 5430 2737 5431 2735 5432 2735 5432 2733 5433 2809 5430 2809 5430 2733 5433 2811 5434 2811 5434 2733 5433 2827 5435 2811 5434 2827 5435 2825 5436 2731 5437 2859 5438 2733 5433 2733 5433 2859 5438 2857 5439 2733 5433 2857 5439 2855 5440 2729 3381 2907 5156 2731 5437 2731 5437 2907 5156 2891 5441 2731 5437 2891 5441 2889 5442 2729 3381 2727 5443 2907 5156 2907 5156 2727 5443 2725 5444 2907 5156 2725 5444 2723 5445 2723 5445 2721 5446 2907 5156 2907 5156 2721 5446 2719 5447 2907 5156 2719 5447 2717 5448 2717 5448 2715 5449 2907 5156 2907 5156 2715 5449 2713 5450 2907 5156 2713 5450 2711 5451 2711 5451 2709 5452 2907 5156 2907 5156 2709 5452 2707 5453 2907 5156 2707 5453 2705 5454 2705 5454 2703 5455 2907 5156 2907 5156 2703 5455 2701 5456 2907 5156 2701 5456 2699 5153 2905 5166 2903 5457 2907 5156 2907 5156 2903 5457 2901 3381 2907 5156 2901 3381 2899 5458 2899 5458 2897 5459 2907 5156 2907 5156 2897 5459 2895 5460 2907 5156 2895 5460 2893 5461 2893 5461 2891 5441 2907 5156 2889 5442 2887 5462 2731 5437 2731 5437 2887 5462 2885 5463 2731 5437 2885 5463 2883 5464 2883 5464 2881 5465 2731 5437 2731 5437 2881 5465 2879 5466 2731 5437 2879 5466 2877 5467 2877 5467 2875 5468 2731 5437 2731 5437 2875 5468 2873 5469 2731 5437 2873 5469 2871 5470 2871 5470 2869 5471 2731 5437 2731 5437 2869 5471 2867 5472 2731 5437 2867 5472 2865 5473 2865 5473 2863 5474 2731 5437 2731 5437 2863 5474 2861 5475 2731 5437 2861 5475 2859 5438 2855 5440 2853 5476 2733 5433 2733 5433 2853 5476 2851 5477 2733 5433 2851 5477 2849 5478 2849 5478 2847 5479 2733 5433 2733 5433 2847 5479 2845 5480 2733 5433 2845 5480 2843 5481 2843 5481 2841 5482 2733 5433 2733 5433 2841 5482 2839 5483 2733 5433 2839 5483 2837 5484 2837 5484 2835 5485 2733 5433 2733 5433 2835 5485 2833 5486 2733 5433 2833 5486 2831 5487 2831 5487 2829 5488 2733 5433 2733 5433 2829 5488 2827 5435 2825 5436 2823 5489 2811 5434 2811 5434 2823 5489 2821 5490 2811 5434 2821 5490 2819 5491 2819 5491 2817 3381 2811 5434 2811 5434 2817 3381 2815 5492 2811 5434 2815 5492 2813 5493 2552 5166 2554 5494 2550 5298 2550 5298 2554 5494 2556 5495 2550 5298 2556 5495 2558 5496 2558 5496 2560 5497 2550 5298 2550 5298 2560 5497 2562 5498 2550 5298 2562 5498 2564 5499 2564 5499 2566 5300 2550 5298 2159 5235 2642 5242 2398 5236 2398 5236 2642 5242 2644 5500 2398 5236 2644 5500 2646 5501 2646 5501 2648 5502 2398 5236 2398 5236 2648 5502 2650 3639 2398 5236 2650 3639 2652 3381 2652 3381 2654 5503 2398 5236 2398 5236 2654 5503 2656 5504 2398 5236 2656 5504 2658 5505 1980 5506 1982 5507 2662 5508 2662 5508 1982 5507 1922 5509 2662 5508 1922 5509 2660 5510 2660 5510 1922 5509 2796 5511 2796 5511 1922 5509 2794 615 2794 615 1922 5509 2792 615 2792 615 1922 5509 2790 615 2790 615 1922 5509 2788 615 2788 615 1922 5509 2786 615 2786 615 1922 5509 2784 615 2784 615 1922 5509 2782 5512 2782 5512 1922 5509 2780 5513 2780 5513 1922 5509 2778 5514 2778 5514 1922 5509 2776 615 2776 615 1922 5509 2774 5515 2774 5515 1922 5509 2772 5516 2772 5516 1922 5509 2770 615 2770 615 1922 5509 2768 5517 2768 5517 1922 5509 1924 5518 2768 5517 1924 5518 2766 5519 2766 5519 1924 5518 1926 5520 2766 5519 1926 5520 1928 5521 1928 5521 1930 5522 2766 5519 2766 5519 1930 5522 1932 5523 2766 5519 1932 5523 2764 5524 2764 5524 1932 5523 1934 5525 2764 5524 1934 5525 1936 5526 2764 5524 1936 5526 2810 5527 2810 5527 1936 5526 1938 5528 2810 5527 1938 5528 1940 5529 1940 5529 1942 5530 2810 5527 2810 5527 1942 5530 1944 5531 2810 5527 1944 5531 1946 5532 1946 5532 1948 5533 2810 5527 2810 5527 1948 5533 2392 5534 2810 5527 2392 5534 2808 5535 2808 5535 2392 5534 2806 615 2806 615 2392 5534 2804 615 2804 615 2392 5534 2802 5536 2802 5536 2392 5534 2800 5537 2800 5537 2392 5534 2798 615 1948 5533 1950 5538 2392 5534 2392 5534 1950 5538 1953 5539 2392 5534 1953 5539 2393 5540 2393 5540 1953 5539 2012 5541 2393 5540 2012 5541 2015 5542 2012 5541 1953 5539 2010 5543 2010 5543 1953 5539 2046 5544 2010 5543 2046 5544 2048 5545 2010 5543 2048 5545 2008 5546 2008 5546 2048 5545 2050 5547 2008 5546 2050 5547 2006 5548 2006 5548 2050 5547 2052 5549 2006 5548 2052 5549 2004 5550 2004 5550 2052 5549 2054 5551 2004 5550 2054 5551 2002 5552 2002 5552 2054 5551 2056 5553 2002 5552 2056 5553 2000 5554 2000 5554 2056 5553 2058 5555 2000 5554 2058 5555 1998 5556 1998 5556 2058 5555 2060 5557 1998 5556 2060 5557 1996 5558 1996 5558 2060 5557 2062 5559 1996 5558 2062 5559 1994 5560 1994 5560 2062 5559 2064 5561 1994 5560 2064 5561 1992 5562 1992 5562 2064 5561 2066 5563 1992 5562 2066 5563 1990 5564 1990 5564 2066 5563 2068 5565 1990 5564 2068 5565 1988 5566 1988 5566 2068 5565 2070 5567 1988 5566 2070 5567 1986 5568 1986 5568 2070 5567 2072 5569 1986 5568 2072 5569 1984 5570 1984 5570 2072 5569 2209 5571 1984 5570 2209 5571 2207 5572 2075 5573 2231 5574 2072 5569 2072 5569 2231 5574 2229 5575 2072 5569 2229 5575 2227 5576 2076 615 2018 5577 2075 5573 2075 5573 2018 5577 2020 5578 2075 5573 2020 5578 2022 5579 2076 615 2078 5580 2018 5577 2018 5577 2078 5580 2080 5581 2018 5577 2080 5581 2396 5582 2396 5582 2080 5581 2082 5583 2396 5582 2082 5583 2084 5584 2084 5584 2086 5585 2396 5582 2396 5582 2086 5585 2088 5586 2396 5582 2088 5586 2090 5587 2090 5587 2092 5588 2396 5582 2396 5582 2092 5588 2094 5589 2396 5582 2094 5589 2096 5590 2096 5590 2098 5591 2396 5582 2396 5582 2098 5591 2100 5592 2396 5582 2100 5592 2102 5593 2102 5593 1954 5594 2396 5582 2396 5582 1954 5594 1956 5595 2396 5582 1956 5595 2397 5596 2397 5596 1956 5595 2902 5597 2397 5596 2902 5597 2904 5598 1958 5599 2898 5600 1956 5595 1956 5595 2898 5600 2900 5601 1956 5595 2900 5601 2902 5597 1960 5602 2894 5603 1958 5599 1958 5599 2894 5603 2896 5604 1958 5599 2896 5604 2898 5600 1962 5605 2890 5606 1960 5602 1960 5602 2890 5606 2892 5607 1960 5602 2892 5607 2894 5603 2890 5606 1962 5605 2888 5608 2888 5608 1962 5605 1964 5609 2888 5608 1964 5609 2886 5610 2886 5610 1964 5609 1966 5611 2886 5610 1966 5611 2884 5612 2884 5612 1966 5611 2882 5613 2882 5613 1966 5611 2880 5614 2880 5614 1966 5611 2696 5615 2880 5614 2696 5615 2878 5616 2878 5616 2696 5615 2698 5617 2878 5616 2698 5617 2876 5618 2876 5618 2698 5617 2700 5619 2876 5618 2700 5619 2874 5620 2874 5620 2700 5619 2702 5621 2874 5620 2702 5621 2872 5622 2872 5622 2702 5621 2704 5623 2872 5622 2704 5623 2706 5624 1968 5625 2670 5626 1966 5611 1966 5611 2670 5626 2672 5627 1966 5611 2672 5627 2674 5628 1970 5629 2662 5508 1968 5625 1968 5625 2662 5508 2664 5630 1968 5625 2664 5630 2666 5631 1970 5629 1972 5632 2662 5508 2662 5508 1972 5632 1974 5633 2662 5508 1974 5633 1976 5634 1976 5634 1978 5635 2662 5508 2662 5508 1978 5635 1980 5506 2158 615 2160 5636 2396 5582 2396 5582 2160 5636 2016 5637 2396 5582 2016 5637 2018 5577 2022 5579 2024 5638 2075 5573 2075 5573 2024 5638 2026 5639 2075 5573 2026 5639 2028 5640 2030 5641 2169 5642 2028 5640 2028 5640 2169 5642 2167 5643 2028 5640 2167 5643 2165 5644 2032 5645 2177 5646 2030 5641 2030 5641 2177 5646 2175 5647 2030 5641 2175 5647 2173 5648 2034 615 2187 5649 2032 5645 2032 5645 2187 5649 2185 5650 2032 5645 2185 5650 2183 5651 2034 615 2036 5652 2187 5649 2187 5649 2036 5652 2038 5653 2187 5649 2038 5653 2040 5654 2040 5654 2042 5655 2187 5649 2187 5649 2042 5655 2044 5656 2187 5649 2044 5656 1984 5570 2015 5542 2104 5657 2393 5540 2393 5540 2104 5657 2551 5658 2393 5540 2551 5658 2549 5659 2104 5657 2106 5660 2551 5658 2551 5658 2106 5660 2108 5661 2551 5658 2108 5661 2110 5662 2110 5662 2112 5663 2551 5658 2551 5658 2112 5663 2114 5664 2551 5658 2114 5664 2116 5665 2551 5658 2116 5665 2506 5666 2506 5666 2116 5665 2118 5667 2506 5666 2118 5667 2120 5668 2120 5668 2122 5669 2506 5666 2506 5666 2122 5669 2124 5670 2506 5666 2124 5670 2504 5671 2504 5671 2124 5670 2126 5672 2504 5671 2126 5672 2128 5673 2128 5673 2130 5674 2504 5671 2504 5671 2130 5674 2502 615 2502 615 2130 5674 2500 5675 2500 5675 2130 5674 2498 5676 2498 5676 2130 5674 2496 5677 2496 5677 2130 5674 2494 5678 2494 5678 2130 5674 2492 5679 2492 5679 2130 5674 2490 5680 2490 5680 2130 5674 2488 5681 2488 5681 2130 5674 2486 615 2486 615 2130 5674 2484 5682 2484 5682 2130 5674 2482 5683 2482 5683 2130 5674 2480 5684 2480 5684 2130 5674 2478 615 2478 615 2130 5674 2476 615 2476 615 2130 5674 2474 615 2474 615 2130 5674 2472 615 2472 615 2130 5674 2133 615 2472 615 2133 615 2470 615 2470 615 2133 615 2468 615 2468 615 2133 615 2466 615 2466 615 2133 615 2464 615 2464 615 2133 615 2396 5582 2464 615 2396 5582 2462 615 2462 615 2396 5582 2460 615 2460 615 2396 5582 2458 5685 2458 5685 2396 5582 2456 5686 2456 5686 2396 5582 2454 5687 2454 5687 2396 5582 2452 615 2452 615 2396 5582 2450 615 2450 615 2396 5582 2448 615 2448 615 2396 5582 2446 615 2446 615 2396 5582 2444 5688 2444 5688 2396 5582 2442 5689 2442 5689 2396 5582 2440 615 2440 615 2396 5582 2438 5690 2438 5690 2396 5582 2436 5691 2436 5691 2396 5582 2659 5692 2436 5691 2659 5692 2434 5693 2434 5693 2659 5692 2432 5694 2432 5694 2659 5692 2657 5695 2432 5694 2657 5695 2430 5696 2430 5696 2657 5695 2428 5697 2428 5697 2657 5695 2655 5698 2428 5697 2655 5698 2426 5699 2426 5699 2655 5698 2424 5700 2424 5700 2655 5698 2653 5701 2424 5700 2653 5701 2422 5702 2422 5702 2653 5701 2420 5703 2420 5703 2653 5701 2651 5704 2420 5703 2651 5704 2418 5705 2418 5705 2651 5704 2416 5706 2416 5706 2651 5704 2414 615 2414 615 2651 5704 2649 5707 2414 615 2649 5707 2412 5708 2412 5708 2649 5707 2410 5709 2410 5709 2649 5707 2408 5710 2408 5710 2649 5707 2406 5711 2406 5711 2649 5707 2647 5712 2406 5711 2647 5712 2404 5713 2404 5713 2647 5712 2402 5714 2402 5714 2647 5712 2551 5658 2402 5714 2551 5658 2400 615 2400 615 2551 5658 2536 615 2536 615 2551 5658 2534 615 2534 615 2551 5658 2532 615 2532 615 2551 5658 2530 615 2530 615 2551 5658 2528 615 2528 615 2551 5658 2526 5715 2526 5715 2551 5658 2524 5716 2524 5716 2551 5658 2522 5717 2522 5717 2551 5658 2520 5718 2520 5718 2551 5658 2518 5719 2518 5719 2551 5658 2516 5720 2516 5720 2551 5658 2514 615 2514 615 2551 5658 2512 615 2512 615 2551 5658 2510 615 2510 615 2551 5658 2508 615 2508 615 2551 5658 2506 5666 2133 615 2134 5721 2396 5582 2396 5582 2134 5721 2136 5722 2396 5582 2136 5722 2138 5723 2138 5723 2140 5724 2396 5582 2396 5582 2140 5724 2142 5725 2396 5582 2142 5725 2144 5726 2144 5726 2146 5727 2396 5582 2396 5582 2146 5727 2148 5728 2396 5582 2148 5728 2150 5729 2150 5729 2152 5730 2396 5582 2396 5582 2152 5730 2154 5731 2396 5582 2154 5731 2156 5732 2156 5732 2158 615 2396 5582 2207 5572 2205 5733 1984 5570 1984 5570 2205 5733 2203 5734 1984 5570 2203 5734 2201 5735 2201 5735 2199 5736 1984 5570 1984 5570 2199 5736 2197 5737 1984 5570 2197 5737 2195 5738 2195 5738 2193 5739 1984 5570 1984 5570 2193 5739 2191 5740 1984 5570 2191 5740 2189 5741 2189 5741 2187 5649 1984 5570 2183 5651 2181 5742 2032 5645 2032 5645 2181 5742 2179 5743 2032 5645 2179 5743 2177 5646 2173 5648 2171 5744 2030 5641 2030 5641 2171 5744 2169 5642 2165 5644 2163 5745 2028 5640 2028 5640 2163 5745 2251 5746 2028 5640 2251 5746 2249 5747 2249 5747 2247 5748 2028 5640 2028 5640 2247 5748 2245 5749 2028 5640 2245 5749 2075 5573 2075 5573 2245 5749 2243 5750 2075 5573 2243 5750 2241 5751 2241 5751 2239 5752 2075 5573 2075 5573 2239 5752 2237 5753 2075 5573 2237 5753 2235 5754 2235 5754 2233 5755 2075 5573 2075 5573 2233 5755 2231 5574 2227 5576 2225 5756 2072 5569 2072 5569 2225 5756 2223 5757 2072 5569 2223 5757 2221 5758 2221 5758 2219 5759 2072 5569 2072 5569 2219 5759 2217 5760 2072 5569 2217 5760 2215 5761 2215 5761 2213 5762 2072 5569 2072 5569 2213 5762 2211 5763 2072 5569 2211 5763 2209 5571 2666 5631 2668 5764 1968 5625 1968 5625 2668 5764 2670 5626 2674 5628 2676 5765 1966 5611 1966 5611 2676 5765 2678 5766 1966 5611 2678 5766 2680 5767 2680 5767 2682 5768 1966 5611 1966 5611 2682 5768 2684 5769 1966 5611 2684 5769 2686 5770 2686 5770 2688 5771 1966 5611 1966 5611 2688 5771 2690 5772 1966 5611 2690 5772 2692 5773 2692 5773 2694 5774 1966 5611 1966 5611 2694 5774 2696 5615 2872 5622 2706 5624 2870 5775 2870 5775 2706 5624 2708 5776 2870 5775 2708 5776 2710 5777 2870 5775 2710 5777 2868 5778 2868 5778 2710 5777 2712 5779 2868 5778 2712 5779 2714 5780 2868 5778 2714 5780 2866 5781 2866 5781 2714 5780 2716 5782 2866 5781 2716 5782 2718 5783 2866 5781 2718 5783 2864 5784 2864 5784 2718 5783 2720 5785 2864 5784 2720 5785 2722 5786 2864 5784 2722 5786 2862 5787 2862 5787 2722 5786 2724 5788 2862 5787 2724 5788 2726 5789 2862 5787 2726 5789 2860 5790 2860 5790 2726 5789 2728 5791 2860 5790 2728 5791 2730 5792 2860 5790 2730 5792 2858 615 2858 615 2730 5792 2732 5793 2858 615 2732 5793 2856 5794 2856 5794 2732 5793 2854 5795 2854 5795 2732 5793 2852 615 2852 615 2732 5793 2850 615 2850 615 2732 5793 2848 615 2848 615 2732 5793 2846 615 2846 615 2732 5793 2844 615 2844 615 2732 5793 2842 5796 2842 5796 2732 5793 2840 5797 2840 5797 2732 5793 2838 615 2838 615 2732 5793 2836 615 2836 615 2732 5793 2834 615 2834 615 2732 5793 2832 615 2832 615 2732 5793 2830 615 2830 615 2732 5793 2828 5798 2828 5798 2732 5793 2826 5799 2826 5799 2732 5793 2810 5527 2826 5799 2810 5527 2824 615 2824 615 2810 5527 2822 5800 2822 5800 2810 5527 2820 5801 2820 5801 2810 5527 2818 5802 2818 5802 2810 5527 2816 5803 2816 5803 2810 5527 2814 5804 2814 5804 2810 5527 2812 615 2732 5793 2734 5805 2810 5527 2810 5527 2734 5805 2736 5806 2810 5527 2736 5806 2738 5807 2738 5807 2740 615 2810 5527 2810 5527 2740 615 2742 5808 2810 5527 2742 5808 2744 5809 2744 5809 2746 5810 2810 5527 2810 5527 2746 5810 2748 5811 2810 5527 2748 5811 2750 5812 2750 5812 2752 5813 2810 5527 2810 5527 2752 5813 2754 5814 2810 5527 2754 5814 2756 5815 2756 5815 2758 615 2810 5527 2810 5527 2758 615 2760 615 2810 5527 2760 615 2762 615 2762 615 2764 5524 2810 5527 2904 5598 2906 5816 2397 5596 2397 5596 2906 5816 2908 5817 2397 5596 2908 5817 2910 5818 2910 5818 2912 615 2397 5596 2397 5596 2912 615 2914 5819 2397 5596 2914 5819 2916 5820 2916 5820 2918 615 2397 5596 2551 5658 2647 5712 2553 615 2553 615 2647 5712 2645 615 2553 615 2645 615 2555 615 2555 615 2645 615 2643 615 2555 615 2643 615 2557 615 2557 615 2643 615 2641 615 2557 615 2641 615 2559 615 2559 615 2641 615 2639 615 2559 615 2639 615 2561 615 2561 615 2639 615 2637 615 2561 615 2637 615 2563 615 2563 615 2637 615 2635 615 2563 615 2635 615 2565 615 2565 615 2635 615 2633 615 2565 615 2633 615 2567 615 2567 615 2633 615 2631 615 2567 615 2631 615 2569 615 2569 615 2631 615 2629 615 2569 615 2629 615 2571 615 2571 615 2629 615 2627 615 2571 615 2627 615 2573 615 2573 615 2627 615 2625 615 2573 615 2625 615 2575 615 2575 615 2625 615 2623 615 2575 615 2623 615 2577 615 2577 615 2623 615 2621 615 2577 615 2621 615 2579 615 2579 615 2621 615 2619 615 2579 615 2619 615 2581 615 2581 615 2619 615 2617 615 2581 615 2617 615 2583 615 2583 615 2617 615 2615 615 2583 615 2615 615 2585 615 2585 615 2615 615 2613 615 2585 615 2613 615 2587 615 2587 615 2613 615 2611 615 2587 615 2611 615 2589 615 2589 615 2611 615 2609 615 2589 615 2609 615 2591 615 2591 615 2609 615 2607 615 2591 615 2607 615 2593 615 2593 615 2607 615 2605 615 2593 615 2605 615 2595 615 2595 615 2605 615 2603 615 2595 615 2603 615 2597 615 2597 615 2603 615 2601 615 2597 615 2601 615 2599 615 2549 5659 2547 5821 2393 5540 2393 5540 2547 5821 2545 5822 2393 5540 2545 5822 2543 5823 2543 5823 2541 5824 2393 5540 2393 5540 2541 5824 2539 5825 2920 5826 2921 5826 2922 5826 2923 5827 2921 5827 2924 5827 2925 5828 2921 5828 2926 5828 2927 5829 2921 5829 2928 5829 2929 5830 2921 5830 2930 5830 2931 5831 2921 5831 2929 5831 2932 5832 2921 5832 2933 5832 2934 5833 2921 5833 2935 5833 2936 5834 2921 5834 2937 5834 2938 5835 2921 5835 2939 5835 2940 5836 2921 5836 2941 5836 2942 5837 2921 5837 2943 5837 2944 5838 2921 5838 2945 5838 2946 5839 2921 5839 2947 5839 2946 5840 2948 5840 2921 5840 2948 5841 2949 5841 2921 5841 2949 5842 2950 5842 2921 5842 2950 5843 2951 5843 2921 5843 2951 5844 2952 5844 2921 5844 2952 5845 2953 5845 2921 5845 2953 5846 2954 5846 2921 5846 2954 5847 2955 5847 2921 5847 2955 5848 2956 5848 2921 5848 2956 5849 2957 5849 2921 5849 2957 5850 2958 5850 2921 5850 2958 5851 2959 5851 2921 5851 2959 5852 2960 5852 2921 5852 2960 5853 2961 5853 2921 5853 2961 5854 2962 5854 2921 5854 2962 5855 2963 5855 2921 5855 2964 5856 2921 5856 2965 5856 2966 5857 2921 5857 2967 5857 2968 5858 2921 5858 2969 5858 2922 5859 2921 5859 2970 5859 2947 5860 2921 5860 2944 5860 2945 5861 2921 5861 2942 5861 2943 5862 2921 5862 2940 5862 2941 5863 2921 5863 2938 5863 2939 5864 2921 5864 2936 5864 2937 5865 2921 5865 2934 5865 2935 5866 2921 5866 2932 5866 2933 5867 2921 5867 2931 5867 2930 5868 2921 5868 2927 5868 2928 5869 2921 5869 2925 5869 2926 5870 2921 5870 2923 5870 2924 5871 2921 5871 2920 5871 2970 5872 2921 5872 2968 5872 2969 5873 2921 5873 2966 5873 2967 5874 2921 5874 2964 5874 2965 5875 2921 5875 2963 5875 2971 5876 2972 5877 2973 5878 2973 5879 2972 5880 2974 5881 2973 5879 2974 5881 2975 5882 2975 5883 2974 5884 2976 5885 2975 5883 2976 5885 2977 5886 2977 5887 2976 5888 2978 5889 2977 5887 2978 5889 2979 5890 2979 5891 2978 5891 2980 5891 2979 5892 2980 5892 2981 5892 2981 5893 2980 5893 2982 5893 2981 5894 2982 5894 2983 5894 2983 5895 2982 5895 2984 5895 2983 5896 2984 5896 2985 5896 2985 5897 2984 5897 2986 5897 2985 5898 2986 5898 2987 5898 2987 5899 2986 5899 2988 5899 2987 5900 2988 5900 2989 5900 2989 5901 2988 5901 2990 5901 2989 5902 2990 5902 2991 5902 2991 5903 2990 5903 2992 5903 2991 5904 2992 5904 2993 5904 2993 5905 2992 5905 2994 5905 2993 5906 2994 5906 2995 5906 2995 5907 2994 5907 2996 5907 2995 5908 2996 5908 2997 5908 2997 5909 2996 5909 2998 5909 2997 5910 2998 5910 2999 5910 2999 5911 2998 5911 3000 5911 2999 5912 3000 5912 3001 5912 3001 5913 3000 5913 3002 5913 3001 5914 3002 5914 3003 5914 3003 5915 3002 5915 3004 5915 3003 5916 3004 5916 3005 5916 3005 5917 3004 5917 3006 5917 3005 5918 3006 5918 3007 5918 3007 5919 3006 5919 3008 5919 3007 5920 3008 5920 3009 5920 3009 5921 3008 5921 3010 5921 3009 5922 3010 5922 3011 5922 3011 5923 3010 5923 3012 5923 3011 5924 3012 5924 3013 5924 3013 5925 3012 5925 3014 5925 3013 5926 3014 5926 3015 5926 3015 5927 3014 5927 3016 5927 3015 5928 3016 5928 3017 5928 3017 5929 3016 5929 3018 5929 3017 5930 3018 5931 3019 5932 3019 5932 3018 5931 3020 5933 3019 5934 3020 5935 3021 5936 3021 5936 3020 5935 3022 5937 3021 5938 3022 5939 3023 5940 3023 5940 3022 5939 3024 5941 3023 5942 3024 5943 3025 5944 3023 5942 3025 5944 3026 5945 3026 5946 3025 5947 3027 5948 3026 5946 3027 5948 3028 5949 3028 5950 3027 5951 3029 5952 3028 5950 3029 5952 3030 5953 3030 5954 3029 5954 3031 5954 3030 5955 3031 5955 3032 5955 3032 5956 3031 5956 3033 5956 3032 5957 3033 5957 3034 5957 3034 5958 3033 5958 3035 5958 3034 5959 3035 5959 3036 5959 3036 5960 3035 5960 3037 5960 3036 5961 3037 5961 3038 5961 3038 5962 3037 5962 3039 5962 3038 5963 3039 5963 3040 5963 3040 5964 3039 5964 3041 5964 3040 5965 3041 5965 3042 5965 3042 5966 3041 5966 3043 5966 3042 5967 3043 5967 3044 5967 3044 5968 3043 5968 3045 5968 3044 5969 3045 5969 3046 5969 3046 5970 3045 5970 3047 5970 3046 5971 3047 5971 3048 5971 3048 5972 3047 5972 3049 5972 3048 5973 3049 5973 3050 5973 3050 5974 3049 5974 3051 5974 3050 5975 3051 5975 3052 5975 3052 5976 3051 5976 3053 5976 3052 5977 3053 5977 3054 5977 3054 5978 3053 5978 3055 5978 3054 5979 3055 5979 3056 5979 3056 5980 3055 5980 3057 5980 3056 5981 3057 5981 3058 5981 3058 5982 3057 5982 3059 5982 3058 5983 3059 5983 3060 5983 3060 5984 3059 5984 3061 5984 3060 5985 3061 5985 3062 5985 3062 5986 3061 5986 3063 5986 3062 5987 3063 5987 3064 5987 3064 5988 3063 5988 3065 5988 3064 5989 3065 5989 3066 5989 3066 5990 3065 5990 3067 5990 3066 5991 3067 5991 3068 5991 3068 5992 3067 5992 3069 5992 3068 5993 3069 5994 3070 5995 3070 5995 3069 5994 3071 5996 3070 5997 3071 5998 3072 5999 3072 5999 3071 5998 2971 6000 3072 6001 2971 5876 2973 5878 2975 6002 3073 6002 2973 6002 2973 6003 3073 6004 3074 6005 2973 6006 3074 6006 3072 6006 3072 6007 3074 6008 3075 6009 3072 6010 3075 6010 3070 6010 3070 6011 3075 6012 3076 6013 3070 6014 3076 6014 3068 6014 3068 6015 3076 6016 3077 6017 3068 6018 3077 6018 3066 6018 3066 6019 3077 6020 3078 6021 3066 6022 3078 6022 3064 6022 3064 6023 3078 6024 3079 6025 3064 6026 3079 6026 3062 6026 3062 6027 3079 6028 3080 6029 3062 6030 3080 6030 3060 6030 3060 6031 3080 6032 3081 6033 3060 6034 3081 6034 3058 6034 3058 6035 3081 6036 3082 6037 3058 6038 3082 6038 3056 6038 3056 6039 3082 6040 3083 6041 3056 6042 3083 6042 3054 6042 3054 6043 3083 6044 3084 6045 3054 6046 3084 6046 3052 6046 3052 6047 3084 6048 3085 6049 3052 6050 3085 6050 3050 6050 3050 6051 3085 6052 3086 6052 3050 6053 3086 6053 3048 6053 3048 6054 3086 6055 3087 6056 3048 6057 3087 6057 3046 6057 3046 6058 3087 6059 3088 6060 3046 6061 3088 6061 3044 6061 3044 6062 3088 6063 3089 6064 3044 6065 3089 6065 3042 6065 3042 6066 3089 6067 3090 6068 3042 6069 3090 6069 3040 6069 3040 6070 3090 6071 3091 6072 3040 6073 3091 6073 3038 6073 3038 6074 3091 6075 3092 6076 3038 6077 3092 6077 3036 6077 3036 6078 3092 6079 3093 6080 3036 6078 3093 6080 3034 6081 3034 6082 3093 6083 3094 6084 3034 6082 3094 6084 3032 6085 3032 6086 3094 6087 3095 6088 3032 6086 3095 6088 3030 6089 3030 6090 3095 6091 3096 6092 3030 6090 3096 6092 3028 6093 3028 6094 3096 6095 3097 6096 3028 6094 3097 6096 3026 6097 3026 6098 3097 6099 3098 6100 3026 6098 3098 6100 3023 6101 3023 6102 3098 6103 3021 6104 3021 6104 3098 6103 3099 6105 3021 6106 3099 6107 3019 6108 3019 6108 3099 6107 3100 6109 3019 6110 3100 6111 3017 6112 3017 6112 3100 6111 3101 6113 3017 6114 3101 6115 3015 6116 3015 6116 3101 6115 3102 6117 3015 6118 3102 6119 3013 6120 3013 6120 3102 6119 3103 6121 3013 6122 3103 6122 3011 6122 3011 6123 3103 6124 3104 6125 3011 6126 3104 6126 3009 6126 3009 6127 3104 6128 3105 6129 3009 6130 3105 6130 3007 6130 3007 6131 3105 6132 3106 6133 3007 6134 3106 6134 3005 6134 3005 6135 3106 6136 3107 6137 3005 6138 3107 6138 3003 6138 3003 6139 3107 6140 3108 6141 3003 6142 3108 6142 3001 6142 3001 6143 3108 6144 3109 6145 3001 6146 3109 6146 2999 6146 2999 6147 3109 6148 3110 6149 2999 6150 3110 6150 2997 6150 2997 6151 3110 6152 3111 6152 2997 6153 3111 6153 2995 6153 2995 6154 3111 6155 3112 6156 2995 6157 3112 6157 2993 6157 2993 6158 3112 6159 3113 6160 2993 6161 3113 6161 2991 6161 2991 6162 3113 6163 3114 6164 2991 6165 3114 6165 2989 6165 2989 6166 3114 6167 3115 6168 2989 6169 3115 6169 2987 6169 2987 6170 3115 6171 3116 6172 2987 6173 3116 6173 2985 6173 2985 6174 3116 6175 3117 6176 2985 6177 3117 6177 2983 6177 2983 6178 3117 6179 3118 6180 2983 6181 3118 6181 2981 6181 2981 6182 3118 6183 3119 6184 2981 6185 3119 6185 2979 6185 2979 6186 3119 6187 3120 6188 2979 6189 3120 6189 2977 6189 2977 6190 3120 6191 3121 6192 2977 6193 3121 6193 2975 6193 2975 6194 3121 6195 3073 6196 2970 6197 3074 6197 2922 6197 2922 6198 3074 6005 3073 6004 2922 6199 3073 6199 2920 6199 2920 6200 3073 6196 3121 6195 2920 6201 3121 6201 2924 6201 2924 6202 3121 6192 3120 6191 2924 6203 3120 6203 2923 6203 2923 6204 3120 6188 3119 6187 2923 6205 3119 6205 2926 6205 2926 6206 3119 6184 3118 6183 2926 6207 3118 6207 2925 6207 2925 6208 3118 6180 3117 6179 2925 6209 3117 6209 2928 6209 2928 6210 3117 6176 3116 6175 2928 6211 3116 6211 2927 6211 2927 6212 3116 6172 3115 6171 2927 6213 3115 6213 2930 6213 2930 6214 3115 6168 3114 6167 2930 6215 3114 6215 2929 6215 2929 6216 3114 6164 3113 6163 2929 6217 3113 6217 2931 6217 2931 6218 3113 6160 3112 6159 2931 6219 3112 6219 2933 6219 2933 6220 3112 6156 3111 6155 2933 6221 3111 6221 2932 6221 2932 6222 3111 6152 3110 6152 2932 6223 3110 6223 2935 6223 2935 6224 3110 6149 3109 6148 2935 6225 3109 6225 2934 6225 2934 6226 3109 6145 3108 6144 2934 6227 3108 6227 2937 6227 2937 6228 3108 6141 3107 6140 2937 6229 3107 6229 2936 6229 2936 6230 3107 6137 3106 6136 2936 6231 3106 6231 2939 6231 2939 6232 3106 6133 3105 6132 2939 6233 3105 6233 2938 6233 2938 6234 3105 6129 3104 6128 2938 6235 3104 6235 2941 6235 2941 6236 3104 6125 3103 6124 2941 6237 3103 6237 2940 6237 2940 6238 3103 6121 3102 6119 2940 6238 3102 6119 2943 6239 2943 6240 3102 6117 3101 6115 2943 6240 3101 6115 2942 6241 2942 6242 3101 6113 3100 6111 2942 6242 3100 6111 2945 6243 2945 6244 3100 6109 3099 6107 2945 6244 3099 6107 2944 6245 2944 6246 3099 6105 3098 6103 2944 6246 3098 6103 2947 6102 2947 6247 3098 6100 2946 6248 2946 6248 3098 6100 3097 6099 2946 6249 3097 6096 2948 6250 2948 6250 3097 6096 3096 6095 2948 6251 3096 6092 2949 6252 2949 6252 3096 6092 3095 6091 2949 6253 3095 6088 2950 6254 2950 6254 3095 6088 3094 6087 2950 6255 3094 6084 2951 6256 2951 6256 3094 6084 3093 6083 2951 6257 3093 6080 2952 6258 2952 6258 3093 6080 3092 6079 2952 6259 3092 6259 2953 6259 2953 6260 3092 6076 3091 6075 2953 6261 3091 6261 2954 6261 2954 6262 3091 6072 3090 6071 2954 6263 3090 6263 2955 6263 2955 6264 3090 6068 3089 6067 2955 6265 3089 6265 2956 6265 2956 6266 3089 6064 3088 6063 2956 6267 3088 6267 2957 6267 2957 6268 3088 6060 3087 6059 2957 6269 3087 6269 2958 6269 2958 6270 3087 6056 3086 6055 2958 6271 3086 6271 2959 6271 2959 6272 3086 6052 3085 6052 2959 6273 3085 6273 2960 6273 2960 6274 3085 6049 3084 6048 2960 6275 3084 6275 2961 6275 2961 6276 3084 6045 3083 6044 2961 6277 3083 6277 2962 6277 2962 6278 3083 6041 3082 6040 2962 6279 3082 6279 2963 6279 2963 6280 3082 6037 3081 6036 2963 6281 3081 6281 2965 6281 2965 6282 3081 6033 3080 6032 2965 6283 3080 6283 2964 6283 2964 6284 3080 6029 3079 6028 2964 6285 3079 6285 2967 6285 2967 6286 3079 6025 3078 6024 2967 6287 3078 6287 2966 6287 2966 6288 3078 6021 3077 6020 2966 6289 3077 6289 2969 6289 2969 6290 3077 6017 3076 6016 2969 6291 3076 6291 2968 6291 2968 6292 3076 6013 3075 6012 2968 6293 3075 6293 2970 6293 2970 6294 3075 6009 3074 6008 3122 6295 3123 6295 3124 6295 3125 6296 3123 6296 3126 6296 3127 6297 3123 6297 3128 6297 3129 6298 3123 6298 3130 6298 3131 6299 3123 6299 3132 6299 3133 6300 3123 6300 3131 6300 3134 6301 3123 6301 3135 6301 3136 6302 3123 6302 3137 6302 3138 6303 3123 6303 3139 6303 3140 6304 3123 6304 3141 6304 3142 6305 3123 6305 3143 6305 3144 6306 3123 6306 3145 6306 3146 6307 3123 6307 3147 6307 3148 6308 3123 6308 3149 6308 3148 6309 3150 6309 3123 6309 3150 6310 3151 6310 3123 6310 3151 6311 3152 6311 3123 6311 3152 6312 3153 6312 3123 6312 3153 6313 3154 6313 3123 6313 3154 6314 3155 6314 3123 6314 3155 6315 3156 6315 3123 6315 3156 6316 3157 6316 3123 6316 3157 6317 3158 6317 3123 6317 3158 6318 3159 6318 3123 6318 3159 6319 3160 6319 3123 6319 3160 6320 3161 6320 3123 6320 3161 6321 3162 6321 3123 6321 3162 6322 3163 6322 3123 6322 3163 6323 3164 6323 3123 6323 3164 6324 3165 6324 3123 6324 3166 6325 3123 6325 3167 6325 3168 6326 3123 6326 3169 6326 3170 6327 3123 6327 3171 6327 3124 6328 3123 6328 3172 6328 3149 6329 3123 6329 3146 6329 3147 6330 3123 6330 3144 6330 3145 6331 3123 6331 3142 6331 3143 6332 3123 6332 3140 6332 3141 6333 3123 6333 3138 6333 3139 6334 3123 6334 3136 6334 3137 6335 3123 6335 3134 6335 3135 6336 3123 6336 3133 6336 3132 6337 3123 6337 3129 6337 3130 6338 3123 6338 3127 6338 3128 6339 3123 6339 3125 6339 3126 6340 3123 6340 3122 6340 3172 6341 3123 6341 3170 6341 3171 6342 3123 6342 3168 6342 3169 6343 3123 6343 3166 6343 3167 6344 3123 6344 3165 6344 3173 6345 3174 6346 3175 6347 3175 6348 3174 6349 3176 6350 3175 6348 3176 6350 3177 6351 3177 6352 3176 6353 3178 6354 3177 6352 3178 6354 3179 6355 3179 6356 3178 6357 3180 6358 3179 6356 3180 6358 3181 6359 3181 6360 3180 6360 3182 6360 3181 6361 3182 6361 3183 6361 3183 6362 3182 6362 3184 6362 3183 6363 3184 6363 3185 6363 3185 6364 3184 6364 3186 6364 3185 6365 3186 6365 3187 6365 3187 6366 3186 6366 3188 6366 3187 6367 3188 6367 3189 6367 3189 6368 3188 6368 3190 6368 3189 6369 3190 6369 3191 6369 3191 6370 3190 6370 3192 6370 3191 6371 3192 6371 3193 6371 3193 6372 3192 6372 3194 6372 3193 6373 3194 6373 3195 6373 3195 6374 3194 6374 3196 6374 3195 6375 3196 6375 3197 6375 3197 6376 3196 6376 3198 6376 3197 6377 3198 6377 3199 6377 3199 6378 3198 6378 3200 6378 3199 6379 3200 6379 3201 6379 3201 6380 3200 6380 3202 6380 3201 6381 3202 6381 3203 6381 3203 6382 3202 6382 3204 6382 3203 6383 3204 6383 3205 6383 3205 6384 3204 6384 3206 6384 3205 6385 3206 6385 3207 6385 3207 6386 3206 6386 3208 6386 3207 6387 3208 6387 3209 6387 3209 6388 3208 6388 3210 6388 3209 6389 3210 6389 3211 6389 3211 6390 3210 6390 3212 6390 3211 6391 3212 6391 3213 6391 3213 6392 3212 6392 3214 6392 3213 6393 3214 6393 3215 6393 3215 6394 3214 6394 3216 6394 3215 6395 3216 6395 3217 6395 3217 6396 3216 6396 3218 6396 3217 6397 3218 6397 3219 6397 3219 6398 3218 6398 3220 6398 3219 6399 3220 6400 3221 6401 3221 6401 3220 6400 3222 6402 3221 6403 3222 6404 3223 6405 3223 6405 3222 6404 3224 6406 3223 6407 3224 6408 3225 6409 3225 6409 3224 6408 3226 6410 3225 6411 3226 6412 3227 6413 3225 6411 3227 6413 3228 6414 3228 6415 3227 6416 3229 6417 3228 6415 3229 6417 3230 6418 3230 6419 3229 6420 3231 6421 3230 6419 3231 6421 3232 6422 3232 6423 3231 6423 3233 6423 3232 6424 3233 6424 3234 6424 3234 6425 3233 6425 3235 6425 3234 6426 3235 6426 3236 6426 3236 6427 3235 6427 3237 6427 3236 6428 3237 6428 3238 6428 3238 6429 3237 6429 3239 6429 3238 6430 3239 6430 3240 6430 3240 6431 3239 6431 3241 6431 3240 6432 3241 6432 3242 6432 3242 6433 3241 6433 3243 6433 3242 6434 3243 6434 3244 6434 3244 6435 3243 6435 3245 6435 3244 6436 3245 6436 3246 6436 3246 6437 3245 6437 3247 6437 3246 6438 3247 6438 3248 6438 3248 6439 3247 6439 3249 6439 3248 6440 3249 6440 3250 6440 3250 6441 3249 6441 3251 6441 3250 6442 3251 6442 3252 6442 3252 6443 3251 6443 3253 6443 3252 6444 3253 6444 3254 6444 3254 6445 3253 6445 3255 6445 3254 6446 3255 6446 3256 6446 3256 6447 3255 6447 3257 6447 3256 6448 3257 6448 3258 6448 3258 6449 3257 6449 3259 6449 3258 6450 3259 6450 3260 6450 3260 6451 3259 6451 3261 6451 3260 6452 3261 6452 3262 6452 3262 6453 3261 6453 3263 6453 3262 6454 3263 6454 3264 6454 3264 6455 3263 6455 3265 6455 3264 6456 3265 6456 3266 6456 3266 6457 3265 6457 3267 6457 3266 6458 3267 6458 3268 6458 3268 6459 3267 6459 3269 6459 3268 6460 3269 6460 3270 6460 3270 6461 3269 6461 3271 6461 3270 6462 3271 6463 3272 6464 3272 6464 3271 6463 3273 6465 3272 6466 3273 6467 3274 6468 3274 6468 3273 6467 3173 6469 3274 6470 3173 6345 3175 6347 3177 6471 3275 6471 3175 6471 3175 6472 3275 6473 3276 6474 3175 6475 3276 6475 3274 6475 3274 6476 3276 6477 3277 6478 3274 6479 3277 6479 3272 6479 3272 6480 3277 6481 3278 6482 3272 6483 3278 6483 3270 6483 3270 6484 3278 6485 3279 6486 3270 6487 3279 6487 3268 6487 3268 6488 3279 6489 3280 6490 3268 6491 3280 6491 3266 6491 3266 6492 3280 6493 3281 6494 3266 6495 3281 6495 3264 6495 3264 6496 3281 6497 3282 6498 3264 6499 3282 6499 3262 6499 3262 6500 3282 6501 3283 6502 3262 6503 3283 6503 3260 6503 3260 6504 3283 6505 3284 6506 3260 6507 3284 6507 3258 6507 3258 6508 3284 6509 3285 6510 3258 6511 3285 6511 3256 6511 3256 6512 3285 6513 3286 6514 3256 6515 3286 6515 3254 6515 3254 6516 3286 6517 3287 6518 3254 6519 3287 6519 3252 6519 3252 6520 3287 6521 3288 6522 3252 6523 3288 6523 3250 6523 3250 6524 3288 6525 3289 6526 3250 6527 3289 6527 3248 6527 3248 6528 3289 6529 3290 6530 3248 6531 3290 6531 3246 6531 3246 6532 3290 6533 3291 6534 3246 6535 3291 6535 3244 6535 3244 6536 3291 6537 3292 6538 3244 6539 3292 6539 3242 6539 3242 6540 3292 6541 3293 6542 3242 6543 3293 6543 3240 6543 3240 6544 3293 6545 3294 6546 3240 6547 3294 6547 3238 6547 3238 6548 3294 6549 3295 6550 3238 6548 3295 6550 3236 6551 3236 6552 3295 6553 3296 6554 3236 6552 3296 6554 3234 6555 3234 6556 3296 6557 3297 6558 3234 6556 3297 6558 3232 6559 3232 6560 3297 6561 3298 6562 3232 6560 3298 6562 3230 6563 3230 6564 3298 6565 3299 6566 3230 6564 3299 6566 3228 6567 3228 6568 3299 6569 3300 6570 3228 6568 3300 6570 3225 6571 3225 6572 3300 6573 3223 6574 3223 6574 3300 6573 3301 6575 3223 6576 3301 6577 3221 6578 3221 6578 3301 6577 3302 6579 3221 6580 3302 6581 3219 6582 3219 6582 3302 6581 3303 6583 3219 6584 3303 6585 3217 6586 3217 6586 3303 6585 3304 6587 3217 6588 3304 6589 3215 6590 3215 6590 3304 6589 3305 6591 3215 6592 3305 6592 3213 6592 3213 6593 3305 6594 3306 6595 3213 6596 3306 6596 3211 6596 3211 6597 3306 6598 3307 6599 3211 6600 3307 6600 3209 6600 3209 6601 3307 6602 3308 6603 3209 6604 3308 6604 3207 6604 3207 6605 3308 6606 3309 6607 3207 6608 3309 6608 3205 6608 3205 6609 3309 6610 3310 6611 3205 6612 3310 6612 3203 6612 3203 6613 3310 6614 3311 6615 3203 6616 3311 6616 3201 6616 3201 6617 3311 6618 3312 6619 3201 6620 3312 6620 3199 6620 3199 6621 3312 6622 3313 6623 3199 6624 3313 6624 3197 6624 3197 6625 3313 6626 3314 6627 3197 6628 3314 6628 3195 6628 3195 6629 3314 6630 3315 6631 3195 6632 3315 6632 3193 6632 3193 6633 3315 6634 3316 6635 3193 6636 3316 6636 3191 6636 3191 6637 3316 6638 3317 6639 3191 6640 3317 6640 3189 6640 3189 6641 3317 6642 3318 6643 3189 6644 3318 6644 3187 6644 3187 6645 3318 6646 3319 6647 3187 6648 3319 6648 3185 6648 3185 6649 3319 6650 3320 6651 3185 6652 3320 6652 3183 6652 3183 6653 3320 6654 3321 6655 3183 6656 3321 6656 3181 6656 3181 6657 3321 6658 3322 6659 3181 6660 3322 6660 3179 6660 3179 6661 3322 6662 3323 6663 3179 6664 3323 6664 3177 6664 3177 6665 3323 6666 3275 6667 3172 6668 3276 6668 3124 6668 3124 6669 3276 6474 3275 6473 3124 6670 3275 6670 3122 6670 3122 6671 3275 6667 3323 6666 3122 6672 3323 6672 3126 6672 3126 6673 3323 6663 3322 6662 3126 6674 3322 6674 3125 6674 3125 6675 3322 6659 3321 6658 3125 6676 3321 6676 3128 6676 3128 6677 3321 6655 3320 6654 3128 6678 3320 6678 3127 6678 3127 6679 3320 6651 3319 6650 3127 6680 3319 6680 3130 6680 3130 6681 3319 6647 3318 6646 3130 6682 3318 6682 3129 6682 3129 6683 3318 6643 3317 6642 3129 6684 3317 6684 3132 6684 3132 6685 3317 6639 3316 6638 3132 6686 3316 6686 3131 6686 3131 6687 3316 6635 3315 6634 3131 6688 3315 6688 3133 6688 3133 6689 3315 6631 3314 6630 3133 6690 3314 6690 3135 6690 3135 6691 3314 6627 3313 6626 3135 6692 3313 6692 3134 6692 3134 6693 3313 6623 3312 6622 3134 6694 3312 6694 3137 6694 3137 6695 3312 6619 3311 6618 3137 6696 3311 6696 3136 6696 3136 6697 3311 6615 3310 6614 3136 6698 3310 6698 3139 6698 3139 6699 3310 6611 3309 6610 3139 6700 3309 6700 3138 6700 3138 6701 3309 6607 3308 6606 3138 6702 3308 6702 3141 6702 3141 6703 3308 6603 3307 6602 3141 6704 3307 6704 3140 6704 3140 6705 3307 6599 3306 6598 3140 6706 3306 6706 3143 6706 3143 6707 3306 6595 3305 6594 3143 6708 3305 6708 3142 6708 3142 6709 3305 6591 3304 6589 3142 6709 3304 6589 3145 6710 3145 6711 3304 6587 3303 6585 3145 6711 3303 6585 3144 6712 3144 6713 3303 6583 3302 6581 3144 6713 3302 6581 3147 6714 3147 6715 3302 6579 3301 6577 3147 6715 3301 6577 3146 6716 3146 6717 3301 6575 3300 6573 3146 6717 3300 6573 3149 6718 3149 6719 3300 6570 3148 6720 3148 6720 3300 6570 3299 6569 3148 6721 3299 6566 3150 6722 3150 6722 3299 6566 3298 6565 3150 6723 3298 6562 3151 6724 3151 6724 3298 6562 3297 6561 3151 6725 3297 6558 3152 6726 3152 6726 3297 6558 3296 6557 3152 6727 3296 6554 3153 6728 3153 6728 3296 6554 3295 6553 3153 6729 3295 6550 3154 6730 3154 6730 3295 6550 3294 6549 3154 6731 3294 6731 3155 6731 3155 6732 3294 6546 3293 6545 3155 6733 3293 6733 3156 6733 3156 6734 3293 6542 3292 6541 3156 6735 3292 6735 3157 6735 3157 6736 3292 6538 3291 6537 3157 6737 3291 6737 3158 6737 3158 6738 3291 6534 3290 6533 3158 6739 3290 6739 3159 6739 3159 6740 3290 6530 3289 6529 3159 6741 3289 6741 3160 6741 3160 6742 3289 6526 3288 6525 3160 6743 3288 6743 3161 6743 3161 6744 3288 6522 3287 6521 3161 6745 3287 6745 3162 6745 3162 6746 3287 6518 3286 6517 3162 6747 3286 6747 3163 6747 3163 6748 3286 6514 3285 6513 3163 6749 3285 6749 3164 6749 3164 6750 3285 6510 3284 6509 3164 6751 3284 6751 3165 6751 3165 6752 3284 6506 3283 6505 3165 6753 3283 6753 3167 6753 3167 6754 3283 6502 3282 6501 3167 6755 3282 6755 3166 6755 3166 6756 3282 6498 3281 6497 3166 6757 3281 6757 3169 6757 3169 6758 3281 6494 3280 6493 3169 6759 3280 6759 3168 6759 3168 6760 3280 6490 3279 6489 3168 6761 3279 6761 3171 6761 3171 6762 3279 6486 3278 6485 3171 6763 3278 6763 3170 6763 3170 6764 3278 6482 3277 6481 3170 6765 3277 6765 3172 6765 3172 6766 3277 6478 3276 6477 3173 6767 3324 6768 3174 6769 3174 6769 3324 6768 3325 6770 3174 6769 3325 6770 3176 6771 3176 6771 3325 6770 3326 6772 3176 6771 3326 6772 3178 6773 3178 6773 3326 6772 3327 6774 3178 6773 3327 6774 3180 6775 3180 6775 3327 6774 3328 6776 3180 6775 3328 6776 3182 6777 3182 6777 3328 6776 3329 615 3182 6777 3329 615 3330 6778 3324 6768 3173 6767 3331 6779 3331 6779 3173 6767 3273 6780 3331 6779 3273 6780 3332 6781 3332 6781 3273 6780 3271 615 3332 6781 3271 615 3333 615 3333 615 3271 615 3269 6782 3333 615 3269 6782 3334 615 3334 615 3269 6782 3335 6783 3335 6783 3269 6782 3267 6784 3335 6783 3267 6784 3336 6785 3336 6785 3267 6784 3265 6786 3336 6785 3265 6786 3337 6787 3337 6787 3265 6786 3263 6788 3337 6787 3263 6788 3338 615 3338 615 3263 6788 3339 6789 3339 6789 3263 6788 3340 6790 3339 6789 3340 6790 3341 6791 3341 6791 3340 6790 3342 615 3342 615 3340 6790 3343 6792 3343 6792 3340 6790 3344 6793 3344 6793 3340 6790 3345 6794 3263 6788 3261 6795 3340 6790 3340 6790 3261 6795 3259 6796 3340 6790 3259 6796 3257 6797 3257 6797 3255 6798 3340 6790 3340 6790 3255 6798 3253 6799 3340 6790 3253 6799 3251 6800 3340 6790 3251 6800 3346 6801 3346 6801 3251 6800 3249 6802 3346 6801 3249 6802 3247 6803 3247 6803 3245 6804 3346 6801 3346 6801 3245 6804 3243 6805 3346 6801 3243 6805 3241 6806 3241 6806 3239 6807 3346 6801 3346 6801 3239 6807 3347 6808 3346 6801 3347 6808 3348 6809 3237 6810 3349 6811 3239 6807 3239 6807 3349 6811 3350 6812 3239 6807 3350 6812 3347 6808 3349 6811 3237 6810 3351 6813 3351 6813 3237 6810 3235 6814 3351 6813 3235 6814 3352 6815 3352 6815 3235 6814 3233 6816 3352 6815 3233 6816 3353 6817 3353 6817 3233 6816 3354 6818 3354 6818 3233 6816 3231 6819 3354 6818 3231 6819 3355 6820 3355 6820 3231 6819 3229 6821 3355 6820 3229 6821 3356 6822 3356 6822 3229 6821 3227 6823 3356 6822 3227 6823 3357 6824 3357 6824 3227 6823 3226 6825 3357 6824 3226 6825 3358 6826 3358 6826 3226 6825 3224 6827 3358 6826 3224 6827 3359 6828 3359 6828 3224 6827 3222 6829 3359 6828 3222 6829 3360 6830 3360 6830 3222 6829 3220 615 3360 6830 3220 615 3361 615 3361 615 3220 615 3218 6831 3361 615 3218 6831 3362 615 3362 615 3218 6831 3363 6832 3363 6832 3218 6831 3216 6833 3363 6832 3216 6833 3364 6834 3364 6834 3216 6833 3214 6835 3364 6834 3214 6835 3365 6836 3365 6836 3214 6835 3212 6837 3365 6836 3212 6837 3366 615 3366 615 3212 6837 3367 6838 3367 6838 3212 6837 3368 6839 3367 6838 3368 6839 3369 6840 3369 6840 3368 6839 3370 615 3370 615 3368 6839 3371 6841 3371 6841 3368 6839 3372 6842 3372 6842 3368 6839 3373 6843 3212 6837 3210 6844 3368 6839 3368 6839 3210 6844 3208 6845 3368 6839 3208 6845 3206 6846 3206 6846 3204 6847 3368 6839 3368 6839 3204 6847 3202 6848 3368 6839 3202 6848 3200 6849 3368 6839 3200 6849 3374 6850 3374 6850 3200 6849 3198 6851 3374 6850 3198 6851 3196 6852 3196 6852 3194 6853 3374 6850 3374 6850 3194 6853 3192 6854 3374 6850 3192 6854 3190 6855 3190 6855 3188 6856 3374 6850 3374 6850 3188 6856 3375 6857 3374 6850 3375 6857 3376 6858 3186 6859 3377 6860 3188 6856 3188 6856 3377 6860 3378 6861 3188 6856 3378 6861 3375 6857 3377 6860 3186 6859 3379 6862 3379 6862 3186 6859 3184 6863 3379 6862 3184 6863 3330 6778 3330 6778 3184 6863 3182 6777 3376 6858 3380 6864 3374 6850 3374 6850 3380 6864 3381 6865 3374 6850 3381 6865 3382 6866 3382 6866 3383 6867 3374 6850 3348 6809 3384 6868 3346 6801 3346 6801 3384 6868 3385 6869 3346 6801 3385 6869 3386 6870 3386 6870 3387 6871 3346 6801 3388 199 3389 199 3374 199 3374 199 3389 199 3368 199 3390 6872 3391 6873 3389 6874 3389 6874 3391 6873 3392 6875 3389 6874 3392 6875 3393 6876 3393 6877 3392 6878 3394 6879 3393 6877 3394 6879 3395 6880 3395 6881 3394 6881 3396 6882 3395 6881 3396 6882 3397 6883 3397 6884 3396 6885 3398 6886 3397 6884 3398 6886 3399 6887 3399 6888 3398 6889 3400 6890 3399 6888 3400 6890 3401 6891 3401 6892 3400 6893 3402 6894 3401 6892 3402 6894 3367 6895 3367 6896 3402 6897 3366 6898 3366 6898 3402 6897 3403 6897 3366 6899 3403 6900 3365 6899 3365 6899 3403 6900 3404 6901 3365 6902 3404 6903 3364 6904 3364 6904 3404 6903 3405 6905 3364 6906 3405 6907 3363 6908 3363 6908 3405 6907 3406 6909 3363 6910 3406 6911 3362 6912 3362 6912 3406 6911 3407 6913 3362 6914 3407 6915 3361 6916 3361 6916 3407 6915 3408 6917 3361 6918 3408 6919 3360 6920 3360 6920 3408 6919 3409 6919 3360 6921 3409 6922 3359 6923 3359 6923 3409 6922 3410 6924 3359 6925 3410 6926 3358 6927 3358 6927 3410 6926 3411 6928 3358 49 3411 49 3357 49 3357 49 3411 49 3412 49 3357 6929 3412 6930 3356 6931 3356 6931 3412 6930 3413 6932 3356 6933 3413 6934 3355 6935 3355 6935 3413 6934 3414 6936 3355 6937 3414 6938 3354 6939 3354 6939 3414 6938 3415 6938 3354 6940 3415 6941 3353 6942 3353 6942 3415 6941 3416 6943 3353 6944 3416 6945 3352 6946 3352 6946 3416 6945 3417 6947 3352 6948 3417 6949 3351 6950 3351 6950 3417 6949 3418 6951 3351 6952 3418 6953 3349 6954 3349 6954 3418 6953 3419 6955 3349 6956 3419 6957 3350 6956 3350 6956 3419 6957 3420 6958 3350 6959 3420 6960 3347 6961 3347 6961 3420 6960 3421 6960 3347 6962 3421 6963 3348 6964 3348 6964 3421 6963 3422 6965 3348 6966 3422 6967 3384 6968 3384 6968 3422 6967 3423 6969 3384 6970 3423 6971 3385 6972 3385 6972 3423 6971 3424 6973 3385 6974 3424 6975 3386 6976 3386 6976 3424 6975 3425 6975 3386 6977 3425 6978 3387 6979 3387 6979 3425 6978 3426 6980 3387 6981 3426 6982 3346 6983 3346 6983 3426 6982 3427 6984 3346 6983 3427 6984 3428 6985 3428 6986 3427 6987 3429 6988 3428 6986 3429 6988 3430 6989 3430 6990 3429 6990 3431 6991 3430 6990 3431 6991 3432 6992 3432 6993 3431 6994 3433 6995 3432 6993 3433 6995 3434 6973 3434 6996 3433 6997 3435 6998 3434 6996 3435 6998 3436 6999 3436 7000 3435 7001 3437 7002 3436 7000 3437 7002 3438 6964 3438 7003 3437 7004 3439 7005 3439 7005 3437 7004 3440 7004 3439 6956 3440 7006 3441 6956 3441 6956 3440 7006 3442 7007 3441 7008 3442 7009 3443 7010 3443 7010 3442 7009 3444 7011 3443 7012 3444 6951 3445 7013 3445 7013 3444 6951 3446 6949 3445 7014 3446 6947 3447 7015 3447 7015 3446 6947 3448 7016 3447 6940 3448 7017 3449 6942 3449 6942 3448 7017 3450 7018 3449 6937 3450 6938 3451 6939 3451 6939 3450 6938 3452 6938 3451 7019 3452 6936 3453 7020 3453 7020 3452 6936 3454 7021 3453 7022 3454 6932 3455 7023 3455 7023 3454 6932 3456 6930 3455 49 3456 49 3457 49 3457 49 3456 49 3458 49 3457 7024 3458 7025 3459 7026 3459 7026 3458 7025 3460 6926 3459 7027 3460 6924 3461 7028 3461 7028 3460 6924 3462 7029 3461 6918 3462 6919 3463 6920 3463 6920 3462 6919 3464 6919 3463 6914 3464 7030 3465 6916 3465 6916 3464 7030 3466 7031 3465 7032 3466 7033 3467 7034 3467 7034 3466 7033 3468 7035 3467 7036 3468 7037 3469 7038 3469 7038 3468 7037 3470 6907 3469 7039 3470 7040 3471 7041 3471 7041 3470 7040 3472 7042 3471 6899 3472 7043 3473 6899 3473 6899 3472 7043 3474 7044 3473 7045 3474 7046 3475 7047 3475 7047 3474 7046 3476 7046 3475 7048 3476 7049 3477 6895 3477 6895 3476 7049 3478 7050 3477 7051 3478 7052 3479 7053 3479 7053 3478 7052 3480 7054 3479 7055 3480 7056 3481 7057 3481 7057 3480 7056 3482 6887 3481 7058 3482 7059 3483 7060 3483 7060 3482 7059 3484 7059 3483 7061 3484 7062 3390 7063 3390 7063 3484 7062 3391 7064 3438 6964 3485 6962 3436 7000 3436 6999 3485 7065 3486 6996 3436 6999 3486 6996 3434 6996 3434 6973 3486 6972 3487 6973 3434 6973 3487 6973 3432 6993 3432 6992 3487 7066 3488 7067 3432 6992 3488 7067 3430 6990 3430 6989 3488 6988 3489 7068 3430 6989 3489 7068 3428 6986 3428 6985 3489 7069 3346 6983 3485 7065 3490 7070 3486 6996 3486 6972 3490 7071 3491 6972 3486 6972 3491 6972 3487 6973 3487 7066 3491 7072 3492 7073 3487 7066 3492 7073 3488 7067 3488 6988 3492 6989 3493 6986 3488 6988 3493 6986 3489 7068 3489 7069 3493 7074 3494 7075 3489 7069 3494 7075 3346 6983 3490 7071 3495 6973 3491 6972 3491 7072 3495 7076 3496 7072 3491 7072 3496 7072 3492 7073 3492 6989 3496 6979 3497 7077 3492 6989 3497 7077 3493 6986 3493 7074 3497 7078 3494 7075 3495 7076 3498 7079 3496 7072 3496 6979 3498 7080 3499 7081 3496 6979 3499 7081 3497 7077 3497 7078 3499 6982 3494 7075 3498 7080 3500 7082 3499 7081 3499 6982 3500 6981 3494 7075 3367 6895 3369 7048 3401 6892 3401 6891 3369 7083 3501 6888 3401 6891 3501 6888 3399 6888 3399 6887 3501 7057 3502 6887 3399 6887 3502 6887 3397 6884 3397 6883 3502 7084 3503 7085 3397 6883 3503 7085 3395 6881 3395 6880 3503 6879 3504 7086 3395 6880 3504 7086 3393 6877 3393 6876 3504 7087 3389 6874 3369 7083 3370 7088 3501 6888 3501 7057 3370 7089 3505 7057 3501 7057 3505 7057 3502 6887 3502 7084 3505 7090 3506 7091 3502 7084 3506 7091 3503 7085 3503 6879 3506 6880 3507 6877 3503 6879 3507 6877 3504 7086 3504 7087 3507 7092 3368 7093 3504 7087 3368 7093 3389 6874 3370 7089 3371 6887 3505 7057 3505 7090 3371 7094 3508 7090 3505 7090 3508 7090 3506 7091 3506 6880 3508 7063 3509 7095 3506 6880 3509 7095 3507 6877 3507 7092 3509 7096 3368 7093 3371 7094 3372 7097 3508 7090 3508 7063 3372 7098 3510 7099 3508 7063 3510 7099 3509 7095 3509 7096 3510 6873 3368 7093 3372 7098 3373 7100 3510 7099 3510 6873 3373 6872 3368 7093 3392 6878 3391 7064 3511 7101 3511 7101 3391 7064 3484 7062 3511 7060 3484 7059 3512 7102 3512 7102 3484 7059 3482 7059 3512 7103 3482 6887 3513 7103 3513 7103 3482 6887 3480 7056 3513 7104 3480 7054 3514 7105 3514 7105 3480 7054 3478 7052 3514 7106 3478 7050 3515 7107 3515 7107 3478 7050 3476 7049 3515 7045 3476 7046 3516 7045 3516 7045 3476 7046 3474 7046 3516 7108 3474 7044 3517 7108 3517 7108 3474 7044 3472 7043 3517 7109 3472 7042 3518 7109 3518 7109 3472 7042 3470 7040 3518 7110 3470 6907 3519 7111 3519 7111 3470 6907 3468 7037 3519 7112 3468 7035 3520 7113 3520 7113 3468 7035 3466 7033 3520 7114 3466 7031 3521 7115 3521 7115 3466 7031 3464 7030 3521 7116 3464 6919 3522 7117 3522 7117 3464 6919 3462 6919 3522 7118 3462 7029 3523 7119 3523 7119 3462 7029 3460 6924 3523 7120 3460 6926 3524 7121 3524 7121 3460 6926 3458 7025 3524 49 3458 49 3525 49 3525 49 3458 49 3456 49 3525 7122 3456 6930 3526 7123 3526 7123 3456 6930 3454 6932 3526 7124 3454 7021 3527 7124 3527 7124 3454 7021 3452 6936 3527 7125 3452 6938 3528 7126 3528 7126 3452 6938 3450 6938 3528 7127 3450 7018 3529 7128 3529 7128 3450 7018 3448 7017 3529 7129 3448 7016 3530 7130 3530 7130 3448 7016 3446 6947 3530 7131 3446 6949 3531 7132 3531 7132 3446 6949 3444 6951 3531 7133 3444 7011 3532 7133 3532 7133 3444 7011 3442 7009 3532 6958 3442 7007 3533 6958 3533 6958 3442 7007 3440 7006 3533 7134 3440 7004 3534 7134 3534 7134 3440 7004 3437 7004 3534 7135 3437 7002 3435 7001 3392 6878 3511 7101 3394 6879 3394 6881 3511 7060 3535 6882 3394 6881 3535 6882 3396 6882 3396 6885 3535 6884 3536 7136 3396 6885 3536 7136 3398 6886 3398 6889 3536 7137 3537 7105 3398 6889 3537 7105 3400 6890 3400 6893 3537 7138 3538 7139 3400 6893 3538 7139 3402 6894 3402 6897 3538 6898 3403 6897 3535 6882 3511 7060 3512 7102 3535 6884 3512 7103 3539 7136 3539 7136 3512 7103 3513 7103 3539 7052 3513 7104 3540 7140 3540 7140 3513 7104 3514 7105 3540 7138 3514 7106 3541 7138 3541 7138 3514 7106 3515 7107 3541 7141 3515 7045 3542 7142 3542 7142 3515 7045 3516 7045 3542 6901 3516 7108 3543 7143 3543 7143 3516 7108 3517 7108 3543 7144 3517 7109 3544 7144 3544 7144 3517 7109 3518 7109 3544 7145 3518 7110 3545 7146 3545 7146 3518 7110 3519 7111 3545 7147 3519 7112 3546 7147 3546 7147 3519 7112 3520 7113 3546 7148 3520 7114 3547 7149 3547 7149 3520 7114 3521 7115 3547 7150 3521 7116 3548 7151 3548 7151 3521 7116 3522 7117 3548 7152 3522 7118 3549 7153 3549 7153 3522 7118 3523 7119 3549 7154 3523 7120 3550 7155 3550 7155 3523 7120 3524 7121 3550 49 3524 49 3551 49 3551 49 3524 49 3525 49 3551 7156 3525 7122 3552 7157 3552 7157 3525 7122 3526 7123 3552 7158 3526 7124 3553 7159 3553 7159 3526 7124 3527 7124 3553 7160 3527 7125 3554 7161 3554 7161 3527 7125 3528 7126 3554 7162 3528 7127 3555 7163 3555 7163 3528 7127 3529 7128 3555 7164 3529 7129 3556 7164 3556 7164 3529 7129 3530 7130 3556 7165 3530 7131 3557 7165 3557 7165 3530 7131 3531 7132 3557 7166 3531 7133 3558 7166 3558 7166 3531 7133 3532 7133 3558 7167 3532 6958 3559 7007 3559 7007 3532 6958 3533 6958 3559 7168 3533 7134 3560 7169 3560 7169 3533 7134 3534 7134 3560 7170 3534 7135 3561 7170 3561 7170 3534 7135 3435 7001 3561 7171 3435 6998 3433 6997 3535 6884 3539 7136 3536 7136 3536 7137 3539 7052 3562 7172 3536 7137 3562 7172 3537 7105 3537 7138 3562 7138 3563 7138 3537 7138 3563 7138 3538 7139 3538 6898 3563 7141 3564 6898 3538 6898 3564 6898 3403 6897 3403 6900 3564 7044 3404 6901 3562 7172 3539 7052 3540 7140 3562 7138 3540 7138 3565 7138 3565 7138 3540 7138 3541 7138 3565 7141 3541 7141 3566 7142 3566 7142 3541 7141 3542 7142 3566 6901 3542 6901 3567 7173 3567 7173 3542 6901 3543 7143 3567 7174 3543 7144 3568 7174 3568 7174 3543 7144 3544 7144 3568 7145 3544 7145 3569 7145 3569 7145 3544 7145 3545 7146 3569 7147 3545 7147 3570 7147 3570 7147 3545 7147 3546 7147 3570 7148 3546 7148 3571 7175 3571 7175 3546 7148 3547 7149 3571 7116 3547 7150 3572 7151 3572 7151 3547 7150 3548 7151 3572 7176 3548 7152 3573 7153 3573 7153 3548 7152 3549 7153 3573 7177 3549 7154 3574 7155 3574 7155 3549 7154 3550 7155 3574 49 3550 49 3575 49 3575 49 3550 49 3551 49 3575 7156 3551 7156 3576 7157 3576 7157 3551 7156 3552 7157 3576 7178 3552 7158 3577 7179 3577 7179 3552 7158 3553 7159 3577 7160 3553 7160 3578 7180 3578 7180 3553 7160 3554 7161 3578 7181 3554 7162 3579 7163 3579 7163 3554 7162 3555 7163 3579 7164 3555 7164 3580 7164 3580 7164 3555 7164 3556 7164 3580 7165 3556 7165 3581 7165 3581 7165 3556 7165 3557 7165 3581 7182 3557 7166 3582 7182 3582 7182 3557 7166 3558 7166 3582 7183 3558 7167 3583 7007 3583 7007 3558 7167 3559 7007 3583 7184 3559 7168 3584 7185 3584 7185 3559 7168 3560 7169 3584 7170 3560 7170 3585 7170 3585 7170 3560 7170 3561 7170 3585 7186 3561 7171 3586 7187 3586 7187 3561 7171 3433 6997 3586 7188 3433 6995 3431 6994 3562 7138 3565 7138 3563 7138 3563 7141 3565 7141 3587 7142 3563 7141 3587 7142 3564 6898 3564 7044 3587 6901 3588 7044 3564 7044 3588 7044 3404 6901 3404 6903 3588 7109 3405 6905 3587 7142 3565 7141 3566 7142 3587 6901 3566 6901 3589 7173 3589 7173 3566 6901 3567 7173 3589 7144 3567 7174 3590 7144 3590 7144 3567 7174 3568 7174 3590 7146 3568 7145 3591 7145 3591 7145 3568 7145 3569 7145 3591 7147 3569 7147 3592 7147 3592 7147 3569 7147 3570 7147 3592 7148 3570 7148 3593 7149 3593 7149 3570 7148 3571 7175 3593 7150 3571 7116 3594 7151 3594 7151 3571 7116 3572 7151 3594 6924 3572 7176 3595 7153 3595 7153 3572 7176 3573 7153 3595 7154 3573 7177 3596 7155 3596 7155 3573 7177 3574 7155 3596 49 3574 49 3597 49 3597 49 3574 49 3575 49 3597 7189 3575 7156 3598 7190 3598 7190 3575 7156 3576 7157 3598 7158 3576 7178 3599 7159 3599 7159 3576 7178 3577 7179 3599 7160 3577 7160 3600 7161 3600 7161 3577 7160 3578 7180 3600 7162 3578 7181 3601 7163 3601 7163 3578 7181 3579 7163 3601 7164 3579 7164 3602 7164 3602 7164 3579 7164 3580 7164 3602 7165 3580 7165 3603 7165 3603 7165 3580 7165 3581 7165 3603 7166 3581 7182 3604 7166 3604 7166 3581 7182 3582 7182 3604 7167 3582 7183 3605 7191 3605 7191 3582 7183 3583 7007 3605 7168 3583 7184 3606 7169 3606 7169 3583 7184 3584 7185 3606 7170 3584 7170 3607 7170 3607 7170 3584 7170 3585 7170 3607 7192 3585 7186 3608 6967 3608 6967 3585 7186 3586 7187 3608 7188 3586 7188 3609 6993 3609 6993 3586 7188 3431 6994 3609 6991 3431 6991 3429 6990 3587 6901 3589 7173 3588 7044 3588 7109 3589 7144 3610 7109 3588 7109 3610 7109 3405 6905 3405 6907 3610 7193 3406 6909 3610 7109 3589 7144 3590 7144 3610 7193 3590 7146 3611 7194 3611 7194 3590 7146 3591 7145 3611 7195 3591 7147 3612 7196 3612 7196 3591 7147 3592 7147 3612 7197 3592 7148 3613 7198 3613 7198 3592 7148 3593 7149 3613 7199 3593 7150 3614 7200 3614 7200 3593 7150 3594 7151 3614 7201 3594 6924 3615 7201 3615 7201 3594 6924 3595 7153 3615 7202 3595 7154 3616 7203 3616 7203 3595 7154 3596 7155 3616 49 3596 49 3617 49 3617 49 3596 49 3597 49 3617 6930 3597 7189 3618 7204 3618 7204 3597 7189 3598 7190 3618 7205 3598 7158 3619 7205 3619 7205 3598 7158 3599 7159 3619 7206 3599 7160 3620 7180 3620 7180 3599 7160 3600 7161 3620 7207 3600 7162 3621 7208 3621 7208 3600 7162 3601 7163 3621 7209 3601 7164 3622 7210 3622 7210 3601 7164 3602 7164 3622 7211 3602 7165 3623 7212 3623 7212 3602 7165 3603 7165 3623 7133 3603 7166 3624 7133 3624 7133 3603 7166 3604 7166 3624 7213 3604 7167 3625 7213 3625 7213 3604 7167 3605 7191 3625 7214 3605 7168 3626 7214 3626 7214 3605 7168 3606 7169 3626 7215 3606 7170 3627 7216 3627 7216 3606 7170 3607 7170 3627 7171 3607 7192 3628 7217 3628 7217 3607 7192 3608 6967 3628 7218 3608 7188 3629 7218 3629 7218 3608 7188 3609 6993 3629 7219 3609 6991 3630 6976 3630 6976 3609 6991 3429 6990 3630 7220 3429 6988 3427 6987 3407 6913 3406 6911 3611 7195 3611 7194 3406 6909 3610 7193 3407 6913 3611 7195 3612 7196 3408 6917 3407 6915 3612 7197 3408 6917 3612 7197 3613 7198 3409 6919 3408 6919 3613 7199 3409 6919 3613 7199 3614 7200 3410 6924 3409 6922 3614 7201 3410 6924 3614 7201 3615 7201 3411 6928 3410 6926 3615 7202 3411 6928 3615 7202 3616 7203 3412 49 3411 49 3616 49 3412 49 3616 49 3617 49 3413 6932 3412 6930 3617 6930 3413 6932 3617 6930 3618 7204 3414 6936 3413 6934 3618 7205 3414 6936 3618 7205 3619 7205 3415 6938 3414 6938 3619 7206 3415 6938 3619 7206 3620 7180 3416 6943 3415 6941 3620 7207 3416 6943 3620 7207 3621 7208 3417 6947 3416 6945 3621 7209 3417 6947 3621 7209 3622 7210 3418 6951 3417 6949 3622 7211 3418 6951 3622 7211 3623 7212 3419 6955 3418 6953 3623 7133 3419 6955 3623 7133 3624 7133 3420 6958 3419 6957 3624 7213 3420 6958 3624 7213 3625 7213 3421 6960 3420 6960 3625 7214 3421 6960 3625 7214 3626 7214 3422 6965 3421 6963 3626 7215 3422 6965 3626 7215 3627 7216 3423 6969 3422 6967 3627 7171 3423 6969 3627 7171 3628 7217 3424 6973 3423 6971 3628 7218 3424 6973 3628 7218 3629 7218 3425 6975 3424 6975 3629 7219 3425 6975 3629 7219 3630 6976 3426 6980 3425 6978 3630 7220 3426 6980 3630 7220 3427 6987 3494 96 3631 96 3346 96 3346 96 3631 96 3340 96 3632 7221 3633 7222 3631 7223 3631 7223 3633 7222 3634 7223 3631 7223 3634 7223 3635 7224 3635 7225 3634 7226 3636 7225 3635 7225 3636 7225 3637 7227 3637 7228 3636 7228 3638 7228 3637 7228 3638 7228 3639 7228 3639 7229 3638 7229 3640 7229 3639 7229 3640 7229 3641 7229 3641 7230 3640 7231 3642 7232 3641 7230 3642 7232 3643 7231 3643 7233 3642 7233 3644 7233 3643 7233 3644 7233 3339 7233 3339 7234 3644 7235 3338 7236 3338 7236 3644 7235 3645 7235 3338 7237 3645 7238 3337 7239 3337 7239 3645 7238 3646 7240 3337 7241 3646 7242 3336 7243 3336 7243 3646 7242 3647 7242 3336 7244 3647 7245 3335 7246 3335 7246 3647 7245 3648 7247 3335 7248 3648 7249 3334 7250 3334 7250 3648 7249 3649 7249 3334 7251 3649 7252 3333 7253 3333 7253 3649 7252 3650 7252 3333 7254 3650 7255 3332 7254 3332 7254 3650 7255 3651 7256 3332 7257 3651 7258 3331 7257 3331 7257 3651 7258 3652 7258 3331 7259 3652 7260 3324 7261 3324 7261 3652 7260 3653 7262 3324 144 3653 144 3325 144 3325 144 3653 144 3654 144 3325 7263 3654 7264 3326 7265 3326 7265 3654 7264 3655 7266 3326 7267 3655 7268 3327 7269 3327 7269 3655 7268 3656 7270 3327 7271 3656 7272 3328 7273 3328 7273 3656 7272 3657 7274 3328 7275 3657 7276 3329 7277 3329 7277 3657 7276 3658 7276 3329 7278 3658 7279 3330 7280 3330 7280 3658 7279 3659 7279 3330 7281 3659 7282 3379 7281 3379 7281 3659 7282 3660 7283 3379 7284 3660 7284 3377 7285 3377 7285 3660 7284 3661 7284 3377 7286 3661 7287 3378 7288 3378 7288 3661 7287 3662 7289 3378 7290 3662 7291 3375 7292 3375 7292 3662 7291 3663 7291 3375 7293 3663 7294 3376 7295 3376 7295 3663 7294 3664 7294 3376 7296 3664 7297 3380 7298 3380 7298 3664 7297 3665 7299 3380 7300 3665 7301 3381 7300 3381 7300 3665 7301 3666 7301 3381 7302 3666 7303 3382 7304 3382 7304 3666 7303 3667 7303 3382 7305 3667 7305 3383 7306 3383 7306 3667 7305 3668 7305 3383 7307 3668 7308 3374 7309 3374 7309 3668 7308 3669 7309 3374 7309 3669 7309 3670 7310 3670 7305 3669 7311 3671 7305 3670 7305 3671 7305 3672 7312 3672 7313 3671 7313 3673 7313 3672 7313 3673 7313 3674 7313 3674 7301 3673 7301 3675 7301 3674 7301 3675 7301 3676 7301 3676 7314 3675 7299 3677 7315 3676 7314 3677 7315 3678 7299 3678 7295 3677 7295 3679 7295 3678 7295 3679 7295 3680 7295 3680 7316 3679 7291 3681 7316 3681 7316 3679 7291 3682 7291 3681 7287 3682 7317 3683 7317 3683 7317 3682 7317 3684 7318 3683 7284 3684 7319 3685 7285 3685 7285 3684 7319 3686 7319 3685 7281 3686 7282 3687 7281 3687 7281 3686 7282 3688 7283 3687 7278 3688 7279 3689 7280 3689 7280 3688 7279 3690 7279 3689 7275 3690 7276 3691 7277 3691 7277 3690 7276 3692 7276 3691 7320 3692 7321 3693 7320 3693 7320 3692 7321 3694 7274 3693 7267 3694 7268 3695 7269 3695 7269 3694 7268 3696 7270 3695 7322 3696 7266 3697 7323 3697 7323 3696 7266 3698 7324 3697 144 3698 144 3699 144 3699 144 3698 144 3700 144 3699 7325 3700 7262 3701 7326 3701 7326 3700 7262 3702 7327 3701 7257 3702 7258 3703 7257 3703 7257 3702 7258 3704 7258 3703 7328 3704 7329 3705 7330 3705 7330 3704 7329 3706 7256 3705 7251 3706 7252 3707 7253 3707 7253 3706 7252 3708 7252 3707 7248 3708 7249 3709 7250 3709 7250 3708 7249 3710 7249 3709 7244 3710 7245 3711 7246 3711 7246 3710 7245 3712 7247 3711 7241 3712 7241 3713 7243 3713 7243 3712 7241 3714 7241 3713 7331 3714 7332 3715 7333 3715 7333 3714 7332 3716 7334 3715 7335 3716 7235 3717 7335 3717 7335 3716 7235 3718 7336 3717 7337 3718 7338 3719 7233 3719 7233 3718 7338 3720 7338 3719 7339 3720 7340 3721 7341 3721 7341 3720 7340 3722 7231 3721 7342 3722 7229 3723 7342 3723 7342 3722 7229 3724 7229 3723 7343 3724 7344 3725 7345 3725 7345 3724 7344 3726 7344 3725 7225 3726 7225 3632 7346 3632 7346 3726 7225 3633 7225 3680 7295 3727 7293 3678 7295 3678 7299 3727 7298 3728 7299 3678 7299 3728 7299 3676 7314 3676 7301 3728 7347 3729 7301 3676 7301 3729 7301 3674 7301 3674 7313 3729 7348 3730 7313 3674 7313 3730 7313 3672 7313 3672 7312 3730 7305 3731 7312 3672 7312 3731 7312 3670 7305 3670 7310 3731 7349 3374 7309 3727 7298 3732 7296 3728 7299 3728 7347 3732 7300 3733 7300 3728 7347 3733 7300 3729 7301 3729 7348 3733 7313 3734 7348 3729 7348 3734 7348 3730 7313 3730 7305 3734 7312 3735 7305 3730 7305 3735 7305 3731 7312 3731 7349 3735 7350 3388 7309 3731 7349 3388 7309 3374 7309 3732 7300 3736 7300 3733 7300 3733 7313 3736 7304 3737 7313 3733 7313 3737 7313 3734 7348 3734 7312 3737 7305 3738 7312 3734 7312 3738 7312 3735 7305 3735 7350 3738 7309 3388 7309 3736 7304 3739 7302 3737 7313 3737 7305 3739 7351 3740 7305 3737 7305 3740 7305 3738 7312 3738 7309 3740 7308 3388 7309 3739 7351 3741 7352 3740 7305 3740 7308 3741 7307 3388 7309 3339 7233 3341 7337 3643 7233 3643 7231 3341 7341 3742 7231 3643 7231 3742 7231 3641 7230 3641 7229 3742 7353 3743 7229 3641 7229 3743 7229 3639 7229 3639 7228 3743 7354 3744 7228 3639 7228 3744 7228 3637 7228 3637 7227 3744 7225 3745 7227 3637 7227 3745 7227 3635 7225 3635 7224 3745 7355 3631 7223 3341 7341 3342 7339 3742 7231 3742 7353 3342 7342 3746 7342 3742 7353 3746 7342 3743 7229 3743 7354 3746 7228 3747 7354 3743 7354 3747 7354 3744 7228 3744 7225 3747 7227 3748 7225 3744 7225 3748 7225 3745 7227 3745 7355 3748 7356 3340 7223 3745 7355 3340 7223 3631 7223 3342 7342 3343 7342 3746 7342 3746 7228 3343 7345 3749 7228 3746 7228 3749 7228 3747 7354 3747 7227 3749 7225 3750 7227 3747 7227 3750 7227 3748 7225 3748 7356 3750 7223 3340 7223 3343 7345 3344 7343 3749 7228 3749 7225 3344 7357 3751 7225 3749 7225 3751 7225 3750 7227 3750 7223 3751 7222 3340 7223 3344 7357 3345 7358 3751 7225 3751 7222 3345 7221 3340 7223 3634 7226 3633 7225 3752 7226 3752 7226 3633 7225 3726 7225 3752 7228 3726 7344 3753 7228 3753 7228 3726 7344 3724 7344 3753 7353 3724 7229 3754 7353 3754 7353 3724 7229 3722 7229 3754 7232 3722 7231 3755 7230 3755 7230 3722 7231 3720 7340 3755 7359 3720 7338 3756 7359 3756 7359 3720 7338 3718 7338 3756 7360 3718 7336 3757 7360 3757 7360 3718 7336 3716 7235 3757 7237 3716 7334 3758 7238 3758 7238 3716 7334 3714 7332 3758 7241 3714 7241 3759 7241 3759 7241 3714 7241 3712 7241 3759 7361 3712 7247 3760 7362 3760 7362 3712 7247 3710 7245 3760 7363 3710 7249 3761 7363 3761 7363 3710 7249 3708 7249 3761 7253 3708 7252 3762 7253 3762 7253 3708 7252 3706 7252 3762 7364 3706 7256 3763 7364 3763 7364 3706 7256 3704 7329 3763 7365 3704 7258 3764 7366 3764 7366 3704 7258 3702 7258 3764 7260 3702 7327 3765 7262 3765 7262 3702 7327 3700 7262 3765 144 3700 144 3766 144 3766 144 3700 144 3698 144 3766 7266 3698 7324 3767 7367 3767 7367 3698 7324 3696 7266 3767 7368 3696 7270 3768 7369 3768 7369 3696 7270 3694 7268 3768 7272 3694 7274 3769 7272 3769 7272 3694 7274 3692 7321 3769 7277 3692 7276 3770 7277 3770 7277 3692 7276 3690 7276 3770 7370 3690 7279 3771 7370 3771 7370 3690 7279 3688 7279 3771 7282 3688 7283 3772 7283 3772 7283 3688 7283 3686 7282 3772 7371 3686 7319 3773 7371 3773 7371 3686 7319 3684 7319 3773 7287 3684 7318 3774 7287 3774 7287 3684 7318 3682 7317 3774 7372 3682 7291 3775 7372 3775 7372 3682 7291 3679 7291 3775 7295 3679 7295 3677 7295 3634 7226 3752 7226 3636 7225 3636 7228 3752 7228 3776 7345 3636 7228 3776 7345 3638 7228 3638 7229 3776 7229 3777 7229 3638 7229 3777 7229 3640 7229 3640 7231 3777 7231 3778 7231 3640 7231 3778 7231 3642 7232 3642 7233 3778 7373 3779 7233 3642 7233 3779 7233 3644 7233 3644 7235 3779 7360 3645 7235 3776 7345 3752 7228 3753 7228 3776 7229 3753 7353 3780 7229 3780 7229 3753 7353 3754 7353 3780 7231 3754 7232 3781 7231 3781 7231 3754 7232 3755 7230 3781 7373 3755 7359 3782 7373 3782 7373 3755 7359 3756 7359 3782 7360 3756 7360 3783 7374 3783 7374 3756 7360 3757 7360 3783 7332 3757 7237 3784 7332 3784 7332 3757 7237 3758 7238 3784 7241 3758 7241 3785 7375 3785 7375 3758 7241 3759 7241 3785 7376 3759 7361 3786 7376 3786 7376 3759 7361 3760 7362 3786 7377 3760 7363 3787 7378 3787 7378 3760 7363 3761 7363 3787 7379 3761 7253 3788 7380 3788 7380 3761 7253 3762 7253 3788 7364 3762 7364 3789 7364 3789 7364 3762 7364 3763 7364 3789 7381 3763 7365 3790 7382 3790 7382 3763 7365 3764 7366 3790 7262 3764 7260 3791 7383 3791 7383 3764 7260 3765 7262 3791 144 3765 144 3792 144 3792 144 3765 144 3766 144 3792 7264 3766 7266 3793 7266 3793 7266 3766 7266 3767 7367 3793 7384 3767 7368 3794 7385 3794 7385 3767 7368 3768 7369 3794 7386 3768 7272 3795 7386 3795 7386 3768 7272 3769 7272 3795 7387 3769 7277 3796 7388 3796 7388 3769 7277 3770 7277 3796 7389 3770 7370 3797 7390 3797 7390 3770 7370 3771 7370 3797 7391 3771 7282 3798 7391 3798 7391 3771 7282 3772 7283 3798 7284 3772 7371 3799 7392 3799 7392 3772 7371 3773 7371 3799 7393 3773 7287 3800 7289 3800 7289 3773 7287 3774 7287 3800 7394 3774 7372 3801 7394 3801 7394 3774 7372 3775 7372 3801 7395 3775 7295 3802 7395 3802 7395 3775 7295 3677 7295 3802 7299 3677 7315 3675 7299 3776 7229 3780 7229 3777 7229 3777 7231 3780 7231 3803 7231 3777 7231 3803 7231 3778 7231 3778 7373 3803 7373 3804 7373 3778 7373 3804 7373 3779 7233 3779 7360 3804 7360 3805 7374 3779 7360 3805 7374 3645 7235 3645 7238 3805 7237 3646 7240 3803 7231 3780 7231 3781 7231 3803 7373 3781 7373 3806 7373 3806 7373 3781 7373 3782 7373 3806 7360 3782 7360 3807 7374 3807 7374 3782 7360 3783 7374 3807 7332 3783 7332 3808 7396 3808 7396 3783 7332 3784 7332 3808 7397 3784 7241 3809 7397 3809 7397 3784 7241 3785 7375 3809 7398 3785 7376 3810 7398 3810 7398 3785 7376 3786 7376 3810 7377 3786 7377 3811 7378 3811 7378 3786 7377 3787 7378 3811 7399 3787 7379 3812 7399 3812 7399 3787 7379 3788 7380 3812 7364 3788 7364 3813 7364 3813 7364 3788 7364 3789 7364 3813 7381 3789 7381 3814 7382 3814 7382 3789 7381 3790 7382 3814 7327 3790 7262 3815 7400 3815 7400 3790 7262 3791 7383 3815 144 3791 144 3816 144 3816 144 3791 144 3792 144 3816 7401 3792 7264 3817 7402 3817 7402 3792 7264 3793 7266 3817 7403 3793 7384 3818 7385 3818 7385 3793 7384 3794 7385 3818 7386 3794 7386 3819 7386 3819 7386 3794 7386 3795 7386 3819 7404 3795 7387 3820 7404 3820 7404 3795 7387 3796 7388 3820 7389 3796 7389 3821 7390 3821 7390 3796 7389 3797 7390 3821 7282 3797 7391 3822 7282 3822 7282 3797 7391 3798 7391 3822 7405 3798 7284 3823 7405 3823 7405 3798 7284 3799 7392 3823 7289 3799 7393 3824 7317 3824 7317 3799 7393 3800 7289 3824 7394 3800 7394 3825 7394 3825 7394 3800 7394 3801 7394 3825 7395 3801 7395 3826 7395 3826 7395 3801 7395 3802 7395 3826 7299 3802 7299 3827 7299 3827 7299 3802 7299 3675 7299 3827 7301 3675 7301 3673 7301 3803 7373 3806 7373 3804 7373 3804 7360 3806 7360 3828 7360 3804 7360 3828 7360 3805 7374 3805 7237 3828 7332 3829 7238 3805 7237 3829 7238 3646 7240 3646 7242 3829 7406 3647 7242 3828 7360 3806 7360 3807 7374 3828 7332 3807 7332 3830 7332 3830 7332 3807 7332 3808 7396 3830 7375 3808 7397 3831 7241 3831 7241 3808 7397 3809 7397 3831 7376 3809 7398 3832 7376 3832 7376 3809 7398 3810 7398 3832 7377 3810 7377 3833 7378 3833 7378 3810 7377 3811 7378 3833 7380 3811 7399 3834 7379 3834 7379 3811 7399 3812 7399 3834 7364 3812 7364 3835 7364 3835 7364 3812 7364 3813 7364 3835 7407 3813 7381 3836 7408 3836 7408 3813 7381 3814 7382 3836 7260 3814 7327 3837 7400 3837 7400 3814 7327 3815 7400 3837 144 3815 144 3838 144 3838 144 3815 144 3816 144 3838 7401 3816 7401 3839 7266 3839 7266 3816 7401 3817 7402 3839 7268 3817 7403 3840 7385 3840 7385 3817 7403 3818 7385 3840 7386 3818 7386 3841 7386 3841 7386 3818 7386 3819 7386 3841 7388 3819 7404 3842 7387 3842 7387 3819 7404 3820 7404 3842 7389 3820 7389 3843 7390 3843 7390 3820 7389 3821 7390 3843 7391 3821 7282 3844 7391 3844 7391 3821 7282 3822 7282 3844 7392 3822 7405 3845 7284 3845 7284 3822 7405 3823 7405 3845 7393 3823 7289 3846 7289 3846 7289 3823 7289 3824 7317 3846 7394 3824 7394 3847 7394 3847 7394 3824 7394 3825 7394 3847 7395 3825 7395 3848 7395 3848 7395 3825 7395 3826 7395 3848 7299 3826 7299 3849 7299 3849 7299 3826 7299 3827 7299 3849 7301 3827 7301 3850 7301 3850 7301 3827 7301 3673 7301 3850 7304 3673 7313 3671 7313 3828 7332 3830 7332 3829 7238 3829 7406 3830 7375 3851 7406 3829 7406 3851 7406 3647 7242 3647 7245 3851 7362 3648 7247 3851 7406 3830 7375 3831 7241 3851 7362 3831 7376 3852 7361 3852 7361 3831 7376 3832 7376 3852 7409 3832 7377 3853 7410 3853 7410 3832 7377 3833 7378 3853 7253 3833 7380 3854 7253 3854 7253 3833 7380 3834 7379 3854 7329 3834 7364 3855 7329 3855 7329 3834 7364 3835 7364 3855 7411 3835 7407 3856 7412 3856 7412 3835 7407 3836 7408 3856 7327 3836 7260 3857 7262 3857 7262 3836 7260 3837 7400 3857 144 3837 144 3858 144 3858 144 3837 144 3838 144 3858 7266 3838 7401 3859 7367 3859 7367 3838 7401 3839 7266 3859 7413 3839 7268 3860 7414 3860 7414 3839 7268 3840 7385 3860 7386 3840 7386 3861 7386 3861 7386 3840 7386 3841 7386 3861 7277 3841 7388 3862 7277 3862 7277 3841 7388 3842 7387 3862 7415 3842 7389 3863 7415 3863 7415 3842 7389 3843 7390 3863 7283 3843 7391 3864 7282 3864 7282 3843 7391 3844 7391 3864 7284 3844 7392 3865 7284 3865 7284 3844 7392 3845 7284 3865 7287 3845 7393 3866 7317 3866 7317 3845 7393 3846 7289 3866 7372 3846 7394 3867 7372 3867 7372 3846 7394 3847 7394 3867 7416 3847 7395 3868 7416 3868 7416 3847 7395 3848 7395 3868 7314 3848 7299 3869 7315 3869 7315 3848 7299 3849 7299 3869 7347 3849 7301 3870 7347 3870 7347 3849 7301 3850 7301 3870 7313 3850 7304 3871 7313 3871 7313 3850 7304 3671 7313 3871 7311 3671 7305 3669 7311 3649 7249 3648 7249 3852 7409 3852 7361 3648 7247 3851 7362 3649 7249 3852 7409 3853 7410 3650 7252 3649 7252 3853 7253 3650 7252 3853 7253 3854 7253 3651 7256 3650 7255 3854 7329 3651 7256 3854 7329 3855 7329 3652 7258 3651 7258 3855 7411 3652 7258 3855 7411 3856 7412 3653 7262 3652 7260 3856 7327 3653 7262 3856 7327 3857 7262 3654 144 3653 144 3857 144 3654 144 3857 144 3858 144 3655 7266 3654 7264 3858 7266 3655 7266 3858 7266 3859 7367 3656 7270 3655 7268 3859 7413 3656 7270 3859 7413 3860 7414 3657 7274 3656 7272 3860 7386 3657 7274 3860 7386 3861 7386 3658 7276 3657 7276 3861 7277 3658 7276 3861 7277 3862 7277 3659 7279 3658 7279 3862 7415 3659 7279 3862 7415 3863 7415 3660 7283 3659 7282 3863 7283 3660 7283 3863 7283 3864 7282 3661 7284 3660 7284 3864 7284 3661 7284 3864 7284 3865 7284 3662 7289 3661 7287 3865 7287 3662 7289 3865 7287 3866 7317 3663 7291 3662 7291 3866 7372 3663 7291 3866 7372 3867 7372 3664 7294 3663 7294 3867 7416 3664 7294 3867 7416 3868 7416 3665 7299 3664 7297 3868 7314 3665 7299 3868 7314 3869 7315 3666 7301 3665 7301 3869 7347 3666 7301 3869 7347 3870 7347 3667 7303 3666 7303 3870 7313 3667 7303 3870 7313 3871 7313 3668 7305 3667 7305 3871 7311 3668 7305 3871 7311 3669 7311 2971 7417 3455 7418 2972 7419 2972 7419 3455 7418 3457 7420 2972 7419 3457 7420 2974 7421 2974 7421 3457 7420 3459 7422 2974 7421 3459 7422 2976 7423 2976 7423 3459 7422 3461 7424 2976 7423 3461 7424 2978 7425 2978 7425 3461 7424 3463 7426 2978 7425 3463 7426 2980 7427 2980 7427 3463 7426 3465 3381 2980 7427 3465 3381 3467 7428 3455 7418 2971 7417 3453 7429 3453 7429 2971 7417 3071 7430 3453 7429 3071 7430 3451 7431 3451 7431 3071 7430 3069 3381 3451 7431 3069 3381 3449 3381 3449 3381 3069 3381 3067 7432 3449 3381 3067 7432 3447 3381 3447 3381 3067 7432 3445 7433 3445 7433 3067 7432 3065 7434 3445 7433 3065 7434 3443 7435 3443 7435 3065 7434 3063 7436 3443 7435 3063 7436 3441 7437 3441 7437 3063 7436 3061 7438 3441 7437 3061 7438 3439 3381 3439 3381 3061 7438 3438 7439 3438 7439 3061 7438 3494 7440 3438 7439 3494 7440 3485 7441 3485 7441 3494 7440 3490 3381 3490 3381 3494 7440 3495 7442 3495 7442 3494 7440 3498 7443 3498 7443 3494 7440 3500 7444 3061 7438 3059 7445 3494 7440 3494 7440 3059 7445 3057 7446 3494 7440 3057 7446 3055 7447 3055 7447 3053 7448 3494 7440 3494 7440 3053 7448 3051 7449 3494 7440 3051 7449 3049 7450 3494 7440 3049 7450 3631 7451 3631 7451 3049 7450 3047 7452 3631 7451 3047 7452 3045 7453 3045 7453 3043 7454 3631 7451 3631 7451 3043 7454 3041 7455 3631 7451 3041 7455 3039 7456 3039 7456 3037 7457 3631 7451 3631 7451 3037 7457 3717 7458 3631 7451 3717 7458 3719 7459 3035 7460 3713 7461 3037 7457 3037 7457 3713 7461 3715 7462 3037 7457 3715 7462 3717 7458 3713 7461 3035 7460 3711 7463 3711 7463 3035 7460 3033 7464 3711 7463 3033 7464 3709 7465 3709 7465 3033 7464 3031 7466 3709 7465 3031 7466 3707 7467 3707 7467 3031 7466 3705 7468 3705 7468 3031 7466 3029 7469 3705 7468 3029 7469 3703 7470 3703 7470 3029 7469 3027 7471 3703 7470 3027 7471 3701 7472 3701 7472 3027 7471 3025 7473 3701 7472 3025 7473 3699 7474 3699 7474 3025 7473 3024 7475 3699 7474 3024 7475 3697 7476 3697 7476 3024 7475 3022 7477 3697 7476 3022 7477 3695 7478 3695 7478 3022 7477 3020 7479 3695 7478 3020 7479 3693 7480 3693 7480 3020 7479 3018 3381 3693 7480 3018 3381 3691 3381 3691 3381 3018 3381 3016 7481 3691 3381 3016 7481 3689 3381 3689 3381 3016 7481 3687 7482 3687 7482 3016 7481 3014 7483 3687 7482 3014 7483 3685 7484 3685 7484 3014 7483 3012 7485 3685 7484 3012 7485 3683 7486 3683 7486 3012 7485 3010 7487 3683 7486 3010 7487 3681 3381 3681 3381 3010 7487 3680 7488 3680 7488 3010 7487 3388 7489 3680 7488 3388 7489 3727 7490 3727 7490 3388 7489 3732 3381 3732 3381 3388 7489 3736 7491 3736 7491 3388 7489 3739 7492 3739 7492 3388 7489 3741 7493 3010 7487 3008 7494 3388 7489 3388 7489 3008 7494 3006 7495 3388 7489 3006 7495 3004 7496 3004 7496 3002 7497 3388 7489 3388 7489 3002 7497 3000 7498 3388 7489 3000 7498 2998 7499 3388 7489 2998 7499 3389 7500 3389 7500 2998 7499 2996 7501 3389 7500 2996 7501 2994 7502 2994 7502 2992 7503 3389 7500 3389 7500 2992 7503 2990 7504 3389 7500 2990 7504 2988 7505 2988 7505 2986 7506 3389 7500 3389 7500 2986 7506 3475 7507 3389 7500 3475 7507 3477 7508 2984 7509 3471 7510 2986 7506 2986 7506 3471 7510 3473 7511 2986 7506 3473 7511 3475 7507 3471 7510 2984 7509 3469 7512 3469 7512 2984 7509 2982 7513 3469 7512 2982 7513 3467 7428 3467 7428 2982 7513 2980 7427 3477 7508 3479 7514 3389 7500 3389 7500 3479 7514 3481 7515 3389 7500 3481 7515 3483 7516 3483 7516 3390 7517 3389 7500 3719 7459 3721 7518 3631 7451 3631 7451 3721 7518 3723 7519 3631 7451 3723 7519 3725 7520 3725 7520 3632 7521 3631 7451</p>
        </triangles>
      </mesh>
    </geometry>
  </library_geometries>
  <library_visual_scenes>
    <visual_scene id="Scene" name="Scene">
      <node id="femur" name="femur" type="NODE">
        <matrix sid="transform">-1.62921e-7 -1 -1.62921e-7 0 1 -1.62921e-7 -2.65431e-14 0.1275 0 -1.62921e-7 1 -0.0106 0 0 0 1</matrix>
        <instance_geometry url="#femur_001-mesh" name="femur"/>
      </node>
      <node id="Light_011" name="Light.011" type="NODE">
        <matrix sid="transform">-0.9551712 0.1998833 -0.2183913 -1.005454 -0.2908646 -0.7711008 0.5663933 4.076245 -0.05518915 0.6045249 0.7946722 5.903862 0 0 0 1</matrix>
        <instance_light url="#Light_011-light"/>
      </node>
      <node id="Light_010" name="Light.010" type="NODE">
        <matrix sid="transform">-0.9551712 0.1998833 -0.2183913 -1.005454 -0.2908646 -0.7711008 0.5663933 4.076245 -0.05518915 0.6045249 0.7946722 5.903862 0 0 0 1</matrix>
        <instance_light url="#Light_010-light"/>
      </node>
      <node id="Light_009" name="Light.009" type="NODE">
        <matrix sid="transform">-0.9551712 0.1998833 -0.2183913 -1.005454 -0.2908646 -0.7711008 0.5663933 4.076245 -0.05518915 0.6045249 0.7946722 5.903862 0 0 0 1</matrix>
        <instance_light url="#Light_009-light"/>
      </node>
      <node id="Light_008" name="Light.008" type="NODE">
        <matrix sid="transform">-0.9551712 0.1998833 -0.2183913 -1.005454 -0.2908646 -0.7711008 0.5663933 4.076245 -0.05518915 0.6045249 0.7946722 5.903862 0 0 0 1</matrix>
        <instance_light url="#Light_008-light"/>
      </node>
      <node id="Light_007" name="Light.007" type="NODE">
        <matrix sid="transform">-0.9551712 0.1998833 -0.2183913 -1.005454 -0.2908646 -0.7711008 0.5663933 4.076245 -0.05518915 0.6045249 0.7946722 5.903862 0 0 0 1</matrix>
        <instance_light url="#Light_007-light"/>
      </node>
      <node id="Light_006" name="Light.006" type="NODE">
        <matrix sid="transform">-0.9551711 0.1998834 -0.2183913 -1.005454 -0.2908648 -0.7711008 0.5663931 4.076245 -0.05518913 0.6045247 0.7946723 5.903862 0 0 0 1</matrix>
        <instance_light url="#Light_006-light"/>
      </node>
      <node id="Camera_011" name="Camera.011" type="NODE">
        <matrix sid="transform">-0.7276761 -0.3054211 0.6141704 6.925791 0.6859208 -0.3240134 0.651558 7.358891 -1.08992e-7 0.8953956 0.4452715 4.958309 0 0 0 1</matrix>
        <instance_camera url="#Camera_011-camera"/>
      </node>
      <node id="Camera_010" name="Camera.010" type="NODE">
        <matrix sid="transform">-0.7276761 -0.3054211 0.6141704 6.925791 0.6859208 -0.3240134 0.651558 7.358891 -1.08992e-7 0.8953956 0.4452715 4.958309 0 0 0 1</matrix>
        <instance_camera url="#Camera_010-camera"/>
      </node>
      <node id="Camera_009" name="Camera.009" type="NODE">
        <matrix sid="transform">-0.7276761 -0.3054211 0.6141704 6.925791 0.6859208 -0.3240134 0.651558 7.358891 -1.08992e-7 0.8953956 0.4452715 4.958309 0 0 0 1</matrix>
        <instance_camera url="#Camera_009-camera"/>
      </node>
      <node id="Camera_008" name="Camera.008" type="NODE">
        <matrix sid="transform">-0.7276761 -0.3054211 0.6141704 6.925791 0.6859208 -0.3240134 0.651558 7.358891 -1.08992e-7 0.8953956 0.4452715 4.958309 0 0 0 1</matrix>
        <instance_camera url="#Camera_008-camera"/>
      </node>
      <node id="Camera_007" name="Camera.007" type="NODE">
        <matrix sid="transform">-0.7276761 -0.3054211 0.6141704 6.925791 0.6859208 -0.3240134 0.651558 7.358891 -1.08992e-7 0.8953956 0.4452715 4.958309 0 0 0 1</matrix>
        <instance_camera url="#Camera_007-camera"/>
      </node>
      <node id="Camera_006" name="Camera.006" type="NODE">
        <matrix sid="transform">-0.7276762 -0.3054207 0.6141704 6.925791 0.6859207 -0.3240133 0.6515582 7.358891 4.91033e-8 0.8953957 0.4452711 4.958309 0 0 0 1</matrix>
        <instance_camera url="#Camera_006-camera"/>
      </node>
      <node id="Light_005" name="Light.005" type="NODE">
        <matrix sid="transform">-0.9551712 0.1998833 -0.2183913 -1.005454 -0.2908646 -0.7711008 0.5663933 4.076245 -0.05518915 0.6045249 0.7946722 5.903862 0 0 0 1</matrix>
        <instance_light url="#Light_005-light"/>
      </node>
      <node id="Light_004" name="Light.004" type="NODE">
        <matrix sid="transform">-0.9551712 0.1998833 -0.2183913 -1.005454 -0.2908646 -0.7711008 0.5663933 4.076245 -0.05518915 0.6045249 0.7946722 5.903862 0 0 0 1</matrix>
        <instance_light url="#Light_004-light"/>
      </node>
      <node id="Light_003" name="Light.003" type="NODE">
        <matrix sid="transform">-0.9551711 0.1998834 -0.2183913 -1.005454 -0.2908648 -0.7711008 0.5663931 4.076245 -0.05518913 0.6045247 0.7946723 5.903862 0 0 0 1</matrix>
        <instance_light url="#Light_003-light"/>
      </node>
      <node id="Camera_005" name="Camera.005" type="NODE">
        <matrix sid="transform">-0.7276761 -0.3054211 0.6141704 6.925791 0.6859208 -0.3240134 0.651558 7.358891 -1.08992e-7 0.8953956 0.4452715 4.958309 0 0 0 1</matrix>
        <instance_camera url="#Camera_005-camera"/>
      </node>
      <node id="Camera_004" name="Camera.004" type="NODE">
        <matrix sid="transform">-0.7276761 -0.3054211 0.6141704 6.925791 0.6859208 -0.3240134 0.651558 7.358891 -1.08992e-7 0.8953956 0.4452715 4.958309 0 0 0 1</matrix>
        <instance_camera url="#Camera_004-camera"/>
      </node>
      <node id="Camera_003" name="Camera.003" type="NODE">
        <matrix sid="transform">-0.7276762 -0.3054207 0.6141704 6.925791 0.6859207 -0.3240133 0.6515582 7.358891 4.91033e-8 0.8953957 0.4452711 4.958309 0 0 0 1</matrix>
        <instance_camera url="#Camera_003-camera"/>
      </node>
      <node id="Light_002" name="Light.002" type="NODE">
        <matrix sid="transform">-0.9551712 0.1998833 -0.2183913 -1.005454 -0.2908646 -0.7711008 0.5663933 4.076245 -0.05518915 0.6045249 0.7946722 5.903862 0 0 0 1</matrix>
        <instance_light url="#Light_002-light"/>
      </node>
      <node id="Light_001" name="Light.001" type="NODE">
        <matrix sid="transform">-0.9551711 0.1998834 -0.2183913 -1.005454 -0.2908648 -0.7711008 0.5663931 4.076245 -0.05518913 0.6045247 0.7946723 5.903862 0 0 0 1</matrix>
        <instance_light url="#Light_001-light"/>
      </node>
      <node id="Camera_002" name="Camera.002" type="NODE">
        <matrix sid="transform">-0.7276761 -0.3054211 0.6141704 6.925791 0.6859208 -0.3240134 0.651558 7.358891 -1.08992e-7 0.8953956 0.4452715 4.958309 0 0 0 1</matrix>
        <instance_camera url="#Camera_002-camera"/>
      </node>
      <node id="Camera_001" name="Camera.001" type="NODE">
        <matrix sid="transform">-0.7276762 -0.3054207 0.6141704 6.925791 0.6859207 -0.3240133 0.6515582 7.358891 4.91033e-8 0.8953957 0.4452711 4.958309 0 0 0 1</matrix>
        <instance_camera url="#Camera_001-camera"/>
      </node>
      <node id="Camera" name="Camera" type="NODE">
        <matrix sid="transform">-0.7276763 -0.3054208 0.6141704 6.925791 0.6859207 -0.3240135 0.6515582 7.358891 0 0.8953956 0.4452714 4.958309 0 0 0 1</matrix>
        <instance_camera url="#Camera-camera"/>
      </node>
      <node id="Light" name="Light" type="NODE">
        <matrix sid="transform">-0.9551712 0.1998834 -0.2183912 -1.005454 -0.2908646 -0.7711008 0.5663932 4.076245 -0.05518906 0.6045247 0.7946723 5.903862 0 0 0 1</matrix>
        <instance_light url="#Light-light"/>
      </node>
    </visual_scene>
  </library_visual_scenes>
  <scene>
    <instance_visual_scene url="#Scene"/>
  </scene>
</COLLADA>