:020000041000EA
:1000000000B5324B212058609868022188439860DF
:10001000D860186158612E4B002199600221596106
:100020000121F02299502B49196001219960352056
:1000300000F044F80222904214D00621196600F024
:1000400034F8196E01211966002018661A6600F04E
:100050002CF8196E196E196E052000F02FF8012189
:100060000842F9D1002199601B49196000215960AB
:100070001A491B48016001219960EB211966A021F2
:10008000196600F012F800219960164914480160C1
:100090000121996001BC002800D000471248134993
:1000A000086003C880F30888084703B5996A0420EC
:1000B0000142FBD001200142F8D103BD02B5186610
:1000C0001866FFF7F2FF186E186E02BD00000240BE
:1000D000000000180000070000035F00212200005C
:1000E000F4000018222000A00001001008ED00E03C
:1000F00000000000000000000000000074B24E7A12
:1001000000200420F7010010C3010010C5010010F9
:10011000C1010010C1010010C1010010C101001097
:10012000C1010010C1010010C1010010C701001081
:10013000C1010010C1010010C9010010CB01001065
:10014000CD010010CD010010CD010010CD01001037
:10015000CD010010CD010010CD010010CD01001027
:10016000CD010010CD010010CD010010CD01001017
:10017000CD010010CD010010CD010010CD01001007
:10018000CD010010CD010010CD010010CD010010F7
:10019000CD010010CD010010CD010010CD010010E7
:1001A000CD010010CD010010CD010010CD010010D7
:1001B000CD010010CD010010CD010010CD010010C7
:1001C00000BE00BE00BE00BE00BE00BEEFF3058054
:1001D000103800BEF2EB887130410110544101101B
:1001E0003402001090A31AE700201F49086006C8D7
:1001F00081F3088810471D48006800282FD10DA4FE
:100200000ECC002902D000F012F8F9E71849194A7B
:10021000002000E001C19142FCD1174988471749ED
:1002200088471749884700BEFDE701C901C29A42C5
:10023000FBD3704754410110C0000020E023002090
:100240007464011000000420000004207464011094
:10025000001004200010042000000000704709482E
:1002600003F0D6FB0047000008ED00E0000000D0DE
:10027000E023002030330020F92000100903001093
:100280002D2200105756000006005250ABB36053A9
:10029000801C011006005250861C0302901C0110A5
:1002A000060052505422A29D981C01100500525085
:1002B000DE65F46874640110F8B5C0460648074965
:1002C000091A8B10C90FC91810B5491003D0044B77
:1002D000002B00D0984710BDE0230020E023002031
:1002E00000000000054B10B5002B03D00449054861
:1002F00000E000BFFFF7E2FF10BDC04600000000B5
:10030000BC320020B81A0110F0B5DE4657464E4602
:100310004546E0B593B004F013FD424D4249280034
:1003200006F0C6FE0321002000F034FA032101206C
:1003300000F030FA00220121002000F043FA0022F0
:100340000121012000F03EFA384B394F9B46394BD2
:1003500001269A46384B0CAC9946384B9846384B98
:100360000993384B0A93384B0393384B0593384B1A
:100370000493384B0693384B0793384B0893384B0C
:100380000B933B005F469B4636E0380004F0CCFC04
:100390002178504604F0C8FC6178484604F0C4FC5B
:1003A000A178404604F0C0FCE178584604F0BCFC5B
:1003B0002179099804F0B8FC61790A9804F0B4FC3A
:1003C000A179039804F0B0FCE179059804F0ACFC45
:1003D000A168049804F0A8FCE168069804F0A4FC65
:1003E0002169079804F0A0FC6169089804F09CFC5E
:1003F000FA20400001F086F800230022082128009E
:10040000009606F07DFE00230821009322002800BC
:10041000183306F0DDFE01001828B6D00B9804F062
:1004200083FCE5E7601E0020A08601007C1B011014
:10043000DC1A0110B81A0110C81A0110D41A0110E0
:10044000E81A0110F41A0110001B01100C1B011016
:100450001C1B01102C1B01103C1B01104C1B01101C
:100460005C1B0110F8B5104B05000E00541A9C429D
:1004700016D8002C0DD0200004F0DAF907192860F6
:10048000AF60042C09DD2200310004F0CBF96F606D
:10049000F8BD002704608460F9E733680360F6E77D
:1004A000024806F0F3FFC046FCFFFF7F8C1B0110E3
:1004B00010B504000068002803D0A168091A04F0F0
:1004C000BFF9200010BDC046F8B50E0000234968F2
:1004D000326804008F1A036043608360914216D033
:1004E0000F4B9F421AD8380004F0A2F90500EF190B
:1004F00025606560A76042CE761A042E09DD3200C1
:10050000280010F033FBAD1920006560F8BD002510
:10051000EDE7042EF7D10B682B60F4E706F08EFFB1
:10052000FCFFFF7FF0B5DE4657464E464546E0B538
:10053000924DC1B004A90A002E0019CE19C20024A0
:10054000100007940994FFF78DFF28AB994601230B
:1005500007A929A82893FFF7B7FF0AA90A0089CE9F
:1005600089C210000D940F94FFF77CFF02234A46C6
:100570000DA92DA81361FFF7A7FF10A92B000A00F2
:100580001833C1CBC1C2100013941594FFF76AFF52
:1005900003234A4613A931A81362FFF795FF16A952
:1005A0002B000A002433C1CBC1C2100019941B9444
:1005B000FFF758FF04234A4619A935A81363FFF72C
:1005C00083FF1CA92B000A003033C1CBC1C210002D
:1005D0001F942194FFF746FF05234A461FA939A817
:1005E0001364FFF771FF22A90A003C3549CD49C2C7
:1005F000100025942794FFF735FF06234A4625A9C6
:100600003DA81365FFF760FF5D4900250B1DCB601A
:100610000B6100234E469B468A460C718C604C61F0
:100620003768002D04D053461C6923699F4218DCAB
:1006300053469C68002C05D182E0A3680122002B60
:1006400007D01C0023699F42F7DBE3680022002BE0
:10065000F7D12100002A00D073E023699F4239DDE1
:100660000C00484B02939C4200D177E022690123A1
:10067000974200DB70E0DBB20393202004F0D8F84F
:100680007368076198464246B36805009F1A5A4648
:1006900042618261C26143454DD03B4B9F4260D86D
:1006A000380004F0C5F8C3196861A8610193EB61D3
:1006B000042F5CDD3A00414610F058FA029F019B7E
:1006C0002900AB6122003B00039806F0E5FD3D697F
:1006D00001353D61103640AB9E42A1D13D983CAC06
:1006E00000280BD0E168091A04F0AAF82300103B97
:1006F000A14507D01C0060680028F3D12300103BFF
:10070000A145F7D125A8FFF7D3FE1FA8FFF7D0FE1C
:1007100019A8FFF7CDFE13A8FFF7CAFE0DA8FFF733
:10072000C7FE07A8FFF7C4FE41B0F0BCBB46B24607
:10073000A946A046F0BD00234761C7610193BDE70C
:10074000104C5346DB68A34200D18AE7200006F034
:1007500087FD2100040080E700238CE70123039339
:100760008BE7002F01DA06F069FE06F057FE042F32
:10077000A4D143461B680360A0E7C046AC27011024
:100780009C320020A0320020FCFFFF7F10B5FFF755
:10079000C9FE10BD094A10B5944640248300634445
:1007A0001A68C00062408034144080225201134312
:1007B0001C60034B9C466044416010BD04C0014076
:1007C00000400140074B80009C4660440368C9001C
:1007D00092000A435A400C231A4080235B010343D2
:1007E0001A60704704C00140024B18688007C00FB0
:1007F0007047C04600C0064070B5EFF3108C72B66B
:100800000D4D2B68002BFCD0BFF35F8F0724CB0866
:10081000C618C05C01230C40A3401C0004400342E6
:1008200007D118433070BFF35F8F2C608CF31088B2
:1008300070BD100001F0FEFC2C0100D0F8B5474659
:10084000CE46884680B5EFF3108C72B6214D2C68E9
:10085000002CFCD0BFF35F8F9A422CD8D408072716
:10086000055D061901241740BC402C421FD007210A
:100870000127894609E0D408055D06194C46390070
:100880001440A1400C00294211D001329342F2D20F
:1008900001204042BFF35F8F00220E4B1A608CF3A1
:1008A000108800280FDBC0BCB946B046F8BD254310
:1008B00010003570EEE7BFF35F8F00232B608CF3E1
:1008C0001088012040424346002BECD0089801F0EC
:1008D000B1FCC0462C0100D00021044B044ABFF3F8
:1008E0005F8F02C39342FAD17047C046000100D027
:1008F000800100D0044A1078431CDBB2172B00D9CA
:10090000102313707047C0468C1D002010B5064B95
:10091000064C82B00100009318221F232000FFF72D
:100920008DFF02B010BDC046C01B0110142E002068
:1009300001238340002904D0034A1360034A136053
:100940007047034A1360FBE780E200E000E100E04B
:1009500080E100E001238340014A13607047C046F4
:1009600000E200E0084B10309B688000C358002B69
:1009700007D0064A00209B1A2F229A424041C0B25B
:1009800070470020FCE7C04600ED00E0901D00200D
:10099000024B10309B688000C058704700ED00E0AB
:1009A00070B50D00EFF3108672B60F4A1368002B76
:1009B000FCD0BFF35F8F0D4B10309B6884001B5938
:1009C0000B4A934203D09D4201D001F04BFC074BF0
:1009D0009B681D51BFF35F8FBFF35F8F0022024BF7
:1009E0001A6086F3108870BD240100D000ED00E08D
:1009F000CD010010F0B557464E46DE464546E0B5FF
:100A000085B0060000911700EFF3108B72B66A4AAA
:100A10001368002BFCD0BFF35F8F0025674B5D5739
:100A20009A46002D00DAA9E06B00654C01935B1932
:100A30009B009846A146C1444B4652469B791036CE
:100A40001370604BB6009B6899590B1B2F2B33D941
:100A50005D4B994200D0ACE0019B42469C465B4B0B
:100A60006544AD0063535A4B0232A218043B9B1AF3
:100A70001B05584A5B0D651913436B80564B0121CA
:100A8000AB80FF23AB71009BEF71AB604B460B4318
:100A900019004C4B9B689951BFF35F8FBFF35F8F79
:100AA0000022454B1A608BF3108805B0F0BCBB46A2
:100AB000B246A946A046F0BD01200A008243D37980
:100AC0008C46BB4231D84546130044491B1B5B4151
:100AD0005943090D3D4B63533D4B02356519043BAA
:100AE0005B1B1B053B4D5B0D2B43AA464D466B80A4
:100AF0000425AC465546E044131F44441B1B1B050C
:100B00005B0D1D434B46997100999D809960494644
:100B1000DF71334B01431360BBE75800C0188000FE
:100B20002018C179B9422FD902000623D356002BD1
:100B3000F3DA02932B4B61460393131D9A46042369
:100B40005B429C46E14450464B461B1A1B055B0D1D
:100B50009C46204B957198466346404603439380DC
:100B6000019B5A199200039BA418A380029B1C4A64
:100B7000A371009B2260E771A3608AE701F072FB1A
:100B8000002553465D574FE7908802934005131D9B
:100B90009A46031561469C464046D4446346043059
:100BA0002018181AE0230005400D1B02184303907B
:100BB000C5E701F057FB4FE7240100D02A3300209E
:100BC000901D002000ED00E0CD01001000A1FFFF0E
:100BD000C01D002000E0FFFF01BDFFFFAAAA00002A
:100BE0000148804701BD0000F0B5DE4657464E463D
:100BF0004546E0B50C0083B0EFF3108872B65D4A4D
:100C00001368002BFCD0BFF35F8F5B4B5B499A6886
:100C1000030010339F00D5598D4239D0A5424AD0E8
:100C2000574EAA1B2F2A33D8012292468240914662
:100C30004846544A1268104001904846524A106093
:100C4000BFF35F8FEFF305829346002A35D09342BE
:100C500001D001F007FB2A0053469A439068844272
:100C600008D175E04B005B189B00F3189868A04210
:100C700034D01A00062151560029F3DA844253D0A9
:100C8000019B002B26D04A46404B1A603D4B1A6010
:100C9000394B9B68DD51BFF35F8FBFF35F8F00223D
:100CA000344B1A6088F3108803B0F0BCBB46B246E0
:100CB000A946A046F0BD0D00EAE72A0053469A4334
:100CC00090688442D6D1062010561300002809DA15
:100CD0000D0031E04A462C4B1A60D9E70620185621
:100CE000002822DB42001118890074188A46A16886
:100CF0009960E179D971062161569971002925DB46
:100D0000A488F11A6405241554440919E02409053E
:100D1000490D24022143998013181D4A9B00117824
:100D2000F31899711070ABE713005946002914D1DC
:100D3000FF3191711749918015490A789A71164AC5
:100D40009B1B5B415A43120D0A7099E71349E2E776
:100D50000620105613000028C4DA114A1149D21A8D
:100D6000083A5002400D014399800F4952080A4346
:100D7000DA8085E7240100D000ED00E0CD0100100D
:100D8000901D002000E100E080E100E080E200E052
:100D90002A33002001BDFFFFAAAA000001BD000008
:100DA000CA1D002000F0FFFF00F8FFFF70B5EFF351
:100DB000058101240443EFF3108C72B6214A1368B5
:100DC000002BFCD0BFF35F8F1F4B05001F4AED1AAD
:100DD0006D416A43120D1E4D8900AE6852B27658BD
:100DE000A6421CD00621595691421CD012215956B8
:100DF000914222D01E215956914220D02A21595683
:100E00000324914210D0134B19781A708171BFF3EB
:100E10005F8F00220B4B1A608CF3108870BDAB689B
:100E20000D4C5C50EFE700246100091989005B1844
:100E3000FF21997109499980E5E70124F4E702242B
:100E4000F2E7C046240100D0901D0020AAAA0000AD
:100E500000ED00E02A330020CD01001001BDFFFFAE
:100E6000054B064A1360064A136053609360D360D3
:100E700013615361936170478080808000E400E0DB
:100E800004E400E010B5084B084C82B00100009368
:100E9000002205232000FFF7D1FC002801DB1F23DF
:100EA000181A02B010BDC046DC1B01102F33002001
:100EB000024B9C4661448900016070474000003449
:100EC00010B50400FFF716FD01002000FFF7F0FF4A
:100ED000FF232371BFF35F8F10BDC04610B5040020
:100EE000FFF708FD01002000FFF7E2FFFF23A380CA
:100EF000BFF35F8F10BDC04610B504000120FFF79F
:100F000005FD034BC3189B002360BFF35F8F10BD2B
:100F100040000034034B9C46614489000160BFF3EC
:100F20005F8F70474000003483680B4810B58446DB
:100F3000614462441201090159189B185C684A68AF
:100F40000120944201D802D00020C0B210BD1A681E
:100F50000B689A42F9D8F7E7FFFFFF0F0A4B1968B1
:100F6000EFF3108072B60A68002AFCD0BFF35F8FDF
:100F70001B68BFF35F8F00221A6080F3108840BFA8
:100F8000002000217047C046F8320020F8B55746CF
:100F900045464E46DE46E0B598460CAB1C780DAB98
:100FA0001B78070091469A460568002C59D1AC7B06
:100FB000002C3BD0660029683619033E89194B780E
:100FC000AB73002B00D1EB7300238B704B700B7055
:100FD0002D4BE218BB6812019B184A461A60424624
:100FE0005A600A9A9A600B9ADA6000238B704B70F1
:100FF0000B706B7B9B46002B26D022006B685946FA
:10100000A86898475B465B005B442A68033B00285E
:1010100012D058469619B070D118D35C002B00D06E
:1010200073705B460C706B735C450ED0F0BCBB46B6
:10103000B246A946A046F8BDD3189C709119925D9E
:10104000002A1CD15B460B706C734A464346387DC0
:1010500000F0D8FB051E0AD10E9B002BE6D01D70B8
:10106000E4E7660029683619033E8919B0E753465C
:10107000002BF1D12100386800F0DCFDECE75A705C
:101080005B460B706C73E0E7FFFFFF0FF0B5DE46C9
:1010900057464E4645460023E0B58BB00893684B53
:1010A0008200D45800239B46099000F017FB0200F1
:1010B0000B006068EFF3108A72B65646016800298B
:1010C000FCD0B246BFF35F8F21684F7B8C46002F68
:1010D0002ED0A5685B49A94679180901894449467B
:1010E0000868496805000E00AD1A9E41002E5FDDBC
:1010F00002000B00099800F085FB002300229946AE
:10110000002306920793002398466368BFF35F8F1E
:101110005A461A608AF310884346002B12D10028E1
:10112000C3D10BB0F0BCBB46B246A946A046F0BD49
:1011300000230022994600230692079300230020F3
:101140009846E2E7089B494618023843C047626860
:1011500005000E00EFF3108A72B61368002BFCD066
:10116000BFF35F8F002E41DB2B00334302D0236996
:10117000002B56D12368D97B002905D01A68480076
:1011800041185218033A57709A7B002A00D19F7376
:10119000DF73E268013FD35D0133D3555B462361C2
:1011A0006368BFF35F8F5A461A608AF310887CE742
:1011B000002E02D1002D00D09AE70021604600F0F9
:1011C000B7FC4B461A685B68069207934B469B68D0
:1011D00098464B46DB689946E368DB19013B1B7870
:1011E00008931B020343236100208EE72369002B31
:1011F000C0D0069A079B8021521BB34109068B423F
:1012000002D30122104B524200210491013103917B
:10121000494601914146200002970091FFF7B6FE32
:10122000BCE700F05BFA2A00330012184B41802122
:1012300009068B42E8D30122034B5242E4E7C04641
:10124000DC320020FFFFFF0FFFFFFF7F10B5144CC3
:101250006368002B04D00A211248FFF729FE10BD55
:101260002300114A1021206800F07EFB032000F0CB
:1012700029FA032000F02EFB03200C4900F07CFA31
:10128000FFF738FB0A4B9C4603232375D0231B062C
:101290001B6860446375074B80006060DC60DAE7C0
:1012A000D81D0020F8320020290F00108D100010EA
:1012B00040000034DC32002000487047D81D002078
:1012C000F0B557464E464546DE46E0B585B001933B
:1012D00010AB1B780600039300239A4698460092B1
:1012E0007268EFF3108B72B61368002BFCD0BFF35B
:1012F0005F8F3568AC7B002C00D16EE067002B68F7
:101300003F19033FDB195A78AA73002A00D1EA7308
:10131000484AA118B2680901521800980199106052
:1013200051600E9991600F99D16042469A705A703F
:101330001A706B7B9946002B00D16BE022006B6822
:101340004946A86898474B465B004B442A68033BD4
:10135000002856D04846D719B870D118D35C002B56
:1013600000D07B704B460C706B734C4553D0F368C8
:101370001B19013B18787368BFF35F8F42461A60F0
:101380008BF310885346002B08D10002204305B090
:10139000F0BCBB46B246A946A046F0BD039B002B5D
:1013A00046D00E9B00200F99984703000B433FD077
:1013B00004000D1E1ADA009A019B121BAB41009229
:1013C000019380221206934204D301231A4C5B42FC
:1013D00000930194039B9A4682E77368BFF35F8F83
:1013E0001C608BF3108801204042D0E700F076F9B2
:1013F0008022001969411206009001919142E9D3BF
:10140000E3E7D3189C70D119D25D002A00D05A703E
:101410004B460B706C73307D009A019B00F0F2F923
:1014200082460028A3D02100306800F003FC9EE72C
:101430000020ACE7FFFFFF0FFFFFFF7F407D7047FD
:10144000F0B504000D0006267642F717C646361999
:101450006F4100B584B08F4214D811D000F03EF92E
:1014600032003B00121A8B41002B15DC002B3ED0C2
:101470002000290000F070F904B080BCB846F0BD2F
:101480008642EBD90026002700F028F932003B0005
:10149000121A8B41002BE9DD002302930193154BB7
:1014A0003200009314483B00FFF70AFF0028DFDBFF
:1014B00000239846BC46114A114F7B6A9C4504D8CC
:1014C000B96A8E42D4D99C45D2D11168EFF310800D
:1014D00072B60B68002BFCD0BFF35F8F1368BFF3AD
:1014E0005F8F4146196080F3108820BFE5E7002A2E
:1014F000BED0D1E75D0F0010D81D0020F8320020CB
:101500000040054070B5060000F0E8F8FA2204003B
:101510000D00002330000021920003F0EBF880233F
:10152000001969411B06994202D301200249404239
:10153000FFF786FF70BDC046FFFFFF7FF0B5EFF3FA
:101540000583CE46474680B505000C0085B0002BCC
:1015500012D02A4A0020536AA34203D3926A013070
:10156000AA4204D305B0C0BCB946B046F0BD1B1BAF
:101570005A1E9341D8B2F5E7214E02930193214BB5
:101580000200009330000B00FFF79AFE031EE0DD1F
:1015900020BF7168EFF3108772B60A68002AFCD08A
:1015A000BFF35F8FDAB29446FF2230681A40417B66
:1015B00061450FD0016889465100884649469044EC
:1015C000414403398978002904D13269934209D111
:1015D000316107E0F1681B0A8A18013A1278DBB220
:1015E0009A4207D07368BFF35F8F00221A6087F3B7
:1015F0001088AEE7614600F01DFBF3E700400540B0
:10160000D81D00205D0F0010F0B5EFF30582D6461F
:101610004F4646461000C0B51038EFF3108872B63A
:10162000214C2368002BFCD0BFF35F8F01231900EE
:1016300081401E4D1F006963AA461D4D29601D4D46
:101640002E78AC463500C5402F402B4215D053466E
:101650005F6A194B8500EB589F4218D36246174BBF
:101660008E43EB581670BFF35F8F0022226088F321
:101670001088002B06D0984704E0BFF35F8F2760E7
:1016800088F31088E0BCBA46B146A846F0BD0C4BC2
:1016900092009C46624413681360BFF35F8F00237F
:1016A000236088F31088EDE7280100D00040054052
:1016B0003C7005402E33002004330020FC2C002019
:1016C000D03F054010B5034B01001800024AFFF758
:1016D00093F810BD29330020F81B0110034B596A01
:1016E0000A00986A596A8A42FAD170470040054058
:1016F00070B504000D00174A536A1900966A536AC0
:101700008B42FAD13000190024184D41AB4216D853
:1017100013D0104B2A005B6A9D4203D90D494B6AD6
:101720009342FCD3934207D10A4A02E0516A99429C
:1017300002D1916AA142F9D370BDA642E9D9054B05
:101740005B6A1C005A1CEFD0012201246442E51799
:101750005242E3E700400540064A536A9942FCD8EA
:1017600007D1044B02E05A6A914202D19A6A82423E
:10177000F9D370470040054070B504000D00EFF349
:10178000108672B61A4A1368002BFCD0BFF35F8F25
:10179000002D1BD02000FFF7FBF8164981420AD02C
:1017A0002000FFF7FDF801212000FFF7C1F8012319
:1017B000A340114A1360114BA400E550BFF35F8FA3
:1017C00000220B4B1A6086F3108870BD0121A140E6
:1017D0000A4BA200D5500A4B20001A788A430549CB
:1017E0001A70FFF701FA00212000FFF7A1F8E5E7E2
:1017F000280100D00916001038600540FC2C00209C
:101800002E330020F0B54F46D6464646C0B50700F9
:101810002B4C616A0D00A66A616AA942FAD18B421B
:1018200008D805D00120E0BCBA46B146A846F0BDB4
:10183000B242F7D9EFF3108A72B622480168002944
:10184000FCD0BFF35F8F0125BD401F491C4C88466B
:10185000097889462943C9B28C46414660460870DA
:10186000391D890065630A511849B8004350216A3F
:101870000020294219D0616A0800A66A616A814283
:10188000FAD18B4219D801D1B24216D8CC450BD02F
:101890000B4B1F221D625D6301233A4093400C4AAB
:1018A000136043464A461A700120BFF35F8F00223F
:1018B000044B1A608AF31088B5E70020F5E7C046AC
:1018C00000400540280100D02E33002004330020C2
:1018D00080E200E0EFF3108C72B60A490B68002B2F
:1018E000FCD0BFF35F8F01238340074A0748136290
:1018F00002789A430270BFF35F8F00230B608CF372
:1019000010887047280100D0004005402E33002089
:1019100070B506000D00140000291DD0002A12D059
:1019200073688068984762006B0012195B19316810
:10193000033A033B002808D08A189570C818CB5C7E
:10194000002B0BD10470280070BDCB189C70881838
:101950008A5C002A05D105702000F5E753700470F9
:10196000F1E75A700570F7E710B583600023CCB239
:1019700043730133426004738373C4730068421C71
:10198000012C05D90133DBB2137003329C42F9D12B
:10199000FF230B405A00D318C018002303384370AC
:1019A00010BDC04670B505000C1E07D0630001686D
:1019B0001B19033BCB185A78002A01D1200070BDB7
:1019C000500080180338091800204E784870210014
:1019D00058702800FFF79CFF310004002800FFF733
:1019E000E1FF0600002C20D00028E7D032002100C3
:1019F0006B68A86898477200630092191B192968E0
:101A0000033A033B002808D08A189470C818CB5CAE
:101A1000002B00D053700670D0E7CB189E7088184A
:101A20008A5C002A00D05A7004703400C6E7C046B1
:101A3000F0B557464546DE464E46E0B50D006F0010
:101A400001687F19033F0400C85D83B00192CA1981
:101A5000002850D043001B18033BCB185E78B446D7
:101A6000002E1AD1019E002E42D0E67B002E04D01B
:101A700073009B19CB18033B5D70A37B002B00D137
:101A8000A573E57300282FD10023537003B0F0BC79
:101A9000BB46B246A946A046F0BD72006244033A76
:101AA0008A18517888460021517089465970320051
:101AB00001002000FFF72CFF43468246002B07D091
:101AC0005B0021684344033BCB185A78002A16D1A7
:101AD000424651462000FFF71BFF2168019BCA19AF
:101AE000002BC2D10028CFD043001B18033BCB18DA
:101AF00000219970C8E7019B002BB6D1C4E75000C4
:101B0000801803380918487883464846487058704A
:101B100041462000FFF7FCFE594680462000FFF7B3
:101B200041FF414602002000FFF7F2FE8046CFE76A
:101B3000F0B557464546DE464E46E0B583B00191C6
:101B4000457B04006F0000687F19033FC15DC21927
:101B5000002952D04B005B18033BC3185E78B44693
:101B6000002E1CD1019E002E44D0E67B002E04D016
:101B700073009B19C318033B5D70A37B002B00D13E
:101B8000A573E573002931D10023280053706173D8
:101B900003B0F0BCBB46B246A946A046F0BD7200F9
:101BA0006244033A82185078804600205070814683
:101BB000587032002000FFF7ABFE43468246002BF0
:101BC00007D05B0021684344033BCB185A78002AB6
:101BD00017D1424651462000FFF79AFE019B0100B3
:101BE0002068C219002BC0D10029CDD04B005B1852
:101BF000033BC31800209870C6E7019B002BB4D1AB
:101C0000C2E75000801803380918487883464846D0
:101C10004870587041462000FFF77AFE59468046CA
:101C20002000FFF7BFFE414602002000FFF770FED4
:101C30008046CEE770B5050000292CD0437B8B424F
:101C40002ED04C0000686418033C0419A278002AC6
:101C500021D053009B18033BC25CC6188A4202D1B4
:101C60001BE0002A08D053009B18033BC3185A7886
:101C70008A42F6D162785A70002301222800A370AC
:101C80006370FFF7D5FE697B02002800FFF740FE76
:101C90006873012000E0002070BD63783370EBE7CB
:101CA00001221900FFF7C4FEF2E7C04610B50C2070
:101CB00082B000F0B7F9FEF797FD002810D08B4BEB
:101CC0008B488B498B4A186059609860D9601861BD
:101CD00059619861D961186259625A6202B010BDA7
:101CE000854CA06700F0F4F90122844B1A60636C04
:101CF000012BFCD10322824B1A607F4A936B012B8C
:101D0000FCD1013301217F4A7F480093043300F066
:101D100037F905237D4A009301217D4800F030F911
:101D20007C4B5A68FF2A02D8802252005A608022D7
:101D3000734B6E4C12011A602169002907D060694B
:101D400001F0C0FE013043001B18033BFDD2E0222E
:101D5000704B714819680A400260022219685140AC
:101D600001320A40042102609A681142FCD08021AD
:101D70006A4A09011160802252005A60684B23614F
:101D8000684B5968FF2900D85A60032201215B4B38
:101D90001A60644A93681942FCD0E023106803403B
:101DA00061480360126803234A40022113405D4AE0
:101DB000036093681942FCD080215C4B09011960D3
:101DC00080215B4B4900516063615A4B5A68FF2A7E
:101DD00000D859608022584B12011A60E16900292D
:101DE00007D0606901F06EFE013043001B18033B11
:101DF000FDD2E0234F4A11680B4050490B6080210F
:101E00004F4B090119608021394B49005160E36152
:101E10004C4B5A68FF2A00D8596080224A4B120165
:101E20001A60216A002907D0606901F04BFE013079
:101E300043001B18033BFDD2E023424A11680B40CC
:101E400042490B608021424B0901196080235B00ED
:101E500053608022264BD20223623E4B5968914246
:101E600000D25A6080223C4B12011A60616A00293C
:101E700007D0606901F026FE013043001B18033BC8
:101E8000FDD2E023334A11680B4034490B608021B6
:101E9000334B090119608023DB025360154B6362E9
:101EA000304B5A68FF2A02D8802252005A608022A2
:101EB0002D4B12011A60A169002907D0606901F059
:101EC00001FE013043001B18033BFDD2E023254AED
:101ED00011680B4025490B608021254B09011960D1
:101EE00080235B005360124BA361F7E6E0230020E0
:101EF000006CDC021BB70000008000403CB00040DA
:101F000030B00040002F685900800240008C8647A6
:101F100000C00240308000403090004030A00040BF
:101F2000001BB7003C8000403C9000403CA00040BB
:101F3000405973075480004054B000405490004012
:101F400054A000406080004060B0004060900040BD
:101F500060A000406C8000406CB000406C9000407D
:101F60006CA000404880004048B0004048900040CD
:101F700048A00040014B8000C0587047E02300207B
:101F8000F8B5040022481E0017000D0001F09AFD6C
:101F90000100380001F096FD069B36041B031E432A
:101FA0002368002B22DB1B4B1B49E3185A1E93416D
:101FB0008022920194465B421B0B184A1B03634428
:101FC0001360174A13601F008A689743FBD1C02231
:101FD000231D92011A4321232560A060136023680A
:101FE000002BFCDA0823E6601360F8BD3F2322686B
:101FF0001340AB42D7D1A3681B051B0D8342D2D13E
:10200000EE22E368D2021340B342CCD1EDE7C046E2
:10201000001BB7000040FDBF00C0004000E00040D2
:1020200000F000408023024A9B000343D3627047C4
:102030000080054010B580241C4BE4051C6000287E
:102040001AD001231A4C18431A4BDC611A4C444035
:102050001C62596298628021144BC90519601748A7
:1020600017490860E021C9041960002A07D18022BD
:10207000144B12061A6010BD0E4BD861EBE75301EA
:102080009B1A9B009A18802312015B049A4209D282
:1020900013000D490B60074B5A608022094BD20593
:1020A0001A60E8E7094B1A00F3E7C04600B00540A4
:1020B000D3C007B0008005402D3FF84FFCFF010062
:1020C0000820014000A00540B4320020FFFFFF00BF
:1020D000AA23064A1B0113602F230549D360054B31
:1020E00019605368002BFCDA7047C046004002407C
:1020F00000B0FA00006002402C4B2D4A70B51A6007
:102100002C4A2D4B2D491A6014008B689C43FBD13F
:102110002B4D2C4EB54208D2013E761BB60808CD99
:10212000984723000134B342F9D1FFF7BFFD264A97
:10213000214B1A60214A9368DB43DB01DD09002B48
:10214000F9D14022214B224C224E9A675A671A67D6
:10215000DA66B44208D223682000002B20D008346D
:10216000FEF7BCFEB442F6D31B4C1C4EC022B16835
:10217000200002F057FBB460FEF7AEFBFEF770FEE6
:10218000FFF764F8164C174EB44208D2013E361BD6
:10219000B60808CC98472B0001359E42F9D170BD96
:1021A0000834FEF78DFEB442D5D3DDE700E00040F1
:1021B000BFCDFBFEFE7F3C0000F0004000C00040B1
:1021C000C0230020D0230020FFFFFF0100F00140CA
:1021D000B8230020C02300200000002000ED00E014
:1021E000D0230020E023002000BEFDE7094A0300C1
:1021F0001068002805D00849C3188B4207D813601F
:10220000704706480449C31810608B42F7D9012073
:102210004042F5E7902E00200000042030330020DB
:1022200000207047012040427047C04610B5FFF7BC
:10223000DBFFC0460FB400B5084883B002F0CCFB0A
:10224000049B002B07D005A91800019101F0C0FBE9
:10225000034802F0C1FB0120FFF7C6FF1C1C011060
:102260002C1C011010B50148FFF7E4FF301C0110D1
:102270009A4200D2885470477047C046F8B5574616
:10228000DE464E464546E0B599460A9B07009A460B
:102290000D9B884693460B9C9B073BD10C9B9C4215
:1022A0003DD21E1B0B9415000C005E442A004B46C9
:1022B000013521002020B847B542F7D1A0460B9C3C
:1022C000002C20D0454636195346321B013C185D80
:1022D00029004B46B847002CF6D12B003500984614
:1022E0000D9B9B070FD55B46EC1A0C9BA3420AD9AA
:1022F000464698462A004B46310020200134B84714
:1023000001354445F6D32800F0BCBB46B246A94689
:10231000A046F8BD16001500002CD3D1E0E716004A
:10232000002CCFD11500EEE7F0B54F464646D64615
:10233000C0B584B098460EAB1B7894469946129B64
:102340000D9C109F119E9A0725D4002E65D1BC428A
:1023500021D201221A409246202C00D1E9E00C9AA9
:10236000551E302202E0202C00D17BE001342A559A
:10237000A742F8D85246002A0DD0B4420BD20C9A8C
:10238000551E3022202C02D171E0202C2DD001349A
:102390002A55B442F9D1DA063CD55A052ED4002C80
:1023A00028D10F9A102A00D1B6E0022A00D1BCE051
:1023B00030220C9C227001244A46002A65D15A071B
:1023C00000D499E02B220C9D2A55013403930C9BD9
:1023D00062460093029643460194FFF74FFF04B014
:1023E000E0BCBA46B146A846F0BD2024DA06EDD5D9
:1023F0005A0503D4A74266D0B44264D00F9A102A7B
:1024000071D0022A57D0202CE0D022000134302590
:102410000C9FBD54202CD9D0CEE7012215001D40C1
:10242000AA461A4236D04A46002A4AD10C321A42EB
:1024300047D1BC42A1D2202C91D1202E17D82024E4
:10244000DA06C3D55A051BD4202F01D0202ED5D1B2
:102450001F220F9D102D6FD0022DD8D162250C9F09
:10246000BD54D0E75246002A79D0202EBDD9202471
:10247000DA06ABD55A0503D4202FE9D0202EE7D0B9
:102480000F9A102AA2D12024A0E72D220C9D2A55B4
:1024900001349BE7BC4200D37DE7202C00D05EE7EF
:1024A000DA06F0D55A05EED4202F62D0202EEAD1DC
:1024B00034001F22CDE7202C00D187E72200013411
:1024C000CCE7013EB5E7621E012CC2D10F9A102A5B
:1024D00000D06AE79A063BD558220C9C2270283A15
:1024E0006270022468E79A060ED4202CCBD07822A2
:1024F0000C9D2A55013486E71A0700D466E720228E
:102500000C9D2A55013461E7202CBCD058250C9A2B
:1025100012191570013476E79A0608D558220C9CDA
:10252000227030226270022446E76032F7E7782298
:10253000F5E7002A83D1B3E7A21E013C9D0603D430
:1025400078250C9FBD5460E758250C9FBD545CE76F
:1025500078220C9C2270483A627002242CE7DA063A
:1025600000D433E75A058BD4202F00D044E71F2234
:102570006FE73C001F226CE710B5002800D110BDAA
:1025800002F0DEF9FBE7C0460B0010B5002802D0D0
:1025900049681B68984710BDF0B557464E464546FA
:1025A000DE46E0B599B08246894690460893229A65
:1025B000239B1000190001F046FD002800D0CDE05B
:1025C000229823990122D94B524201F037FD00286D
:1025D00000D0C3E0229823990122D54B524201F04A
:1025E0001FFD002800D0B9E0229823990022002383
:1025F00001F016FD002800D0F1E1229E239F8023E8
:10260000269ADB001A400D92269A1A4201D106231F
:1026100024938023269A1B011A403B009346099677
:10262000334300D0B3E0002A00D0C2E100230024ED
:102630000A930B94002304250993259B0024AB42A5
:1026400000D95C1B0223269A1A400C92269A134248
:1026500003D06B426B415B421C40099B002B07D0AF
:102660000A9A0B9B3000390001F079FC06000F003C
:10267000229823990022002301F0D2FC002803D0E5
:10268000802109067B181F00269AAA4B0096019705
:102690001340089E0493249B039402934246330004
:1026A0004946504600F0AAF90400002D67D02020CA
:1026B000269A4946024013005A4253415B42621C2B
:1026C00018400A92330022004530D047099A6F1E05
:1026D000D317D4185C40D30F9B46002501E0202D72
:1026E00013D008AA94461F23200063440A21013511
:1026F0005E1901F0E7F93031317020000A2101F054
:10270000E1F926000400092EE9D8052306930023E9
:1027100004930A3303935B46089E029310AB0A9A14
:10272000009349463300504605970195FFF7FCFD9D
:102730000C9A0400002A22D04246851A259AAA4201
:102740001DD9B04657461600220043464946202070
:102750000135B8470134AE42F6D810E0269B424618
:102760000493259B49460393249B50460293229B46
:10277000239C00930194089B00F040F90400200082
:1027800019B0F0BCBB46B246A946A046F0BD6A4BA4
:1027900078009C46400D604401F068FC674A684B35
:1027A00001F0FBFB674A684B01F0D0FB674A3B0333
:1027B0001B0B1A4304000D0009981100644B002202
:1027C00001F0BBFB634A644B01F0E7FB02000B0026
:1027D0002000290001F0BAFB01F060FC099001F033
:1027E00045FC5E4A5E4B04000D0001F0D6FB002262
:1027F0005C4B01F0ABFB01F051FC5B4A5B4B2900E9
:102800000C90200001F0C9FB04000C980D0001F0B1
:102810002DFC574A574B01F0C0FB02000B00200073
:10282000290001F08AFB04000D0002000B000A944D
:102830000B9501F0B2FB04000D000A980B99020001
:102840000B0001F083FB00220E900F914A4B2000F9
:10285000290001F084FB0022484B01F077FB0200C5
:102860000B002000290001F07AFB0022444B01F00C
:102870006DFB02000B002000290001F070FB0A9A9A
:102880000B9B0D0080210400C905002001F055FBC1
:1028900002000B002000290001F058FB02000B0091
:1028A0000E980F9901F05BFB0022284B01F04EFBC4
:1028B000344B0C9C9C4664442305002201F06DFBC4
:1028C00004000D0002000B00300039000A940B9543
:1028D00001F0A6FB00285DD123002A00C625099936
:1028E00063318D42AD4159466D420435002900D116
:1028F000A3E6134363D030003900234A234B01F091
:1029000095FB002807D0002230003900204B01F051
:1029100087FB002853D1249B002B00D18DE60D9B13
:102920005A1E9341249AD31A249386E6FFFFEF7F21
:10293000FFFFEFFFFFF7FFFF01FCFFFFFB799F5059
:102940001344D33FB3C8608B288AC63F0000F03FD2
:102950000000F83F61436F63A787D23F71A37909F5
:102960004F930A400000E03F1655B5BBB16B0240E3
:10297000EF39FAFE422EE63F00002C4000002440D2
:1029800000001840FF0300002D431CEBE2361A3F05
:1029900080842E41099B0022013B09932000164BA5
:1029A000290001F0DCFA0A00010003000A910B92F1
:1029B00094E7002300240A930B9400230993249A9C
:1029C000099B9A4214DDD31A013B24938023269A53
:1029D000DB001A4300230025269209932DE680226E
:1029E00012069446229B1E00239B63441F0006E6AA
:1029F00000232493EAE7C04600002440F0B5454692
:102A0000DE464E465746E0B595B08B469046994611
:102A10001E9A1F9B0A9019001000209D01F013FBC5
:102A2000002800D0B0E11E981F990122C74B5242E6
:102A300001F0F6FA002800D037E11E981F99012214
:102A4000C34B524201F0FAFA002800D0A7E01E98CA
:102A50001F990022BF4B01F0F1FA002800D088E056
:102A60001E981F990022BC4B01F0DAFA002800D012
:102A70007FE01E981F990022002301F0D1FA002860
:102A800000D0FAE000230B938023229C229ADB00E3
:102A90001C401A4200D102E1092D00D87CE106A9B0
:102AA0008C462C00172200233021093C624401335C
:102AB000D154EF1A202B00D132E1A342F7D10022EA
:102AC000A44B069207931E981F9901F0E7FA0500A0
:102AD00001F0CCFA02000B001E981F9901F02DFAAC
:102AE000069A079B01F059FA0890099101F0FAFA49
:102AF000060001F0B7FA02000B000898099901F0EE
:102B00001CFA0022954B0890099101F097FA0028D1
:102B100000D1D2E00136300001F0A4FA069A079BFA
:102B200001F084FA002801D000260135AA46002FC2
:102B300000D098E0280001F099FA02000B001E98DE
:102B40001F9901F0FAF9854B002206000F0001F0F1
:102B500067FA0CAB9A46002845D1002230003900B4
:102B60007E4B01F06BFA00283DD1EB073BD50135D8
:102B700039E0229B42460493219B594603930A98CD
:102B80001E9B1F9C0295009301944B46FFF704FD8A
:102B900015B0F0BCBB46B246A946A046F0BD229B8C
:102BA0005B0767D403226E4B22990192039121990E
:102BB0000291009342464B4659460A98FFF75EFB46
:102BC000E6E706AA94461723280063440A21013445
:102BD0001E1900F04FFF3031280031700A2100F03B
:102BE00049FF051E76D0202CEBD10323229A1340F7
:102BF000012B1DD1219B002B1AD00B9B002B00D049
:102C0000BBE0229A0C33134200D0B6E0219BA342D2
:102C100000D887E006AB9C4617223023624404E0CC
:102C20002199013413558C4259D0202CF8D12024FD
:102C3000229B01940393219B02935346B9E706AA72
:102C4000944617230A216344300001341D1900F013
:102C500039FF3031297030000A21013F00F032FF86
:102C6000092E46D90600202CE9D155460CAB20246C
:102C70009A46B8E704223B4B96E71E9A1F9B00201A
:102C8000002101F05AF901230B938023229C229A00
:102C9000DB001E901F911C401A4200D0FCE600226F
:102CA000314B0627069207930DE7229B0393219B46
:102CB0000293042301932D4B7BE700220898099986
:102CC000264B01F0ADF9002800D02FE7002E4FD1A0
:102CD00001362BE70323229A1340012B66D0202CC8
:102CE000A6D00B9B002B1FD02D2352461355013429
:102CF0009EE75546202CB9D030233A19002F08D032
:102D0000172006A9013409180B55202CAED0944287
:102D1000F6D10CAB9A462E2352461355013462E786
:102D20002024CCE6202C83D0229B5B0708D4229B56
:102D30001B0700D47CE7202352461355013477E764
:102D40002B2352461355013472E7C046FFFFEFFFB5
:102D5000FFFFEF7F65CDCD4165CDCDC10000E03FE8
:102D6000441C01103C1C011080842E414C1C01109D
:102D7000F30700D4DAE60136D8E6219B013B219324
:102D8000A34200D946E7AAE7229B0393219B029323
:102D900003230193074B0CE7074BEA009B185C6881
:102DA0001B682F000693079400248CE6219B002BC0
:102DB00095D022E7481C0110A0290110F0B5574614
:102DC000DE464E464546E0B5A5B01F002E9B914617
:102DD0000D93CA4ACA4B82468B461A60002900D11D
:102DE00029E2002338789846002800D12BE2C54B11
:102DF00044460C93C44B55464E460E930AE0631C62
:102E00009846220033005946A8474446387800289F
:102E100000D187E001372528F1D108239A46043BE9
:102E20009946023B9846013B00229C460B94387819
:102E3000791C0300203BDBB2102B03D80C9C9B00B9
:102E4000E3589F460300303B0B9C0B92092B3AD969
:102E5000002398462A2800D1DDE000239A462E2838
:102E60004BD00300683BDBB2122B1ED80E9A9B009E
:102E7000D3589F4663460F001A43D8E743460F00D6
:102E80001A43D4E74B460F001A43D0E710230F0034
:102E90001A43CCE753460F001A43C8E780235B0070
:102EA0000B9A78781A430B9201310F0067284FD89C
:102EB0002428A4D90300253BDBB2422B9FD8934999
:102EC0009B00CB589F46002398460B9B47469C4649
:102ED00000E00131BB00DB195B001F180878303FB0
:102EE0000300303B092BF4D963460B930023B8460B
:102EF0009A460F0001312E28B3D180200B9AC000D2
:102F000002430B9230225242944678780B0084445C
:102F10006246092A00D8AAE12A2800D1B9E10F00A7
:102F200001319EE7A046AA46B146C84503D3012316
:102F30005B424B4498464B46424659460020D04798
:102F4000200025B0F0BCBB46B246A946A046F0BD65
:102F500001006939C9B20F2900D950E701238B401C
:102F60009C466B4B994663464A4613400F93624614
:102F70004B461A4200D068E10A2956D0072900D0F2
:102F80003DE70D9B02CB9846002900D092E10B9BB8
:102F900010211A008A431000113108438146802015
:102FA0001A00C0000240110003421CD114AB9C4621
:102FB0001F220F2362440D959C4615000F9B0B9416
:102FC00002E0202B0CD0110064460C40200037306A
:102FD000092C00D807380133E8540A090F29F0D822
:102FE0000B9C0D9D0F934B4608220693534605926A
:102FF00008320392002204930F9B029201931CABB0
:1030000022000093594633002800FFF78DF943460C
:1030100004000D93FAE60D9B04CB9046002A79DB61
:1030200078780D930F00013117E70D9B02CB1493B5
:103030000B789C4618005346002B00D134E1002841
:1030400015D05346013B013399460D940B9C89449E
:103050004A460B00A14601E0934203D05C7801335D
:10306000002CF9D14A465B1A0D9C0B920F938023DA
:10307000DB0099460B9A13400D934B461A4204D03D
:103080000F9B534501D953460F93022399460B9A40
:1030900013400B934B46134200D1F5E16346002BDE
:1030A00000D1D6E10D9B002B00D182E10B1BD14654
:1030B00031009A463B00A1442E005F464D46220057
:1030C0009B46894609E04B463900541CB04753469D
:1030D000185D002800D192E122009542F3D14B46C1
:1030E0005A46A946BB46350017001E004C460B9BAE
:1030F000002B00D0ADE1149B0D9387E6BD2D001091
:103100009832002000280110442801109028011056
:10311000419000000B9A283802430B9242465242DB
:10312000787890460F000D93013196E678786C28F8
:1031300000D15DE180230B9A5B001A430B920131B1
:10314000B3E680239B00ABE67878682800D148E19D
:1031500080230B9A01311A430B92A6E6672800D10F
:10316000B2E0472800D11AE1452800D11CE10B9AB2
:103170000721049242460D9B0392073352468B432C
:10318000190002920CC92800009201930D912200AF
:1031900033005946FFF700FA040037E6462800D10D
:1031A0008DE00B9A0721049242460D9B0392073350
:1031B00052468B43190002920CC9280000920193D9
:1031C0000D91220033005946FFF718FC04001DE65C
:1031D000631C98462200330059462520A8474446E0
:1031E00014E60D9B04330F93631C99460B9B9A07BF
:1031F00000D40AE10D9B2200187859463300A847F5
:1032000043464444012B00D86FE1B0462E00250010
:103210004C46B9465F46220043460134390020201F
:10322000B047AC42F7D12C00BB4635004F4646466E
:103230000F9B0D93EAE5D64B38789A4600239846C3
:10324000002800D0D3E500246FE66F2842D000D8D4
:10325000FDE11023782800D19BE00B9A9A430B9252
:103260000A239C46002314930A330F9338E05746F1
:103270000B9AB900C919490001330F181878303F6B
:10328000010030390929F4D9BA460B921F00591CA4
:10329000E7E50D9BB87804CB0237D143C9170A4044
:1032A00092460D93791CDCE5002800D1DFE602236D
:1032B0005B42C8E621200B9A0243914676E6202322
:1032C0000B9A1A430B926CE780230B9A1B011A434B
:1032D0000B924CE708239C460023149308330F936A
:1032E0000B9880230200DB001A40110002001842F4
:1032F00000D080E00C239A431000802302009B0042
:103300001A400B92184200D0F1E0802302005B00CB
:103310001A4091460D9A04321492184200D0C3E22A
:10332000430600D5D7E0030600D421E30D9B1B889C
:103330000993002B00D02DE110339843002900D1D0
:1033400028E10023994643460593534604930F9B77
:1033500006900393002302934B4601931CAB22007B
:103360000093594633002800FEF7DEFF0400C2E652
:10337000582809D0622800D0E3E202239C460023AB
:10338000149302330F93ABE720230B9A1A430B924B
:10339000103B9C460023149310330F93A0E7802327
:1033A0000B9A1B011A430B9220230B9A1A430B9280
:1033B000DDE60B1B9A460F9B99463B0037005E46A5
:1033C0009B4622003B003100A84753460134185D5C
:1033D0000028F6D14B460F935B46B3463E001F00D4
:1033E00085E6C0230B9AB8781A430B92F91C5CE56A
:1033F000C0239B00F6E70D239A4310007DE75B4650
:103400003500BB464E461F0071E64346012B66D988
:10341000631E434432002E001D003B00A2465F465F
:1034200091469B4622004B46013439002020B0478C
:10343000AC42F7D15B463500BB464E46A1465446EA
:103440001F000D9B4A461878594633004444A8474C
:10345000EEE60F9BA146984500D84CE64444E41A9A
:10346000B0462E0025004C46B9465F462200434632
:10347000013439002020B047AC42F7D12C00BB46C4
:1034800035004F46464636E60F98804500D873E231
:103490004346E218131A32002E001D003B009146ED
:1034A0005F469B460F9122004B4601343900202095
:1034B000B047AC42F7D15B46BB461F0043460F996D
:1034C00001330F930B7835009C464E46604600282A
:1034D00000D0E7E50FE60D9B1B78099329E70D9BCC
:1034E0002200187859463300A8474C46A0E60D9AAA
:1034F000FA3BFF3B07329A430133994691444B46CE
:103500000D931368526815921A4306D110329043F6
:1035100000220992002900D083E06122810600D5B3
:103520004122D2B20A9214AA91460A9A00210A3A7A
:103530000B9242461792524618925A46B246099149
:103540001E001F31149B4944BB4616941A95002453
:10355000674698468946159D19901B920AE03032BD
:10356000D2B24B4601341A55A8454CD0202C4CD031
:1035700006000D003A0000233000290000F0E0FAB8
:10358000D2B2092AEBD90B9B9C466244D2B2E8E73F
:10359000792200106123820600D54123DBB20A3B69
:1035A0000B93434614A91F228C461593534662443D
:1035B000B2460D9417974C468046A9461700099DC0
:1035C0000F9E169308E03033DBB201343B55B54211
:1035D0000ED3202C0CD005003100280000F072FA28
:1035E000CBB20929EFD90B9A94466344DBB2ECE7DE
:1035F000159B40469846169B4D465646A1469A4610
:103600000D9C179F9FE6B742B0D9179B5646984628
:10361000189B5F469A461B9B09949B46169C1998DB
:103620001A9D43460593534604930F9B06900393BC
:1036300000230293099B01931CAB2200009359467F
:1036400033002800FEF770FE0400FFF7DFFB1023B5
:103650000B9A9A430F92692800D091E10B9980232D
:103660000A00DB001A4010000A00194203D01121A1
:1036700018008A430F920F9A802311009B00194073
:103680008C461A425BD1802311005B0019408946A9
:103690000D9904310B911A4200D0B2E013005B0681
:1036A00000D4EDE00D9B1B781A00D90F0D91002B73
:1036B00000D1A3E0100014AA944642461F2315929D
:1036C00052466344A846BA464D461494B146040097
:1036D0001F00169201E0202D0FD020000A2100F0DB
:1036E000F1F901357E193031317020000A2100F0E6
:1036F000E9F926000400092EEDD8159B4E46A9468F
:1037000045469846169B57469A46149C0F9B06932F
:1037100043460593534604930A2303930D9B029358
:103720004B4601931CAB22000093594633002800FE
:10373000FEF7FAFD0B9B04000D93FFF767FB0722D2
:103740000D9B07339343013294469C4462460D928D
:103750000CCBD90F0B911100194300D19BE0D91765
:103760001391129151401091139959401191109851
:103770001199129A139B801A99411090119114AAD1
:1037800094464246002315925246994616923200BC
:103790001F336344A8464E46BA4614941F00109C3B
:1037A000119D914601E0202E10D0200029000A2210
:1037B000002300F0C5F9013630322B00BA550D0058
:1037C00022000400002BEED1092AECD8159B10949E
:1037D0001195454698464B46169AB14657461E00E7
:1037E0009246149C0F9B06934346059353460493BD
:1037F0000A2303930B9B02934B461CE7002885D1B9
:1038000059E70D9B1B68DA0F1100002B00D1A6E0D1
:10381000DA179818504014AA91461F2342464B4489
:10382000A8460D94169704006546B1461F001491F2
:10383000159201E0202D0FD020000A2100F042F95E
:1038400001357E193031317020000A2100F03AF93B
:1038500026000400092EEDD8159BAC464546984637
:10386000149B4E4619000D9C169F0F9B02910693C8
:1038700043460593534604930A230393634650E754
:1038800013001B066ED50D9B00229B5ED9175A189C
:103890004A4092B209E7002399460028A2D10022AB
:1038A0000023109211936AE70D9B1B689946002B29
:1038B00003D110339843002938D16123820600D503
:1038C0004123DBB20A3B0D9343461693534614A99A
:1038D0001F228C4617932B0062444D46B246159426
:1038E00018978046170099460B9C0F9E08E03033CE
:1038F000DBB201343B55B5420ED3202C0CD0050071
:103900003100280000F0DEF8CBB20929EFD90D9A7A
:1039100094466344DBB2ECE7169B40469846179BFF
:1039200056464D469A460B94189F159C4346059360
:10393000534604930F9B06900393002302930B9B23
:103940000BE50B9980230A00DB001A4010000A00E7
:10395000194200D08BE610239A430F928BE6002881
:1039600083D158E70D9B1B68D9175A184A409CE62B
:103970000D9B1B680993DCE4030001330F93A5E55D
:103980000B926DE40EB4012230B584B007AC08CCC4
:10399000064D01000094280052420394FFF70EFAEE
:1039A00004B030BC08BC03B01847C04671220010F8
:1039B00000B585B0039101210290009303481300E4
:1039C0004A4202A9FFF7FAF905B000BD89250010A7
:1039D00010B5094A0300146884B0002C08D00122F5
:1039E00000910648524203A9A047012004B010BD2F
:1039F00000F0F2FF0020F9E798320020792500104E
:103A000001480421014B1847001E0020313A0010E4
:103A1000142310B50100188804331B88984710BD83
:103A2000162310B50100188802331B88984710BD73
:103A3000F8B54746CE4680B50F1E19D014239946D7
:103A4000043304000025012698464B461888434657
:103A500021681B88984701C4431E984101354042A4
:103A60000640AF42F1D13000C0BCB946B046F8BD07
:103A70000126F8E7124A936F9B0815D29066D1662B
:103A8000002905D0FFE7FFE7FFE7516F106F704790
:103A900004B580210906C2175140002800D0C84350
:103AA0000DF09AFF002104BDF0B5146E556E576FEE
:103AB000166FFFF7E3FF1466556657671667F0BD8C
:103AC000000000D0114A936F9B0813D21066516614
:103AD000002905D0FFE7FFE7FFE7516F106F704740
:103AE00004B5002801D00020C0430DF075FF00216F
:103AF00004BDC046F0B5146E556E576F166FFFF7D4
:103B0000E5FF1466556657671667F0BD000000D0E4
:103B100094464A4A926F9208624601D228E0C04613
:103B2000F0B5464E346E756E776F366F00F020F844
:103B30009446424A14665566576716676246F0BD5A
:103B400094463E4A926F9208624601D254E0C046C3
:103B5000F0B53A4E346E756E776F366F00F04CF8F4
:103B60009446364A14665566576716676246F0BD36
:103B7000002B24DB11D000293EDA00B5C9434042B6
:103B800000D1013100F038F8C943404200D1013181
:103B9000DB43524200D1013300BD002AEBD10028A3
:103BA00001D1002905D00020C90FC90701D1C043A8
:103BB000410800B50DF0E0FE0022002300BD00B575
:103BC00000290ADBDB43524200D1013300F014F834
:103BD000C943404200D1013100BDC943404200D138
:103BE0000131DB43524200D1013300F005F8DB43E1
:103BF000524200D1013300BD002923D1002B18D13E
:103C0000002A0CD0BC460D4F38667A66002100238E
:103C1000FFE7FFE7FFE77A6F386F674670470028D6
:103C200001D00748010000B50DF0A6FE00220023D8
:103C300000BD02000B00002000217047000000D0F2
:103C4000FFFFFFFF002B00D0BFE0130C28D1002A9C
:103C5000E7D080B4114F39667A66FFE7FFE730B4EA
:103C6000040C7B6F396F1B0423433B667A66FFE7C6
:103C7000FFE7FFE7C04684B27B6F3D6F1B04234321
:103C80003B667A66FFE7FFE7C04600232C042D0C55
:103C90007A6F386F00196941B0BC7047000000D0DE
:103CA000F0B594460025140E01D112020835140F08
:103CB00001D112010435940F01D192000235D40FC5
:103CC00001D152000135D40B0134254F7C66254CBF
:103CD0003C660E0C93B2FFE7FFE7FFE73C6F6643DD
:103CE000360C7703BE467343DF0B5B04C01AB94141
:103CF000130C7343DB18C91ACE086643360CB6445E
:103D000093B273431F0F1B01C01AB941130C7343C5
:103D10001F0B1B05C01AB941860D8F023E43664337
:103D2000360C092D24DB520A7243801A7703460AA7
:103D30006643360C16235B1BDE40DF40BF1964462A
:103D40006643821B7046043506330100D940A84003
:103D5000C01900D30131A24206D20023F0BD0000F9
:103D6000000000D0FFFFFFFF121B0130F3D3F1E78B
:103D700009277F1BFE406446A2B27243801A00D21C
:103D80000139220C7243130C1204821A99410B0060
:103D90007046043513370100F940A840801900D35C
:103DA0000131002B02D1A2420AD2F0BD013000D372
:103DB0000131121BFAD2013BF8D1A24200D2F0BD70
:103DC000013000D30131121BF7E7F0B51C0C00D015
:103DD00080E00CB400251C0A04D11B02160E3343EC
:103DE000120208351C0B04D11B01160F33431201BC
:103DF00004359C0B04D19B00960F3343920002358F
:103E0000DC0B02D192185B4101351C00971864410C
:103E10000134464F7C66464C3C660E0CFFE7FFE7DC
:103E2000FFE7C0463C6F6643360C7703BE4697B249
:103E30007743C01B00D20139C01B00D201399FB2A9
:103E40007743C91BC91B170C77437E04FF0B801BEC
:103E5000B941CE086643360C0C2D33DBB644120B49
:103E60001F053A431B0B97B27743C01B00D20139A1
:103E70009FB27743C91B170C77433E043F0C801B4E
:103E8000B941860D8F023E43664329277F1BFE40C2
:103E90000C3D7746AF40BF1930BCA2B2ABB2724303
:103EA0007343801A9941220C7243130C1204801A36
:103EB000994102000B000137001BA941F9D2781E7D
:103EC0000021F0BD0C277F1BFE4077467F0BAF40E3
:103ED000FF19E0E700245D1C07D0144F7D663966AA
:103EE000FFE7FFE7FFE7FFE73C6F95B29EB2654350
:103EF0006643401BB141150C1E0C654366433604F6
:103F00002F0C3E432D04401BB141994204D20200C4
:103F10000B0020000021F0BD01D19042F7D3801AA0
:103F2000994101349942F2D3F6E70000000000D035
:103F3000FFFFFFFF48404140484018B41B4B5B68FF
:103F4000FC46019308BD04DFC741001018B4174BAD
:103F50001B68FC46019308BD00DFD1410010944668
:103F6000134A926F920809D2624618B40F4BDB686D
:103F7000FC46019308BD0CDF894400100C4AF0B5E3
:103F8000146E556E576F166F6246FFF7EEFF084AC4
:103F90001466556657671667F0BD18B4034B9B68E7
:103FA000FC46019308BD08DF2D43001010250020BA
:103FB000000000D0FFB550404240504059404B40B7
:103FC000594000E0FFB5154F4C00640D03D0BC42D2
:103FD00004D10C0314D80020090D09055C00640D00
:103FE00003D0BC4204D11C030AD800221B0D1B05C0
:103FF00001264B4009D44B4003D58B4200D182426D
:10400000FFBD9942FCD19042FFBD0B43DB18034337
:104010001343F5D0C9434918FFBD0000FF07000056
:1040200000B5FFF7CFFF804100BDC04600B5FFF7E8
:10403000C1FF01D9002000BD012000BD00B5FFF780
:10404000B9FF804100BD012040054A00121804D884
:104050005A00121801D80020704701207047002034
:10406000704700000021002805D17047C117484063
:10407000401AFAD0C90713B5064B1B6898470CBC09
:10408000441CA2401005120B0349091B09051943E2
:10409000114310BDF43200201F04000010B54C0085
:1040A000620D8023D218DB00D21A5B057E2A10DD58
:1040B0009E3A13DACC170903490819435242D140FA
:1040C000640001341532202A05DAD04008436043E9
:1040D00010BD002010BD0846604310BDC80FC018B9
:1040E000013810BD18B4044B5B6AFC46019308BD4F
:1040F00024DF39460010000010250020132370B57E
:104100001D78012D15D010DD1D48FFF789FC1D4CD1
:1041100001008022200000F085FB022D2DD01A48DE
:10412000FFF776FC194B186070BD194B154CA36452
:10413000F5E7174B134C23606360A360E3602361D2
:104140006361A361E36123626362A362E362236349
:104150006363A363E36323646364A364E364236529
:104160006365A365E36523666366A366E366236709
:104170006367A367E367A364D1E7054BA364CEE756
:1041800053440000102500204C330000F43200207E
:104190009541001007B5604601880A0A0230DF2AFF
:1041A000FAD1C9B2820804D30288408800041043BF
:1041B00000E00068014A5050039007BD1025002020
:1041C0000FB403BC0CBCF0B50124E407634000E06D
:1041D000F0B50C0DCF0F661E3605891B640503D3A1
:1041E000C943404200D30131640D03D0661CF60A76
:1041F00007D0E41B00207F00791C89078912803CCE
:1042000024031D0DDF0F6E1E36059B1B6D0503D3AA
:10421000DB43524200D301336D0D03D06E1CF60A0E
:1042200007D0ED1B00227F007B1C9B079B12803D6B
:104230002D032F1B661B58D4A446202E46DA2037A8
:104240001400BC401D00BD40F24033412A43801899
:104250005941CB0F05D0C943C043002264425041AD
:10426000514162464D0D28D10D0D07D100281FD0B8
:10427000241940414941013A0D0DF9D0640006D39B
:10428000013000D30131002C01D140084000013A37
:104290000BD4941CE40A04D112051144DB07194421
:1042A000F0BDD907204B194300E0D9070020F0BD2D
:1042B0000029DDD1002CDBD1F0BD0132C60740085A
:1042C000CD0728434908002EE1D0D9E73C2E29DA52
:1042D000203E40371400BC4000D00124F24014437B
:1042E0001A00BB401C43D317ACE7AC46202F08DABA
:1042F00020360400B4400D00B540F8403941284351
:10430000A5E73C2F0CDA203F40360400B44000D033
:104310000124F84004430800B1400C43C117EAE708
:1043200010001900002494E70000F07FF0B50C0D98
:10433000661E3605891BE60A6405640D02D0651CFD
:10434000ED0A04D0002001210905803C2403A44685
:104350001C0D671E3F05DB1BE70A6405640D02D0D8
:10436000651CED0A04D0002201231B05803C2403B8
:104370007740644497B484B296B27443070C7E438A
:10438000150C6F4380B26843361802D30120000435
:104390003F183004350C00197D41844688B29AB22A
:1043A00050430C0C62431F0C7C438EB27E43921927
:1043B00002D301263604A4191604170C36186741D7
:1043C00001BC81B29AB25143040C62431B0C5C43A2
:1043D00080B25843121802D301200004241810049C
:1043E000130C401863412D185E410020474106BC64
:1043F00088B293B258430C0C6343120C544389B2F5
:1044000051435B1802D301210904641819041A0CE2
:10441000091862416D1856410020474118BCF90245
:10442000720D1143F0026A0D1043ED020A0D03D123
:104430006D1940414941013B124E9B1B7600B3422E
:104440000ED26D0007D30130002671416646354318
:1044500001D1400840001B05C918E4072144F0BD04
:104460000BDA013306D1013004D101314F0D01D0F7
:104470004908F2E7E1070020F0BD013631050020D0
:10448000EBE70000FF030000F0B51C0D671E3F05C1
:10449000DB1BE70A6405640D02D0661CF60A04D033
:1044A000002201231B05803C2403D0252D06002675
:1044B000F6432E661E096E66CE0FF619B446490005
:1044C0004F0D02D07E1CF60A03D000200021403F91
:1044D0003F033E1BB600B444013F7F05C91B49089A
:1044E0002E6F013676089C02950D25437543ED131A
:1044F0007543AD1301356D10F603761B0CB4CC0279
:10450000450D2C43A2B2B3B25A43270C7B43350C62
:104510006F43A4B26C431B1902D3012424043F1936
:104520001C041D0CA4187D4124196D41009A91B200
:10453000ACB26143170C7C432B0C5F4392B25A43DD
:10454000A41802D301221204BF182204230C52180B
:104550007B41019C6C431B19520ED9010A43440153
:10456000A01A81B2B2B2514303145A43360C7343BA
:1045700087B27743D617D21900277E4136049B199C
:104580001704160C7F185E417316ED18F301002610
:1045900080337541A90F06D16400690AE8055B0AFA
:1045A000184309D22FE00422944480337541A90AAC
:1045B000A8059B0A184326D3404149412404009A88
:1045C000019B0D005543641B4343E41A95B286B228
:1045D0007543170C7E43030C5F4392B25A43B618DF
:1045E00002D301221204BF183204330C52197B414A
:1045F00052429C41002C02D400220130514140081B
:10460000CA071043490802B06246D7079210084B08
:10461000D218084B9A4203D212058918C919F0BD65
:104620000020002A01DC3900F0BD01331905F5E74F
:10463000FD030000FE070000002200B5203200F05C
:1046400004F8080000BD000000220B150AD410B5C4
:10465000944600F031F81414013400DA0021CB172D
:10466000144C20470020002170476244343A0CD497
:104670000C2A07DA04009140904052422032D44084
:10468000214310BDD843D94310BD203207D40C4676
:104690009440524220321141D040204310BD0800C6
:1046A000C917203203D452422032104110BD1800E5
:1046B000190010BD6B4600100A0DCC0F531E1B05D0
:1046C000C91A520503D3C943404200D30131520DE8
:1046D00003D0531CDB0A07D0121B00206400611CAE
:1046E00089078912803A1203014BD21A70470000E1
:1046F000FF03000051434343C9188C46110C83B299
:104700004B4310B4040C614392B280B250436243F5
:104710001C041B0C001910BC59411304120CC018C6
:104720005141614470470000132310B512481C78B2
:10473000FFF776F90100012C0AD003DD80220F4833
:1047400000F070F80E48FFF763F90E4B186010BDCB
:104750000A4C5422200000F065F80B4B6365A365FA
:10476000E36523666366A366E36623676367A367FF
:10477000E3672362E361E5E753460000102600206B
:104780004C330000F43200208D47001007B560461E
:1047900001880A0A0230DF2AFAD1C9B2820804D39A
:1047A000028840880004104300E00068014A50502D
:1047B000039007BD1026002010B504000BF0DCF8B4
:1047C000002804D0034B04199C4200D810BD0248B5
:1047D000FDF730FD00000420541C011010B50C0042
:1047E0000BF0D0FB002804D0034B04199C4200D8E6
:1047F00010BD0248FDF71EFD00000420541C0110EE
:1048000010B50BF0C3F810BD01480421014B184747
:10481000101E0020313A0010014B1B6818470000A1
:10482000101E0020014B5B6818470000101E00207E
:1048300010B5FFF7C1FF10BD10B5FFF7E1FF10BDC8
:1048400010B5FFF7DDFF10BDF0B5C64600B5437DDE
:1048500007000D001600002B38D0002A2EDD0021A5
:104860006A1E90466A5C037D4C1C00200A2A0CD00C
:10487000A64216D043461B5D21000D3B5A425341D0
:104880006A5CDBB24C1C0A2AF2D1002BF0D18842C0
:1048900017DB022110483B689847A64207D020004A
:1048A000E8E7864203DD311A3B6828189847AD19BE
:1048B000013D2B780D3B5A4253413B7580BCB846B5
:1048C000F0BD091A3B6828189847E2E70368110011
:1048D00028009847F2E7C046202A0110F0B5C646E6
:1048E0000B6806000C0000B5802B06D05A1C226015
:1048F000E418267180BCB846F0BD0F4B1D68002D32
:1049000016D00B1D98460D4F02E02D69002D0FD0DB
:104910002B68002BF9D03B68002B01D0AB42F4D1BF
:10492000280041462268FFF78FFF2D69002DEFD147
:1049300001220023DBE7C046802E00208C2E0020C1
:10494000F0B5CE46474680B583B06B460600DD1D08
:104950002870FCF7C3FE00231A4A12184B4180212D
:1049600009068B4202D30122174B52421749080015
:1049700088460DF069F8164B81461C68002C14D04F
:10498000144F02E02469002C0FD02368002BF9D0CB
:104990003B68002B01D0A342F4D120000122290062
:1049A000FFF752FF2469002CEFD14B46002B05D1B5
:1049B000300003B0C0BCB946B046F0BD40460CF074
:1049C000D3FFF5E740420F00FFFFFF7FB823002031
:1049D000802E00208C2E0020F0B5DE4657464E4635
:1049E0004546E0B585B007000CF0A6FA0600FCF7D6
:1049F00075FE00232B4A12184B41802109068B4279
:104A000002D30122284B5242284908008B460DF060
:104A10001BF8274B01901C689A46002C3BD0254B75
:104A2000984602ABDD1D0A23994602E02469002C5A
:104A300017D02368002BF9D043461B68002B01D008
:104A40009C42F3D1200032003900FFF7FDFE4B46B7
:104A50002000012229002B70FFF7F6FE2469002CAC
:104A6000E7D1019B002B18D153461C68002C06D0BF
:104A70006368002B0BD098472469002CF8D13000D4
:104A800005B0F0BCBB46B246A946A046F0BD2469BD
:104A9000002CEDD1F3E70028F1D058460CF064FF6C
:104AA000E2E7C04640420F00FFFFFF7FB82300202F
:104AB000802E00208C2E0020F8B557464E46DE464C
:104AC0004546E0B50E00170000282CD11B4B1C4DAD
:104AD0001A685B6893469A461A4B99461A4B984651
:104AE0004B461C68002C03D115E02469002C12D021
:104AF0002B68002B01D0A342F7D1A368002BF4D080
:104B00003900300098470028EFDDF0BCBB46B246C4
:104B1000A946A046F8BD43465B6A9A4508D8424676
:104B2000926A5A4502D301204042EEE79A45FAD1F3
:104B300001200021FCF7DCFDD2E7C046F827011078
:104B40008C2E0020802E002000400540F0B5464607
:104B5000D6464F4601380D009046C0B5012841D8D1
:104B6000FCF7BCFD0023214A12184B4180210906A5
:104B70008B422FD21E49474608008A460CF064FF3C
:104B800043468146013303D128000CF0D5F90700D4
:104B9000184B1C68002C14D0174E02E02469002C1E
:104BA0000FD02368002BF9D03368002B01D0A3422B
:104BB000F4D120003A002900FFF746FE2469002CBA
:104BC000EFD14B46002B09D14046E0BCBA46B14676
:104BD000A846F0BD0122094B5242CBE750460CF0EB
:104BE000C3FEF1E701204042EFE7C04640420F001C
:104BF000B8230020802E00208C2E0020FFFFFF7F96
:104C0000012040427047C046012040427047C046E4
:104C1000012040427047C0460300022200209A4211
:104C2000404170470A4A1368002B05D10CE01A0076
:104C30001B691032002B07D09842F8D1002902D10D
:104C400003691360016170470029FCD01060FAE726
:104C5000802E0020F0B5CE46474680B5A3B00400B4
:104C60000D00FCF73BFD0023294A12184B4180211F
:104C700009068B4202D30122264B5242264F3800AE
:104C80000CF0E2FE00230600019322002B002348D3
:104C900001A9FEF78DFE019B8046002B14D1204B0D
:104CA0001C68002C06D06368002B0BD09847246941
:104CB000002CF8D1002E25D1404623B0C0BCB94607
:104CC000B046F0BD2469ECE7154B1D689946002DF0
:104CD0001CD0144C02E02D69002D0FD02B68002B46
:104CE000F9D02368002B01D0AB42F4D12800019AFF
:104CF00002A9FFF7A9FD2D69002DEFD14B460195C3
:104D00001C68CEE738000CF02FFED5E70195D1E7FF
:104D100040420F00FFFFFF7FB8230020DD48001056
:104D2000802E00208C2E00200FB400B583B004A983
:104D300001C90191FFF78EFF03B008BC04B018470A
:104D400010B500F0D9F910BD7047C0460022014BE4
:104D50001A7070472B3300204B790020FF2B0BD1AA
:104D60008B79002B08D1CB79012B05D1082A03D9E7
:104D7000024B8A7809301A707047C0462B330020E6
:104D80000120704770B5012901D0012070BD134981
:104D90005379107909781B02034300209942F5D119
:104DA0005378012B08D0022BF0D10020642200217F
:104DB000FDF740F90120E9E79478D2780500120266
:104DC0001443D20502D5620A93401D000448FEF741
:104DD0001FFE7F2103002140280098472B3300202D
:104DE000554200000123037000487047242A011037
:104DF0004B780A781B0213438A7810B512041A43C1
:104E0000CB781B0613439622D200934200D010BDEC
:104E10000348FEF7FDFD0021030008009847C04647
:104E200055420000024B1860024B19607047C046A3
:104E30000C2E0020102E002010B5024B1878FBF726
:104E400089FD10BD2C330020114B70B51A68002A63
:104E50001AD0EFF3108172B610680028FCD0BFF3AF
:104E60005F8F00200B4A596010701B68BFF35F8F83
:104E7000186081F3108800240025074B1878FBF791
:104E800069FD2900200070BDFA240025A400F4E784
:104E9000D43200202D3300202C33002070B50400C4
:104EA00000200E0001F0E8FA002836D0002001F0C2
:104EB000FBFA002831D0FCF711FC0023184A121825
:104EC0004B41802109068B4216D2164D28000CF06A
:104ED000BBFD002821D0002001F0CEFA00280FD120
:104EE00001200021404200F0C1FC0324644228005C
:104EF0000CF03AFD200070BD01220B4B5242E4E75A
:104F0000002001F0D1FA0028EAD021003200002070
:104F100001F0D6FA041EEAD1E7E703246442E9E788
:104F200040420F00FC320020FFFFFF7FF8B5DE4655
:104F3000574680B505000C00FCF7D0FB0023374A2C
:104F400012184B41802109068B4202D30122344BB7
:104F50005242344908008A460CF076FD002803D1FD
:104F6000C0BCBB46B246F8BD002001F085FA00285F
:104F70004AD00026002C43DD2B4B9B4614E0A91998
:104F8000002001F011FB070001200021404200F049
:104F90006DFC002001F0CCFAFCF7A0FB224BF619C7
:104FA00018605960B4422BDD002001F017FBA71BED
:104FB0000200B84200DD3A00002AE0D101200021C1
:104FC000404200F053FC002001F0B2FA002001F052
:104FD00053FA002814D0002001F000FB0028E1D192
:104FE000FCF77CFB5B460F001A685B680021844677
:104FF0000E4812184B419F4202D8D3D19445D1D9C3
:1050000050460CF0B1FCABE700200021064B1860C5
:10501000596050460CF0A8FCA2E7C04640420F0081
:10502000FFFFFF7FFC3200200825002020A10700A1
:1050300010B5244C84B0002120000CF0E5FC0028C1
:105040001CD1214B1A68002A16D0EFF3108172B6DA
:1050500010680028FCD0BFF35F8F01241B48596003
:1050600002781B68D2B20470BFF35F8F0020186013
:1050700081F31088002A0AD004B010BD012000215D
:10508000404200F0F3FB20000CF06EFCF4E7FCF76C
:1050900013F90400FCF722FBFA22002392001218F5
:1050A0004B41802109068B4202D30122084B524218
:1050B0000121029100210191064920000091FCF795
:1050C000FFF8D9E7FC320020D43200202D33002035
:1050D000FFFFFF7F494E0010054B10B518680028F0
:1050E00004D0044B0022196801F036F810BDC04608
:1050F0000C2E0020102E0020D02310B51B0684B0EB
:105100001C68FCF7D9F8FCF799F9A04202D00020FE
:1051100004B010BD274B1B7801F042FC2648FBF77A
:10512000CFFE0120FBF7AEFEFF23244C2449207064
:105130001840FBF735FC20780121FBF7F9FB05202F
:10514000FBF710FC002827D1FCF7B6F80400FCF7A9
:10515000C5FAFA220023920012184B418021090659
:105160008B4202D30122174B5242012102910021AE
:105170000191154920000091FCF7A2F808220400D3
:1051800000211248FFF748FB002CC0DB104801212A
:10519000FFF748FD0120BBE700220E490520FBF781
:1051A00029FCFBF7A7FB094B01001800FBF7B2FE37
:1051B000ECE7C04650410110FC3200202C330020A7
:1051C00031500010FFFFFF7F494E0010D432002005
:1051D000201E0020394E001000487047B42A0110EC
:1051E00000487047602A011010B504001748037882
:1051F000002B20D0002C06D1154B16484380063BCF
:10520000FF3B038010BD052C19D8134BA400E058B8
:1052100012490123013804E001330A800231142BC2
:105220000FD0C25C002AF7D1C022DBB25B00920033
:1052300008481343E5E7112100F01AF8DAE70020E7
:10524000E0E7CA2303489B00DBE7C0461433002095
:1052500009040000582E0020482A01105A2E002070
:1052600010B5024800F0D8F810BDC046EC3200205E
:1052700030B54B1E012900D1A7E0664A11780D090F
:105280002C0030349F2900D9A2E00470012B00D1FA
:10529000BEE00F21147821400C003034092900D9D8
:1052A00098E04470022B00D1B2E05478250929001F
:1052B00030319F2C00D990E08170032B00D1A7E002
:1052C0000F2121400C003034092900D987E0C47037
:1052D000042B00D19CE094782509290030319F2CC3
:1052E00000D97FE00171052B00D191E00F21214011
:1052F0000C003034092900D976E04471062B00D126
:1053000086E0D4782509290030319F2C00D96EE041
:105310008171072B00D17BE00F2121400C0030343C
:10532000092966D8C471082B00D171E014792509C8
:10533000290030319F2C5FD80172092B68D00F21D2
:1053400021400C003034092958D844720A2B5FD010
:1053500054792509290030319F2C52D881720B2BAA
:1053600056D00F2121400C00303409294BD8C4728B
:105370000C2B4DD094792509290030319F2C00D970
:10538000073101730D2B43D00F2121400C00303425
:10539000092901D937310C0044730E2B38D0D1794B
:1053A0000C09220030329F2900D9073282730F2B5B
:1053B0002ED00F220A4011003731092A01D830328D
:1053C0001100C173102B23D010300023037030BDA7
:1053D00007345AE737310C0063E707316CE73731A0
:1053E0000C0074E707317DE737310C0085E70731A2
:1053F0008EE737310C0095E707319DE737310C0018
:10540000A3E70731AAE737310C00C4720C2BB1D1E6
:10541000C018DAE7EC32002010B588B004000D2285
:1054200000216846FFF7F8F90D22002104A8FFF7D4
:10543000F3F94B236A466846137004A90D220CF059
:105440008BFA1521082220006944FFF7EBF908B018
:1054500010BDC04610B501210520FBF769FA10BD4B
:1054600010B500220021024800F058F910BDC046D6
:10547000B42E00208022024B5202DA647047C046EC
:1054800000201150F0B5C64600B5060000F020F926
:105490000C231B4DFF22AB6705201A49FBF7AAFA24
:1054A00040239846184C402200212000FFF7B4F911
:1054B00043460127238321210023144A6770A260F9
:1054C000136063545F316184414621870539635419
:1054D0000F4A10496360E260A1620B606362E2629E
:1054E0000CF062FA80239B052F64EB6490230A4A38
:1054F0003000EA50FFF7BEFF80BCB846F0BDC046A2
:1055000000001150A1040020942E002084001050AF
:10551000000110508000105010D001000B785B0685
:1055200002D14B78052B00D070478A78014B1A6066
:10553000FAE7C04600001150F0B5C64600B5CC7879
:1055400088780A794B797F21A40701401B02C5099D
:1055500013434F00A20F1400324E7A195201B218B1
:10556000907001206840507000205B055B0DD0708A
:105570001383D4768046CA00012D33D02A4884464E
:10558000880162448446B4446046826040461060AC
:10559000002933D0254AC9009046624641445160F3
:1055A0003F223F339343022C00D15B0020487A19FD
:1055B00001685201B218D1601E4ACB1803605140F5
:1055C0005A40802388465B019A4228D84346A40665
:1055D0001C4380237F197F01F61972681B06234341
:1055E000136011E014488446880162448446B44440
:1055F0006046826240461060002909D100236D0197
:1056000075196B600D4BEB60012080BCB846F0BD96
:10561000084AC9009046624641445162C0E7FCF71F
:1056200021FED3E7942E0020840010500400105077
:10563000B8320020000010508000105000011050BF
:1056400010B50CF0B1F910BD10B57F200C00204052
:105650004000E409110000191A00034B4001C01872
:1056600000F05CF8012010BD942E00207F2318006C
:1056700010B50840CA090B4203D107497D3B9B1A6C
:105680008B66400080188022044B40010021C01826
:1056900012010CF001FA10BD00201150942E0020D0
:1056A0007F22130010B50B400A4200D110BDC9097A
:1056B0005B005B1804485B01C0180023002203490B
:1056C000C3700CF0E9F9F1E7942E0020FFF7FFFF1B
:1056D00080220D4B520410B51A600C4B0C491A6015
:1056E00010008B689843FBD10A4C9C2200212000BB
:1056F000FFF792F88022002152010748FFF78CF84B
:105700000923636710BDC04600E0004000F0004080
:1057100000C000400000115000001050002310B5E0
:10572000C382013382828376016104000CF00CF99C
:10573000002804D080219023074A8902D1502000FC
:105740000CF05AF9002802D00123237710BD200065
:105750000CF082F9FAE7C04600201150024B58784D
:10576000431E9841C0B27047E02B0020024B1878CE
:105770004007C00F7047C046E02B0020034B18784D
:10578000FF38431E9841C0B27047C0465C1E0020DF
:10579000F8B5CE46474680B52A4E05003378FF2B34
:1057A00001D001203DE0532200212748FFF734F8C3
:1057B000264C2000FBF784FB254B1C60254C200069
:1057C000143CFBF799FB200001F0CCFB224B234F4C
:1057D0001C60234B9846002F1ED01800FFF702FBD9
:1057E000204B186043461B781F4A00249146002F27
:1057F00014D04A46A3421AD89047434601341B7836
:10580000E4B2A342F3D228003570FFF73BFE280034
:10581000FFF720FE012004E01B78E5E7002C04D010
:105820000020C0BCB946B046F8BD0F4AE4E70D4AB7
:10583000630012681B19DB00D318002BF0D01A6824
:10584000DAE7C0465C1E0020E02B0020982B0020E9
:10585000342C0020541E0020382C0020E54D001070
:1058600026330020B8280020F5650010F0B5DE468C
:1058700057464E464546E0B591B001F097F80028EE
:1058800000D1FCE0C34BC44E9946C44B0DAC02930F
:10589000C34B9B464B46019335686A69EFF3108111
:1058A00072B61368002BFCD0BFF35F8FA96128008C
:1058B000210001F085F96A69AB69BFF35F8F0021B0
:1058C000116083F31088002800D1D8E06378082B9A
:1058D000E2D8019A9B00D3589F466368002BDBD027
:1058E000A0689847D8E77F202179AC4D0840430055
:1058F000CA09EB189B181D0001273035EA78BA4316
:10590000EA70EA780337BA43EA70002800D1F2E07F
:10591000A44FDB7C002F06D0A34A1278934200D21A
:10592000F1E09B1ADBB2002B00D0A8E09F4DA368EA
:1059300062792078A847AFE70122984D01202B78A3
:10594000042113432B703323EA5C8243EA54EA5C5C
:105950008A43EA540133EA5C8243EA54EA5C002059
:105960008A43EA5423789A4600F0F8FC60222379AF
:105970001A40602A00D1B5E0402A00D1AFE0DB0632
:10598000DB0E012B00D1D3E0022B00D120E1002B54
:1059900000D0A7E0202A00D153E1002A00D0A1E0E6
:1059A0006379092B00D99DE0814A9B00D3589F461B
:1059B000029B1B78DB0700D46EE77E4B002B00D1E7
:1059C0006AE700E000BF67E7744D2B78DB0700D47F
:1059D00062E7794B002B00D15EE728780007C00F03
:1059E00000E000BF58E7002523786E4F9A466E4BC3
:1059F00098461B78002F49D05A46AB4263D8504690
:105A00009047434601351B78EDB2AB42F2D2634D6D
:105A1000532200212800FEF7FFFE1022FF21E81C80
:105A2000FEF7FAFE28002022FF211330FEF7F4FED5
:105A30002EE0002523785B4F9A465B4B98461B78F7
:105A4000002F2ED05A469D4233D3504690474346AE
:105A500001351B78EDB2AB42F2D2504D53220021FA
:105A60002800FEF7D9FE1022FF21E81CFEF7D4FE25
:105A700028002022FF211330FEF7CEFE14E011B0E3
:105A8000F0BCBB46B246A946A046F0BD002D38D0BA
:105A900000F05AFC494B002B00D1FDE600E000BFAE
:105AA000FAE6002D19D03D4D00F04EFC2379AB7085
:105AB000F2E6434A6B0012685B19DB00D318002B37
:105AC000F1D05A68C1E73E4A6B0012685B19DB00EF
:105AD000D318002BDCD05A6891E7314AB5E7394832
:105AE00000281AD120780021FFF7C0FD80212078FE
:105AF000FFF7BCFDD0E6A3686279207800F042FC95
:105B0000CAE6274A7BE72E4A58001268C318DB0012
:105B1000D318002BB3D01D6909E700F01FFC012149
:105B200050460EAA00E000BF002800D0B4E6D9E736
:105B3000237A0F2BD6D81B4FEB18DB78002F06D01B
:105B4000194A1278934200D29CE09B1ADBB2002BD8
:105B5000C8D11D481D4D00F001FC01215046EB68E5
:105B60000EAA9847002800D096E6602215002379F7
:105B70001D401A42B6D163790A3B012BB2D800F01E
:105B8000EDFB63790A2B00D17DE150460EA900F0B0
:105B90006FFB81E6C82A0110382C0020E02B002082
:105BA00071660010E54D0010263300206568001076
:105BB000EC2A0110000000000000000000000000BE
:105BC000B82800200000000081670010542B01104D
:105BD0007023217A0B4285D1C80984460F330B40CC
:105BE0005B00E8186044C07CB14F8046002F07D0AE
:105BF000B0480078804550D34746381AC0B2804636
:105C0000404600283AD1002A00D0F5E0AA4A904642
:105C1000677902203A008243012A00D1F0E0002F88
:105C200000D05FE7EB1863443033DB780CAA9B07A6
:105C3000DB0F02321380504602230EA900F02EFB28
:105C40002AE6237A0F2B00D94CE7994FEB18DB7823
:105C5000002F06D0974A1278934200D2F3E09B1AA5
:105C6000DBB2002B00D03DE79448934D00F076FB6B
:105C700001215046EB680EAA984755E79046002A46
:105C8000C6D02FE78E4A59001568CB18DB00ED18F7
:105C9000002D00D126E7E8685DE7474688487F0089
:105CA000006847448046FF00B844002AB0D043460D
:105CB000002B00D116E7D86800F050FB43460121C5
:105CC0005046DB680EAA98472EE7A37903931A0083
:105CD0006B789A4207D06B78002B00D058E1039B79
:105CE000002B00D0F8E0039B50460EA96B7000F02B
:105CF000BFFAD1E56B780CAA02321370504601232B
:105D00000EA900F0CBFAC7E5E3881A0AD8B20F2A29
:105D100000D9E7E66B499300CB589F460EA800F0E8
:105D200023FB5046A179FFF79BFB02222B781343FC
:105D30002B70B1E5E388012B00D0D3E608222B7845
:105D4000504693430EA92B7000F092FAA4E502206E
:105D500029780CAB9A1C8B068908DB0F01400B439A
:105D600068E7E388012B00D0BCE608222B78504678
:105D700013430EA92B7000F07BFA8DE5524B002BDC
:105D800000D1AFE600E000BF021E00D1AAE6D37842
:105D900091781B020B4350460EA900F07FFAC3E630
:105DA0004A4B002B00D19DE600E000BF021E00D14F
:105DB00098E6504613780EA900F070FAB4E62189EF
:105DC000FFF712FA021EF4D18CE6022A00D12DE16F
:105DD0003F4B002B00D185E600E000BF0200002A07
:105DE00000D17FE6D3E7FFF7F7F9122302000EA9EF
:105DF000504600F053FA97E62F4B304898465BE741
:105E0000E288002A09D1334A1078012F26D0EF18F2
:105E100067443037FB789B073ED54346002B00D1C3
:105E20003AE5D86800F09AFA43460121DB680EAAE9
:105E300050469847002000F091FA3423EB5CDB07D2
:105E400000D529E5A1E61E4A59001568CB18DB00EC
:105E5000ED18002D00D145E6E86807E730229146AD
:105E6000EB18634499444B46DB789B07D5D5FFF785
:105E700017FC4B460222DB7893434A46D370D37813
:105E8000BB43D370C9E70CAB9A1C504601230EA943
:105E9000157000F003FAFFE4FFF7E8FB0222FB783D
:105EA00013430122FB70FB781343FB70B5E7C04638
:105EB000E54D001026330020542B0110816700109F
:105EC000B8280020142B0110000000000000000082
:105ED000000000005C1E0020581EC0B2FFF780F9D1
:105EE000002800D1FEE543780793022B00D0F9E5A6
:105EF0000121C279B146931152110B400A4012019F
:105F00005B0113432A782F318A4313432B700923F3
:105F1000984680444746A846C37882781B021343BC
:105F2000C31804935C4B0993049BBB4200D881E0E7
:105F30007B7801220B2B02D13B78FA78FF187B7813
:105F4000042B23D10025049B0B92DB1B9BB20593F2
:105F5000524B19780693524B0A93524B08930A9B63
:105F6000002B52D0099B089E8D4245D339005046E4
:105F7000059A98478446082802D9059A824262D237
:105F8000069B01351978EDB2A942E8D24E46A9E543
:105F90005046FFF755FB00229146434AAB780592E5
:105FA0002A004D46914604933C4B3D4F98461B7842
:105FB000002F1BD0059A9D422CD350469047434654
:105FC00001351B78EDB2AB42F2D24D46532200218F
:105FD0002800FEF721FC1022FF213448FEF71CFCAC
:105FE0002022FF213248FEF717FC02E0002D1BD0D3
:105FF0004D46049BAB7072E618232E4A6B4316681D
:10600000F618002EC2D0B368B0E7002DBED1224BE7
:10601000244EABE7274A6B0012685B19DB00D318EC
:10602000002BE5D05A68C8E71F4AC6E7FFF7D8F843
:106030000200D4E6204B45464E46002B00D152E6E6
:1060400000E000BF4FE60B9A012A1FD00021464610
:1060500009E0BB78CB18DBB2F318D878FF2895D1CC
:106060000131DD70C9B29142F3D1B04666462B00D2
:10607000390032000E4800F01FFDB446069B67440D
:106080001B78AB4200D34FE74E462BE5024BB1687D
:106090009942DBD1079AD9E79D660010263300208C
:1060A000E54D0010542B011071660010E32B002009
:1060B000F32B0020B828002000000000F8B5574658
:1060C0004E46DE4645460C00E0B516001F00002A8D
:1060D0003CD01F4B00259A46702399461D4B9B468A
:1060E00017E05B462000997800F0A8FC00281FD03C
:1060F00021004046FFF720FA002819D0A378DA09DA
:10610000012A1CD00A9A013513702378E418B5428D
:106110001CDA6378052B0BD1E3789B079B0FBB42FE
:1061200006D153464A461B789846A3781A42D8D0DF
:106130000020F0BCBB46B246A946A046F8BD0B9A6B
:10614000013513702378E418B542E2DB0120F0E753
:106150005C1E0020E02B0020802310B51B0184B0C2
:1061600001930E4B02901C6803916269EFF3108358
:1061700072B611680029FCD0BFF35F8FA3612000C5
:1061800001A900F0DFFD6269A369BFF35F8F002101
:10619000116083F3108804B010BDC046382C002075
:1061A000702270B5094B0C001D788B781A4201D013
:1061B000002070BD064B2000997800F03FFC0028BD
:1061C000F6D021002800FFF7B7F9F2E75C1E0020A7
:1061D000E02B00200B007F2010B51840DB09333383
:1061E0004000044AC018044B1168C01800F0E2FBDC
:1061F00010BDC046342C0020E02B00200B007F2077
:1062000010B51840DB0933334000044AC018044B72
:106210001168C01800F0F6FB10BDC046342C0020F9
:10622000E02B002070B57F240F480C406400041957
:10623000CD0964193034E078C00701D5002070BD65
:106240000126E578094835430078E570FFF7FCF949
:106250000028F4D10122E3789343E370E37803321A
:106260009343E370EAE7C046E02B00205C1E002069
:1062700070B5094C0600082220000D00FEF7D2FA86
:1062800000238021E360A3602B7830009943002233
:106290000023FFF7C7FF70BD842B0020F8B5CE4662
:1062A00047469046264E80B58146082230000D00B4
:1062B0001F00FEF7B7FA4346B3600023F381EC7981
:1062C000AB7924021C43231CBC4200D93B1C9FB267
:1062D000B381002C0ED0002F18D04346002B2CD0B9
:1062E0003B1C402F1BD89FB233787F2B1CD800213A
:1062F000144A0FE080212B7800229943484600235E
:10630000FFF790FFC0BCB946B046F8BD7F2300221E
:10631000317899433B004846FFF784FFF2E740237A
:106320009FB233787F2BE2D9064C3A0041462000D9
:10633000FEF778FA80212200ECE70020E2E7C04671
:10634000842B0020A02B002010B51422002102482D
:10635000FEF762FA10BDC046842B0020014B186185
:106360007047C046842B002010B5054C0100082260
:106370002000FEF757FA0023A360E36010BDC0467B
:10638000842B002070B5394C1D0023780600DA09F3
:10639000C9098A4213D00020002D00D070BD344BB3
:1063A000002B03D021003000FFF7B8F82369002B41
:1063B00003D022000321300098470120EEE7A068B7
:1063C0007F2B05D8002834D02A002A49FEF72AFA64
:1063D000E289A1685219E38892B24919E281A16069
:1063E000934214D03F2D12D9A389981A051C80B26C
:1063F00040282AD82078ADB27F2828D800219A4298
:1064000032D01C4A2B003000FFF70CFFC6E723698F
:10641000002B05D0220002213000984700280AD026
:10642000802123780022994330000023FFF7FAFEF1
:10643000B4E70020B2E700213000FFF717F9300081
:106440008021FFF713F90120A8E74025D2E79A42FF
:1064500007D0084C2A002000FEF7E4F98021220032
:10646000D0E780210022CDE70022CBE7842B00205B
:106470001D550010A02B002010B50400FFF76EF989
:10648000002801D1002010BDFFF770F90028F9D1D4
:10649000B22292006243034B01309B181B791840D3
:1064A000F1E7C046BC280020B2239B00434310B54F
:1064B0000248181800F050FB10BDC046CC28002040
:1064C000F0B5B225AD0045432C00C646174F103439
:1064D000E41900B5200092B200F0C0FB06002000D5
:1064E00000F058FB3F2803D8300080BCB846F0BD10
:1064F0007B190020D9789846FFF76CFE0028F3D06E
:10650000200000F047FB3F280AD992239B00EA189D
:106510004346D219D97800204023FFF783FEE3E7F2
:1065200043460020D978FFF769FEDDE7BC2800204C
:10653000F8B50400FFF712F9002801D10020F8BDDA
:10654000FFF714F90028F9D1B2239B005C43250022
:10655000144E2435AD19280000F0FEFA0028EDD0C5
:1065600037190020B978FFF735FE0028E6D0A223BE
:106570009B009C466444A41921002800402200F09E
:106580006DFBB978051E08D0030022000020FFF73C
:1065900049FE0028D2D02800D1E70020FFF72EFEC8
:1065A000CCE7C046BC28002070B5B224A400444308
:1065B000094B0500E418200092B200F017FC060019
:1065C000200000F0C9FA3F2801D8300070BD280033
:1065D000FFF7AEFFF9E7C046E0280020B2239B009A
:1065E000434310B50248181800F0D4FA10BDC04655
:1065F000E0280020B222F0B51B4C83B0002120001F
:106600009200FEF709F9FF236371184B80260025DD
:10661000E380012708232100200076002373320045
:10662000278138310095073B103000F05FFA2100D8
:10663000200039313200FF3101230097243000F06F
:1066400055FA8E239B00E6183000FAF739FC9023A8
:106650009B002662E6183000E561FAF731FC2663FC
:10666000656303B0F0BDC046BC28002000C2FFFF38
:1066700010B5094C052200212000FEF7CDF82000BE
:106680002434103000F06EFC200000F06BFC01217F
:10669000200000F087FC10BDBC280020F0B54B792D
:1066A000060083B0022B02D18B79022B03D0002588
:1066B000280003B0F0BD2F4FBB78002BF7D18B78AB
:1066C00009253B700C780C196378242B0BD1082A10
:1066D00002D81FE0AA421DD32378E4185D1963781D
:1066E000ADB2242BF6D0052B31D0042B12D1637917
:1066F0000A2B0FD1204B27780193013300930222FC
:1067000002233000E119FFF7D9FC0028CFD00E3565
:10671000ED19ADB2194C200000F03CFA3F28C7D962
:106720002600103E0020F178FFF754FD0028BFD06E
:10673000200000F02FFA3F2817D98E239B00E21883
:10674000F93BF178FF3B0020FFF76CFDB0E721003B
:106750003000FFF725FD0028A9D0A3787B702378AF
:106760005D19E4186378ADB2BFE7F1780020FFF758
:1067700045FD9DE7BC280020BE280020CC28002035
:10678000F8B5602314001278050013400020202B78
:1067900012D12F4A6379277916781B023B439E4218
:1067A0000AD16378222B1AD007D8202B3CD0212B7A
:1067B00002D1012930D00120F8BD232BFCD10129C1
:1067C0003FD00329F7D1234B002BF4D0E178A378F5
:1067D00009020020194300E000BF0120ECE7012975
:1067E0002FD00329E7D101252E00A378E4780239C0
:1067F00024021C431471264024321000714000F022
:10680000D1FB154B002BD6D06208002031002A4066
:1068100000E000BF0120CFE70723210028000F4A36
:10682000FFF73CFD0120C7E70129F5D00329C2D1BC
:106830000B4B002BBFD00020911DFEF7D9FA012091
:10684000BAE721002800FFF713FD0120B4E7C04696
:10685000BC2800200000000000000000C22800202A
:10686000F14D0010F8B545465746DE464E46E0B5B8
:10687000464D1F00EA7880460C00AB788A4246D02D
:1068800000208B421AD0F0BCBB46B246A946A046B7
:10689000F8BD3F4B002B04D0484600F073F90028A8
:1068A0006CD0484600F076F93F2807D94E46103E96
:1068B0000020F178FFF78EFC002851D1AB78A3427D
:1068C00001D00120DFE7334B002B02D0002000E095
:1068D00000BF0020FFF72CFE0028F2D12E4C200034
:1068E00000F03AF90028ECD1002FEAD0BF06E8D139
:1068F000243C4046A178FFF76DFC0028E1D000233E
:1069000000224046A178FFF78DFC0120BBE79223CF
:106910009B00EE1810239B46AB4431005846BAB298
:1069200000F064FA1D4BD946002BB2D06B79FF2BD7
:10693000AFD0002FADD0F219924603E00136B24538
:10694000A7D06B7932789A42F8D1484600F01AF90C
:106950000028F3D14B46103B597900E000BFEDE72A
:10696000484600F017F93F280BD98E2292004023A9
:10697000F1784A440020FFF755FC9FE7FEF7ACFB97
:106980008FE7F1780020FFF739FC97E7BC2800205B
:10699000D950001000000000E02800200000000096
:1069A00010B50020FEF7F4FE10BDC04610B5FEF78E
:1069B000E5FE10BD037870B5DB0704000E00DD0FA7
:1069C000002B17D103785B0701D5280070BD01218A
:1069D000300049420BF028F82378DB07DD0F002B4D
:1069E0000AD123785B0708D40422237801251343B6
:1069F000237002E00025E8E7002530000AF0B4FF2C
:106A0000E3E7C04670B50C000121060049422000B2
:106A10000BF00AF833785B07DD0F002B04DB200056
:106A20000AF0A2FF280070BD3378DB0704D40422EB
:106A3000337893433370F2E70025F0E74379027926
:106A40001B021343C2785B0592075B0D920F022A6B
:106A50001DD0032A0CD00020012A08D102394A4255
:106A60005141124A9446614499424041C0B2704734
:106A700002394A1E91410E4A494211408022D200F9
:106A800094460020614499424041C0B2EFE7022998
:106A900005D0002040229A424041C0B2E7E7054AB3
:106AA000981843425841C0B2E1E7C046FF030000D6
:106AB00040FCFFFF00FEFFFF8A1870B5914207D22D
:106AC0007F264C78052C04D00C7809198A42F8D816
:106AD00070BD34008D782C4064000419ED096355B5
:106AE0000C7809198A42ECD8F2E7C046F0B5C646E0
:106AF00000B5040006A805788020884617001E000F
:106B00000002824226D8E068002803D001214942D1
:106B10000AF08AFF2069002803D0012149420AF0C7
:106B200083FF4346236073045B0CED031D43002386
:106B3000E0686381A780E5802381002801D00AF006
:106B400013FF2069002801D00AF00EFF012080BC4D
:106B5000B846F0BD0020FAE710B504894189828863
:106B6000A3B288B28C4207D31B1A9BB2101C9A4264
:106B700000D9181C80B210BD5100091A5B189BB2D5
:106B8000F4E7C04603894089181A43425841C0B20D
:106B90007047C04610B5048941898288A3B288B283
:106BA0008C4207D31B1A9BB200209A4201D9D21AF9
:106BB00090B210BD5100091A5B189BB2F4E7C046B1
:106BC00070B5040000690E00002803D0012149427D
:106BD0000AF02AFF25896089A288A9B283B285427A
:106BE0002CD3CD1AADB2002D2ED0AA4208D291429C
:106BF00030D3891A8BB263819A4203D89B1A9BB215
:106C00009A42FBD9E28821685204520C5343300067
:106C1000C918FDF707FE63890125591C89B2A288AE
:106C20008B4213D900215200891A89B220696181EF
:106C3000002801D00AF098FE280070BD5500ED1A1A
:106C40004D19ADB2002DD0D1618989B25200914267
:106C5000ECDBE9E789188BB26381CDE7F0B54646F6
:106C60004F46D646C0B506000069894690460028C2
:106C700003D0012149420AF0D7FE31897289B588D3
:106C80008BB294B2914254D31F1BBFB2002F4AD093
:106C9000BD4205D2AB4251D25B199CB22F00748128
:106CA0004346B8453DD89FB2A54203D8641BA4B261
:106CB000A542FBD9F28831685204520C90466243D7
:106CC0002B1B9BB2891842469F4225D953439BB246
:106CD0001A0048469A46FDF7A5FD434648467D1BE7
:106CE00064195C4331685044A2B2FDF79BFD718981
:106CF000B588CB199BB26A00994216D99B1A9BB2F0
:106D000030697381002801D00AF02EFE3800E0BC03
:106D1000BA46B146A846F0BD48467A43FDF782FD23
:106D2000E5E73B1CBFE773899BB26A009342E7DB50
:106D3000E4E76F003F1BDF19BFB2A7E75B1B9CB204
:106D4000ACE7C046F8B50400C0680E00002803D0C8
:106D5000012149420AF068FE258920896189A288BB
:106D6000ADB283B28FB2884229D3DB1B9BB29A4269
:106D700009D8E779FF0906D1E068002801D00AF0B8
:106D8000F3FD3800F8BD95421ED32B009B1A9BB231
:106D90009342FBD2E28820685204520C53433100E4
:106DA000C018FDF73FFD6B1C9BB2A2889D4218D90D
:106DB000002352009B1A9BB201272381DCE751007C
:106DC000C91B5B189BB2D2E72B00E28820685204F3
:106DD000520C53433100C018FDF724FD0135A28841
:106DE000ABB252009342E7DBE4E7C046F0B557464A
:106DF0004546DE464E46E0B5140005000F0083B060
:106E0000002A75D0C068002803D0012149420AF049
:106E10000BFE2E89E9796A89AB88B6B292B2C909AC
:106E200045D1964200D36DE059008A1AB21892B249
:106E3000002189469A4234D29A1A111C92B2A24277
:106E400000D9211C8AB29146EA885204520C90461D
:106E50004A46B21892B292464A46D21A92B2934623
:106E600034009E4203D3E41AA4B29C42FBD24246B1
:106E7000624328681B1B9BB2801842464B4554D383
:106E80004B4639005A43FDF7CDFCAB885B00B24559
:106E900001D39A4503DB5246D31A9BB29A46534616
:106EA0002B81E868002825D00AF05EFD22E0E98801
:106EB0004904490C88469C4227D2964247D3B11ACE
:106EC00089B28C465800E11A89B28B46614609198D
:106ED000814208DBD11889B20E1BB6B28A46B24293
:106EE0003BD9361AB6B2A21992B29246A146B7E77A
:106EF00000239946484603B0F0BCBB46B246A946BB
:106F0000A046F0BDB21A92B292E700218946002B4A
:106F1000C7D04146E41A4C431600D118002289B26A
:106F20008A46994693463F199AE753439BB21A0003
:106F300039005C440193FDF775FC414622004A4349
:106F4000019B286892B2F918FDF76CFC9DE7580088
:106F5000811A711889B28C46B5E7A146B04200DDAE
:106F60007EE7BEE710B50400C068002803D0012109
:106F700049420AF059FD2069002803D00121494205
:106F80000AF052FD0023E06863812381002801D0CC
:106F90000AF0EAFC2069002801D00AF0E5FC012093
:106FA00010BDC04670B50400C0680D00002803D0B5
:106FB000012149420AF038FD2069002803D001214F
:106FC00049420AF031FD7F21E379ED011940E06883
:106FD0002943E171002801D00AF0C6FC206900288D
:106FE00001D00AF0C1FC012070BDC046F8B5DE46F4
:106FF00057464E4645468346E0B505200C00FAF755
:10700000B9FF0600600821008019FCF75BFD430012
:1070100098468044070005214046FCF753FD3B1A83
:107020009A46204B8146700080199C4234D81E49F4
:10703000FCF748FD451C5B461C6800230422E36600
:1070400023680120534002321A4080235B0123430E
:107050001A605346E3614B46236243464F2B03D9E4
:1070600050214046FCF72EFDA023E050E36F2200A4
:107070005D4080237C322D045B0113432D0C1D6089
:10708000012339003000E366FCF71CFDF0BCBB4671
:10709000B246A946A046F8BD0449FCF713FD451CBD
:1070A000C9E7C0463F420F008096980040787D01B6
:1070B0000F4A70B5821A531E9A410E4BD200083205
:1070C0001A600D4B0D4C1A601500A3689D432B1ED2
:1070D000FAD166240268FF340571D5661460633CFA
:1070E0008833FF3CD5639563D450FFF77FFF70BDB5
:1070F000601E002000E0004000F0004000C00040A2
:10710000F0B557464E46DE4645468446E0B583B068
:107110001F000CAB18786346914600221B68019053
:10712000DA6601325960DA66002F4FDD7A1E90462A
:107130006246127901269202802493463A00464024
:10714000760280253700002046461021A246904650
:10715000AD00841B624254414A4664423C40009464
:107160005C46125C2243009C22431A615A6B114216
:10717000FCD052469C58002C10D1B04221D00022A5
:10718000013093468045E4D16346019A1A7103B0F9
:10719000F0BCBB46B246A946A046F0BD5A6D0122DE
:1071A00093465A6B2A42FCD01A6E5A46002AE6D001
:1071B000002C03D0E30701D42407E5D40220404289
:1071C000E2E7019A002ADAD19346EAE70020DBE7FA
:1071D000F0B5DE464E4645465746E0B5060009A8DE
:1071E0000078346880460020E066616001219346A3
:1071F000E166002B32DD8022591E52008C469246F9
:107200008025616F1029FCD00021002801D131793F
:10721000890284451CD052461143216102E0A16FCE
:1072200000290DD16159616D0029F8D0022040423A
:1072300043463371F0BCBB46B246A946A046F0BDFA
:107240005A462169115401308342F1D03468D8E79D
:107250004246012757407A021143DCE70020E7E766
:1072600003780200002B03D143685B68984211D079
:107270009368002B04D01800DB68002BFBD170470B
:10728000506883689A42FAD10300406882689A4243
:10729000FAD0F4E7C068F2E7F0B50024CE464746DE
:1072A00080B54A608C60CC600C7000280AD0916078
:1072B000934200D1A3E05D6898682C00904208D109
:1072C000996006E0D160D868904200D195E05D6891
:1072D0002C00002201269146A9420DD13BE0002C52
:1072E0001ED02778002F1BD10670267049461170DA
:1072F00011002C008D422ED048680278002A2AD135
:10730000426894688442EAD1D768BC46002F28D0EE
:107310003F78002F25D10121604621700170E5E7FB
:1073200084688C4239D0067048461070D0688468F2
:10733000D460002C00D06260546844605D68AA424A
:1073400027D0A568AA4226D0E060826050605D68C0
:107350002C008D42D0D101232370C0BCB946B04669
:10736000F0BDC5688D4231D0067048461070E068A7
:107370009060002800D04260506860605D68AA425A
:1073800020D0C568AA421FD08460E26054605D6866
:10739000AFE75860D9E7A060D7E7CD6814008560F3
:1073A000002D01D0686044684C605D68A84222D01E
:1073B000E568A8422ED0A1600C00C86041600100C1
:1073C0002000B0E75C60E0E7C460DEE78C68C46082
:1073D000002C18D0606044684C605D68A8421BD0E7
:1073E000A568A84214D0E1600D00886094684160EF
:1073F00001002800B8E75960DEE7D96067E70C00B4
:107400005960D960A7E74A605C68A04204D01400C4
:10741000A160E9E7E160CFE75960E5E7042010B536
:1074200000F0E2F8024B034A0349036000F01EFE3D
:10743000902B0110C57400107C2B0110042010B596
:1074400000F0D2F8024B034A0349036000F00EFE3D
:10745000CC2B0110FD740010B82B011070B5050085
:10746000082000F0C1F82900040001F007F820000E
:10747000044A054900F0FAFD200000F0CBF800F0C6
:1074800061F9C04675830010342D011070B50500F8
:10749000082000F0A9F82900040001F033F82000CA
:1074A000044A054900F0E2FD200000F0B3F800F0C6
:1074B00049F9C046B5830010542D011000487047AB
:1074C0004C1D011010B50400024B036000F008FAD7
:1074D000200010BD902B011010B50400044B036078
:1074E00000F0FEF920000421FDF7AAF9200010BDEC
:1074F000902B0110004870475C1D011010B504006E
:10750000024B0360FFF7DEFF200010BDCC2B011003
:1075100010B50400044B0360FFF7D4FF20000421E2
:10752000FDF78EF9200010BDCC2B011070B5194C61
:10753000083863680668002B20D08519AB421DD837
:107540005A6821D00434002A06D10DE051681C1D70
:107550001300002907D00A009542F7D803D12A6802
:10756000B6186A685A6023681A689918884208D061
:107570005B68066043602368586001E043606060B8
:1075800070BD92191A60FBE71B6842609B1903608B
:107590006060F5E71C270020020030B50832083093
:1075A00000D3082207230F49073248689A43043161
:1075B000002804D10EE0011D406800280AD00368AD
:1075C0009A42F8D845689C1A072C04D803602B000F
:1075D0000B60083030BD83185D6008681C60026075
:1075E000F6E7C0461C27002070B580300500FDF787
:1075F000E3F8041E07D0802200212000FDF70CF9DB
:107600002000803070BD2800FFF7C6FF041EF2D1B5
:1076100000F0CCFC074B80389A68DB6810B5D318B3
:10762000984201D2824202D3FDF7EAF810BDFFF77B
:107630007DFFFBE71C270020F0B5CE46474600251E
:1076400080B53B4E89B03B487560B560F56008F089
:1076500041F908230293384B04000393092305934F
:10766000364B049506930423079300283FD0344DEE
:10767000237828003A3B5A425341E4180F22210054
:1076800009F050FA002802D1E37B2E2B16D02000FF
:107690003A2109F0C3FA041EEAD1079C402C24DCED
:1076A000049B002B00D106333E335C43A400F460FE
:1076B00020D109B0C0BCB946B046F0BD08AB994670
:1076C000103402AF3B6878689846002B05D01A004A
:1076D000210009F027FA002803D14346E35C3D2B43
:1076E00013D00C37B945EDD1D1E74024D8E7882431
:1076F000E400F4602000FDF75FF8B060002815D0CA
:107700000023706004604360D3E7404601302018D6
:10771000002201A908F08CFE019C23783A2B01D0AD
:10772000002BB4D10028B2DBB860B0E7F060C0E74E
:107730001C270020781D01108C1D0110981D0110C0
:10774000A41D01101EB400F093F81EBC0AF04CF901
:10775000F0B5C64600B51E0003780C0082B0472B7A
:107760001FD00020284D2B6801909B682800984767
:1077700001239846002804D0019B1B680193022333
:107780009846236829001F692000012301AAB847F1
:10779000002826D100239846404602B080BCB84657
:1077A000F0BD43784E2BDCD18378552BD9D1C378EB
:1077B000432BD6D10379462B1BD0432BD1D1437910
:1077C0002B2BCED183792B2BCBD1C279012AC8D8D0
:1077D000002301930300203B1D68012A04D0583088
:1077E000C1E7019B3360D7E72B00783B28001D6879
:1077F000B9E743794F2BB4D18379522BB1D1C079FA
:10780000024D0028AFD0ACE75C2C0110302C0110E9
:1078100010B5040000F078F822002378203A472BB6
:1078200005D08368002B20D18260012010BD6378D1
:107830004E2BF6D1A378552BF3D1E378432BF0D11F
:107840002379432BEDD163792B2BEAD1A3792B2B11
:10785000E7D1E379012BE4D8D3690133D361012B5C
:10786000E3D1836893618260DFE700F09FFBC0464D
:1078700010B500F049F80300806800282DD02022C0
:10788000825C472A03D000229A60203010BD263A3D
:10789000825C4E2AF7D12C3A825C552AF3D1323AD7
:1078A000825C432AEFD11F3A825C432AEBD11E3A15
:1078B000825C2B2AE7D1053A825C2B2AE3D1043A79
:1078C000825C012ADFD8C269013AC261002ADCD198
:1078D00082699A6000238361D7E700F067FBC046A6
:1078E0007047C0467047C04600487047B41D01103D
:1078F00010B504000421FCF7A3FF200010BDC04612
:1079000000487047102700200048704710270020CB
:10791000F0B5D64646464F468A46C0B506005028C2
:1079200024D00F2404400C2C00D96FE03848A40068
:107930000059874654781078240204439078000454
:107940002043D47824060443101D002C08D0702551
:107950003540102D00D1924676B25444002E0ADBF9
:107960001C60E0BCBA46B146A846F0BDD01C03225C
:10797000904310C8F4E72468F2E7547810782402A2
:107980000443907800042043D47824060443100074
:107990000830DAE75478107824020443901CD4E7C6
:1079A000547810782402044324042414901CCCE757
:1079B0007F2115000024002788464046297801359C
:1079C0000840B840044348B207370028F5DB2800D8
:1079D0001F2FBAD84D06B8D50125BD406D422C43A6
:1079E000B5E700218C467F311500002488464746C4
:1079F00061462878013507408F400721894640B20B
:107A00003C43CC440028F2DB28009EE707F05AFFF5
:107A1000782C0110030010B50800FF2B10D0702245
:107A20001340302B13D004D8202B07D109F084FF4A
:107A300007E0402B06D109F0FFFF02E0202B04D81D
:107A4000002010BD0020502BFBD007F03BFF09F0B9
:107A5000BBFFF6E7F8B505000E0014000020002D6E
:107A600002D0280009F0E8FF2060771C3678FF2E4E
:107A700028D160603B78781CFF2B32D01023002582
:107A800000217F2623753200037801301A408A4096
:107A90005BB215430731002BF5DB4519E560002289
:107AA00000257F26037801306375310003780130AB
:107AB000194091405BB20D430732002BF5DB4519AD
:107AC0002561F8BD29003000FFF7A4FF3A0001004E
:107AD000231D3000FFF71CFF07003B78781CFF2BAD
:107AE000CCD100252375D9E7F0B557464546DE468B
:107AF0004E460023E0B597B00C9303330F00904639
:107B00000340012B00D1AEE0022B0ED141463800DC
:107B100009F042FF002800D0A3E0082017B0F0BC15
:107B2000BB46B246A946A046F0BD002B00D033E2CA
:107B300008331C0004400342E8D1012510AB039335
:107B4000039B0C220021009340460023109709F06C
:107B50001BFF404609F0A8FF04900028D6D02C4314
:107B6000039D04992A0040460594FFF773FF2B7D7F
:107B70004146040018000693FFF74CFF0FABA860C6
:107B80000F22079000939B4600210023404609F0F6
:107B90006BFF01220F9B9343013B99462B699A4649
:107BA0009C4242D2109B6E7D02933B007F252700B2
:107BB0004C46994600213000FFF72CFF3A000100A7
:107BC0000DAB3000FFF7A4FE002107003000FFF7E7
:107BD00021FF3A0001000EAB3000FFF799FE0021B3
:107BE00007003000FFF716FF3A0001005B46300047
:107BF000FFF78EFE002100222F00037801301F4086
:107C000097405BB239430732002BF5DB029A0D9B9C
:107C100094466344A34207D80E9A9B18A34200D906
:107C200085E007008245C5D84F46002300259A46C7
:107C30000133059AD20771D50C9B0B935B460D223D
:107C4000009300210023404609F00EFF0F9B062001
:107C50003B620B9B3D637B625346BB62049BFB62B2
:107C60005CE709205AE708231C0010AA044003928D
:107C7000034201D0022563E70D6A00230092002130
:107C80000D22404609F0F0FE109B9D42F2D1039B6D
:107C90000C220093002100234046109709F074FE47
:107CA0003D6BBC6AFB6A002D3ED004930FABA2462D
:107CB0009B465346002B00DAB8E003265B460022C1
:107CC00000210093404600230F9709F05DFE5B46BC
:107CD000012200210093404600230F9409F054FE36
:107CE0005B460F22002100934046002309F0BCFEB2
:107CF00001230F9A002113402B430F935B460F2261
:107D000000934046002309F03FFE022E01D00720D9
:107D100004E73800FFF77CFD0720FFE608220599FD
:107D20000A426DD1012B7FD1380007F0ABFC0F9BCD
:107D30004F46002B00D1E9E6039A55685D190029EA
:107D400000D10AE14C1E5444002D00D1DEE6059A14
:107D50000823110019400A91134200D100E13F337A
:107D60003B7007337B700733BB70123BFB700333F0
:107D70003B7109337B710333BB710023FB7100231B
:107D8000069A994607331A4043460993039BBA461D
:107D9000984602920895002300217F252A0020782A
:107DA000013402408A40134342B20731002AF5DB16
:107DB0001F2905D8400603D501228A4052421343A9
:107DC0001E002000002500227F279C4639000378F2
:107DD0000130194091400D4359B207320029F5DBBB
:107DE000190063461F2A3ED849063CD5012191401F
:107DF0004A421543002B4BD1012399466419CAE727
:107E0000012B00D1C6E05346002B00DABEE05446F9
:107E1000032653E7099BAB469846059BB2462700CD
:107E2000089DDB0700D507E7544642E7039E049907
:107E300032004046FFF70EFE4146307DFFF7EAFD77
:107E4000E343F1689B00C9180B68002B05D00023A1
:107E500001339A008A58002AFAD1BB620423F862DF
:107E60003B63796329E7002B12D101239946002D4A
:107E7000C4D1099B574698464B46089D002B00D11C
:107E800044E6059BDB0700D540E60024022615E703
:107E9000002B14DC4246DB43D7689B00FF18534697
:107EA0003968002B02D00A9B002B2CD00029DED190
:107EB000099B57469846B2460323089DB9E6069AA1
:107EC000FF2A48D0029A022A42D03CD9029A032AB9
:107ED0003BD0042A60D1DB005B424246D26807995E
:107EE000D21806985B46FFF713FD0F990029DFD0E3
:107EF0005346002BBBD0002250460CABFFF728FCAA
:107F00000028B4D0D4E70C9B0B930F93002932D0F8
:107F100053465A46A246AB461C00150004E0796859
:107F20000437002900D175E72B00002220007918C2
:107F3000FFF70EFC0028F2D022002B0054465D46CD
:107F400092469B4693E7002A26D19B005B42C4E7FA
:107F50005B005B42C1E70023BFE7002D91D1D5E56F
:107F60003B00FA795833012A01D00C9307E7783B9C
:107F70001B680C9303E7099B57469846059BB2463E
:107F8000089DDB0700D559E6544692E600F01AF842
:107F900007F006FC00F00AF807F094FC10B58047E3
:107FA00007F090FC07F0FCFB07F08CFC024B10B5CF
:107FB0001868FFF7F3FFC0466C1E002010B580471D
:107FC000FFF7F4FF024B10B51868FFF7F7FFC04644
:107FD000681E0020014B18687047C0466C1E0020C8
:107FE000014B18687047C046681E002010B5012874
:107FF00012D80B00283B1A68501E1860012A00D0C6
:1080000010BDDB6858310C00002B01D008009847E8
:108010002000FFF7FFFAF3E728394869FFF7BEFFB2
:1080200070B505000026803DEA602E60A96004005E
:10803000FFF7D6FF2861FFF7CDFF23004722583B0B
:1080400068611A7007325A7007329A70220043230F
:10805000553A13705370183B9370D370024B513CD8
:10806000280026702B6370BDED7F001070B50400F2
:108070000D001600FFF748FC436832000133290069
:1080800043602000FFF7CCFF040001232834036085
:10809000200009F0F9FC200007F082FBFFF786FFC3
:1080A00010B5FFF731FC4368046801334360002CCE
:1080B0000CD02023E35C472B0AD00023036020343C
:1080C000200009F0D9FC200007F06AFBFFF76EFFE3
:1080D000263BE35C4E2BF0D12C3BE35C552BECD1E3
:1080E000323BE35C432BE8D11F3BE35C432BE4D101
:1080F0001E3BE35C2B2BE0D1053BE35C2B2BDCD15F
:10810000043BE35C012BD8D863695B426361D6E72B
:1081100010B50400024B036000F054FA200010BDBB
:10812000E82C011010B50400044B036000F04AFA7B
:1081300020000C21FCF784FB200010BDE82C01106E
:10814000F0B583B01E00089B05000F001400934299
:108150000AD0A868089A036800921D6A22003300BA
:108160003900A84703B0F0BD310000F05FF80028E7
:10817000EFD00620F6E7C046F0B50E0085B0190036
:10818000040017001D0000F051F8002814D10A9BCC
:108190000C9A93422AD0A0680D9A036803920C9A15
:1081A000310002920B9A01920A9A0092DC693A001D
:1081B0002B00A04705B0F0BD0D9B0A9A1F711A60F5
:1081C000002E0CDB93190C9AD31A5A1E93410422E9
:1081D0005B4293430D9A063393710020EAE702361F
:1081E000FBD101230D9A00209371E3E720000B9946
:1081F00000F01CF80028CED00D9B00205F71D9E75D
:10820000F8B507000C0015001E0000F013FA002856
:1082100006D1B8682A00036821009F693300B84777
:10822000F8BDC0467047C0460020704710B5814277
:1082300011D0406803782A2B0BD049680B782A3B71
:108240005A425341C91808F0F9FD43425841C0B29F
:1082500010BD0020FCE70120FAE7C04670B53D4B99
:1082600082B01A78002A44D101221A7007F01AFB52
:10827000002834D04468002123782A3B5A425341D5
:10828000E41801235B4200220193200001AB07F0B8
:1082900073F9314D06002B683022DB6801212F482D
:1082A00008F02EFB019B002B13D02B682000D9680F
:1082B00008F03AF92B680222DB680121284808F00F
:1082C0001FFB019B002B02D13000FCF799FAFFF74E
:1082D000E7FE2B683000D96808F026F9EAE71E4B64
:1082E0002D221B6801211F48DB6808F009FB07F0FD
:1082F000E9FA194B1D221B680121DB681A4808F0B6
:10830000FFFA07F0DFFA0C00012919D107F048FA4B
:1083100003689B6898472B6806000B2221001348CE
:10832000DB6808F0EDFA2B683000D96808F0FCF83B
:108330002B680A20D96808F087F807F06BFAD6E7AF
:1083400007F02EFA07F066FAD1E707F063FAFFF7B5
:10835000F9F9C0462533002080220020E81D0110D5
:108360001C1E0110201E0110C81D0110501E0110FE
:10837000406870470D4B10B5036043680400180057
:108380000B4A0C3882B0904205D12000FFF7A8FAC2
:10839000200002B010BD043B1A68511E1960002A6B
:1083A000F3DC01A900F0E6F8EFE7C046682D011004
:1083B0002C2700200D4B10B5036043680400180003
:1083C0000B4A0C3882B0904205D12000FFF788FAA2
:1083D000200002B010BD043B1A68511E1960002A2B
:1083E000F3DC01A900F0C6F8EFE7C046682D0110E4
:1083F0002C2700200E4B10B50360436804001800C2
:108400000C4A0C3882B0904208D12000FFF768FA7D
:108410002000FCF711FA200002B010BD043B1A68DE
:10842000511E1960002AF0DC01A900F0A3F8ECE766
:10843000682D01102C2700200E4B10B503604368F7
:10844000040018000C4A0C3882B0904208D1200079
:10845000FFF746FA2000FCF7EFF9200002B010BD4C
:10846000043B1A68511E1960002AF0DC01A900F0D3
:1084700081F8ECE7682D01102C270020F0B5C646E6
:1084800000B51C4B04000D0082B00360002929D008
:10849000080008F051FD061E02D1174B984611E066
:1084A000002101AA00F038F80C2398460700804408
:1084B000012E0ED0320029004046FCF7B3F90F4BD5
:1084C0009F4209D143462000636002B080BCB84699
:1084D000F0BD2B780373F2E700233E60BB60BF1949
:1084E0003B73EFE70648FEF7B9FF2000FFF7F8F906
:1084F000FFF728F9682D0110382700202C270020CD
:108500005C1E011010B50400FFF7B8FF014B2000FE
:10851000236010BD7C2D0110144B10B5040098424F
:1085200021D8884215D94B00984200D21C00230064
:10853000200080221D330D30520193420BD9A142FD
:1085400009D294461B051B0D6444E41A074B9C4258
:1085500007D820000D30FCF76BF9002344608360DE
:1085600010BD1C00F5E70248FEF790FFFCFFFF3F3F
:10857000881E011010B5FCF75FF910BD002330B55F
:108580001400102285B000930193039303680292B4
:108590009D6922686B46A8476B461A79062300201E
:1085A0001340062B02D1009B0130236005B030BD83
:1085B000009B05209A1A53425A4152421040013002
:1085C0007047C04610B50400024B0360FFF72AFE57
:1085D000200010BDC02D011010B50400044B036035
:1085E000FFF720FE20000821FCF72AF9200010BD2B
:1085F000C02D011070B516001D00069A049B0400E2
:1086000093420ED029002000FFF710FE002806D06C
:10861000079B049A1E711A600123079A9371002028
:1086200070BD0599FFF702FE0028EBD0079B5E7135
:10863000F5E7C04670B515001C00FFF7F7FD0028F0
:1086400004D00823E360023B2560237170BDC0465F
:10865000F8B505000C0017001E00FFF7E7FD002825
:1086600007D1032E05D823683A00290020005B6952
:108670009847F8BD70B50500312935D8282908D9A3
:1086800008002938C0B2082814D82A4C8000205885
:1086900087460A2910D90C0001200B3CE4B2A04007
:1086A000254C20422CD1FF24A40320420AD1234C84
:1086B000204203D1002016E0042935D8002AF9D041
:1086C000002BF7D06E69A8698642F3DAB0002C69F6
:1086D00080198000201800240136446084606E6197
:1086E0000170C260036170BD4F290DD83329E1D9F3
:1086F0000C000120343CE4B2A040114C20420CD0CC
:10870000002ADFD10020EEE708005238C0B2092865
:10871000D8D80C4C8000205887460B4C2042CDD135
:108720004E29CFD00020DEE70C00093C0020012CB0
:10873000D9D8E5E7E42D0110FE1F802F010040008D
:108740000711C701082E0110F82E000AF8B5CE4611
:10875000474680B5C56806002C786E2C27D0303C83
:10876000E3B2092B2ED800239846174B00279946D1
:10877000013507E04B460A21181B0135FBF77AF952
:10878000B84212DBBB00DB195B00F5601F192C78C7
:10879000303CE3B2092BEDD94346002B00D07F4299
:1087A0003800C0BCB946B046F8BD0127F7E76B1CDE
:1087B000C3606C78303CE2B2092A03D81D00012363
:1087C0009846D2E70027EBE7FFFFFF7F10B50400D4
:1087D000002908D1C3681A78002A01D1002010BDF1
:1087E0005A1CC260197868290AD07629F6D120006F
:1087F000FFF7ACFFE3681A785F2AEFD10133E3603B
:108800002000FFF7A3FFE3681A785F2AE6D101335F
:108810000120E360E3E7C04610B5C36804001A789E
:108820005F2A01D0012008E05A1CC2605A785F2AF2
:1088300004D0FFF78BFFC043C00F10BD0233C360ED
:10884000FFF784FF00280ADB0928EBDDE36800203E
:108850001A785F2AF1D101330120E360EDE70020AF
:10886000EBE7C046F8B505000C1E26D08E2680200A
:108870007600C000A368012B1FDCAA5982421CDCD1
:108880000133A3602378412B18D8222B06D8591E18
:10889000212912D81E499B00CB589F461F00012159
:1088A000233FFFB2B9401B4F394214D1890724D16D
:1088B000332B02D12469002CDCD1F8BD443BDBB260
:1088C000112BFAD814499B00CB589F46A22149008E
:1088D0006B5801336B50E1688E2601327600280018
:1088E000AA51FFF7BFFF28002169FFF7BBFFAB5973
:1088F000013BAB51E1E7E468DDE7E1680B78052B6C
:10890000EAD19C2040002B5801332B50E4E7C046AD
:10891000302E0110EC7DFE7FBC2E0110002806D108
:1089200008E0002908D000690139002803D0037845
:108930002F2BF6D000207047C068FCE7F0B514007C
:10894000C64652684B1CA5689B1880460E0000B5B1
:10895000E768AB4212D8002F0DD16368206832005F
:10896000C0184146FBF75EFF236862689B199F545D
:1089700063689B19636080BCB846F0BD002FFAD1D4
:10898000002D02D1022B0DD902356D00AB42FCD86F
:1089900029002068FBF722FF071E05D0E76820604A
:1089A000A560D8E70225F3E72068FBF729FF01233C
:1089B00027606760A760E360DDE7C04602780300D8
:1089C000722A11D0562A0FD04B2A0DD00020442AEB
:1089D0000BD158780300773B012B05D9202398430E
:1089E0004F384342584100E00120704780235B002C
:1089F000C35870B504000D00FF2B08D0591C80220D
:108A00005200A150E55482235B00E55470BD002262
:108A1000C25486235B00C258043BFF21C3589847C9
:108A200094225200A35801210133A3500023E6E70A
:108A300088235B00C358002B14D05B681869CB688F
:108A4000002B0CDB002806D108E0002B08D00069C1
:108A5000013B002802D002782F2AF6D00020704770
:108A6000C068FCE701221933FF33C2500020F6E74B
:108A700070B505000C1E17D0114E2378332B02D889
:108A80009B00F3589F46423BDBB21A2B03D80D4A9A
:108A9000DA40D20708D42800E168FFF7E9FF002890
:108AA00003D12469002CE8D1002070BD21002800EA
:108AB000FFF7BEFF0028F7D003782F2BF4D1F4E79F
:108AC000042F0110E30C0004F0B5D6464F4646468D
:108AD0000500C0B508000C0008F02EFA00282AD0C6
:108AE0000022802392460D32FF3291465B00043A09
:108AF0009046EB5827180AE01900013380225200F3
:108B0000AB50013404326E54AE54BC4213D02678BC
:108B1000FF2BF1D15246EA544B46EA584346FF2117
:108B2000EB582800984794225200AB58002101339B
:108B3000AB500123E2E7E0BCBA46B146A846F0BD1F
:108B400070B5C26804001378542B22D1531CC36043
:108B500052785F2A1FD06E2A1BD0FFF7F7FD451C05
:108B600017D4E3681A785F2A13D10133E36062698E
:108B7000A3699A420DDA00239100206989188900BF
:108B80004018436083600132053362610370C56041
:108B900000E0002070BD0025E7E7C046F0B5D646EE
:108BA0004F464646C0B51F4B88B00A000500190065
:108BB00001A8FAF7E7FE01A808F0BEF900282BD0BB
:108BC0000022802392460D32FF3291465B0001ACB9
:108BD000043A9046EB5827180AE019000133802226
:108BE0005200AB50013404326E54AE54BC4213D028
:108BF0002678FF2BF1D15246EA544B46EA584346B9
:108C0000FF21EB582800984794225200AB580021CE
:108C10000133AB500123E2E708B0E0BCBA46B146ED
:108C2000A846F0BDA01E0110F0B5C64600B5040070
:108C3000FFF78CFD051E45DDE7686368DB1B984286
:108C40003EDCA2683B18E360520702D51A78242A5A
:108C50003AD0A36966699846092D23DD08223800B9
:108C60002A4907F05FFF002806D13B7A2E2B33D02C
:108C70005F2B31D0242B2FD0464521DAB300206959
:108C80009B199B00C0180023013643608360666116
:108C90000023C7604360836003700561A06280BCED
:108CA000B846F0BD9E420BDAB30020699B199B00C9
:108CB000C01800230136436083606661002FE7D14E
:108CC0000020EBE70020EAE70133E360A36966696F
:108CD0009846092DC2DCE5E77B7A4E2BCCD1E36ABE
:108CE00016335B1BE3624645EADAB30020699B1941
:108CF0009B00C018002301366661436083600370E7
:108D0000034BC36015230361C8E7C046A41E0110CE
:108D1000B01E0110F8B5C36804001A78532A24D194
:108D20005A1CC2605A78002A0ED09A1CC2605A7827
:108D30005F2A46D01300303BDDB20020092D1FD939
:108D40001500413D192D1BD9A068082305001D40C1
:108D5000184238D1002938D14E4B1D00C43518783F
:108D600090423BD01C33AB42F9D100252800F8BD1E
:108D7000511CE16012785F2A1BD018001300303BB1
:108D8000DBB2092B0BD8C3001B189B009B18303B90
:108D90009842EAD8E26811780029E6D0E8E71300A3
:108DA000413B192BE1D8C3001B189B009B18373B94
:108DB000EEE70133226A9A42D7D9E2699B009D58B7
:108DC000D4E70023F6E70121C6E70121E3681B7819
:108DD000433BDBB299426D412900BDE75E696269A0
:108DE000A569002E13D098698446954250DD9700FE
:108DF0002069BF18BF00C019002701324760876093
:108E00006261C6606646183707700661A062002975
:108E100039D0D8681969E36A5B18E362AA4235DA87
:108E2000930025699B189B00ED18002301326B60AD
:108E3000AB60183362612B70E8602961E3681A78CF
:108E4000422A00D092E7A66A0133E3602000FFF7D0
:108E5000EBFE2A0003004D212000FFF70BFCE36826
:108E600005001A78422AEFD0A662002800D17CE7DC
:108E7000236A626A934200DB77E7E2699900013373
:108E80008850236272E758689968C4E70025D5E7DF
:108E90000020BBE704350110F8B5C36804001A7858
:108EA0000D00572A09D024E0E26999000133885067
:108EB0002362E3681A78572A1BD15A1CE2605A7859
:108EC0005326502A02D10233E360013620002F6876
:108ED000FFF7AAFE3A00030031002000FFF7CAFBAB
:108EE0002860002803D0236A626A9342DCDB0020FA
:108EF000F8BD0120FCE7C046F0B5CE46474680B538
:108F0000C568040085B02800FFF758FD021E0CD18B
:108F10002B78552B3CD8402B62D9413BDBB2142B2C
:108F20005ED8B84A9B00D3589F460022694620006D
:108F300001F07EF9051E00D123E1E36820001B78D3
:108F4000462B22D0FFF7D8FF2860002800D118E177
:108F500003781F3B012B05D8009AC368C2602A68BA
:108F600000922B600098002800D10AE1236A626A0F
:108F7000934200DB05E1E2699900013388502362E6
:108F800005B0C0BCB946B046F0BD00F0A1FBDBE7C0
:108F9000613BD8B2192823D8012181409A4E314231
:108FA00000D087E214281BD10135E5602000FFF7CF
:108FB0003BFE0023020028212000FFF75BFB050099
:108FC0000090002D00D1DCE0236A626A934200DB4E
:108FD000D7E0E269990001338D5000982362CFE712
:108FE0000121200001F0DCF9CAE70135E56020002D
:108FF000FFF782FF0023020025212000FFF73AFB44
:1090000005000090DDE76B1CE3606B78002B00D15E
:10901000B7E0AB1CE3606B78463BDBB2302B00D98A
:10902000AFE07A4A9B00D3589F46200000F050FBE7
:1090300005000090C5E70135E5602000FFF75CFF03
:109040000023020026212000FFF714FB05000090FA
:10905000B7E70135E5602000FFF74EFF002302006F
:1090600024212000FFF706FB05000090A9E7013549
:10907000E5602000FFF740FF0023020022212000CE
:10908000FFF7F8FA050000909BE70135E560200046
:10909000FFF732FF0023020023212000FFF7EAFA46
:1090A000050000908DE72000FFF74AFDE668050007
:1090B00033780090492B84D1636B002B00D02FE2D2
:1090C00000285ED0236A626A93425ADAE269990004
:1090D00001338850236232780023493A012A05D8A7
:1090E00001362000E66001F01BFE03002A00042187
:1090F0002000FFF7BFFA0500009062E70135E56048
:109100002000FFF791FDE16806000D780090492DE1
:1091100000D1EBE12000FFF7EFFE33000200212138
:109120002000FFF7A7FA050000904AE7681CE060FE
:109130006A785F2A3BD0303A092A00D9E3E101007E
:109140000F000131E1600B78303B092BF8D96269DF
:10915000A3697D1B9A4214DA930026699B189B0031
:10916000F618002301327360B3606261002D08DDE0
:10917000F06008007360B360337035617B785F2BFB
:1091800016D00020FCE60135E5602000FFF7B4FEB4
:10919000051EF6D02000FFF7AFFE031EF1D02A0017
:1091A0002B212000FFF766FA0500009009E7002652
:1091B0000130E0602000FFF79FFE320003002A210B
:1091C0002000FFF757FA05000090FAE60123256B0F
:1091D0002000236300F076FD256302000023442174
:1091E0002000FFF747FA051E0090CAD0E3681A78FE
:1091F000002AC6D05A1CE2601B78452B00D1E3E65A
:109200000020BDE6D42F0110FF7BEC0328300110B5
:109210002000FFF79BFAE36802001D78622D00D161
:10922000A1E1782D02D05F2DABD100256169A06945
:1092300017B20133814200DBBFE1142048432669A5
:109240000131361800207060B06061615C213170BE
:10925000DE49B574F1603782DD49E36001A800960C
:10926000FAF790FB691E8D4101A807F065FEF368CF
:10927000E26A5B689B185B191818E06200987FE649
:109280006369A269934200DB9CE19A002069D218CD
:1092900092008018002201334260826063612723BC
:1092A0000370CC4BC360E36A0A33E36268E6AB78D1
:1092B0005F2B00D171E16369A269934200DB60E733
:1092C0009A002569D2189200AD18002201336A6015
:1092D000AA606361432320002B70FFF737FAE86030
:1092E000E3681A785F2A00D04BE70133E36020007F
:1092F000FFF702FE2A0003002D212000FFF7BAF934
:10930000050000905DE66369A269934200DB38E7DF
:109310009A00D218013363610023206992008018FB
:10932000436083600370AC4BC3600E23036127E688
:109330006369A269934200DB44E19A002069D21874
:10934000920080180022013342608260636127230B
:109350000370A24BC360E36A1133E36210E66369F2
:10936000A269934200DB2DE19A002069D218920095
:1093700080180022013342608260636127230370FA
:10938000974BC360E36A0833E362F9E56369A26956
:10939000934200DB16E19A002069D21892008018EF
:1093A00000220133426082606361272303708D4B8A
:1093B000C360E36A0433E362E2E56369A26993424E
:1093C00000DBFFE09A002069D2189200801800228A
:1093D000013342608260636127230370824BC36064
:1093E000E36A0933E362CBE56369A269934200DB78
:1093F000E8E09A002069D218920080180022013318
:1094000042608260636127230370784BC360E36A24
:109410000833E362B4E52000FFF76EFD002302008D
:109420004C212000FFF726F905000090C9E563698B
:10943000A269934200DBC5E09A002069D21892002D
:109440008018002201334260826063612723037029
:10945000674BC360E36A0733E36291E56369A2691E
:10946000934200DBAEE09A002069D2189200801887
:1094700000220133426082606361272303705D4BE9
:10948000C360E36A0933E3627AE56369A2699342E0
:1094900000DB76E69A00D21801336361002320696D
:1094A00092008018436083600370534BC3600423B1
:1094B000036165E59900CB18504E9B009E19A16988
:1094C00063698B4277DA99002069C91889004018CE
:1094D0000133426082606361272303707368E26A2C
:1094E0000135D318C660E362E56049E50131E1600A
:1094F000200001F015FC3200030004212000FFF7DA
:10950000B9F8060006E60123256B2000236300F06E
:10951000D9FB2563061E00D133E6E06803782EE60A
:10952000636920009946236AE76A9846731CE360E2
:1095300001F0F6FBE2681278492A06D04B466361D7
:109540004346E6602362E7623BE5002D00D118E662
:10955000236A626A934200DB13E6E26999000133F1
:109560008D502362C1E5102800D00AE60133E36084
:109570006269A3699A4225DA1421514323690132B1
:109580005B18002159609960626127221A70E06AB5
:109590001B4A0093DA600F306FE603355E3B266BA3
:1095A000E5602000236300F08DFB2663051E00D0DC
:1095B00096E60020E4E4D368FFDE0549E36001A8F5
:1095C000FAF7E0F90023DB68FFDEC046003D01103A
:1095D000A01E0110883C0110D01E0110EC3C0110AF
:1095E000D83C01109C3C0110603C0110C43C0110AF
:1095F000B03C0110743C0110C81E0110583A011013
:10960000143D0110002330B5C26883B00193137874
:10961000040001AD002B15D125E04F2B18D0200000
:10962000FFF76AFC021E1ED000232E212000FFF748
:1096300021F82860002816D0E26810301378050061
:10964000002B08D0452B06D02E2B04D0522BE4D172
:109650005378452BE3D10198002804D00369002BEF
:1096600003D003B030BD0020FBE7C2681178272982
:10967000F7D1D268117C0929F3D1E16A52688A1ABC
:10968000E262C360EDE7C04670B5C36804001A78B3
:109690004A2A19D000290FD02000FFF72DFC051E03
:1096A00010D02000FFF7AEFF031E0BD02A002921A7
:1096B0002000FEF7DFFF70BD2000FFF7A3FF0025AD
:1096C000031EF3D10020F6E70133C360E4E7C04690
:1096D000836870B504005B030DD48023C26B1B014B
:1096E0009A420CD8531CC363C368002019784629DA
:1096F00007D0E26304E0C3681A78462A01D000204C
:1097000070BD5A1CE2605A78592A01D10233E360D5
:1097100001212000FFF7B8FFE5682B78522B1DD000
:109720004F2B09D0452B16D00020A3685B03E7D44C
:10973000E26B013AE263E3E72021E36A03336E1C44
:109740000200E36220000023E660FEF793FF6B78DF
:109750003500452BE8D10135E560E6E7E36A1F21D6
:109760000233ECE770B5C36804001A780D00542A80
:1097700010D15A78742A22D00ED86E2A17D0702AA7
:1097800008D10233C360FFF7EDFF5B21021E09D150
:1097900001232B60002009E0792AFBD15821002207
:1097A0000233C36000232000FEF764FF70BD023364
:1097B000C360FFF7A1FB021EEAD05921F2E7023392
:1097C000C36000F00BF8021EE2D0E3681978452967
:1097D000DED10133E3601531E4E7C046002370B504
:1097E00082B005000E00019301AC02E02060103051
:1097F000040031002800FFF7B5FF0028F6D10198DA
:10980000002805D00200002357212800FEF732FF70
:1098100002B070BDF0B5C64600B5C36880461E787C
:10982000002E22D05A1CC2605A781E789446002A14
:109830001ED1482500213D4F6A1AD30F9B185B109B
:109840005B181A01BA1814682078B04207D00AD9F8
:109850001D00A942F0D1002080BCB846F0BD607860
:10986000604546D0F4D8591CF3E700239C46E0E756
:109870009A1CC2605B789C46762E22D11D00303D3A
:10988000EBB2092BD5D8FFF7CFF9434642465B69C7
:10989000926901009342DEDA40469A000069D218CC
:1098A0009200801844460022013342608260636166
:1098B0000029D0D03323426082600370C56001610B
:1098C000CAE7632EB5D1762BB3D1036B456B5A42F1
:1098D00053414363FFF710FB43465B6B0200002BD1
:1098E0001DD0002335214046FEF7C4FE43465D638C
:1098F000B2E7434641465B6989698B42ABDA404631
:1099000099000069C91889004018002141608160F0
:10991000414601334B613223C26003709CE7002350
:1099200034214046FEF7A6FEE0E7C046C8350110E8
:10993000F0B5C64600B584B00E0001A9040001923E
:10994000FFF7AAFA002800D1D8E0E26813781900DE
:109950003039092976D919006139192928D8276B96
:109960006F2B00D18DE02000FFF754FF2763051E09
:1099700000D1A2E00378322B68D1C268E36A916813
:1099800007335B18E36213681A786C2A5ED15A7841
:10999000692A5BD19B78002B58D12000FFF744F94E
:1099A0002A00030037212000FEF764FE05004DE089
:1099B000442B00D16EE019004339012900D8DCE0C6
:1099C0004C2B00D18EE0552B00D097E053786C2BB8
:1099D00000D1E5E0742B00D090E0531CE360537895
:1099E000019D742B69D1931CE36092785F2A00D1AA
:1099F0005BE16E2A00D15CE12000FEF7A7FE01309A
:109A00005BD4E3681A785F2A57D10133E360A26917
:109A10006369934251DA9A002569D2189200AD1811
:109A2000002201336A60AA60636149232B70236AB4
:109A3000626AE860934240DAE269990001338D502E
:109A4000236203E02000FFF7EFF80500019B002BE5
:109A500005D02A0055212000FEF70CFE0500E36822
:109A60001A78422A2BD0002E06D02B00320001217A
:109A70002000FEF7FFFD0500280004B080BCB846BA
:109A8000F0BD53786E2B00D06DE700230232E26008
:109A9000236368E75378432B54D0A16A002904D08C
:109AA0000878002871D018286FD0303BDBB2052B26
:109AB00003D883489B00C3589F460025C6E7A76A82
:109AC0000133E3602000FFF7AFF82A0003004D21C7
:109AD0002000FEF7CFFDE36805001A78422AEFD098
:109AE000A762C0E701322000E260FFF79DF8051E83
:109AF00004D02000FEF790FE0028A7D10025BBE788
:109B000002200232E2606369A2699342D5DA9A00C8
:109B10002569D2189200AD18002201336A60AA604C
:109B200063610029C9D008236A60AA602B7028737A
:109B300029618BE70120E4E70420E2E70320E0E766
:109B40000520DEE702320027E26006E01861002F00
:109B5000B3D0E3681A78452A6ED02000FFF764F886
:109B6000B8460200002352212000FEF783FD434641
:109B70000700002BEAD10500E9E7A16A00295ED0C1
:109B80000B78002B01D0182B59D1E36A08691B18F8
:109B9000E3621378432B52D0442B8ED1537884E761
:109BA000531CE36053786C2B87D1002302322000D2
:109BB000E26003A90393FFF711FE039B0700984699
:109BC000002B00D079E72000FFF71CFD002800D112
:109BD00073E7002F6BD03861E2681378452B00D013
:109BE0006BE7531CE36052785F2A0ED06E2A00D1D7
:109BF00063E72000FEF7AAFD431C00D55DE7984609
:109C0000E3681A785F2A00D057E70133E360A2695E
:109C10006369934200DB50E79A002569D2189200ED
:109C2000AD18002201336A60AA60636147232B707C
:109C30004346EF602B6109E70133E36006E75378A1
:109C4000492B21D018003138042800D935E7303BA2
:109C50000232DFB2E2606369A269934200DB2CE763
:109C60009A002569D2189200AD18002201336A606B
:109C7000AA606361002900D11FE707236A60AA6018
:109C80002B702F732961E1E6531CE3609378190070
:109C90003139042900D910E70332303B2000E2605B
:109CA000DFB2FFF729F9A16AD5E70020ADE607008A
:109CB00092E7002D00D1D6E62B000025C9E6C0466C
:109CC000EC300110F8B5C268040013784C2B00D1B9
:109CD000E2E0542B00D1E3E0732B25D0662B64D057
:109CE00019003039092948D96F2B41D0692B00D090
:109CF00045E253786C2B1ED100250232C2601378E6
:109D0000002B00D194E05378002B00D190E0452146
:109D1000200000F055FA2A00030031212000FEF750
:109D2000A9FC05002800F8BD5378722B00D1FAE099
:109D3000702B00D11FE12000FFF76CFD051E77D0CE
:109D40000378322B5FD0332B00D1ADE0342B6FD1B1
:109D5000E3681A785F2A00D1F5E12000FFF7B2FF2F
:109D600003002A0037212000FEF784FC0500D9E714
:109D700053786E2BDFD10232C26000220021200016
:109D8000FFF7D6FD051E53D0E3681A78492AC9D1DA
:109D90000133E360200000F0C3FF2A000300042128
:109DA0002000FEF767FC0500BCE75378702BC2D19A
:109DB000931CC3609378542B00D1D3E05F2B00D168
:109DC000A2E06E2B34D0FEF7C1FC411C30D4E36816
:109DD0001A785F2A2CD10133E360C44B994227D013
:109DE00002306369A269934222DA9A002569D21887
:109DF0009200AD18002201336A60AA6063610623F5
:109E0000E8602B708EE7C168E36A8A680E68023AE0
:109E10009B18E3623378732B0CD17278742A09D1C2
:109E2000B278002A06D12000FFF766F8030098E711
:109E3000002577E7CF68022F00D1A8E044DD032F8B
:109E4000F6D1712B00D0D9E07278752A00D0D5E018
:109E5000B278002A00D0D1E02000FFF733FF0600DF
:109E60002000FFF72FFF07002000FFF72BFF031E46
:109E7000DED03A003C212000FEF7FCFB320003005C
:109E80003B212000FEF7F6FB2A0003003A212000C8
:109E9000FEF7F0FB050045E700F08CFE050041E70A
:109EA000FEF74EFE05003DE7C368012B00D154E7E5
:109EB000022BBDD0002BBBD12A000023362120006D
:109EC000FEF7D8FB05002DE7002FF5D0012FAFD10D
:109ED0003278702A1CD06D2A1AD00027732B45D1F6
:109EE0007378502B42D1B378002B3FD1200000F083
:109EF00017FF0300002F00D133E71A00392120009B
:109F0000FEF7B8FB03002CE70332C260012068E7CC
:109F100071789142E1D1E26811785F29DED1013296
:109F2000E2603378D9E7931CC3609378826B002A90
:109F300009D0552B00D9D3E0422B00D9B9E0303BF2
:109F4000092B00D8BCE02000FEF7D6FF010000225C
:109F50002000FFF7EDFCE36805001A78492A00D0DD
:109F6000E0E615E70332C26000203AE72000FFF781
:109F7000A9FE0300BEE70232C260FFF7A3FE002382
:109F800002004C212000FEF775FB0500CAE6EB68D5
:109F90001B685A78632A00D1ACE03378662B00D175
:109FA000CCE0642B00D0C0E07378692B00D0BCE01B
:109FB000B378002B00D0B8E0002200212000FFF78A
:109FC000B7FC07003378632B4BD172786C2A48D1E9
:109FD000B278002A45D14521200000F0F1F80600B2
:109FE00033003A0039212000FEF744FB2A00030029
:109FF00038212000FEF73EFB050093E6642B06D1D6
:10A000007378582B03D1B378002B00D124E7337831
:10A01000662B00D19FE06E2B00D009E77378772B79
:10A0200002D0612B00D003E75F21200000F0C8F8C8
:10A0300006002000FEF760FFE36807001A78452A53
:10A0400000D198E0702A00D189E0692A00D0EFE6BB
:10A050005B786C2B00D0EBE62000FFF733FE0300AB
:10A0600007E7642B54D17278742A51D1B278002A50
:10A070004ED1E3681A78672A5CD0732A02D15B78E4
:10A08000722B4DD0002200212000FFF751FCE36825
:10A0900006001A78492AA3D10133E360200000F0BA
:10A0A0003FFE3200030004212000FEF7E3FA060021
:10A0B00096E70F4A433BDBB2DA40D20700D442E7CF
:10A0C00001235B420021A363200000F059FEE368F6
:10A0D00001001A78452A00D039E70133E36036E7FA
:10A0E000613B192B00D92EE7EAE7C046FFFFFF7F4F
:10A0F000010204001B781A00723A012A03D9633B5B
:10A10000012B00D949E72000FEF7F6FE070059E7CA
:10A11000702B05D17378742B02D1B378002BA8D0A3
:10A120002000FFF7CFFD06005AE72000FFF7CAFD29
:10A13000070047E75B78732BA4D1F1E72000FFF716
:10A1400069FB07003EE70133E3604521200000F092
:10A1500037F8030005E62000FFF75CFB7FE65A783E
:10A16000692A00D064E60233E3604521200000F054
:10A1700027F803007DE60133E360002379E6742BC2
:10A1800012D0752B00D0D6E50132C260FEF74CFD2F
:10A190000500200000F0C4FD2A0003003F2120003C
:10A1A000FEF768FA0500BDE553786C2B00D0C2E5D8
:10A1B0000232C260FEF7A0FEE26805009FE5C046DD
:10A1C000F0B5C646002300B582B00193C368040011
:10A1D0001A780E008A4223D0036B0127984601ADFE
:10A1E0000DE000232E212000FEF744FA286000280D
:10A1F0000DD0E36810301A780500B2420CD0200070
:10A200002763FFF75FFD4346021E2363E9D1002069
:10A2100002B080BCB846F0BD01330198E360F7E7B7
:10A22000013300222E21C3600023FEF723FAEFE75B
:10A23000F0B557464E464546DE4604001000E0B5F0
:10A2400083B0030001920122E5688A462E781B2123
:10A250001340024200D01E21CAB293461A22002B9C
:10A2600000D01D22D2B291461922002B00D01C2210
:10A27000D3B2984657461DE0562E39D04B2E3DD0CE
:10A280006B78002B2BD0AB1CE3606B78782B3BD02A
:10A290006F2B5BD1E36A50210933E3620023002274
:10A2A0002000FEF7E7F93860002818D00C300700CE
:10A2B000E5682E782800FEF781FB00282AD06B1C69
:10A2C000E360722ED8D1E36A41460933E36200228B
:10A2D00000232000FEF7CEF938600028E6D10027E1
:10A2E000380003B0F0BCBB46B246A946A046F0BD5C
:10A2F000E36A49460933E3620023D0E7E36A59463B
:10A300000633E3620023CAE7E36A4E211133E362B6
:10A310000023C4E7019B002BE2D1462EE0D1574534
:10A32000DED01D241C211E3009E01B2A36D0192A3C
:10A3300000D119700C2292469A445745D0D053460A
:10A340001B681A781A2AF0D11C70F3E74F2B13D12F
:10A35000E36A256B0933E362012320002363FFF7DF
:10A36000B1FC2563031EBAD0E26811784529B6D145
:10A370000132E2600B3192E7772BB0D1E36A200023
:10A380000633E362FFF73EF9031EA8D0E2681178B6
:10A390004529A4D10132E2600C3180E71870C9E789
:10A3A000F0B5CE46474680B5C268040013780E006B
:10A3B00083B0552B00D179E038D84E2B00D18FE0F7
:10A3C000532B64D153780027742B00D1AEE00021C9
:10A3D0002000FEF79FFC051E57D00378533B012B4E
:10A3E00057D9002F51D1E2681378492B18D1013287
:10A3F0002000E26000F094FC03002A000421200009
:10A40000FEF738F90500002E0AD0002D3DD0236A52
:10A41000626A934239DAE269990001338D5023620E
:10A42000280003B0C0BCB946B046F0BD5A2B2ED1AF
:10A43000531CC3605378472B01D0542B71D120009B
:10A4400000F0A0F90500002D1FD0E3681A78452A16
:10A450001BD15A1CE2605A78732A00D1F4E0642AB6
:10A4600000D19AE000212000FFF79AFF071E00D1DB
:10A47000E8E0FD220378473B134200D1C9E0200009
:10A48000FEF7CAF9002800D0C3E00025C8E7002580
:10A4900000272A0039002000FFF74AFAE268050089
:10A4A0001378492B0AD0002EBAD0AEE70022002143
:10A4B000FFF73EFA0500002EA7D1B1E70028E4D04F
:10A4C000236A616A8B42E0DAE16998000133455002
:10A4D0002362117800234939012900D98DE786E7E5
:10A4E0000132C26001A90122FFF7A2FE051ECCD0F5
:10A4F000E3681A78522A00D199E04F2A33D001211B
:10A50000200000F03DFC28600028BED0E3681A78E7
:10A51000452ABAD10133019DE360002E00D074E7D3
:10A520007EE7002100F0B4F805008CE7931CC360BF
:10A53000816943698B420EDA9900C918013343617E
:10A540000023076989007F187B60BB603B704E4B1E
:10A55000FB6003233B61E36A00250333E3629378E6
:10A56000532B96D133E72021E26A03320133E262B2
:10A57000E360002200232000FEF77CF801210700A1
:10A58000200000F0FDFB2860002800D17DE7002FAF
:10A59000BCD0019B0197FB60B8E79A1CE2609B78F6
:10A5A0005F2B6DD06E2B00D16FE72000FEF7CEF849
:10A5B000431C00D569E7E268994613785F2B00D009
:10A5C00063E7013200212000E260FFF7E9FE8046E8
:10A5D00000280AD0FD220378473B134205D0200013
:10A5E000FEF71AF9002800D14FE76369A269934288
:10A5F00028DA9A002769D2189200BF180022013386
:10A600007A60BA60636148233B704B463B614346C6
:10A61000FB602B78032B0ED02A003B000221200088
:10A62000FEF728F80500002E00D0EEE6F8E6E26A14
:10A630001F2102329AE72B691A78292AECD10022CD
:10A64000DA60E9E70027E4E702332000E360FEF781
:10A65000E3F8002800D118E76369A2699342F1DAB0
:10A660009A00D21801336361002327699200BF1852
:10A670007B60BB603B70054BFB600E233B61C8E712
:10A68000002399469DE7C046F01E0110E01E011010
:10A6900070B50E0000210500FFF782FE041E48D0B1
:10A6A000002E18D0AB68DB0715D423784E2B37D09B
:10A6B00033D81A001C3A042A32D9022B09D1226954
:10A6C000002A36D013784E2B2FD02BD81C3B042BCE
:10A6D0002BD9200070BDEB681B78002BF9D0452BDF
:10A6E000F7D022001378042B2DD024D8022B02D1CE
:10A6F0001269002AF6D100212800FEF7C5FF031ECB
:10A7000017D0002E02D12278022A31D02200032154
:10A710002800FDF7AFFF0400DBE7503B012BD8D842
:10A72000E468C2E7503B012BD3D8D2682261002AEB
:10A73000C8D10024CDE74E2B03D014D81C3B042BEA
:10A74000D9D8D268D5E7D368002B0AD01978082960
:10A7500013D80629CFD80139012902D81B69002B4B
:10A76000F4D10121C8E7503B012BC4D8D268C0E71F
:10A770000278292ACAD1C660C8E735394B1E9941EB
:10A78000BAE7C046F0B5C16ACE4647460B0080B571
:10A790001433C362C36804001A7883B0542A1AD0F1
:10A7A000472A00D0DCE05A1CC2605A78002A00D147
:10A7B000D6E09A1CC2605A78562A00D985E0402A11
:10A7C00000D8CDE0413AD2B2152A00D9C8E0CE492E
:10A7D00092008A5897465A1CC2605A78002A00D1C3
:10A7E000BEE09A1CC2605B78413BDBB2352B00D9DE
:10A7F000B6E0C64A9B00D3589F460021FFF7D0FD24
:10A800000023020013212000FDF734FF03B0C0BC79
:10A81000B946B046F0BD9A78002A00D1A7E0DA1C0C
:10A82000C2609A78DB786E2A00D1A1E1472B02D072
:10A83000542B00D09BE02000FFF7A4FF0200002370
:10A840004A212000FDF716FFE0E70021FFF7A8FDF1
:10A850006369A2690600934200DB8EE00022990042
:10A860002569C91889006D1801336A60AA6063619F
:10A87000432320002B70FDF769FFE8602B003200B6
:10A8800016212000FDF7F6FEC0E7002301A9019381
:10A89000FEF702FB002863D001980028B6D0020022
:10A8A000002356212000FDF7E5FEAFE79B78472BFC
:10A8B00058D0542B56D00021FFF7EAFE02000023A7
:10A8C00017212000FDF7D6FEA0E7722A48D1FDF738
:10A8D0003DFF012844DDE3681A78002A40D05D1C62
:10A8E000E5601B785F2B3BD11D3B0022002798467B
:10A8F000461E2B78002B33D0242B00D001E16B783F
:10A90000532B00D12CE15F2B00D127E1242B27D141
:10A910009C46E5686169A369023599421FDA88009F
:10A920002369401880001B1801315F609F606161DE
:10A93000414619706146023ED960E560002A00D1A7
:10A940000AE141212000FDF795FE021E08D0002EED
:10A95000CFDC002340212000FDF78CFE56E7E560A8
:10A96000002053E72000FFF70DFF0200A7E70021BA
:10A970002000FFF78DFE020061E700257EE77621CB
:10A98000FDF724FF0028EBD0E3681B78472B00D1AC
:10A99000FCE0542B00D1F9E000212000FFF778FE05
:10A9A0000200002310212000FDF764FE2EE768213D
:10A9B000FDF70CFF0028D3D0E3681B78472B00D1AC
:10A9C000E9E0542B00D1E6E000212000FFF760FE13
:10A9D000020000230F212000FDF74CFE16E70A318C
:10A9E000C162FEF789FA002302000A212000FDF768
:10A9F00041FE0BE70021FFF7D3FC002302001521E5
:10AA00002000FDF737FE01E70F31C162FEF774FA4F
:10AA10000023020009212000FDF72CFEF6E60021AC
:10AA2000FDF7D4FE00289BD000212000FDF7CEFECC
:10AA3000002895D0E3681B78472B00D1B5E0542B54
:10AA400000D1B2E000212000FFF722FE0200002327
:10AA500011212000FDF70EFED8E60021FFF7A0FC33
:10AA60000023020014212000FDF704FECEE6FEF7CD
:10AA700043FA0023020012212000FDF7FBFDC5E68A
:10AA8000FEF73AFA002302000C212000FDF7F2FD48
:10AA9000BCE6FEF731FA002302000D212000FDF78D
:10AAA000E9FDB3E6FEF728FA05002000FDF74EFEAB
:10AAB000002800DA54E7E26813785F2B00D04FE7F4
:10AAC0000132E2602000FEF717FAE36A0200053364
:10AAD000E3620B212B002000FDF7CCFD96E600F091
:10AAE000F5F80023020030212000FDF7C3FD8DE6BC
:10AAF000FEF702FA002302000E212000FDF7BAFD46
:10AB000084E6002109E0C046043101105C310110E7
:10AB1000242B05D00131B14202D06B5C002BF7D160
:10AB20006069A36998421EDA83001B189B0099464E
:10AB3000236901309C464B4663445F609F606061BF
:10AB4000002900D10CE71F70DD60E5685F609F6041
:10AB500019616D18761AF0E61A00F8E62E23D7E68A
:10AB60002F239C46D5E6E36800205B18E3604DE6A2
:10AB7000472B15D0542B13D00021FFF789FD02007D
:10AB800000234B212000FDF775FD3FE62000FFF775
:10AB9000F9FD020005E72000FFF7F4FD020018E7C9
:10ABA0002000FFF7EFFD0200EAE72000FFF7EAFDD3
:10ABB00002004CE7F8B5C268040013784C2B32D180
:10ABC000531CC36051785F294CD05A2912D15A1CAA
:10ABD000E2605B78472B3ED0542B3CD00021200014
:10ABE000FFF756FD0500E3681A78452A1BD10133AB
:10ABF000E36019E0FEF780F9051E14D00378E668DB
:10AC0000272B13D032783D216E2A50D0452A54D0BC
:10AC1000731C06E0E360180001335A1E1278452ABF
:10AC200027D0002AF6D100252800F8BDC3681A7C79
:10AC3000002A03D0E26A5968521AE262224918686F
:10AC400006F0FCF832780028DDD1452A39D06E2A8A
:10AC50002DD03D21DCE72000FFF794FDE3680500DF
:10AC60001A78C2E7931CC360927800255A2ABCD197
:10AC7000ADE7801B6269A3699A4220DA97002369D5
:10AC8000BF18BF00DB19002701325F609F6062615F
:10AC9000002814DD5F609F601F70DE6018612A006D
:10ACA0002000FDF7E7FCE36805001A789DE7731CB8
:10ACB000E36072783E211E00A8E70020DAE7002357
:10ACC000EDE70136E660AFE7F41E011070B5C2682B
:10ACD000040013784C2B19D007D8493B012B18D806
:10ACE0000132C26000F01CF870BD582B11D1013246
:10ACF000573B056BC2600363FEF7E4FFE36825631F
:10AD00001A78452A09D10133E360EDE7FFF752FFD6
:10AD1000EAE72000FEF7F0F8E6E70020E4E7C046A7
:10AD200070B5C36804001A78866A82B0452A1ED0BE
:10AD3000002301AD01930DE000232F212000FDF73A
:10AD400099FC286000280AD0E36810301A780500C2
:10AD5000452A07D02000FFF7B9FF021EECD10020E2
:10AD600002B070BD01330198E360A662F8E70133D9
:10AD700000222F21C3600023FDF77CFCF0E7C046D2
:10AD8000F8B505000E0000242027EB681978442947
:10AD900039D049294CD0542920D1002C4AD128003F
:10ADA000FDF7CEFE0400002C44D0EB681A78452A4B
:10ADB00041D0002E32D11978442924D04929EAD132
:10ADC0000133EB602800FFF7ABFF031E32D02200F7
:10ADD00004212800FDF74EFC0400E4E74D292CD0A7
:10ADE000532934D128005239FDF794FF021E21D097
:10ADF0000378533B012B0BD9002C1BD1EB681400BB
:10AE000019784429DAD15B780022BB43542B17D040
:10AE100021002800FEF78CFD0400C4E72A6A696A55
:10AE20008A4207DAE9699000013244502A62C2E797
:10AE3000002CC5D100242000F8BD0133EB60A4E74D
:10AE4000002CF7D12800FEF757F80400ABE70022EA
:10AE5000DEE7C046F0B5DE4657464E464546E0B50D
:10AE60009BB004000192002A2BD08C235B00C758B2
:10AE7000002F2AD1019B1D785C2D58D8DB4AAB00EE
:10AE8000D3589F469023019A5B00D268C3589046DE
:10AE90000132934201DC02F031F888235B00C35891
:10AEA00042465B68DB68002B0BD0002A05D102F01C
:10AEB00061F8002A01D102F05DF81B69013A002B0C
:10AEC000F7D18C2301225B00E2501BB0F0BCBB46E3
:10AED000B246A946A046F0BD8A235B00C1580AAB22
:10AEE0009B468A235A465B00E2505B46019A0A91D0
:10AEF0005A6000235A4693601133FF33E358D360FE
:10AF0000019BDE6832001121200002F039FF5B4610
:10AF10009B68002B01D101F05FFF8A230A9A5B0036
:10AF2000E250002FD1D04A46043BE250CDE78C23BB
:10AF300001225B00E250C8E78A235B00C158002968
:10AF400001D102F087FE0B0002E01B68002BC6D087
:10AF50009A68002AF9D15A68127810001938022824
:10AF6000BDD89542F1D1019B11212000DA6802F091
:10AF700007FFAAE7019B1121DA6802F001FFA4E7AD
:10AF8000019BDE6890235B00C35830009846424620
:10AF90003378002A04D10027052B01D102F00EFCE2
:10AFA000232B01D101F054FF8A225200A1589D4267
:10AFB00001D101F04DFF242B01D101F043FC0AAB7C
:10AFC0009B468A235B00E2580A925A46E2505B464F
:10AFD000019A5A6000235A4693601133FF33E358B5
:10AFE000D3608FE7019BDA68002A02D0112102F0BA
:10AFF000C7FE019B1B69002B00D166E780256D0011
:10B000006159FD2901D902F083F980279425200098
:10B0100077497F00FDF758FDE3596D009946635964
:10B0200011219846019B20001A6902F0A9FE63597C
:10B03000434500D049E7E3594B4500D045E7023B83
:10B04000E35142E78A230AAD5B00C258C550002392
:10B050000C9311330A92FF33019AC3580B921121BA
:10B0600012690D9302F08CFE0C9B002B01D102F0B3
:10B070007CF88A230A9A5B00E25026E7019EF26878
:10B08000002A01D101F06FFF112102F079FE33781F
:10B09000542B01D101F06BFF019B2E25DB68002BA7
:10B0A0000ED080235B00E358FF2B01D102F0F0FBB0
:10B0B000591C80225200A150E55482235B00E554C4
:10B0C000019B112120001A6902F05AFEFDE6019B46
:10B0D000DA681378272B01D001F042FFD3681F7C78
:10B0E000062F01D902F094F8002F06D0019B1B69AE
:10B0F0001B78002B01D102F015FD80235B00E35883
:10B10000FF2B01D102F01AFB591C80256D00615103
:10B110002821E15482235B00E1542000173902F01A
:10B120002FFE6359FF2B01D102F0F5FA591C802242
:10B130005200A150D73AE25482235B00E254019BB3
:10B140001B783E2B01D102F00EFB082F01D102F03B
:10B15000D2FA019B112120001A6902F011FEB4E617
:10B16000019D1121EA6802F00BFE20002149FDF744
:10B17000ABFC2F693B78482B01D102F0EDF83A0087
:10B180001121200002F0FCFD9FE60E2291460022D4
:10B1900080239346184D0D325B00FF329246C35810
:10B1A000A9440EE01A000133802149006350A654DF
:10B1B0008222013552008846A6544D4501D101F046
:10B1C00003FC2E78FF2BEDD15A46E2545346E25849
:10B1D00084235B00E358FF2120009847942252000B
:10B1E000A3580133A35001230022DDE734320110BC
:10B1F000101F0110141F0110882101100922904610
:10B200000022802393460D32FF32E44D92465B00CC
:10B21000043A9146C358A8440DE01A000133802136
:10B2200049006350A654822201355200A654454578
:10B2300001D101F0B9FB2E78FF2BEED15A46E25432
:10B240005346E2584B46FF21E3582000984794228A
:10B250005200A3580133A35001230022DFE7019BD2
:10B26000CF49DE68B768FDF72FFC75682B78613B26
:10B27000192B01D801F072FF7B1EEA5C202A00D155
:10B280001F00002F00D120E60022802392460D32BD
:10B29000FF3291465B00043A9046E358EF190CE008
:10B2A0001A000133802149006350A65482220135DF
:10B2B0005200A654AF4200D107E62E78FF2BEFD103
:10B2C0005246E2544B46E2584346FF21E3582000E1
:10B2D000984794225200A3580133A350012300221F
:10B2E000E0E7019BDA681E69002A02D0112102F012
:10B2F00047FD80235B00E358FF2B01D102F01BF9CF
:10B300005A1C80256D0062517B22E25482235B002F
:10B31000E25411213200200002F032FD6359FF2B6C
:10B3200001D102F0F5F8591C80225200A150833A55
:10B33000E25482235B00E254C7E59A49FDF7C4FB5F
:10B34000019B11212000DA6802F01AFDBDE51922E7
:10B3500090460022802393460D32FF32924D924652
:10B360005B00043A9146C358A8440DE01A0001332B
:10B37000802149006350A654822201355200A65410
:10B38000A84501D101F02CFC2E78FF2BEED15A46B6
:10B39000E2545346E2584B46FF21E35820009847B9
:10B3A00094225200A3580133A35001230022DFE767
:10B3B000162290460022802393460D32FF327B4DA9
:10B3C00092465B00043A9146C358A8440DE01A0027
:10B3D0000133802149006350A65482220135520076
:10B3E000A654A84501D101F0F3FB2E78FF2BEED136
:10B3F0005A46E2545346E2584B46FF21E358200098
:10B40000984794225200A3580133A35001230022ED
:10B41000DFE7132290460022802393460D32FF324D
:10B42000634D92465B00043A9146C358A8440DE030
:10B430001A000133802149006350A654822201354D
:10B440005200A654A84501D101F0BAFB2E78FF2B7B
:10B45000EED15A46E2545346E2584B46FF21E35898
:10B460002000984794225200A3580133A35001238F
:10B470000022DFE70F2290460022802393460D3200
:10B48000FF324C4D92465B00043A9146C358A844A3
:10B490000DE01A000133802149006350A654822236
:10B4A00001355200A654A84501D101F081FB2E7848
:10B4B000FF2BEED15A46E2545346E2584B46FF2149
:10B4C000E3582000984794225200A3580133A35018
:10B4D00001230022DFE71A229046002280239346B0
:10B4E0000D32FF32344D92465B00043A9146C35808
:10B4F000A8440DE01A000133802149006350A6548E
:10B50000822201355200A654A84501D101F048FB22
:10B510002E78FF2BEED15A46E2545346E2584B4662
:10B52000FF21E3582000984794225200A35801338A
:10B53000A35001230022DFE711229046002280233E
:10B5400093460D32FF321D4D92465B00043A914600
:10B55000C358A8440DE01A0001338021490063500C
:10B56000A654822201355200A654A84501D101F00B
:10B570000FFB2E78FF2BEED15A46E2545346E25889
:10B580004B46FF21E3582000984794225200A358CD
:10B590000133A35001230022DFE7C046C820011079
:10B5A000BC200110341F0110502001103820011060
:10B5B0002420011014200110F81F0110E41F0110B5
:10B5C000152290460022802393460D32FF32EA4D29
:10B5D00092465B00043A9146C358A8440DE01A0015
:10B5E0000133802149006350A65482220135520064
:10B5F000A654454501D101F0C3FA2E78FF2BEED1B8
:10B600005A46E2545346E2584B46FF21E358200085
:10B61000984794225200A3580133A35001230022DB
:10B62000DFE7102290460022802393460D32FF323E
:10B63000D24D92465B00043A9146C358A8440DE0AF
:10B640001A000133802149006350A654822201353B
:10B650005200A654454501D101F0DAFA2E78FF2BAD
:10B66000EED15A46E2545346E2584B46FF21E35886
:10B670002000984794225200A3580133A35001237D
:10B680000022DFE7122290460022802393460D32EB
:10B69000FF32BB4D92465B00043A9146C358A84422
:10B6A0000DE01A000133802149006350A654822224
:10B6B00001355200A654454501D101F0CCF92E7850
:10B6C000FF2BEED15A46E2545346E2584B46FF2137
:10B6D000E3582000984794225200A3580133A35006
:10B6E00001230022DFE7A749FDF7EEF9019B1121B5
:10B6F0002000DA6802F044FBFFF7E7FBA249FDF700
:10B70000E3F9019B1121DA68200002F039FB9F4D1B
:10B7100080232A1D9046002293460D32FF32924626
:10B720005B00043A9146E3580DE01A000133802192
:10B7300049006350A654822201355200A654454563
:10B7400001D101F055FA2E78FF2BEED15A46E25482
:10B750005346E2584B46FF21E35820009847942275
:10B760005200A3580133A35001230022DFE708222F
:10B7700090460022802393460D32FF32844D92463C
:10B780005B00043A9146C358A8440DE01A00013307
:10B79000802149006350A654822201355200A654EC
:10B7A000A84501D101F02CFA2E78FF2BEED15A4694
:10B7B000E2545346E2584B46FF21E3582000984795
:10B7C00094225200A3580133A35001230022DFE743
:10B7D0000B2290460022802393460D32FF326D4D9E
:10B7E00092465B00043A9146C358A8440DE01A0003
:10B7F0000133802149006350A65482220135520052
:10B80000A654A84501D101F0B3F92E78FF2BEED153
:10B810005A46E2545346E2584B46FF21E358200073
:10B82000984794225200A3580133A35001230022C9
:10B83000DFE7019B11211A6902F0A2FAFFF745FB2D
:10B84000092290460022802393460D32FF32524D4A
:10B8500092465B00043A9146C358A8440DE01A0092
:10B860000133802149006350A654822201355200E1
:10B87000A654454501D101F008F92E78FF2BEED1F1
:10B880005A46E2545346E2584B46FF21E358200003
:10B89000984794225200A3580133A3500123002259
:10B8A000DFE780235B00C358FF2B01D101F089FE45
:10B8B000591C80225200A150823AE25482235B003C
:10B8C000E254019B112120001A6902F059FAFFF796
:10B8D000FCFA80235B00C358FF2B01D101F0BCFEB2
:10B8E0005A1C8021490062503C22E25482235B00B2
:10B8F000E254019B8846DF680026002F0CD101F03E
:10B90000B2F83A001121200002F03AFA3F690136FC
:10B91000002F01D101F0A7F8002EF2D01F4D4346B1
:10B92000AA1C9146862252009246043A9346E35856
:10B9300001970CE01A00013341466350A75482225C
:10B9400001355200A754A94501D100F078FF2F78A6
:10B95000FF2BEFD10022E2545346E2585B46FF2111
:10B96000E3582000984794225200A3580133A35073
:10B9700001230022E0E7C046E01F0110CC1F0110A8
:10B98000B81F0110A81F0110841F0110A01F011073
:10B99000781F01106C1F0110C8200110101F01102A
:10B9A000019A13691B78392B01D0FFF78AFAD26804
:10B9B000D3681B685978632901D101F040FF019DCC
:10B9C00011212A00200003F085FB002801D0FFF799
:10B9D0007CFA2A001121200003F0C2FC002801D0CB
:10B9E000FFF773FAEB681A78322A01D102F01EF9D8
:10B9F000D04ADB6811001868904605F01FFA019BD9
:10BA00001B69DA68002804D11378032B01D102F0F6
:10BA100025F91121200003F0CBFA019BC649DF680C
:10BA2000FB681D68280005F009FA002801D102F022
:10BA3000CBF84146280005F001FA002801D002F0B9
:10BA40001CF9019B11211B6920001A6903F0B0FA4F
:10BA5000019BDB681A78322A01D0FFF736FADB68DF
:10BA60009A68012A01D0FFF730FA5B681B783E2BF9
:10BA700001D0FFF72AFA29212000FCF7B7FFFFF7D2
:10BA800024FA019BDF681D693B78322B01D101F05C
:10BA9000F5FA342B01D101F078FB3A00112103F0C3
:10BAA0005FF82A001121200003F082FAFFF70DFA57
:10BAB000019BDB685A681D68002A01D100F0F5FE81
:10BAC00090460022802393460D32FF3292465B005F
:10BAD000A844043A91464746C3580DE01A00013382
:10BAE000802149006350A654822201355200A65499
:10BAF000AF4201D100F0D9FE2E78FF2BEED15A468D
:10BB0000E2545346E2584B46FF21E3582000984741
:10BB100094225200A3580133A35001230022DFE7EF
:10BB2000019B1121DA6802F02BF900228023924652
:10BB30000D32FF32814D91465B00043A9046E35846
:10BB4000EF1C0DE01A000133802149006350A65418
:10BB5000822201355200A654AF4201D1FFF7B5F958
:10BB60002E78FF2BEED15246E2544B46E258434624
:10BB7000FF21E3582000984794225200A358013334
:10BB8000A35001230022DFE70A22914600228023EE
:10BB900093466B4D0D325B00FF329246C358A94469
:10BBA0000EE01A000133802149006350A65482221E
:10BBB000013552008846A6544D4501D100F05EFE85
:10BBC0002E78FF2BEDD15A46E2545346E258842397
:10BBD0005B00E358FF212000984794225200A358AD
:10BBE0000133A35001230022DDE7019B5549DA68A8
:10BBF0000AA8F7F7C7FE0AA805F09EF9002801D1A8
:10BC0000FFF763F90022802392460D32FF329146FE
:10BC10005B000AAD043A9046E3582F180DE01A0075
:10BC20000133802149006350A6548222013552001D
:10BC3000A654BD4201D1FFF748F92E78FF2BEED173
:10BC40005246E2544B46E2584346FF21E358200057
:10BC5000984794225200A3580133A3500123002295
:10BC6000DFE7019B1D7B80235B00C358FF2B01D1C5
:10BC700001F03CFC591C80225200A150E554822363
:10BC80005B00E554FFF721F9019B1121DA6802F00E
:10BC900077F8082291460022802393462A4D0D32E0
:10BCA0005B00FF329246E358A9440EE01A000133CC
:10BCB000802149006350A6548222013552008846F3
:10BCC000A654A94501D100F041FE2E78FF2BEDD1FD
:10BCD0005A46E2545346E25884235B00E358FF215E
:10BCE0002000984794225200A3580133A350012307
:10BCF0000022DDE78A235B009A46C35852469846E5
:10BD00000AAB9B4643460A935B468350019A012542
:10BD10005A605A46002393601133FF33C358D360EF
:10BD2000012243469446002B01D101F06FFFD94612
:10BD3000029028E0D8200110DC20011028210110F9
:10BD40001C210110A01E0110982101109A68002AE0
:10BD500016D1032D01D901F06CFB4A461E002901C2
:10BD6000521891CE91C236684C46166052460298DF
:10BD700001358258625052464944815062469A6069
:10BD80001B68002B04D05A681278193A022ADDD9B0
:10BD9000029C019B11211A69200001F0F1FF8A2306
:10BDA00042465B00E2504B469B68002B01D0FFF7F8
:10BDB0008CF84E46012D09D9013D2B01F3181121B4
:10BDC00020005A6802F00AF8012DF5D18A235B00A1
:10BDD00011212000E358019A02F0C6FDFFF775F823
:10BDE000019B1121DA6801F0CBFFD34D80236A1D3E
:10BDF0009146002293460D325B00FF329246E35893
:10BE00000EE01A000133802149006350A6548222BB
:10BE1000013552008846A6544D4501D100F0ADFDD4
:10BE20002E78FF2BEDD15A46E2545346E258842334
:10BE30005B00E358FF212000984794225200A3584A
:10BE40000133A35001230022DDE790235B00C35898
:10BE50009946019BDB689B464B46002B01D000F0C6
:10BE6000D4FF5946FCF704FE002801D100F0CDFFB5
:10BE7000002106E0C368002B06D0006901310028CC
:10BE800006D003782F2BF5D0002901D1FFF71DF83C
:10BE900082235B0080279A465B468B467F00019396
:10BEA00092234A465B00E25011212000019A01F0E2
:10BEB00067FF01239C46E144D94501D1FFF705F80E
:10BEC0009E4DE359AA1C904608E01A000133E35145
:10BED000A65452460135A654A845E1D02E78FF2B32
:10BEE000F3D10022E25486235B00E258043BE3587E
:10BEF000FF212000984794225200A3580133A350F9
:10BF000001230022E3E71A22904600228023934671
:10BF10000D32FF328A4D92465B00043A9146C35877
:10BF2000A8440DE01A000133802149006350A65453
:10BF3000822201355200A654454501D100F03CFD56
:10BF40002E78FF2BEED15A46E2545346E2584B4628
:10BF5000FF21E3582000984794225200A358013350
:10BF6000A35001230022DFE70E2290460022802307
:10BF700093460D32FF32734D92465B00043A914670
:10BF8000C358A8440DE01A000133802149006350D2
:10BF9000A654822201355200A654A84501D100F0D2
:10BFA000F9FE2E78FF2BEED15A46E2545346E25862
:10BFB0004B46FF21E3582000984794225200A35893
:10BFC0000133A35001230022DFE7019D1121EA681C
:10BFD00001F0D6FE112120002A6901F0D1FEFEF702
:10BFE00074FF1D2290460022802393460D32FF32BB
:10BFF000554D92465B00043A9146C358A8440DE063
:10C000001A000133802149006350A6548222013571
:10C010005200A654A84501D100F028FC2E78FF2B31
:10C02000EED15A46E2545346E2584B46FF21E358BC
:10C030002000984794225200A3580133A3500123B3
:10C040000022DFE7019B1B691A783B2A01D0FEF72B
:10C0500038FF1B691B783C2B01D0FEF732FF019D96
:10C0600011212A0003F036F8002801D0FEF72DFF39
:10C070002A001121200003F073F9002801D0FEF7F7
:10C0800024FF2B69EF68DE681B693049DA681D6997
:10C09000FB689046186804F0D1FE002801D001F03A
:10C0A0002CFE32002000112102F082FF3A00200015
:10C0B000112102F055FD42462000112102F078FFC7
:10C0C00020002349FCF700FD2A001121200002F086
:10C0D0006FFFFEF7FAFE1622904600228023934659
:10C0E0000D32FF321B4D92465B00043A9146C35815
:10C0F000A8440DE01A000133802149006350A65482
:10C10000822201355200A654454501D100F04AFE75
:10C110002E78FF2BEED15A46E2545346E2584B4656
:10C12000FF21E3582000984794225200A35801337E
:10C13000A35001230022DFE7081F0110101F011088
:10C14000A02001100C2101103C210110E020011061
:10C15000E4200110A4200110A42301995B00C7581A
:10C16000C150343BC25890460022C250CA681121C7
:10C1700001F006FE82235B00E35C3C2B01D101F061
:10C180008BF980235B00E358FF2B01D101F071F99B
:10C19000591C802282255200A150C43AE2546D00FD
:10C1A000019B62551A691121200001F0E9FD635DD0
:10C1B0003E2B01D101F057F980235B00E358FF2BA0
:10C1C00001D101F03DF9591C80225200A150C23A20
:10C1D000E25482235B00E25442461033E25034338F
:10C1E000E750FEF772FE019B1F69DD68002F01D149
:10C1F000FEF76BFE0022802392460D32FF329146FD
:10C200005B00043A9046C358EF190DE01A00013361
:10C21000802149006350A654822201355200A65461
:10C22000AF4201D1FEF751FE2E78FF2BEED15246E0
:10C23000E2544B46E2584346FF21E358200098471A
:10C2400094225200A3580133A35001230022DFE7B8
:10C25000112290460022802393460D32FF32DB4D9F
:10C2600092465B00043A9146C358A8440DE01A0078
:10C270000133802149006350A654822201355200C7
:10C28000A654A84501D100F022FC2E78FF2BEED158
:10C290005A46E2545346E2584B46FF21E3582000E9
:10C2A000984794225200A3580133A350012300223F
:10C2B000DFE715229146002280239346C44D0D32BC
:10C2C0005B00FF329246C358A9440EE01A000133C6
:10C2D000802149006350A6548222013552008846CD
:10C2E000A654A94501D100F002FC2E78FF2BEDD118
:10C2F0005A46E2545346E25884235B00E358FF2138
:10C300002000984794225200A3580133A3500123E0
:10C310000022DDE7172290460022802393460D324B
:10C32000FF32AC4D92465B00043A9146C358A84494
:10C330000CE01A000133802149006350A654822288
:10C3400001355200A654A84500D1C8E32E78FF2B32
:10C35000EFD15A46E2545346E2584B46FF21E35888
:10C360002000984794225200A3580133A350012380
:10C370000022E0E7019B1121DA6801F001FD802332
:10C380005B00E358FF2B01D101F040F9591C8022DA
:10C390005200A150C03AE25482235B00E254019B58
:10C3A000112120001A6901F0EBFCFEF78EFD8023BD
:10C3B0005B00C358FF2B01D100F0BBFF5A1C802744
:10C3C0007F00E2515B22E25482235B00E2540023AF
:10C3D0009B46019B99464B461121DA68200001F0EB
:10C3E000CFFC4B461B699946002B01D100F0E2FCC3
:10C3F000794DE359AA1C904686225200924609E0E4
:10C400001A000133E351A654822201355200A6548A
:10C410004545E0D02E78FF2BF2D15A46E2545346E0
:10C42000E25884235B00E358FF21200098479422C0
:10C430005200A3580133A35001230022E2E71C223B
:10C4400090460022802393460D32FF32634D924680
:10C450005B00043A9146C358A8440DE01A0001332A
:10C46000802149006350A654822201355200A6540F
:10C47000A84501D100F086FC2E78FF2BEED15A465C
:10C48000E2545346E2584B46FF21E35820009847B8
:10C4900094225200A3580133A35001230022DFE766
:10C4A0008A2501996D00CA684359002A17D00A935A
:10C4B00000230C931133FF33C3580AAF0B9147513C
:10C4C00011210D9301F05CFC0A9B63510C9B002B26
:10C4D00001D0FEF7FAFC20212000FCF787FA8A231E
:10C4E0005B0011212000E358019A01F0C9FFFEF71B
:10C4F000ECFC3B4D8023EA1D9046002286269346A5
:10C5000009325B00FF329146C35876000DE01A00F5
:10C510000133802149006350A75482220135520023
:10C520008A46A754454500D1AEE32F78FF2BEED1C4
:10C530005A46E2544B46A259E358FF21200098473F
:10C5400094225200A3580133A35001230022E0E7B4
:10C5500008229146002280239346224D0D325B0033
:10C56000FF329246C358A9440DE01A0001338021DE
:10C5700049006350A6548222013552008846A654D1
:10C580004D4500D14CE32E78FF2BEED15A46E254B4
:10C590005346E25884235B00E358FF21200098476C
:10C5A00094225200A3580133A35001230022DEE756
:10C5B00000220D4D80232F0092460D32FF3291460E
:10C5C0005B00043A9046C35808371DE08C200110E8
:10C5D0006C200110541F0110101F01105C2101106C
:10C5E0007C210110B0210110A42101101A00013397
:10C5F000802149006350A654822201355200A6547E
:10C60000BD4201D1FEF761FC2E78FF2BEED15246E0
:10C61000E2544B46E2584346FF21E3582000984736
:10C6200094225200A3580133A35001230022DFE7D4
:10C630008A235B00C25890460022C250019BDF68EB
:10C64000002F01D101F0B4F8882300255B00C25807
:10C650000AAB9B46190000200023AC46A2460860A6
:10C6600060464F60886038780E00CA605D1C4E28B6
:10C6700000D1DDE300D9D3E31C246442A146814408
:10C680004C46042C00D8D3E38A2654467600A151A8
:10C69000022801D101F019F8042805D18823089255
:10C6A0005B0008AAE2500997019B11211A6920003A
:10C6B00001F066FB3B78042B03D1089A0D33FF335E
:10C6C000E25080235B005E469946043320279A4659
:10C6D0002D010C3D5D440C3E6B68002B00D182E3C4
:10C6E000103DAE42F8D18A2342465B00E250FEF78D
:10C6F000ECFB019B1121DA6801F042FB80235B0017
:10C70000E358FF2B01D100F048FF5A1C80256D0033
:10C7100062512822E25482235B00E254019B1121E2
:10C720001A69200001F02CFB6359FF2B01D100F0A6
:10C7300021FF591C80225200A150D73AE254822393
:10C740005B00E254FEF7C1FB019B1121DA6802F0A5
:10C7500007FAFEF7BAFB019BDD68002D00D08DE3E0
:10C76000EC49FCF7B1F9FEF7B0FB019BDB68A0CB0D
:10C77000002F01D1FEF7A9FB0022802392460D3243
:10C78000FF3291465B00043A9046C358EF190DE022
:10C790001A000133802149006350A65482220135DA
:10C7A0005200A654AF4201D1FEF78FFB2E78FF2B2B
:10C7B000EED15246E2544B46E2584346FF21E3583D
:10C7C0002000984794225200A3580133A35001231C
:10C7D0000022DFE7019B1F69DD68002F01D1FEF712
:10C7E00074FB0022802392460D32FF3291465B009B
:10C7F000043A9046C358EF190DE01A000133802126
:10C8000049006350A654822201355200A654BD420D
:10C8100001D1FEF75AFB2E78FF2BEED15246E2549F
:10C820004B46E2584346FF21E358200098479422A4
:10C830005200A3580133A35001230022DFE7019FD8
:10C84000FFF75FF80AAB9B46C668A350019A002326
:10C850000B925A460A9193601133FF33E358D36029
:10C86000002E01D0FEF74EFBFEF74AFB019B200095
:10C87000DA68EF3901F084FAFEF727FB019B20000C
:10C88000DA68EF3901F07CFA4346E358FF2B01D117
:10C8900000F0F5FE591C80225200A150D73AE25414
:10C8A00082235B00E254FEF710FB019B9A491022A1
:10C8B0009A5E0AA8F7F766F80AA804F03DFB00287C
:10C8C0002ED000228023804693460D32FF320AADDF
:10C8D00092465B00A844043A91464746E3580BE071
:10C8E0001A000133802149006350A6548222013589
:10C8F0005200A654AF4213D02E78FF2BF0D15A46E7
:10C90000E2545346E2584B46FF21E3582000984733
:10C9100094225200A3580133A35001230022E1E7DF
:10C92000019B9D7C002D01D1FEF7CFFA80235B0097
:10C93000E358FF2B00D18FE2591C80225200A150F6
:10C94000E55482235B00E554FEF7BFFA019B20000B
:10C950001A69EF3901F014FA4346E358FF2B01D16D
:10C9600000F0A0FE591C80225200A150A33AE254CC
:10C9700082235B00E254FEF7A8FA019B20001A69AB
:10C98000EF3901F0FDF94346E358FF2B01D100F0E8
:10C9900050FE591C80225200A150A33AE254822337
:10C9A0005B00E254FEF791FA019B20001A69EF390F
:10C9B00001F0E6F9FEF789FA019B2000DA68EF3909
:10C9C00001F0DEF9FEF781FA019B5349DA680AA803
:10C9D0000132F6F7D7FF0AA804F0AEFA4346E3584F
:10C9E000002829D0002292460D32FF3291460AAD2E
:10C9F000043A90462F180BE01A00013380214900B9
:10CA00006350A654822201355200A654AF4213D07F
:10CA10002E78FF2BF0D15246E2544B46E258434663
:10CA2000FF21E3582000984794225200A358013375
:10CA3000A35001230022E1E7FF2B01D100F0D3FC3A
:10CA4000591C80225200A150833AE25482235B0099
:10CA5000E254FEF73AFA019B2000DA68EF3901F060
:10CA60008FF9FEF732FA80235B00E358591CFF2B45
:10CA700001D100F0B8FD80225200A150C23AE25428
:10CA800082235B00E254FEF720FAA4235B00E35804
:10CA9000002B05D0103160580AAA0A9062500B93FF
:10CAA000019BDA681378042B00D1BAE2112120002F
:10CAB00001F066F9A4235B00E358002B01D1FEF7D7
:10CAC00004FA88230A9A5B00E250FEF7FEF9019B04
:10CAD0002000DA68EF3901F053F9FEF7F6F9019B0F
:10CAE0002000DA68EF3901F04BF9FEF7EEF9019B0F
:10CAF00020001A69EF3901F043F9084D43466A1DD9
:10CB00009046002293460D32FF329246043A9146F7
:10CB1000E35811E02C210110A01E01108420011007
:10CB20001A000133802149006350A6548222013546
:10CB30005200A654A84513D02E78FF2BF0D15A46A8
:10CB4000E2545346E2584B46FF21E35820009847F1
:10CB500094225200A3580133A35001230022E1E79D
:10CB6000019B2000DA68EF3901F00AF9FEF7ADF910
:10CB7000019B2000DA68EF3901F002F9FEF7A5F910
:10CB8000019B2000DA68EF3901F0FAF8FEF79DF911
:10CB9000019B2000DA68EF3901F0F2F8FEF795F911
:10CBA000019B2000DA68EF3901F0EAF8FEF78DF911
:10CBB000019B2000DA68EF3901F0E2F8FEF785F911
:10CBC000019B2000DA68EF3901F0DAF8FEF77DF911
:10CBD000019B2000DA68EF3901F0D2F8FEF775F911
:10CBE000019B2000DA68EF3901F0CAF8FEF76DF911
:10CBF000019B20001A69EF3901F0C2F8FEF765F9D0
:10CC0000019B2000DA68EF3901F0BAF8FEF75DF910
:10CC1000019B2000DA68EF3901F0B2F8FEF755F910
:10CC2000019B2000DA68EF3901F0AAF800224346A0
:10CC300092460D32FF32E44D9146043A9046E35855
:10CC4000AF1D0DE01A000133802149006350A65446
:10CC5000822201355200A654BD4201D1FEF735F9BA
:10CC60002E78FF2BEED15246E2544B46E258434613
:10CC7000FF21E3582000984794225200A358013323
:10CC8000A35001230022DFE7019A2031D56800225A
:10CC90006758099262501132FF32A158089108A9D1
:10CCA000A150002D04D02A78572A01D100F003FEAC
:10CCB000C649012202910AA98B469021490062507F
:10CCC000FF2B00D1A2E35A1C802149006250282288
:10CCD000E25482235B00E25488462A002000EF39A8
:10CCE00001F04EF89023089A5B00E750103BE250A9
:10CCF0002000B749FBF7E8FE019B02991A695846E4
:10CD00000132F6F73FFE584604F016F94346E35861
:10CD1000002829D000225D4692460D32FF3291460E
:10CD2000043A90462F180BE01A0001338021490085
:10CD30006350A654822201355200A654BD4213D03E
:10CD40002E78FF2BF0D15246E2544B46E258434630
:10CD5000FF21E3582000984794225200A358013342
:10CD6000A35001230022E1E7FF2B00D19AE3591CD5
:10CD700080225200A150833AE25482235B00E254A5
:10CD8000FEF7A3F8019B2000DA68EF3900F0F8FF06
:10CD9000FEF79BF8019B2000DA68EF3900F0F0FF06
:10CDA000FEF793F8019B2000DA68EF3900F0E8FF06
:10CDB000FEF78BF8019380235B00E358FF2B00D133
:10CDC00082E3591C80225200A150A33AE2548223EC
:10CDD0005B00E254FEF779F811212000019A00F07F
:10CDE000FDFFFEF79AF84A46A258FF2A01D100F04B
:10CDF00034FE531C494663505346A754112120006A
:10CE00002A68E75400F0EAFF6AE420005A4611213C
:10CE100002F0CEF820006F49FBF756FEFEF755F8FA
:10CE200050246442A14681444C46012C00D92BE495
:10CE3000FF68002F01D100F027FF1031042D00D131
:10CE40009AE130002B000AE42F2D01D0FEF7B7F84D
:10CE5000C6680190FEF7B3F80022E25486235B0017
:10CE6000E258043BFF21E3582000984794225200E7
:10CE7000A35801210133A35000235EE55649FBF777
:10CE800023FE2A0051490AA8F6F77CFD0AA804F0FF
:10CE900053F800282CD00022802392460D32FF3216
:10CEA00091465B000AAD043A9046E3582F180BE018
:10CEB0001A000133802149006350A65482220135B3
:10CEC0005200A654AF4213D02E78FF2BF0D1524619
:10CED000E2544B46E2584346FF21E358200098476E
:10CEE00094225200A3580133A35001230022E1E70A
:10CEF0007D212000FBF77AFDFDF7E7FF002B00D135
:10CF0000A9E1364D80236A1D9146002293460D32D9
:10CF10005B00FF329246C3580DE01A0001338021B6
:10CF200049006350A6548222013552008846A65417
:10CF3000A94500D1B0E12E78FF2BEED15A46E2543C
:10CF40005346E25884235B00E358FF2120009847B2
:10CF500094225200A3580133A35001230022DEE79C
:10CF60000027FEF7CAF8542D01D0FEF7A9F83A259C
:10CF7000FEF797F81A785B2A05D1DB68002B01D100
:10CF8000FDF79FFF1A78583A022A00D80BE18C234C
:10CF900001225B00E25042460C490AA8F6F7F2FC77
:10CFA0000AA803F0C9FF002801D1FDF78EFF002277
:10CFB000802392460D32FF3291465B000AAD043A5F
:10CFC0009046E3582F1818E0BC210110A01E011054
:10CFD0008421011028210110342101102C1F01107F
:10CFE0001900013380225200A350013504326654E7
:10CFF000A654AF4201D1FDF768FF2E78FF2BEFD189
:10D000005246E2544B46E2584346FF21E358200083
:10D01000984794225200A35800210133A3500123C2
:10D02000E0E711212000D26800F0AAFEA4235B00F3
:10D03000E358002B03D088230A9A5B00E250822336
:10D040005B00E35C3C2B01D100F051FD3C21200052
:10D05000FBF7CCFC019B1121DB6820001A6900F072
:10D060008FFE82235B00E35C3E2B01D100F039FD93
:10D070003E212000FBF7BAFCFDF727FFFB681E6886
:10D0800031780B00613B612905D172781300643B54
:10D09000642A00D1B3782A78002B03D1032A01D166
:10D0A00000F077FD392A01D100F082FD732923D1E8
:10D0B00073785A2B01D000F0E2FCB3789846002B2D
:10D0C00001D000F0DCFC29002000FBF7D1FC424637
:10D0D000002807D10AE0C368002B06D0006901329E
:10D0E000002802D003782F2BF5D09046414620002F
:10D0F000FBF754FDFDF7E9FE11213A00200001F095
:10D100002FFD317867290CD17378732B09D1B3784F
:10D11000002B06D12A001121200000F031FEFDF77E
:10D12000D4FE732901D0FEF7BCFC7378742B01D0B8
:10D13000FEF7B7FCB378002B01D0FEF7B2FC20005D
:10D140004B39FBF753FC20002A00112100F018FE98
:10D1500029212000FBF74AFCFDF7B7FE2021200023
:10D16000FBF744FC7568FEF787F811212000019A4F
:10D1700000F034FEFDF77DFF8A23544601225B0058
:10D18000E6500433E250FDF7A0FE2821FBF72EFC09
:10D1900020001121FA6800F0F3FD29212000FBF79F
:10D1A00025FCFEF77EFCEE4B9200D558280003F0DC
:10D1B000C3FE002800D1EEE60022802393460D3204
:10D1C000FF3292465B00043A9146E3582F180BE079
:10D1D0001900013380225200A350013504326654F5
:10D1E000A654AF4200D1D6E62E78FF2BF0D15A4696
:10D1F000E2545346E2584B46FF21E358200098473B
:10D2000094225200A35800210133A3500123E1E7E7
:10D21000072F01D0FDF771FF019B1B6919780029C9
:10D2200001D0FDF76AFF1969012901D0FDF765FFFB
:10D230003D2D01D0FDF761FFDB681B78302B01D15C
:10D2400000F094FD312B01D0FDF757FFC549FBF7E6
:10D250003BFCFDF73AFE0199FBF7EAFB002801D100
:10D26000FDF72FFE03782F2B09D1F533E158002964
:10D2700005DBFBF753FB002801D1FDF722FE8825D3
:10D280006D0066590200336811212000635100F0DF
:10D2900077FD6651FDF719FE019BB349DA680AA8CC
:10D2A0000132F6F76FFB0AA803F046FE002801D111
:10D2B000FDF70BFE0022434692460D32FF329146A7
:10D2C0000AAD043A9046E3582F180DE01A000133D6
:10D2D000802149006350A654822201355200A65491
:10D2E000AF4201D1FDF7F1FD2E78FF2BEED1524672
:10D2F000E2544B46E2584346FF21E358200098474A
:10D3000094225200A3580133A35001230022DFE7E7
:10D310000027862367545B00E258043BE358200053
:10D32000984794225200A35867510133A350FDF748
:10D330006CFE0022C25486235B00C258043BC358D3
:10D34000FF21984794225200A3580133A350283A52
:10D350000023FF3AFFF733F820008449FBF7B4FBC2
:10D360003A69814901320AA8F6F70CFB0AA803F0D2
:10D37000E3FD002830D00022804693460D32FF3274
:10D380000AADA84480239246043A914642465B0087
:10D39000B846E35817000AE0190001338022520012
:10D3A000A350013504326654A654BD4213D02E78E2
:10D3B000FF2BF1D15A46E2545346E2584B46FF2127
:10D3C000E3582000984794225200A35800210133CB
:10D3D000A3500123E2E7474620006549FBF774FBB1
:10D3E000FF68FDF7CCFE0022E25486235B00E25882
:10D3F000043BFF21E3582000984794225200A35891
:10D4000001210133A3500023FFF71BFB0022E2544C
:10D4100086235B00E258043BE358FF212000984735
:10D4200094225200A3580133A350283A0023FF3A14
:10D430004AE48C23029C5B000132E250FDF745FD7B
:10D440000022E25486235B00E258043BFF21E358AC
:10D450002000984794225200A35801210133A35081
:10D460000023FEF7B1FE20212000FBF7BFFAFEF7F4
:10D47000A3FE0022E25486235B00E258043BFF2116
:10D48000E3582000984794225200A3580121013309
:10D49000A3500023FEF77DFE20212000FBF7A6FA13
:10D4A000FEF76FFE0022E25486235B00E258043B45
:10D4B000FF21E3582000984794225200A3580121ED
:10D4C0000133A350002353E4019AFF21E254862341
:10D4D0005B00E258043BE358200098479422520036
:10D4E000A35801210133A35000236BE40022C2544E
:10D4F00086235B00C258043BFF21C35898479422FF
:10D500005200A35801210133A3500023FEF7B3FBBF
:10D510000022E25486235B00E258043BFF21E358DB
:10D520002000984794225200A35801210133A350B0
:10D530000023FDF7F9FE0022E25486235B00E25847
:10D54000043BE358FF212000984794225200A3583F
:10D550000133A350283A0023FF3AFDF7D2FEC0461C
:10D56000F834011004210110A01E0110181F011031
:10D57000281F01100022E25486235B00E258043B7E
:10D58000FF21E3582000984794225200A35801211C
:10D590000133A3500023FFF7CDF80022E254862385
:10D5A0005B00E258043BE358FF2120009847942297
:10D5B0005200A3580133A350283A0023FF3AFFF743
:10D5C000A5F80022C25486235B00C258043BFF2109
:10D5D000C358984794225200A35801210133A35005
:10D5E0000023FEF766F90022E25486235B00E2582E
:10D5F000043BFF21E3582000984794225200A3588F
:10D6000001210133A3500023FFF735FA0022E25431
:10D6100086235B00E258043BFF21E3582000984733
:10D6200094225200A35801210133A3500023FEF796
:10D63000AEFE0022E25486235B00E258043BFF2149
:10D64000E3582000984794225200A3580121013347
:10D65000A3500023FFF79EF90022C25486235B00EB
:10D66000C258043BC358FF21984794225200A35844
:10D670000133A350283A0023FF3AFEF732F9002283
:10D68000E25486235B00E258043BFF21E35820006C
:10D69000984794225200A35801210133A35000233C
:10D6A000FFF7F9F80022E25486235B00E258043BBE
:10D6B000FF21E3582000984794225200A3580121EB
:10D6C0000133A3500023FFF74EF93F693978482909
:10D6D00000D122E29246A9461B015B4438784E28CD
:10D6E0004AD001004E2844D81C39042944D9524656
:10D6F0004D46FEF7D1FF20005B21FBF777F9019B38
:10D70000200011211A6900F03BFB5D212000FBF78E
:10D710006DF9FDF7DAFB0022E25486235B00E25844
:10D72000043BFF21E3582000984794225200A3585D
:10D7300001210133A3500023FDF7F9FC0022E2543C
:10D7400086235B00E258043BFF21E3582000984702
:10D7500094225200A35801210133A350019BDA689F
:10D760000023FDF7D2FC2D212000FBF73FF9FDF748
:10D77000ECFC50390129BAD84A46042A18D01900BD
:10D780001E00103125CE25C136689C460E608A21C8
:10D790001B6149001033624663500021916051467D
:10D7A0005760D16001229446FF68E144002F95D173
:10D7B0008C2301225B00E250FDF787FB3033FF33FF
:10D7C000E058002800DC64E2043BE158002304E058
:10D7D00001330831984200D15BE20A689642F7D1E2
:10D7E00096235B00E058031E00D186E1019F03E011
:10D7F0005B68002B00D180E11A68B24203D0BA42C4
:10D80000F6D19842F4D031002000FBF711F900283E
:10D8100001D1FDF756FB037847462F2B01D0FDF7CA
:10D82000BFFBF533E158002901DAFFF70DFBFBF7E9
:10D8300075F8002800D180E20378FDF7B1FB1B7872
:10D8400019007239012904D9633B012B01D9FEF774
:10D85000B6F82000112101F083F920003C21FBF7EC
:10D86000C5F8019D20002B691121DA6800F088FAC3
:10D870002000DE49FBF728F92B69200011211A69E5
:10D8800000F07EFA29212000FBF7B0F8FDF71DFB20
:10D890000022E25486235B00E258043BFF21E35858
:10D8A0002000984794225200A35801210133A3502D
:10D8B0000023FDF7FEFB3C2120000995FBF796F8BD
:10D8C000EB689946CA4B02930AAB9B46C94B05933A
:10D8D0004B46002B6FD05B4606950797039390212C
:10D8E000490063585A1C6250002B00D09EE04A4603
:10D8F0001121200000F044FA5346E358FF2B00D1D9
:10D9000099E05D1C5246A5502022E25482235B0020
:10D91000E2544B461B785B2B03D14B46DB689946A0
:10D920001B7890225200A258583B013A0492022BD5
:10D930004ED98C2301225B00E250039D049A2800FB
:10D940000299F6F71FF8280003F0F6FA002829D00C
:10D95000039A534615001718862252009346043A3C
:10D960009046E3580AE01A00013351466350A6542A
:10D97000822201355200A654BD4213D02E78FF2BCF
:10D98000F1D10022E2545B46E2584346FF21E358BE
:10D990002000984794225200A3580133A35001233A
:10D9A0000022E2E74B461B699946002B97D1039B67
:10D9B000069D9B46079F3E212000FBF717F890230A
:10D9C0005B00E258203B2D69E3580132FFF775F9FF
:10D9D000894A9B009E58300003F0AEFA33189846EF
:10D9E0000028AAD084235B009B460AE02B00013567
:10D9F0005246A550E754822301365B00E754B045F8
:10DA00009BD03778FF2DF1D1002363550D33FF33C1
:10DA1000E2585B46FF21E3582000984794225200C9
:10DA2000A35801250133A3500023E1E72000059905
:10DA3000FBF74AF85BE70022E25486235B00E258DA
:10DA4000043BE358FF212000984794225200A3583A
:10DA500001250133A350002354E7A35486235B0020
:10DA6000E258043BE358FF212000984794225200DB
:10DA7000A3580133A35001230022FFF7BBF97329F8
:10DA800001D0FFF739FB7378502B01D0FFF734FB3F
:10DA90000022B378934201D0FFF72EFB160003E07B
:10DAA00001362D69002D6ED02B782F2B6BD1EB68B2
:10DAB000002B68D01A784C2AF2D1D9682000FAF7E6
:10DAC000D7FF0023984207D109E0C268002A06D098
:10DAD00000690133002802D002782F2AF5D0F61809
:10DAE000DFE720212000FAF781FFFFF7C1FA2021AC
:10DAF0002000FAF77BFFFFF7A9FA88235B00E258C2
:10DB0000200091464A683100E250FAF791FF002860
:10DB100000D116E1012398467DE6FF68002F00D072
:10DB2000D8E545E63E2D00D11CE1019B023F1121C5
:10DB300020001A69FFB200F023F9042F01D9FDF784
:10DB4000C4F92E4BBF00DB599F4620002C49FAF741
:10DB5000BBFFFDF7BAF920002A49FAF7B5FFFDF738
:10DB6000B4F96C212000FAF741FFFDF7AEF97521F9
:10DB70002000FAF73BFFFDF7A8F920002249FAF749
:10DB8000A3FFFDF7A2F931002000FBF707F8FDF72E
:10DB90009CF9EB681A78012A01D0FFF787FA2A6905
:10DBA0001278292A01D0FFF781FA1D00FFF77EFACB
:10DBB0002000EA68112101F0FBF93A001121200050
:10DBC00000F0CEFFFDF781F920005B21FAF70EFF90
:10DBD000019B20001B6911211A6900F0D1F85D2119
:10DBE0002000FAF703FFFDF733FFC046D4200110F1
:10DBF000A01E0110101F0110F8340110A8330110ED
:10DC0000F4200110F0200110F8200110019B1121D7
:10DC10001A6900F0B5F843465246A3505B469B682C
:10DC2000002B01D1FEF7D2F8FDF74FF9DA689168C1
:10DC3000012901D0FDF7DCFE526812783E2A01D09E
:10DC4000FDF7D6FE20002731FAF7D0FE019BDB68F6
:10DC5000FDF7CEFE019BDE68FDF7B1F913691B7875
:10DC6000292B03D08C2301215B00E15011212000DE
:10DC7000D26801F09DF9FDF7D0FE3A001121200095
:10DC800000F06EFFFDF7DDFE8A2354465B00E15095
:10DC90008EE59C235B00E358984228DA98235B00CA
:10DCA000E358C2009B189A21882249000130520093
:10DCB0006050A15840C3002949D03432A25892463E
:10DCC000A02252009446A2580FE0D00083469E2026
:10DCD0006746400020580132E2514F68584447607F
:10DCE000186009680300002931D09245EDDC8C23CF
:10DCF00001225B00E250FDF7E8F820001E49FAF728
:10DD0000E3FEF368002B08D011212000320001F05F
:10DD10004FF920212000FAF769FE42461121200028
:10DD200000F02EF8002D01D1FDF7CFF82A001121C7
:10DD3000200001F03DF9FDF7C8F8002F01D1FDF7F3
:10DD4000C0F888234A465B00E250FDF7BAF800228B
:10DD5000310020001A60FAF76BFE002800D05AE567
:10DD6000FDF7AFF82D21FAF741FEDEE60349FAF799
:10DD7000ABFEFDF7AAF8C046E8200110FC20011018
:10DD8000F0B50500140083B0002A21D05368012BA0
:10DD90001EDC8E26802176008259C9008A4217DC5B
:10DDA000962701337F006360C359013201936B46AC
:10DDB00082511121C35122000094FDF74BF8019BC1
:10DDC000EB516368013B6360AB59013BAB5103E02E
:10DDD0008C2301225B00EA5003B0F0BDF8B5454644
:10DDE000DE4657464E461378E0B5033BDBB20400EF
:10DDF00015004E2B03D8D64A9B00D3589F462A00C5
:10DE000011212000FFF7BCFFF0BCBB46B246A9467B
:10DE1000A046F8BD0022CF4D80232F0092460D3240
:10DE2000FF3291465B00043A9046C35809370AE036
:10DE30001900013380225200A35001350432665488
:10DE4000A654AF42E0D02E78FF2BF1D15246E254D7
:10DE50004B46E2584346FF21E3582000984794225E
:10DE60005200A35800210133A3500123E2E700220E
:10DE7000B94D80232F0092460D32FF3291465B0050
:10DE8000043A9046C35809370AE01900013380224A
:10DE90005200A350013504326654A654AF42B3D0A9
:10DEA0002E78FF2BF1D15246E2544B46E2584346BE
:10DEB000FF21E3582000984794225200A3580021E4
:10DEC0000133A3500123E2E70022802392460D3262
:10DED000FF32A24D91465B00043A9046C358AF1DF5
:10DEE0000BE01900013380225200A35001350432A7
:10DEF0006654A654AF4200D186E72E78FF2BF0D1AE
:10DF00005246E2544B46E2584346FF21E358200074
:10DF1000984794225200A35800210133A3500123B3
:10DF2000E1E78F4E8023B21D9046002293460D32CA
:10DF3000FF3292465B00043A9146C3580BE0190049
:10DF4000013380225200A350013604326754A75493
:10DF5000B04500D1BAE13778FF2BF0D15A46E254F0
:10DF60005346E2584B46FF21E3582000984794223D
:10DF70005200A35800210133A3500123E1E780217F
:10DF800049004258FF2A00D140E2531C4350E03977
:10DF900081548222520081542CE080235B00C258BD
:10DFA000FF2A00D121E2531C802149006350E0394F
:10DFB000A15482225200A1542CE080235B00C3585C
:10DFC000FF2B00D100E2591C80225200A150E03A00
:10DFD000E25482235B00E254112120002A69FFF7FA
:10DFE000CFFE11E71121EA68FFF7CAFE0CE7802394
:10DFF0005B00C358FF2B00D1B2E1591C80225200B4
:10E00000A150DA3AE25482235B00E254FCE680231A
:10E010005B00C358002292460D32FF32514D9146AB
:10E02000043A9046AF1C0BE01900013380225200E5
:10E03000A350013504326654A654BD4200D1E3E634
:10E040002E78FF2BF0D15246E2544B46E25843461D
:10E05000FF21E3582000984794225200A358002142
:10E060000133A3500123E1E700223F4D80232F001D
:10E0700092460D32FF3291465B00043A9046C358F7
:10E0800009370BE01900013380225200A3500135FB
:10E0900004326654A654AF4200D1B5E62E78FF2B69
:10E0A000F0D15246E2544B46E2584346FF21E35832
:10E0B0002000984794225200A35800210133A35016
:10E0C0000123E1E70022294D80232F0092460D32E3
:10E0D000FF3291465B00043A9046C3580B370BE081
:10E0E0001900013380225200A350013504326654D6
:10E0F000A654BD4200D187E62E78FF2BF0D15246C0
:10E10000E2544B46E2584346FF21E358200098472B
:10E1100094225200A35800210133A3500123E1E7C8
:10E1200082235B00C35C282B00D00AE1EA6811213E
:10E130002000FFF725FE0022802392460D32FF3299
:10E140000B4D91465B00043A9046E358EF1C1DE0EE
:10E15000BC330110C4210110D0210110DC210110B9
:10E16000042201100C220110102201101C220110A7
:10E17000282201101900013380225200A3500135DA
:10E1800004326654A654AF4200D13DE62E78FF2BF0
:10E19000F0D15246E2544B46E2584346FF21E35841
:10E1A0002000984794225200A35800210133A35025
:10E1B0000123E1E70A229146002280239346AD4ED7
:10E1C0000D325B00FF329246C358B1440DE01A0095
:10E1D0000133802149006350A75482220136520046
:10E1E0008846A754B14500D198E03778FF2BEED18F
:10E1F0005A46E2545346E25884235B00E358FF2119
:10E200002000984794225200A3580133A3500123C1
:10E210000022DEE70022984D80232F0092460D3227
:10E22000FF3291465B00043A9046C35811370BE029
:10E230001900013380225200A35001350432665484
:10E24000A654BD4200D1DFE52E78FF2BF0D1524617
:10E25000E2544B46E2584346FF21E35820009847DA
:10E2600094225200A35800210133A3500123E1E777
:10E27000092290460022802393460D32FF327F4EC2
:10E2800092465B00043A9146C358B0440AE0190034
:10E29000013380225200A350013604326754A75440
:10E2A000464513D03778FF2BF1D15A46E2545346F6
:10E2B000E2584B46FF21E358200098479422520031
:10E2C000A35800210133A3500123E2E72A69002A61
:10E2D00000D199E5FF2B64D0591C80256D00615158
:10E2E0002821E15482235B00E15420001739FFF715
:10E2F00047FD6359FF2B1AD10022E25486235B00AD
:10E30000E258043BFF21E358200098479422520032
:10E31000A35801210133A350002309E02000EA683B
:10E32000EF39FFF72DFD4346E358FF2BE4D0591C8E
:10E3300080225200A150D73AE25482235B00E2547B
:10E3400062E580235B00C358FF2B71D0591C8022EB
:10E350005200A150E03AE25482235B00E254E5E629
:10E360000022E25486235B00E258043BFF21E3587D
:10E370002000984794225200A35801210133A35052
:10E3800000233BE680235B00C358FF2B61D0591C60
:10E3900080225200A150D63AE25482235B00E2541C
:10E3A00032E50022E25486235B00E258043BFF2161
:10E3B000E3582000984794225200A35801210133CA
:10E3C000A35000232A6988E70022C25486235B00F9
:10E3D000C258043BFF21C358984794225200A358C7
:10E3E00001210133A3500023EEE5002383540D33B4
:10E3F000FF33C258043BC358FF2198479422520070
:10E40000A3580133A35001230022CDE500238354F8
:10E410000D33FF33C258043BC358FF219847942261
:10E420005200A3580133A350202323701F3BE4E57F
:10E430000022C25486235B00C258043BFF21C3580C
:10E44000984794225200A35801210133A35000237E
:10E450007DE70022C25486235B00C258043BFF21A3
:10E46000C358984794225200A35801210133A35066
:10E4700000238DE72C220110E4210110F821011066
:10E48000F0B54646D6464F460400C0B51D001600FE
:10E49000002B00D17CE0012787489A68002A00D031
:10E4A00076E05A6811781939C9B212296CD83A0045
:10E4B0008A40024200D0ABE0E02109010A4263D069
:10E4C00082235B00E25C033B1100FF3B9943282958
:10E4D00000D1C6E0802149006358202A00D0A0E086
:10E4E000FF2B00D1AAE05A1C80214900625028224B
:10E4F000E25482235B00E25400228846994610339E
:10E50000E7589246E250200000232A00EF3900F03D
:10E51000D5F84346E358FF2B00D1A6E041465A1CEC
:10E520006250D739E1544B46E154FF2A40D0802154
:10E53000531C49006350D839A15482225200A1547F
:10E540003269002A06D011212000FFF719FC802330
:10E550005B00E358FF2B49D0591C80225200A15088
:10E56000D73AE25482235B00E254043B2A00112193
:10E570002000FF3B00F0A2F88A235B00E750E0BCDC
:10E58000BA46B146A846F0BD1B68002B00D084E710
:10E590008A2300225B00E7581121E250200000236B
:10E5A0002A0000F08BF880235B00E258FF2ABED1DE
:10E5B0000023A3540D33FF33E258043BE358FF21FB
:10E5C0002000984794225200A3580133A35080237F
:10E5D000283A5B00FF3AE2500432D83BFF32237006
:10E5E000A3543269002AAED10123B5E70022E254D8
:10E5F00086235B00E258043BFF21E3582000984744
:10E6000094225200A35801210133A3500023A4E710
:10E61000822380215B00E25C49006358202A00D1FC
:10E620005EE7FF2B35D05A1C6250E039E15482235B
:10E630005B00E1541300FF2B00D054E70022E254AA
:10E6400086235B00E258043BE358FF2120009847F3
:10E6500094225200A3580133A350283A0023FF3AD2
:10E6600042E780235B00E3583AE75246E2548623B0
:10E670005B00E258043BE358FF21200098479422B6
:10E680005200A3580133A3502923283A2370FF3A9C
:10E690004DE70022E25486235B00E258043BE35836
:10E6A000FF212000984794225200A3580133A35021
:10E6B000202323701F3B16E707310400F0B54E46B8
:10E6C000DE4657464546E0B50400160099468BB035
:10E6D000002A46D088238C275B009846103BFF3BDE
:10E6E0009A464D467F001BE019001C39042914D9B5
:10E6F0005146B1604146404661588946F168215013
:10E70000292B26D02A2B33D0022B3AD011212000DE
:10E71000FFF764FB43464A46E2503668002E20D09D
:10E72000E359002B1DD1B368002BF6D17268137822
:10E73000002DDDD14E2BF0D0D6D9503B012BECD99A
:10E740000123B3601033FF33E1588946F168E1508B
:10E75000DCE7336811212000FFF792FE4D46434667
:10E76000E5500BB0F0BCBB46B246A946A046F0BD92
:10E7700033681121200000F0F7F84D464346E5507C
:10E78000EFE78A277F00E359D268984600231121DA
:10E79000E3512000FFF7F4FA4346E3516E4F802324
:10E7A000BA1C924682224D465B0052009846914622
:10E7B000AB46E35809E01A00013341466350A554C3
:10E7C0004A460137A554574514D03D78FF2BF2D166
:10E7D0000022E25486235B00E258043BE358FF2109
:10E7E0002000984794225200A3580133A3500123DC
:10E7F0000022E2E772685D4617693A78482A14D029
:10E800004E2A0FD00BD81C3A042A0BD93A001121FA
:10E810002000FFF7B5FA88235B00E550A1E7503AE6
:10E82000012AF3D8FF683A78EAE73B3A91464B4E23
:10E83000FF329346043A9246B14401970CE01A0025
:10E840000133802149006350A754822201365200CF
:10E850008846A7544E4513D03778FF2BEFD10022BE
:10E86000E2545B46E2585346FF21E35820009847A4
:10E8700094225200A3580133A35001230022E0E761
:10E88000019F37493A6903A80132F5F77BF803A8DD
:10E8900002F052FB4346E35800282FD00022804666
:10E8A00093460D32FF3203AEB0449146043A92468D
:10E8B00042460197A84615000AE01900013380225C
:10E8C0005200A350013604326754A754AE4213D00D
:10E8D0003778FF2BF1D15A46E2544B46E258534663
:10E8E000FF21E3582000984794225200A3580021AA
:10E8F0000133A3500123E2E74546019F194E0197DA
:10E90000F21C9046002293460D32FF329146043AA3
:10E9100092460AE01900013380225200A3500136CA
:10E9200004326754A754464513D03778FF2BF1D1F2
:10E930005A46E2544B46E2585346FF21E358200022
:10E94000984794225200A35800210133A350012379
:10E95000E2E7019F66E7C046141F0110181F01106F
:10E96000A01E0110281F0110F0B55746DE464E4686
:10E970004546E0B50400170019001A0083B0002BCB
:10E9800003D150E00968002948D08B68002BF9D1E9
:10E990004B681B782A2B00D073E000231121200044
:10E9A000FFF78CFE80235B00E258FF2A4BD08021CA
:10E9B000531C49006350A539A15482225200A1542E
:10E9C000FA68002A06D011212000FFF7D9F9802328
:10E9D0005B00E358FF2B0FD0591C80225200A1503E
:10E9E000A33AE25482235B00E25403B0F0BCBB467E
:10E9F000B246A946A046F0BD0022E25486235B0041
:10EA0000E258043BFF21E35820009847942252002B
:10EA1000A35801210133A3500023DEE70023112175
:10EA20002000FFF74BFE80235B00E358FF2B6AD0EA
:10EA300080215A1C49006250E039E15482235B0076
:10EA4000E154FF2AB3D10023A3540D33FF33E2581E
:10EA5000043BE358FF212000984794225200A3581A
:10EA60000133A3508023283A5B00FF3AE25004327E
:10EA7000A53BFF322370A354FA68002AA3D10123D7
:10EA8000AAE78023344D5B00E158AB1C9A46002373
:10EA900001979B4617000DE00B00013180225200C8
:10EAA000A150E654822301355B0090469946E65416
:10EAB000AA4514D02E78FF29EED15B4663548623F5
:10EAC0005B00E258043BFF21E35820009847942262
:10EAD0005200A35801210133A3500023DEE73A007E
:10EAE000002311212000019FFFF7E8FD4346E25873
:10EAF000FF2A1CD04146531C63502921A1544A4689
:10EB0000A154FF2B94D10022E25486235B00E258EB
:10EB1000043BE358FF212000984794225200A35859
:10EB20000133A3502023283A2370FF3A3FE7002304
:10EB3000A3540D33FF33E258043BE358FF21200078
:10EB4000984794225200A3580133A350034B273A0D
:10EB50002380FF3A2BE7C046242101102920000022
:10EB6000F0B5D6464F46464613780400C0B5322B62
:10EB700007D01121FFF704F9E0BCBA46B146A84618
:10EB8000F0BDD3689F685D68002FF5D00022802318
:10EB900092460D32FF3291465B00043A9046C358CC
:10EBA000EF190AE01900013380225200A350013509
:10EBB00004326654A654BD42DED02E78FF2BF1D12C
:10EBC0005246E2544B46E2584346FF21E3582000A8
:10EBD000984794225200A35800210133A3500123E7
:10EBE000E2E7C046F0B557464546DE464E46E0B53C
:10EBF000E9B0037800AF05008A46BA605F2B00D108
:10EC00003CE108222800A24902F06AF8002800D15D
:10EC100001E10022002393460122BA645A42534183
:10EC20004533FB605B465246023BDBB29A467A6054
:10EC30003BE05346012B00D99DE00B239846A844A6
:10EC40004346FB61EB7A5F2B03D12B7B5A2B00D120
:10EC500099E0404602F070F9002E00D102E1002355
:10EC600001226360A3607A62002800D1FAE0237079
:10EC700043462061E360102000232200F968381821
:10EC8000F9F7F8FC0600404602F056F94044F861F6
:10EC90000378002B02D1002E00D0FBE0BB6C0133C7
:10ECA00000D0E1E00023BB64CD46280002F044F927
:10ECB0002B187B611123BB6100237B623B63BB6329
:10ECC000FB633B647B64FB64802346003D61FD6124
:10ECD000BE6278631B019E4200D9D7E06A4683007A
:10ECE0001818C000121AE94695460733DB08DB0006
:10ECF000D31A6C46FB629D465B463C62012B98D161
:10ED00002B785F2BCAD16B1CFB616B785A2BC5D15A
:10ED1000AB1CFB61AB78472B00D19BE0542B00D19F
:10ED200098E010230121F818FBF7B2FC0600FA69FD
:10ED3000B9691378C907ACD5002188462E2BA8D114
:10ED4000110032003D604B7818006138192805D950
:10ED50005F2B03D0303B092B00D919E18C1C2378A1
:10ED600018006138192804D93130092801D95F2BDE
:10ED700019D10134F3E71023F818FAF7BDF8FB694D
:10ED800006001B7885E72B000D33FB616B7B472B5F
:10ED900001D0542B55D11023F818FBF7F3FCFB6975
:10EDA0000400984667E72E2B12D16378303B092B7D
:10EDB0000ED8A378A51C180030382C000928F2D8EA
:10EDC00063780134180030380928F9D92E2BECD09B
:10EDD000786ABB6A661AFC61984241DA83001B18A4
:10EDE0009D003B6A01305B1945465D609D6078621D
:10EDF000002E35DD5D609D601D70D9601E611020A4
:10EE00004F213818F9F736FC237802002E2B00D05A
:10EE1000C3E0210097E72B7A2E2B04D05F2B02D082
:10EE2000242B00D0F5E66B7A442B00D1B8E0492BB7
:10EE300000D0EEE6AB7A5F3B5A4253415A0093460C
:10EE4000EAE610230021F818FBF722FCFB69040016
:10EE5000984610E71023F818FBF794FC060066E7C5
:10EE60000023CCE7002406E70020CD46BD4669B06C
:10EE7000F0BCBB46B246A946A046F0BD43785A2B2B
:10EE800000D0BEE6012200239346C5E60020EDE750
:10EE9000A41E011098467B6810209A4640234246E3
:10EEA0001B18DC19F0331B18DB191A6082235B0076
:10EEB000E2540C33E2500433E2501033E250043396
:10EEC000E2505246203BE250BA680433E2504246D8
:10EED0000C33E25090238E255B00E250C0210C33AE
:10EEE000E2500833E2506D000433E25062510023D7
:10EEF000002249000918C9190A604B60200031003E
:10EF0000F9F7B0FC802362591B019A4201DA4346AB
:10EF100063519C23A221002049005B00E258635802
:10EF20006D465343635004316050002A27DD694623
:10EF3000D2008A1A9546002B28DD6946DB00CB1AE1
:10EF40009D4698235B00E2506A460C33E250112143
:10EF500032002000FEF714FF80235B00E1580023FD
:10EF600063540D33FF33E258043B2000E358AD46B1
:10EF700098478C235B00E0584342584175E70122D3
:10EF80006946D2008A1A9546002BD6DC0123D4E7C5
:10EF9000FB6916003D681B787BE606003D6878E655
:10EFA000AB7A5F2B00D034E603220023934633E68E
:10EFB000F0B5C64600B513780400150082B0012BE9
:10EFC00003D9312B01D0062B40D16B68012B35DCE6
:10EFD0008E225200A15880220127D20091422DDCBE
:10EFE00001336B6096235B009846E3588E266A4691
:10EFF0000193434676000131A1512000E2501121D6
:10F000002A000095FBF726FF4246019BA3506B6840
:10F01000013B6B60A359013BA351002F12D1802308
:10F020005B00E258FF2A2ED0511C80235B00E15088
:10F03000D73BA35482225200A35403E08C23012225
:10F040005B00E25002B080BCB846F0BD80235B009C
:10F05000C358FF2B29D05A1C802149006250D8394F
:10F06000E15482235B00E1546B68012B06DC8E21A6
:10F07000802049006158C000814228DD8C23012195
:10F080005B00E150CEE70023A3540D33FF33E25879
:10F09000043BFF21E3582000984794225200A358D4
:10F0A00001210133A3500022BFE70022C25486236E
:10F0B0005B00C258043BC358FF219847942252007A
:10F0C000A3580133A350283A0023FF3AC4E700278E
:10F0D00086E7C046F0B5DE4657464E464546D368FD
:10F0E000E0B5DB6804001B680020197883B066294E
:10F0F00074D11269D16816698A460021327888462F
:10F100003C2A00D1B6E092225200A1588946012142
:10F110004942A1505B786C2B00D1AFE065D84C2BF5
:10F1200001D0522B55D180235B00E358FF2B00D137
:10F13000FCE05A1C80256D0062512822E254822393
:10F140005B00E254112132002000FFF731FF5246EC
:10F1500011212000FFF704FD63597E4DEA1C934600
:10F160000BE01A00013380277F00E351A65482226E
:10F1700001355200A654AB4514D02E78FF2BF0D1A8
:10F180000022E25486235B00E258043BE358FF214F
:10F190002000984794225200A3580133A350012322
:10F1A0000022E0E7524611212000FFF7D9FC424639
:10F1B00011212000FFF7FCFEE359FF2B00D190E066
:10F1C000591C80225200A150D73AE25482235B009E
:10F1D000E25492234A4601205B00E25003B0F0BCA7
:10F1E000BB46B246A946A046F0BD722BF1D18023A2
:10F1F0005B00E358FF2B00D185E05A1C80256D0091
:10F2000062512822E25482235B00E2541121320031
:10F210002000FFF7CDFE524611212000FFF7A0FC91
:10F22000002293460D32FF3263594B4D9246043A09
:10F2300090462F1D0AE01900013380225200A3508E
:10F24000013504326654A654AF42C2D02E78FF2B4B
:10F25000F1D15A46E2545346E2584346FF21E3585F
:10F260002000984794225200A35800210133A35054
:10F270000123E2E73269F668904644E7374D802380
:10F280002A1D904600225B009346E35801960BE04E
:10F290001A00013380277F00E351A65482220135F2
:10F2A0005200A654454514D02E78FF2BF0D15A4673
:10F2B000E25486235B00E258043BE358FF21200020
:10F2C000984794225200A3580133A35001230022EF
:10F2D000E0E7019E524611212000FFF741FC320079
:10F2E00066E70022E25486235B00E258043BFF21DC
:10F2F000E3582000984794225200A358012101337B
:10F30000A35000235DE70022E25486235B00E2580D
:10F31000043BE358FF212000984794225200A35851
:10F320000133A350283A0023FF3A67E70022E25452
:10F3300086235B00E258043BE358FF2120009847F6
:10F3400094225200A3580133A350283A0023FF3AD5
:10F35000F0E6C04628210110402201103822011099
:10F36000F0B5DE4657464E4645460221E0B51378D5
:10F37000040083B000208B43382B06D003B0F0BCD0
:10F38000BB46B246A946A046F0BDD368DB681E68FE
:10F390003378642BF2D17378692B13D01E318B43F1
:10F3A000582BEBD11369DD681F6980235B00E3589C
:10F3B000FF2B00D195E05A1C8021490062505B224E
:10F3C000E2540EE01369DD681F6980235B00E35897
:10F3D000FF2B00D1BBE05A1C8021490062502E2235
:10F3E000E25482235B00E25411212A002000FEF740
:10F3F000C7FC7378582B3ED0692B0ED080235B005E
:10F40000E358FF2B00D190E0591C80225200A150FC
:10F41000A33AE25482235B00E25402223B789343F6
:10F42000382B14D080235B00E358FF2B6BD0591C82
:10F4300080225200A150C33AE25482235B00200094
:10F44000E25411213A00FFF7B3FD012096E7FB6873
:10F45000DB681B681A78642AE4D15B78692B03D0D7
:10F46000443A9343582BDDD120003A001121FEF796
:10F4700087FC012082E73F4DA8336A1D9046002299
:10F4800092460D32FF329146043A9346E358019674
:10F490000AE01900013380225200A35001350432E2
:10F4A0006654A654A84513D02E78FF2BF1D15246AE
:10F4B000E2544B46E2585B46FF21E3582000984750
:10F4C00094225200A35800210133A3500123E2E704
:10F4D000019EFA6811212000FEF752FC3F69737803
:10F4E0008AE7E05486235B00E258043BE358FF219F
:10F4F0002000984794225200A3580133A350283A81
:10F500000023FF3A58E70022E25486235B00E258CA
:10F51000043BFF21E3582000984794225200A3584F
:10F5200001210133A350002382E70022E254862305
:10F530005B00E258043BFF21E358200098479422E7
:10F540005200A35801210133A35000235DE7E0548A
:10F5500086235B00E258043BE358FF2120009847D4
:10F5600094225200A3580133A350283A0023FF3AB3
:10F5700032E7C04648220110F0B5C64600B50C007F
:10F5800015001E0084B0002846D0002901D0002AB2
:10F5900042D000236A462B490093019302930393C0
:10F5A000FFF720FB00283ED0039B009F002B1DD0BF
:10F5B00001239846002F40D0002C2AD0380001F0BB
:10F5C000BBFC2B6898421ED23900421C2000F5F784
:10F5D00029F93800F5F714F92700002E01D000238F
:10F5E0003360380004B080BCB846F0BD029B98463A
:10F5F000002FE1D1002E04D0012B19D101235B4251
:10F6000033600027EDE72000F5F7FAF843462B605A
:10F61000E3E7002DFAD1E0E7002EF2D003235B42AE
:10F6200000273360DDE70098F5F7EAF8002EE8D010
:10F6300002235B4200273360D3E7002EDED1002790
:10F64000CFE7C0463D890010027803000020472A1A
:10F6500000D070475A784E2AFBD19A78552AF8D1B3
:10F66000DA78432AF5D11A79432AF2D15A792B2A2A
:10F67000EFD19A792B2AECD1DB792A3A9A42404190
:10F68000C0B2E6E710B5041E06D000F089F82000ED
:10F69000FFF7DAFF002801D1F8F788FC203CE0688A
:10F6A000F8F77CFCF0B5DE4657464E464546E0B5D9
:10F6B00085B00700FFF7C8FF041E0BD03B00203BBE
:10F6C0009A68DC68BB6A91469A467B6B002698462E
:10F6D0003D6B04E0814601268046050082463800E5
:10F6E00000F05EF8002E01D0F8F76CFC4846F8F701
:10F6F00065FC00F055F8002E01D0F8F757FCF8F73C
:10F70000FFF827220368995C1A007832012900D19A
:10F710001A68AD080292AA000192002220334546E1
:10F7200091469846CA4521DD2F68002F00D07F19E9
:10F7300000223900404602ABF8F70AF8002801D051
:10F74000F8F7AEFC3B6803901B6938009B461149F3
:10F75000012303AAD847002800D1300001239C468A
:10F76000019BE1449C4606006544DBE7002E08D07F
:10F770000420F7F739FF084B084A06490360F8F7F9
:10F7800075FC2000F8F70AFC00F044F800F042F89D
:10F79000F7F7D8FF042C01106C2C0110E57800104D
:10F7A00070B50400F8F7B0F8220023780568203A15
:10F7B000472B04D0002D2BD10260280070BD637848
:10F7C0004E2BF7D1A378552BF4D1E378432BF1D10D
:10F7D0002379432BEED163792B2BEBD1A3792B2B00
:10F7E000E8D1E379012BE5D85369002B0DDB013318
:10F7F00053614368013B4360954201D0156102604B
:10F800002000656A02F008F9D7E70121CB1AEFE77B
:10F81000F8F7CCFB10B5F8F773F80368002B09D0A4
:10F8200020229A5C472A06D000222033026018006A
:10F8300002F0C2F810BD263A9A5C4E2AF4D12C3A56
:10F840009A5C552AF0D1323A9A5C432AECD11F3A9D
:10F850009A5C432AE8D11E3A9A5C2B2AE4D1053AF5
:10F860009A5C2B2AE0D1043A9A5C012ADCD85A69C6
:10F87000002A08DB511E012A0CD04A1C01D0596114
:10F88000D8E7F8F793FB511C0132F8D11A690260EE
:10F890005961CFE71A6920330260180002F08CF832
:10F8A000C8E7C04610B5F8F72FF80068002804D064
:10F8B0002723C35C012B01D0006810BD0068783895
:10F8C000FAE7C046062010B501F044FA0120F2F72D
:10F8D0008BFCC04600B5044B83B0010001AA186838
:10F8E00000F004F803B000BD80220020F0B5D64639
:10F8F00046464F46C0B582460E00904601F04AFB90
:10F900001C4B1D689946002D0AD033783400002B1B
:10F9100004D12DE063780134002B0AD03D2BF9D1BE
:10F92000504601F03FFB0020E0BCBA46B146A84675
:10F93000F0BDA41B28680028F2D02200310001F09D
:10F94000CFF9002804D12B681F191B5D3D2B04D073
:10F95000686804350028F0D1E2E74B4642461B6850
:10F960005046EB1A9B10136001F01CFB781CDBE780
:10F970000024DFE7A823002010B5034B010018681E
:10F9800000F00EF810BDC0468022002010B5034BD9
:10F990000100186801F068FB10BDC04680220020FD
:10F9A000F0B54E464546DE465746E0B50D000B35F0
:10F9B000060085B0162D27D8102900D9DAE000F00E
:10F9C000D1FA102518230221C74FFB181A005C68D2
:10F9D000083A944200D146E103226368A168934348
:10F9E000E268CA6091600121E3185A6830000A4356
:10F9F0005A6000F0BFFA2000083005B0F0BCBB46EA
:10FA0000B246A946A046F0BD07239D4300D5B1E00C
:10FA1000A94200D9AEE000F0A5FAFC235B009D42AC
:10FA200000D29AE1690A00D1A8E0042900D94FE187
:10FA300038239846A90988443931CB00082252421C
:10FA40009446A94FFB189C446346DC68A44514D037
:10FA5000032399460B0061469C4607E0E068002AB4
:10FA600000DBFAE0814200D1FBE004004A46636813
:10FA700093435A1B0F2AF1DD41463A003C69083294
:10FA8000944200D1D8E0032063688343581B0F28B9
:10FA900000DD66E13A617A610028A4DA7A6890466E
:10FAA00080229200934200D3E3E0DA085809012350
:10FAB0008340404618438046D300DB199A6878603B
:10FAC000E360A2609C60D46001208B1098404045A8
:10FAD0005CD8434603420AD103239943434640007E
:10FAE0000431034203D1400004310342FBD003231D
:10FAF000B3469C460E00B8460190F0004044010019
:10FB0000B246CB680BE064465A681F00A243DB682C
:10FB1000541B0F2C00DDF3E0002C00DB0DE19942BB
:10FB2000F1D101239946CA44534608319B07E8D1D5
:10FB3000032205E003680838013E834200D00AE250
:10FB40003242F7D14346019A5B6893434246536081
:10FB5000019A520001929A4216D8002A06D113E067
:10FB600004229146019ACA44520001921342F7D0EE
:10FB70005646C2E70C23002033603EE780233F2235
:10FB8000402190469B0059E75E4647460322BC68E9
:10FB9000636893439946AB4202D35B1B0F2B4EDC49
:10FBA00023004B440293514B08201B6810335B1910
:10FBB000019301F035F94E4903900B688B460133F0
:10FBC00006D08446019B4242013B634413400193AB
:10FBD0003000019901F004F903008046013300D19F
:10FBE000DDE0029B834200D9D7E0019A414B944665
:10FBF00019689A466144039A1960029B0800013A09
:10FC0000434500D0EAE04346134200D0E6E0BB683B
:10FC1000984663464B441A0001231A4343465A60F0
:10FC2000354B1868884200D21960344B18688842F6
:10FC300000D219604446B4E07B68984644E701224C
:10FC4000290013431143651961603000BD606B608A
:10FC500000F090F920000830CFE6A268D060826002
:10FC6000C1E6614609E7DC680231A34200D104E73E
:10FC7000B2E65A0A042A00D888E0142A00D90FE113
:10FC800010005B3082465C32D2000820404284463D
:10FC9000BA189444624692680B308146944500D16C
:10FCA000E5E00800A2466146844602E0926891427F
:10FCB00004D04C465068A0439842F7D8D3686146B8
:10FCC00054469C466346A260E3609C60D460FBE6B9
:10FCD000142973D9542900D9EBE06E239846290BD7
:10FCE00088446F31CB00A9E6781E002078270020D9
:10FCF000701E002048270020702700207427002055
:10FD0000BA4601205146844649190543504645608C
:10FD1000856847466046EB605E469D6053463961A4
:10FD20007961204308374860CF6030008F609C5075
:10FD300000F020F9504608305FE6BA4601205E46E2
:10FD40005244516801435160BA683000D3609A60F0
:10FD500000F010F9380008304FE62B00E9080833AE
:10FD600032E66119884601218C460D4341466560A3
:10FD700039617961CA608A60624602434A60E05034
:10FD8000300000F0F7F82000083036E69A0910003D
:10FD9000393238308246D20077E7BC4214D0BC6892
:10FDA000626803239A43531BAA4202D30F2B00DD40
:10FDB00045E7300000F0DEF800201EE65B239846A1
:10FDC00088445C31CB0039E6644B9A461868019B45
:10FDD0009C46534660441860039B5A1E5B461B6852
:10FDE000013371D0434602995B1A51461B180B60D0
:10FDF00007234146404619400291184240D00398DB
:10FE0000013384465B1A019998444144019163444B
:10FE100011405B1A1A4011003000934600F0E0FFD9
:10FE2000431C78D04346C01A03005B4401935346F9
:10FE300019680120594419604346019ABB60024386
:10FE40005A60BC4200D1EBE64B460F2B40D907224B
:10FE50000C3B93436268024005201A436260E2183B
:10FE6000506090600F2B4BD843465A68D8E65346F3
:10FE7000981001238340404618438046786021E76C
:10FE8000019B039943441340CB1A1A4011003000E0
:10FE9000934600F0A5FF431CC4D100239B46C6E750
:10FEA000542A18D81A0B10006F326E308246D200D6
:10FEB000EBE6AA235B00994218D8DD3B9846E90B94
:10FEC00088447831CB00B9E55B46414619608FE73D
:10FED000434658606DE7AA204000824226D8DA0BDC
:10FEE0001000783277308246D200CEE61C4B994221
:10FEF00026D87C239846A90C88447D31CB009DE50B
:10FF000021003000083101F0AFF853461968BB6892
:10FF100098465A6884E6019A029B94464246083BFA
:10FF200063449B1A019300239B4680E70C4882425E
:10FF30000CD89A0C10007D327C308246D200A4E6A8
:10FF4000FE237E227F2190469B0077E5FE227E20C5
:10FF50009200824699E643465B68F9E5482700200F
:10FF60005405000010B5024800F056FF10BDC04611
:10FF70004027002010B5024800F050FF10BDC046D9
:10FF800040270020030010B50A0003490868190043
:10FF900000F004F810BDC04680220020F0B557469E
:10FFA0004E46DE464546E0B50C000600170083B01D
:10FFB000002900D1ACE0FFF7D5FF08235B4299464A
:10FFC000A1444B465B68032219003D0091430B3569
:10FFD000CA468846162D67D81025AF4267D8A8456F
:10FFE0006EDA4946C04841444A68009080689346AA
:10FFF000884200D1A0E00120844610006246904370
:020000041001E9
:1000000008184068104200D077E05A460320824327
:100010009346C3445D454EDD6046184212D14B46BF
:1000200048461B68C31A03209B465B688343D2186B
:1000300042440092954200DCCCE0434400939D4250
:1000400000DCCBE039003000FFF7AAFC071E00D12E
:100050001EE14B4601225B68934302004B44083A81
:10006000934200D1E3E04246043A242A00D9E3E077
:1000700003002100132A09D92368036063684360E1
:100080001B2A00D9DCE00300083108330A681A6033
:100090004A685A608A689A603000210000F0E4FFE4
:1000A0003000FFF767FF20E00432954395D50C231D
:1000B0000027336019E0D846CB688A68D3609A601D
:1000C00043465F1B5346012250465B684044134041
:1000D0000F2F22D841460B4351464B6043681343D0
:1000E00043603000FFF746FF2700380003B0F0BC44
:1000F000BB46B246A946A046F0BD1A42A2D14B4625
:100100004A461B68D31A03229B465B68934394E7D5
:100110001100FFF745FC0700E7E751462B4349195B
:10012000554617436B604F60436808311343436083
:10013000300000F099FFD4E703218A439446290058
:10014000C44410318C4500DB84E0DB0700D579E73F
:100150004B4648461B68C31A03209B465B68834393
:10016000D21842440192914200DD66E75B465A464E
:10017000DB6892685F46D3609A604246043A08376B
:10018000242A00D999E03B00132A0AD9594623684A
:100190008B606368CB601B2A00D993E05B46083410
:1001A000103322681A6062685A60A2689A605B46DF
:1001B00001225919009B30009960019B5B1B13437E
:1001C0004B605B465B6813405A462B435360FFF716
:1001D000D1FE8AE7CB688A68D3609A605B465A464C
:1001E000DB6892685F46D3609A604246043A0837FB
:1001F000242A17D83B00132A09D9594623688B6053
:100200006368CB601B2A39D85B46083410332268F8
:100210001A6062685A60A2689A60009B3C00984627
:10022000DA464DE72100380000F0A0FCF5E7032294
:100230005B689343984443E7210000F097FC2BE769
:10024000A3688360E368C360242A26D003001031CA
:1002500010331BE74B465919009B012299606346F6
:100260005B1B13434B604B465B68300013404A46B0
:100270002B435360FFF77EFE270036E7A3680B6130
:10028000E3684B61242A10D05B4610341833BEE774
:100290003000FFF76FFE002727E72369183103615D
:1002A0000300626918334261F0E623698B615B46A3
:1002B00062692033CA611834A9E72100380000F0D0
:1002C00055FC74E7A3680B61E3684B61242A03D0F3
:1002D0005B461034183364E723698B615B466269BF
:1002E0002033CA6118345CE7781E0020F0B5574609
:1002F0004E464546DE468846E0B50C0092461E0056
:10030000082183B00190464823001D780134425DE6
:100310001142F9D12D2D5ED0002293462B2D33D0E2
:10032000002E07D1302D62D00A23052199463D4F7A
:100330000A360DE0102E53D0012031004042F3F771
:10034000C1FB0700012031004042B146F3F7BAFB80
:10035000002200202B00303B092B07D9113B192B21
:1003600003D92B00613B192B11D80A339E420EDDB5
:10037000551C06D0B84221D81ED04A46504301220F
:10038000181825780134E5E725789C1CC8E7531C2C
:1003900017D05B46002B00D040425346002B04D0C0
:1003A000002A15D1534642461A6003B0F0BCBB4642
:1003B000B246A946A046F0BD8B42DEDD0122524284
:1003C000DFE72223019910000B605346002BECD08D
:1003D000631E9846E6E725789C1C01239B469FE711
:1003E000302D0FD010230F2199460F4FB0E7202258
:1003F00023789343582B0AD00823072199460826CF
:100400000A4FA5E7202223789343582BEAD11023E3
:1004100065780F2199461026034F023498E7C046AD
:10042000293D011099999919FFFFFF0FFFFFFF1F49
:1004300010B504001300034A10680A002100FFF7FA
:1004400055FF10BD80220020144B70B51E680500BA
:100450000C00002E02D0736B002B1BD0636EDB07E9
:1004600002D4A3899B0511D529002200300000F099
:1004700057FA636E0500DB0702D4A3899B0501D5FB
:10048000280070BDA06D00F0C9FCF9E7A06D00F078
:10049000C3FCE9E7300001F061F8DFE780220020CB
:1004A00070B5050086B008001400019100F044FD0D
:1004B000012301AE0590029003960493002D02D013
:1004C0006B6B002B29D00C23E25E636EDB0701D43B
:1004D00093051CD580239B011A4205D11343A381A8
:1004E000104A636E134063662800210003AA00F0DF
:1004F00027F8636E0500DB0702D4A3899B0502D5AC
:10050000280006B070BDA06D00F088FCF8E7A06D73
:1005100000F082FC0C23E25EDCE7280001F01EF80C
:10052000D1E7C046FFDFFFFF030010B50A00034913
:1005300008681900FFF7B4FF10BDC04680220020F4
:10054000F0B54E46DE4657464546E0B5936883B063
:100550000C0091460090002B5FD00C23CA5E13075D
:1005600063D50B69002B60D04B461F68930723D5DA
:10057000636A00269A46B34B00259846E169002D30
:1005800016D02B00454500D9AE4B32000098D0471D
:10059000002859DD4B464A469B6836181B1A2D1A0F
:1005A0009360002B39D0636AE1699A46002DE8D147
:1005B0003E687D680837E2E7D30762D50023B84676
:1005C00000209A4600261F00002E45D000284CD05F
:1005D0003B00B3469E4200D99B4620682269A5682D
:1005E0006369904203D9ED18AB4500DDFEE05B4541
:1005F00000DDEEE0656A5246E1690098A847051EF5
:1006000022DD01207F1B19D04B464A469B68AA4435
:100610005B1B761B9360002BD6D1002003B0F0BC8F
:10062000BB46B246A946A046F0BD2100009800F0A6
:1006300013FA00280DD10C23E25E95E72100009803
:1006400000F0A0FE0028DFD00C22A35E402213435E
:10065000A38101204042E1E70822434694465E68B8
:10066000E044002EF8D01B689A4632000A2150461A
:1006700000F028FC002800D1DBE053460130C71A07
:10068000A6E7002380219A4689008B4656465546A8
:100690002068A36884469846002D5CD059460A42DB
:1006A0005DD09A46AB4200D990E09023DB001A421D
:1006B00032D02169431A6069019343001B18D80F97
:1006C000C3185810019B824601335B19834201D93C
:1006D0009A461800520500D497E001000098FFF7F1
:1006E0005FF98046031E00D1A6E0019A2169F4F764
:1006F00099F8A389544A134080221343A3814346A7
:100700002361019B1A004244944622605246A84647
:10071000AA46D31A6261A36052463100604600F0D7
:1007200025FA4246A8460025A36820689B1A504433
:10073000A36020604B4642469B6846449B1A4A464B
:10074000936000D169E70C23E25E2068A3688446C9
:100750009846002DA2D13E687D6808379AE7226945
:1007600082421BD362699046AA4217D88023280090
:100770001B069D4200D335484146F3F77BF94346BB
:10078000626A43439046E16932000098C0470028FE
:1007900000DC59E780464346ED1ACBE79846AB426A
:1007A00000D9A8464246310000F0E0F94246A3686D
:1007B00020689B1A4044A3602060002BEBD12100ED
:1007C000009800F0DFFD0028E5D03DE7A846AA46E6
:1007D000A2E75A46514600F0C9F95A46A3685D4659
:1007E0009B1AA36023685B4423600AE751462A00F2
:1007F00000F0BCF9236821005B190098236000F029
:10080000C1FD002800D1FCE61EE702000098FFF7BA
:10081000C5FB8046002800D071E7009D21692800B3
:1008200000F022FC8022A3899343743A1BB22A6011
:100830000CE7731C1F00CCE6009A0C3313600C22EB
:10084000A35E03E700FCFF7F7FFBFFFFFFFFFF7F4F
:10085000F0B5C64600B51D00170086B001AB039386
:1008600001236F43061E90460C9C01910297059749
:10087000049302D0436B002B3CD00C23E25E636EEA
:10088000DB0701D493052AD580239B011A4205D1A9
:100890001343A381194A636E13406366210030003D
:1008A00003AAFFF74DFE636E002811D0DB0708D5C1
:1008B00005984146381AF3F705F906B080BCB846EA
:1008C000F0BDA3899B05F3D4A06D00F0A7FAEFE774
:1008D000DB0702D4A3899B0507D52800EDE7A06DAF
:1008E00000F09AFA0C23E25ECEE7A06D00F096FAD3
:1008F0002800E2E700F032FEBFE7C046FFDFFFFF5F
:1009000010B50400054882B00068009313000A0087
:100910002100FFF79DFF02B010BDC04680220020DD
:1009200070B506000D001400002802D0436B002BA8
:100930002DD0636EDB0702D4A3899B051FD5A36866
:10094000013BA360002B05DAA269934210DBEBB2F6
:100950000A2B0DD0FF2023685A1C22601D70054011
:10096000636EDB0702D4A3899B050CD5280070BDFC
:1009700029002200300000F00DF80500F0E7A06D1E
:1009800000F04AFADBE7A06D00F048FAEEE700F06D
:10099000E5FDCEE7F8B505000E001400002802D0F2
:1009A000436B002B52D0A369A3600C23E25E1307B4
:1009B0001FD52369002B1CD0FF21F7B20E408021E8
:1009C00089010A4225D022686169D31A99422BDD38
:1009D0000133A1680139A160511C2160177062695F
:1009E0009A422AD0A389DB0701D50A2E25D03000F0
:1009F000F8BD2100280000F02FF8002823D1FF21A6
:100A0000F7B20E4080210C23E25E890123690A427D
:100A1000D9D11143A181626E0E490A4062666169B3
:100A20002268D31A9942D3DC2100280000F0AAFCE6
:100A3000002808D101232268CBE72100280000F01C
:100A4000A1FC0028D3D001267642D0E700F086FD35
:100A5000A9E7C046FFDFFFFF314B70B505001868FE
:100A60000C00002802D0426B002A4FD00C22A35E5B
:100A70001A071DD52269002A24D0D90708D50021DC
:100A8000A160616900204942A161002A08D070BDBF
:100A90000021980700D461690020A160002AF6D1E6
:100AA0001A06F4D540221343A38101204042EEE709
:100AB000DA062ED55A0714D4226908210B43A381E4
:100AC000002ADAD1A02180208900800019408142CB
:100AD000D3D02100280000F08FFD0C22A35E2269F4
:100AE000CBE7216B00290AD022004032914204D08A
:100AF000280000F0B9FA0C22A35E0022226324220F
:100B000093430022626022692260D6E700F026FD4E
:100B1000ACE709222A6040221343A381C5E7C046FF
:100B20008022002030B5032A1AD90B0003439B070B
:100B300011D0551E002303E05A1C9D4213D0130010
:100B4000C25CCC5CA242F7D0101B0DE0043A04302A
:100B50000431032A04D904680B689C42F6D0E8E704
:100B6000551E002AE6D1002030BDC046F0B58842AF
:100B70000AD98B18984207D2531E002A03D0CA5CA8
:100B8000C254013BFBD2F0BD05000F2A0AD8561E05
:100B9000002AF8D00023CC5C1A00EC5401339642B2
:100BA000F9D1F0E703273E000D430C0003002E406F
:100BB0002F422DD11500103D2D09AC462F013F18B5
:100BC00025681D6065685D60A5689D60E5681034F6
:100BD000DD601D001033BD42F2D165460F230C24A9
:100BE00001352D01491913404519144213D0043B16
:100BF0009B0801339B008C59AC5104369E42FAD1BC
:100C000003231A40AD198919561E002AC2D1BAE72A
:100C10000500561EBEE71A00B9E7C0460323CAB254
:100C2000F0B50340002A35D00324002B2DD1FF233B
:100C30000B401D02ED182B04ED182C000168264E08
:100C40004C408B198B43A119A143244E0B433342D3
:100C500011D14168204F0C00CB196C408B43E11936
:100C6000A1430B4304303342F3D00378002B05D06B
:100C70009A4204D001300378002BF9D10020F0BD56
:100C80009342FCD001302042D1D00378002BF7D121
:100C90000020F4E7002B08D0032202E001301042CC
:100CA00003D00378002BF9D1E9E702680A4B0B491E
:100CB000D31893430B4206D14268074B0430D31834
:100CC00093430B42F8D00378002BD8D043780130FF
:100CD000002BFBD1D3E7C046FFFEFEFE8080808064
:100CE00030B5002A26D003000B439B0724D1032AEA
:100CF00022D9164D0BE0043A002A1BD0144C1C19C3
:100D00009C432C4216D104300431032A14D90368C1
:100D10000C68A342EFD004780D78A54213D10123CB
:100D200006E0C45CCD5CAC420DD101339A4201D0E7
:100D3000002CF6D1002030BD04780D78AC4202D1F1
:100D4000012AECD1F6E7601BF5E7C0468080808081
:100D5000FFFEFEFE154B70B504001D681F281FD84E
:100D60008C235B00EB58002B0DD082009B181A6877
:100D7000002A08D0012A04D0511C0DD0002119608E
:100D80009047002070BD280000F026F822000100E6
:100D9000280000F00DF8F5E7162301202B60F1E79D
:100DA000162301202B604042ECE7C0468022002041
:100DB000002370B5074D0400080011002B60F1F707
:100DC00031FA431C00D070BD2B68002BFBD0236090
:100DD000F9E7C046882E002010B5F1F721FA10BDC2
:100DE000002370B5064C050008002360F1F7FEF9FA
:100DF000431C00D070BD2368002BFBD02B60F9E7AB
:100E0000882E0020014B18687047C04680220020C1
:100E10007047C0467047C0467047C0467047C046DE
:100E2000802310B55B01082801D1180010BDFFF721
:100E3000E9FF16230360173BF7E7C046024670B58B
:100E40000A4392072AD11E4DEE0104C808C9541B5B
:100E50009443344017D0D0B2D9B2401A210601438E
:100E600010D190B299B2401A210401430AD1100264
:100E70001902000A090A401A2102014302D1100E88
:100E8000190E401A70BD9A42DFD010BA19BA8842C2
:100E900001D9012070BD0020C04370BD02780B78DD
:100EA00001300131002A09D09A4207D102780B782B
:100EB00001300131002A01D09A42EFD0D01A70BD22
:100EC0000101010170B5CCB283070DD0531E002A79
:100ED0000FD0032504E00130284206D0013B08D39F
:100EE0000278A242F7D170BD1300032B03D8002B68
:100EF00014D10020F7E7FF220A401502AD182A049A
:100F00000B4EAD1803E0043B0430032BEFD902680D
:100F100008496A40511891433142F4D0C31802E0A5
:100F200001309842E5D00278A242F9D1DBE7C04611
:100F300080808080FFFEFEFE10B583070AD003008C
:100F4000032102E001330B4205D01A78002AF9D1BF
:100F5000181A10BD030019680C4A0D4C8A188A43F0
:100F600022420FD15968094A04338A188A4322421F
:100F700008D15968054A04338A188A432242F1D0BD
:100F800000E001331A78002AFBD1E1E7FFFEFEFE04
:100F90008080808010B50248FFF73EFF10BDC0463C
:100FA0003C27002010B50248FFF738FF10BDC046AF
:100FB0003C270020F0B5C646060000B508200D000D
:100FC000FFF72EFF04003000FEF7CCFF234B21007B
:100FD00098469B685F6803239F4338001138401B85
:100FE0000019F2F76FFD451E6543AC4208DC002195
:100FF0003000FFF7F5FE43469B68DB19984206D0A8
:101000003000FEF7B7FF002080BCB846F0BD3000CE
:101010006942FFF7E5FE01300ED0012243467F1BF7
:101020009B6817430E4A5F60136830005B1B1360B8
:10103000FEF7A0FF0120E7E700213000FFF7D0FE18
:1010400043469A68831A0F2BDADD064C044924685C
:10105000001B086001210B435360D1E7781E00207C
:1010600048270020701E0020F8B5CE4647460500F0
:101070000C0080B5002957D0FEF774FF0123210032
:101080009C46083948686246030003249343CF18FE
:101090007A68654EA243B468BC4200D170E0BC18C7
:1010A000A14664467A60044221D10868091A1B18D7
:1010B00088688046484640682040340008348146AD
:1010C000A04551D04046CC68C460A0604846002886
:1010D00011D19B185548BA68824200D17FE0F86868
:1010E000D060826001221A434A60CB5007E0484634
:1010F00040682042EDD062461A434A603B6080223D
:101100009200934214D2DA08580901238340706890
:1011100003437360D3009B199A68CB608A6099601F
:10112000D1602800FEF726FFC0BCB946B046F8BD26
:101130005C0A042C3DD89C09200039343830E40086
:1011400034192268083C0327944203D140E0926896
:10115000944203D05068B8439842F8D8D468CC6021
:101160008A60A160D160DCE7002858D1B868D21845
:10117000FB68C3609860634613434B608A50D0E7B6
:101180009A186346034206D10B68C91A8868D218B8
:10119000CB68C3609860012313434B60244BB1605C
:1011A0001B689342BDD8234B28001968FFF702FF44
:1011B000B7E7142C07D9542C1AD81C0B20006F3415
:1011C0006E30E400BCE720005C345B30E400B7E73D
:1011D000012380108340706803437360BFE7D160D0
:1011E0009160CA608A6001221A434A60CB5098E736
:1011F000AA225200944205D8DC0B200078347730C4
:10120000E4009DE70C4A944205D89C0C20007D34F4
:101210007C30E40094E7FE247E20A40090E7624640
:101220001A434A603B607CE7781E0020801E002045
:10123000741E00207827002054050000F0B5C64633
:1012400000B50C228B5E07000C001A0751D48025D4
:101250004A682D011D438D81002A00DC6CE0A66ADE
:10126000002E42D03A68E169904600223A60DB04E1
:1012700067D4002201233800B0470200431C00D18C
:101280006EE00C23E55EA66AE1696D0706D563682A
:10129000D21A236B002B01D0E36BD21A0023380043
:1012A000B047431C4FD139680C22A35E1D2962D878
:1012B000324ACA40D2075ED5314A1A40A281002282
:1012C000626022692260DB0401D5002946D04346D2
:1012D000216B3B60002908D023004033994202D0A3
:1012E0003800FFF7C1FE00232363002080BCB8460E
:1012F000F0BD0E69002EF8D00D680022AD1B0E6007
:101300009B0700D14A69A260002D04DCEDE7361886
:101310002D1A002DE9DD636A3200984638002B0053
:10132000E169C0470028F2DC4022A38913431BB2C5
:101330000120A3814042D9E7CA6B002A00DD8EE775
:10134000D3E7226DA1E70C22A35E0D4A1A40A281C9
:101350000022626022692260DB04B8D52065B6E70E
:101360003B68002B00D18CE71D2B01D0162BDBD165
:1013700043463B60B9E740221343D9E701004020D0
:10138000FFF7FFFF70B505000C00002802D0436B8B
:10139000002B27D00C22A35E002B11D0626ED20747
:1013A00001D49B050ED528002100FFF747FF636E8F
:1013B0000500DB0702D4A3899B050FD5280070BD6B
:1013C0000025FBE7A06DFFF727FD28002100FFF7B0
:1013D00035FF636E0500DB07F0D4ECE7A06DFFF787
:1013E0001DFDEBE700F0BAF8D4E7C04610B5034A9C
:1013F0000349044800F0DEF810BDC046AC230020CD
:10140000651801108822002041680B4B10B50400BC
:10141000994201D000F026FAA168084B994202D007
:10142000200000F01FFAE168054B994202D020002D
:1014300000F018FA10BDC0467C270020E4270020E9
:101440004C280020F8B5CE4647463B4C3B4B3C4A27
:101450002000002580B51A600423082200215C309A
:1014600025606560A560656625616561A561E360CD
:10147000F3F7D2F92000334B334F344E99462362B1
:10148000334B58309846A762E6626362E461FFF727
:10149000BFFCCC23E5502F4B200063678023002145
:1014A0000822C430E550A566E5662567A567E567AF
:1014B000F3F7B2F9220084236832E2504A4604333B
:1014C000E250424620000433E2500433E750C0307B
:1014D0000433E650FFF79CFCD0232000E550043392
:1014E000E5500433E5501C4A5C33E550583BE2506C
:1014F0000433E5502D300433E55000210433082235
:10150000FF30E550F3F788F92200EC23D032E250A7
:101510004A460433E250200042460433E250293068
:101520000433E750FF300433E650FFF771FCC0BCD2
:10153000B946B046F8BDC0467C270020B42800203C
:10154000ED130110D9160110411701107117011088
:1015500001170110090001001200020070B504001B
:10156000094D2800FFF758FC636B002B05D1074B92
:101570006363074B1B68002B03D02800FFF74EFC6A
:1015800070BDFFF75FFFF8E7442700200914011042
:10159000B428002010B50248FFF73EFC10BDC0463D
:1015A0004427002010B50248FFF738FC10BDC046A4
:1015B00044270020F8B54746CE46884680B5814688
:1015C000170000267D68BC68013D0DD4A389012B5E
:1015D00007D90E22A35E013303D021004846C0473D
:1015E00006436834013DF1D23F68002FEAD1300054
:1015F000C0BCB946B046F8BDF0B5C64600B50C2231
:101600008B5E05000C0096B09A0709D52300433382
:10161000236023610123636116B080BCB846F0BD2E
:101620000E22895E002928DB6A4600F0B9F80028FE
:1016300021DBF023019F1B021F40264B80269C4686
:1016400067447B425F418023DB0098463601414678
:101650002800FEF7A5F900281BD08022A38920606E
:10166000134342461BB2A38120616261002F1FD148
:101670003343A381D0E70C22A35E00271B0612D5BB
:1016800040239846280041460026FEF789F90028A5
:10169000E3D10C22A35E9A05BED403229343022217
:1016A0001343A381B2E78023DB0098460026CEE7F0
:1016B00028000E23E15E00F087F8002802D10C22FA
:1016C000A35ED5E70322A3899343012213431BB2F0
:1016D000CEE7C04600E0FFFF70B50C000E25495F65
:1016E00000F098F8002803DB236D1B18236570BDFC
:1016F000A389024A1340A381F9E7C046FFEFFFFF29
:10170000F8B50C001F000C23C95E05001600CB05C0
:101710000AD40A4B320019402800A1810E23E15E51
:101720003B0000F08BF8F8BD0E23E15E002202239F
:1017300000F05CF80C23E15EEBE7C046FFEFFFFF33
:1017400070B50C000E25495F00F050F8431C07D01F
:101750008023A2895B0113431BB22065A38170BD66
:10176000A389024A13401BB2F8E7C046FFEFFFFF10
:1017700010B50E23C95E00F001F810BD002370B54E
:10178000064C050008002360F3F73AFA431C00D02A
:1017900070BD2368002BFBD02B60F9E7882E00205A
:1017A000002370B5074D0400080011002B60F3F70B
:1017B0002FFA431C00D070BD2B68002BFBD0236098
:1017C000F9E7C046882E0020002370B5064C0500BE
:1017D00008002360F3F720FA431C00D070BD236893
:1017E000002BFBD02B60F9E7882E002070B5040099
:1017F000080011001A000023054D2B60F3F704FACE
:10180000431C00D070BD2B68002BFBD02360F9E790
:10181000882E002070B50400080011001A00002373
:10182000054D2B60F3F748F9431C00D070BD2B68C1
:10183000002BFBD02360F9E7882E002070B5040050
:10184000080011001A000023054D2B60F3F77EF904
:10185000431C00D070BD2B68002BFBD02360F9E740
:10186000882E002070B506000C1E40D0002802D043
:10187000436B002B47D001250C22A35E626E2A42E7
:1018800033D19B0542D521003000FFF7D7FCE36A36
:101890000500002B04D03000E1699847002828DBC0
:1018A000A3891B062AD4216B002908D023004033CA
:1018B000994202D03000FFF7D7FB00232363616C0D
:1018C000002904D03000FFF7CFFB00236364FFF74B
:1018D00061FE0023A381636EDB0726D5A06DFFF7B1
:1018E00099FAFFF75FFE280070BD002BCBD10025D1
:1018F000F9E70125A3896D421B06D4D53000216983
:10190000FFF7B2FBCFE7FFF729FEB4E7A06DFFF7C3
:1019100083FA0C22A35E002BB5D1636E2B42E6D175
:10192000A06DFFF77BFA0025DDE7A06DFFF776FAE3
:10193000D4E7C046F8B5C04601B40248844601BCAD
:10194000604700BFBB1C002001B40248844601BCB4
:10195000604700BFB109002001B40248844601BCC1
:10196000604700BFC902002001B40248844601BCA0
:10197000604700BF2D02002001B40248844601BC2C
:10198000604700BF750D002001B40248844601BCC9
:10199000604700BF6511002001B40248844601BCC5
:1019A000604700BF6D1C002001B40248844601BCA2
:1019B000604700BF8903002001B40248844601BC8F
:1019C000604700BFF910002001B40248844601BC02
:1019D000604700BFB51C002001B40248844601BC2A
:1019E000604700BF750D002001B40248844601BC69
:1019F000604700BF6118002001B40248844601BC62
:101A0000604700BFD909002001B40248844601BCE8
:101A1000604700BFC100002001B40248844601BCF9
:101A2000604700BFF510002001B40248844601BCA5
:101A3000604700BF9D01002001B40248844601BCFC
:101A4000604700BF951C002001B40248844601BCD9
:101A5000604700BF0101002001B40248844601BC78
:101A6000604700BF4D0B002001B40248844601BC12
:101A7000604700BF0911002001B40248844601BC40
:101A8000604700BF9118002001B40248844601BCA1
:101A9000604700BF3118002001B40248844601BCF1
:101AA000604700BFF50A002001B40248844601BC2B
:081AB000604700BFA11C0020EB
:101AB80052696768743A2025640A00000000000033
:101AC8004C6566743A2025640A00000055703A2077
:101AD80025640A00446F776E3A2025640A000000E6
:101AE8005371756172653A2025640A0043726F73F9
:101AF800733A2025640A0000436972636C653A20D2
:101B080025640A00547269616E676C653A20256421
:101B18000A0000004C537469636B583A2025640A24
:101B2800000000004C537469636B593A2025640A1D
:101B38000000000052537469636B583A2025640A08
:101B48000000000052537469636B593A2025640AF7
:101B5800000000004661696C656420746F2072653E
:101B6800616420646174612066726F6D2045535012
:101B780033322E20427974657320726561643A208D
:101B880025640A0063616E6E6F7420637265617408
:101B980065207374643A3A766563746F72206C6179
:101BA80072676572207468616E206D61785F736911
:101BB8007A652829000000004E6F207370696E6CEA
:101BC8006F636B732061726520617661696C616215
:101BD8006C6500004E6F2075736572204952517311
:101BE8002061726520617661696C61626C650000D4
:101BF800486172647761726520616C61726D20253D
:101C08006420616C726561647920636C61696D65DB
:101C1800640000000A2A2A2A2050414E4943202AFB
:101C28002A2A0A000A00000048617264206173735E
:101C380065727400666E692B00000000666E6900AC
:101C48006E616E00666E692D000000004F7574208D
:101C58006F66206D656D6F727900000052656C6566
:101C680061736500626F6F74325F77323571303837
:101C780030000000302E3100312E352E31000000AA
:101C88007069636F0000000048657861706F6400D8
:101C98004A756E203130203230323400555342209C
:101CA800737464696E202F207374646F75740000F8
:101CB8005261737062657272792050690000000089
:101CC8005069636F00000000426F617264204344F2
:101CD800430000005265736574000000556E68612A
:101CE8006E646C65642049525120307825780A006A
:101CF80065702025642025732077617320616C72DC
:101D08006561647920617661696C61626C65000067
:101D180043616E277420636F6E74696E75652078F1
:101D2800666572206F6E20696E61637469766520DE
:101D38006570202564202573000000006F7574000D
:101D4800696E00007374643A3A6261645F616C6C36
:101D58006F6300007374643A3A6261645F6172721F
:101D680061795F6E65775F6C656E67746800000007
:101D7800474C49424358585F54554E41424C45538D
:101D8800000000006F626A5F73697A6500000000F6
:101D98006F626A5F636F756E74000000676C6962DA
:101DA8006378782E65685F706F6F6C007374643A3F
:101DB8003A6261645F657863657074696F6E00008C
:101DC8007465726D696E6174652063616C6C6564BD
:101DD800207265637572736976656C790A00000014
:101DE8007465726D696E6174652063616C6C65649D
:101DF800206166746572207468726F77696E6720F7
:101E0800616E20696E7374616E6365206F6620274A
:101E180000000000270A00007465726D696E617425
:101E2800652063616C6C656420776974686F75748C
:101E380020616E20616374697665206578636570DA
:101E480074696F6E0A000000202077686174282981
:101E58003A20200062617369635F737472696E6708
:101E68003A3A5F535F636F6E737472756374206E72
:101E7800756C6C206E6F742076616C69640000006C
:101E880062617369635F737472696E673A3A5F532C
:101E98005F63726561746500256400005F474C4F9D
:101EA80042414C5F0000000028616E6F6E796D6FD3
:101EB8007573206E616D657370616365290000003C
:101EC8006175746F000000006465636C74797065F7
:101ED800286175746F290000737472696E67206CCD
:101EE80069746572616C0000737464006465636C86
:101EF80074797065286E756C6C70747229000000B6
:101F08005B6162693A0000002C2000003A3A000048
:101F18007B64656661756C742061726723000000DC
:101F28007D3A3A006175746F3A00000074656D700F
:101F38006C61746520706172616D65746572206F83
:101F4800626A65637420666F72200000696E697446
:101F580069616C697A657220666F72206D6F64754D
:101F68006C652000767461626C6520666F72200073
:101F780056545420666F722000000000636F6E7321
:101F88007472756374696F6E20767461626C652013
:101F9800666F7220000000002D696E2D00000000A1
:101FA80074797065696E666F20666F722000000034
:101FB80074797065696E666F206E616D6520666FF5
:101FC8007220000074797065696E666F20666E20F5
:101FD800666F7220000000006E6F6E2D7669727455
:101FE80075616C207468756E6B20746F200000003A
:101FF800636F76617269616E742072657475726E52
:10200800207468756E6B20746F2000006A617661B9
:1020180020436C61737320666F722000677561726C
:1020280064207661726961626C6520666F72200057
:10203800544C5320696E69742066756E6374696FB9
:102048006E20666F72200000544C532077726170C6
:102058007065722066756E6374696F6E20666F7244
:10206800200000007265666572656E6365207465A0
:102078006D706F72617279202300000020666F72A4
:102088002000000068696464656E20616C69617392
:1020980020666F72200000006E6F6E2D7472616E84
:1020A80073616374696F6E20636C6F6E6520666F11
:1020B800722000006F70657261746F72000000001A
:1020C8006F70657261746F72200000003E28000016
:1020D800636C00006978000071750000203A2000E8
:1020E8006E65772000000000756C00006C6C0000C5
:1020F800756C6C0066616C736500000074727565C0
:10210800000000006A617661207265736F75726302
:10211800652000006465636C747970652028000090
:102128002E2E2E0074686973000000007B706172A7
:102138006D230000676C6F62616C20636F6E73744F
:10214800727563746F7273206B6579656420746F40
:1021580020000000676C6F62616C206465737472A4
:102168007563746F7273206B6579656420746F2072
:10217800000000007B6C616D62646100292300002F
:102188007B756E6E616D65642074797065230000DF
:10219800205B636C6F6E65200000000074797065C9
:1021A8006E616D650000000074656D706C6174652A
:1021B8000000000020636C61737300002072657377
:1021C800747269637400000020766F6C6174696CC6
:1021D8006500000020636F6E7374000020747261E4
:1021E8006E73616374696F6E5F736166650000008A
:1021F800206E6F65786365707400000020746872E3
:102208006F77000026260000205F436F6D706C65B5
:1022180078000000205F496D6167696E617279001E
:102228003A3A2A00205F5F766563746F722800006F
:10223800282E2E2E000000002E2E2E290000000031
:10224800202E2E2E2000000024540000244E0000D2
:10225800245454007374643A3A616C6C6F6361740B
:102268006F720000616C6C6F6361746F72000000C4
:102278007374643A3A62617369635F737472696E06
:102288006700000062617369635F737472696E67E7
:10229800000000007374643A3A737472696E6700E0
:1022A8007374643A3A62617369635F737472696ED6
:1022B800673C636861722C207374643A3A6368619E
:1022C800725F7472616974733C636861723E2C203A
:1022D8007374643A3A616C6C6F6361746F723C63D7
:1022E8006861723E203E00007374643A3A69737400
:1022F8007265616D000000007374643A3A6261733C
:1023080069635F6973747265616D3C636861722C9F
:10231800207374643A3A636861725F7472616974B5
:10232800733C636861723E203E000000626173691D
:10233800635F6973747265616D0000007374643A59
:102348003A6F73747265616D000000007374643ACB
:102358003A62617369635F6F73747265616D3C6340
:102368006861722C207374643A3A636861725F74AE
:1023780072616974733C636861723E203E000000BC
:1023880062617369635F6F73747265616D000000E9
:102398007374643A3A696F73747265616D00000012
:1023A8007374643A3A62617369635F696F737472D4
:1023B80065616D3C636861722C207374643A3A639A
:1023C8006861725F7472616974733C636861723EBC
:1023D800203E000062617369635F696F73747265A0
:1023E800616D0000614E0000263D00006153000051
:1023F8003D000000616100006164000026000000EB
:10240800616E0000616C69676E6F662000000000F5
:1024180061770000636F5F61776169742000000075
:10242800617A000063630000636F6E73745F6361B9
:102438007374000028290000636D00002C00000060
:10244800636F00007E000000645600002F3D00000E
:10245800645800005B2E2E2E5D3D00006461000074
:1024680064656C6574655B5D200000006463000052
:1024780064796E616D69635F636173740000000065
:10248800646500002A00000064690000646C0000B4
:1024980064656C6574652000647300002E2A000072
:1024A800647400002E000000647600002F00000015
:1024B80064780000654F00005E3D0000656F000015
:1024C8005E000000657100003D3D0000664C0000A4
:1024D80066520000666C00006672000067650000C6
:1024E8003E3D000067730000677400003E00000076
:1024F8005B5D00006C5300003C3C3D003C3D00002F
:102508006C6900006F70657261746F72222220001E
:102518006C7300003C3C00006C7400003C00000040
:102528006D4900002D3D00006D4C00002A3D000063
:102538006D6900002D0000006D6C00006D6D0000DD
:102548002D2D00006E6100006E65775B5D00000058
:102558006E650000213D00006E6700006E7400008B
:10256800210000006E7700006E6577006F52000052
:102578007C3D00006F6F00007C7C00006F720000E3
:102588007C000000704C00002B3D0000706C0000C7
:102598002B000000706D00002D3E2A0070700000B6
:1025A8002B2B000070730000707400002D3E00009B
:1025B8003F000000724D0000253D000072530000EE
:1025C8003E3E3D00726300007265696E746572700C
:1025D8007265745F6361737400000000726D0000BF
:1025E80025000000727300003E3E0000735000009A
:1025F80073697A656F662E2E2E000000735A0000EC
:10260800736300007374617469635F63617374005A
:102618003C3D3E007374000073697A656F66200064
:10262800737A0000747200007468726F770000009B
:10263800747700007468726F772000007369676EA2
:102648006564206368617200626F6F6C000000004F
:10265800626F6F6C65616E006368617200000000F4
:102668006279746500000000646F75626C65000033
:102678006C6F6E6720646F75626C6500666C6F6165
:10268800740000005F5F666C6F617431323800005F
:10269800756E7369676E6564206368617200000017
:1026A800696E7400756E7369676E656420696E740F
:1026B80000000000756E7369676E656400000000B5
:1026C8006C6F6E6700000000756E7369676E6564F5
:1026D800206C6F6E670000005F5F696E743132387E
:1026E80000000000756E7369676E6564205F5F693E
:1026F8006E7431323800000073686F727400000025
:10270800756E7369676E65642073686F7274000014
:10271800766F69640000000077636861725F740017
:102728006C6F6E67206C6F6E67000000756E736962
:10273800676E6564206C6F6E67206C6F6E67000053
:10274800646563696D616C333200000064656369B8
:102758006D616C3634000000646563696D616C31CD
:102768003238000068616C660000000063686172BE
:10277800385F74006368617231365F74000000006E
:102788006368617233325F74000000005F466C6FEB
:10279800617400007374643A3A62666C6F617431F4
:1027A800365F740000000000010000000200000015
:1027B80003000000040000000500000006000000FF
:1027C8000700000008000000090000000A000000DF
:1027D8000B0000000C0000000D0000000E000000BF
:1027E8000F000000100000001100000000000000B1
:1027F800FFFFFFFFFFFFFF7F942E0010442E001005
:10280800442E00108C2E0010442E0010442E001070
:10281800442E0010442E0010442E0010442E0010A8
:10282800442E0010842E0010442E00107C2E001020
:10283800442E0010442E0010742E00104831001051
:10284800AA2E001042310010AA2E00102C310010C0
:10285800AA2E0010AA2E0010AA2E0010AA2E0010D0
:10286800AA2E0010AA2E0010AA2E00109C2E0010CE
:10287800AA2E0010AA2E0010AA2E0010AA2E0010B0
:10288800AA2E00109C2E0010D0310010FE2D001032
:10289800FE2D0010FE2D0010FE2D0010FE2D001044
:1028A800FE2D0010FE2D0010FE2D0010FE2D001034
:1028B800FE2D0010FE2D0010FE2D0010FE2D001024
:1028C800FE2D0010FE2D0010FE2D0010FE2D001014
:1028D800FE2D0010FE2D0010FE2D0010FE2D001004
:1028E800FE2D0010FE2D0010FE2D0010FE2D0010F4
:1028F800FE2D0010FE2D0010FE2D0010FE2D0010E4
:10290800FE2D0010FE2D00105C3100109C310010CF
:102918005C310010FE2D0010FE2D0010FE2D001061
:10292800FE2D0010FE2D0010FE2D0010FE2D0010B3
:10293800FE2D0010FE2D0010FE2D0010FE2D0010A3
:10294800FE2D0010FE2D0010FE2D0010FE2D001093
:10295800FE2D001070330010FE2D0010FE2D00100B
:10296800FE2D0010FE2D0010FE2D0010FE2D001073
:10297800FE2D0010FE2D0010FE2D001070330010EB
:10298800E2310010703300105C3100109C310010EF
:102998005C31001000000000000000000000F03F63
:1029A8000000000000002440000000000000594022
:1029B8000000000000408F40000000000088C34075
:1029C80000000000006AF8400000000080842E41EA
:1029D80000000000D01263410000000084D7974136
:1029E8000000000065CDCD4106005250D3F075427D
:1029F800641C011006005250E182887F6C1C011093
:102A0800060052503ABCA9117C1C01100600525015
:102A1800BBFF3CB6881C01100D0A0000494D001090
:102A28004D4D0010594D0010854D0010814D00107E
:102A3800000000000600525053B4F4A1A41C011079
:102A480000000000B81C0110C81C0110143300203D
:102A5800D01C0110DC1C0110090254000301008085
:102A68007D080B00020202000009040000010202B6
:102A780000040524002001052401000104240202A9
:102A88000524060001070581030800100904010058
:102A9800020A000000070502024000000705820242
:102AA8004000000904020000FF00010512010002B5
:102AB800EF0201408A2E0A00000101020301000012
:102AC80098580010325A0010E65900109858001013
:102AD800C8590010B059001038590010E6580010B5
:102AE800DA5800104E5D0010345D0010E45A0010F2
:102AF800625D0010E45A00101C5D0010085D0010B3
:102B0800E45A0010F45C0010CA5C0010E45A00108B
:102B1800E65D0010CA5D0010BE5D0010E45A0010AA
:102B2800E45A0010A05D0010CA5D0010E45A0010BD
:102B3800E45A0010E45A0010E45A0010E45A001055
:102B4800E45A0010E45A00107C5D0010F56500108E
:102B5800716600109D66001081670010656800109E
:102B6800000000005374396261645F616C6C6F63CC
:102B780000000000E82C01106C2B0110E82B01105C
:102B8800000000007C2B0110C5740010D9740010DF
:102B9800BD740010537432306261645F6172726197
:102BA800795F6E65775F6C656E677468000000001A
:102BB800E82C01109C2B01107C2B01100000000058
:102BC800B82B0110FD74001011750010F574001079
:102BD800537439657863657074696F6E000000001E
:102BE800C02D0110D82B0110537431336261645F1A
:102BF800657863657074696F6E000000E82C0110D9
:102C0800F02B0110E82B01104E31305F5F637878AC
:102C1800616269763131355F5F666F726365645FE3
:102C2800756E77696E644500C02D0110102C011077
:102C38004E31305F5F637878616269763131395F30
:102C48005F666F726569676E5F65786365707469E2
:102C58006F6E4500C02D0110382C011000000000D7
:102C6800042C0110E5780010F1780010E9780010C4
:102C780034790010E279001094790010347900104A
:102C88007A7900100C7A00100C7A00100C7A001077
:102C98000C7A0010B0790010A07900103479001077
:102CA8007A7900104E31305F5F63787861626976B7
:102CB8003132305F5F73695F636C6173735F74791E
:102CC80070655F696E666F4500000000E82C0110B2
:102CD800AC2C0110AC2D011000000000D42C011008
:102CE800118100102581001029820010298200100E
:102CF800518600107D850010018200107981001036
:102D080041810010537439747970655F696E666F1C
:102D180000000000C02D01100C2D0110537431313A
:102D28006C6F6769635F6572726F7200E82C0110DF
:102D3800242D0110E82B0110537431326C656E6735
:102D480074685F6572726F7200000000E82C0110F1
:102D5800402D0110342D011000000000342D011009
:102D680075830010F58300107183001000000000C7
:102D7800542D0110B58300103984001071830010A0
:102D88004E31305F5F637878616269763131375FE1
:102D98005F636C6173735F747970655F696E666F8A
:102DA80045000000E82C0110882D01101C2D011091
:102DB80000000000AC2D0110C5850010D985001059
:102DC8002982001029820010518600107D8500108C
:102DD80035860010F5850010B1850010C4860010F6
:102DE800C0860010BC860010B4860010BC86001097
:102DF800C4860010C486001000870010C08600102A
:102E080000870010C0860010C0860010BC86001025
:102E18000087001000870010C4860010008700108B
:102E28000087001000870010BA880010D6880010AC
:102E3800D6880010D6880010CC880010BA880010F8
:102E4800BA880010B4880010B4880010D688001022
:102E5800D6880010D6880010D6880010D6880010B2
:102E6800D6880010D6880010D6880010D6880010A2
:102E7800D6880010D6880010D6880010D688001092
:102E8800D6880010D6880010BA880010D68800109E
:102E9800D6880010D6880010D6880010D688001072
:102EA800D6880010D6880010D6880010D688001062
:102EB800D6880010D6880010F6880010F688001012
:102EC800F6880010F6880010BA880010D68800101E
:102ED800D6880010D6880010D6880010D688001032
:102EE800D6880010D6880010D6880010BA8800103E
:102EF800BA880010BA880010F6880010A88A001056
:102F0800968A0010968A0010968A0010968A0010F9
:102F1800AC8A0010A88A0010A28A0010A28A0010A9
:102F2800968A0010968A0010968A0010968A0010D9
:102F3800968A0010968A0010968A0010968A0010C9
:102F4800968A0010968A0010968A0010968A0010B9
:102F5800968A0010968A0010968A0010A88A001097
:102F6800968A0010968A0010968A0010968A001099
:102F7800968A0010968A0010968A0010968A001089
:102F8800968A0010968A0010968A0010968A001079
:102F9800968A0010968A0010A88A0010968A001057
:102FA800968A0010968A0010968A0010968A001059
:102FB800968A0010968A0010968A0010968A001049
:102FC800968A0010A88A0010A28A00102C9100107E
:102FD800E08F0010EA8F001006900010E08F0010BC
:102FE8002A90001036900010E08F0010E08F00103B
:102FF800E08F0010E08F0010E08F00108691001025
:10300800E08F0010529000106E900010E08F0010BA
:103018008A900010E08F0010A6900010FC9000101D
:10302800109200108291001082910010829100107D
:1030380082910010829100108291001082910010FC
:1030480082910010829100108291001082910010EC
:103058008291001082910010CC9100108291001092
:1030680082910010829100108291001082910010CC
:1030780082910010829100108291001082910010BC
:103088008291001082910010829100108A940010A1
:1030980082910010069300105C940010809200103A
:1030A800BA930010829100108C9300105E93001068
:1030B800829100108291001082910010829100107C
:1030C8003093001082910010169400108291001025
:1030D80082910010E8930010CC9100102E940010FB
:1030E800AE920010349B0010009B00103C9B001017
:1030F800BA9A0010389B0010409B0010ACA8001032
:1031080060A9001060A9001060A9001060A9001053
:1031180060A9001060A9001060A900108AA800101A
:1031280060A9001060A9001060A9001060A9001033
:1031380060A9001060A9001060A9001060A9001023
:103148004AA8001060A9001016A8001060A9001075
:10315800FAA70010DEAA001060A90010A4AA0010A7
:1031680060A9001060A90010F0AA001060A9001062
:103178005AAA001080AA00106EAA001060A90010B8
:1031880060A9001060A9001060A9001060A90010D3
:1031980060A9001060A9001060A9001092AA001090
:1031A800DEA9001060A9001008AA0010F4A90010F8
:1031B80060A9001060A9001060A9001060A90010A3
:1031C80060A9001060A9001060A9001060A9001093
:1031D80060A9001060A9001060A900101EAA0010C4
:1031E80060A9001060A9001060A9001060A9001073
:1031F800AEA9001060A9001060A9001060A9001015
:1032080060A9001060A9001060A9001060A9001052
:1032180060A9001060A9001060A9001060A9001042
:1032280060A9001060A900107EA90010D4C7001082
:1032380060B1001060B1001030C6001058C1001015
:1032480084AE001056C7001032B80010A2B80010A3
:10325800D0B700106EB70010FCB60010E6B600102C
:1032680084B6001022B60010C0B5001038B50010A2
:10327800D6B4001074B4001012B40010B0B300102B
:103288004EB30010B2C2001050C20010E6C10010C8
:1032980038AF001038AF001038AF0010D8AE0010AB
:1032A800D8AE0010D8AE0010D8AE0010D8AE0010BE
:1032B800D8AE0010D8AE001080AF001080AF00105C
:1032C800D8AE0010D8AE00106AC7001074AF001056
:1032D800A0C40010F4BC001044B000102EAF0010C1
:1032E80044B00010E4AF0010E4AF00103AB300108F
:1032F800E2B200105EB20010FCB100102EAF001058
:1033080040B8001048C7001082BA0010A0B90010D9
:103318002EAF001044C000102EAF00102EAF0010CA
:10332800CEB00010CEB00010F2C6001068BF00107A
:10333800CABF001062BC0010EABB001088BB0010B6
:10334800E2BF00103EC40010F2C400102EAF0010FF
:103358008AB10010D6C0001006BF00104ABE001087
:10336800E0BD0010D8AE001088BC0010D8AE001028
:10337800D8AE0010AEC300107CB000107CB00010B6
:1033880074C3001014C30010D2B80010B0C50010E8
:1033980074AF001050C5001020BB0010B0BA001068
:1033A8006EDB001062DB001056DB00104ADB0010F9
:1033B8007ADB0010E4DF0010FEDD0010FEDD0010F7
:1033C800FEDD0010FEDD0010FEDD0010FEDD001049
:1033D800FEDD0010FEDD0010FEDD0010FEDD001039
:1033E800FEDD0010FEDD0010FEDD0010FEDD001029
:1033F800FEDD0010FEDD0010FEDD0010FEDD001019
:10340800FEDD0010FEDD0010FEDD001014DE0010F1
:103418006EDE0010C8DE001014DE00106EDE001034
:10342800C8DE00107EDF00109ADF0010BADF00103F
:1034380084E30010EEDF00100EE0001068E00010DA
:10344800C4E00010FEDD0010FEDD0010FEDD0010FF
:10345800FEDD001020E10010FEDD0010B4E10010D8
:10346800FEDD0010FEDD0010FEDD0010FEDD0010A8
:10347800FEDD0010FEDD0010FEDD0010FEDD001098
:10348800FEDD0010FEDD0010FEDD0010FEDD001088
:10349800FEDD0010FEDD0010FEDD0010FEDD001078
:1034A800FEDD0010FEDD0010FEDD0010FEDD001068
:1034B800FEDD0010FEDD0010FEDD0010FEDD001058
:1034C800FEDD0010FEDD0010FEDD0010FEDD001048
:1034D800FEDD0010FEDD0010FEDD0010FEDD001038
:1034E80014E20010FEDD001070E2001022DF001070
:1034F80050220110542201105822011074000000BB
:10350800F01E011003000000F01E0110030000006F
:103518000000000000000000610000005C220110B3
:103528000E0000005C2201100E0000006C22011049
:10353800090000006200000078220110110000005C
:1035480078220110110000008C2201100C000000EC
:10355800730000009C2201100B000000A82201103B
:10356800460000008C2201100C00000069000000D9
:10357800F02201100C0000000023011031000000AF
:10358800342301100D0000006F00000044230110D7
:103598000C000000542301103100000088230110A2
:1035A8000D00000064000000982301100D000000C9
:1035B800A823011032000000DC2301100E000000D7
:1035C800EC230110F02301100200000002000000AB
:1035D800F4230110F823011001000000020000008C
:1035E800FC2301100C220110020000000200000060
:1035F8000024011004240110010000000100000053
:103608000824011004240110010000000200000039
:10361800982701100C240110080000000100000088
:10362800182401101C2401100900000001000000EA
:10363800282401100C2401100800000001000000DB
:103648002C240110302401100A00000002000000A0
:10365800D82001103C2401100200000002000000E4
:103668004024011044240110010000000200000061
:10367800482401104C240110010000000100000042
:103688005024011054240110020000000200000020
:10369800582401105C2401100600000003000000FB
:1036A80064240110682401100900000001000000D2
:1036B80074240110782401100C000000020000009E
:1036C800882401108C240110010000000100000072
:1036D80090240110F82301100100000002000000EE
:1036E8009424011098240110070000000100000034
:1036F800A0240110A4240110020000000200000010
:10370800A8240110AC2401100100000002000000F0
:10371800B0240110B42401100100000002000000D0
:10372800B82401106024011002000000020000000B
:10373800BC240110C0240110020000000200000097
:10374800C4240110C8240110010000000200000078
:10375800CC240110D0240110020000000200000057
:10376800D4240110282101100300000003000000E8
:10377800D8240110282101100300000003000000D4
:10378800DC240110282101100300000002000000C1
:10379800E0240110282101100300000002000000AD
:1037A800E4240110E82401100200000002000000D7
:1037B800EC240110141F0110020000000100000099
:1037C800F0240110F42401100100000002000000A0
:1037D800DC200110F82401100200000002000000A3
:1037E800FC24011000250110030000000200000065
:1037F800F41B011004250110020000000200000063
:10380800082501100C2501100B0000000100000024
:10381800182501101C2501100200000002000000FC
:1038280020250110242501100100000002000000DD
:10383800282501102C2501100200000002000000BC
:10384800302501103425011002000000020000009C
:10385800382501103C25011001000000020000007D
:10386800402501108C240110010000000200000016
:103878004425011048250110020000000100000045
:103888004C25011050250110050000000300000020
:10389800582501105C2501100200000002000000FC
:1038A800602501103C250110010000000100000006
:1038B80064250110682501100100000001000000C6
:1038C8006C250110702501100300000003000000A2
:1038D8007425011078250110020000000200000084
:1038E8007C25011080250110020000000200000064
:1038F8008425011088250110010000000200000045
:103908008C25011090250110020000000200000023
:103918009425011098250110010000000200000004
:103928009C250110A02501100300000002000000E2
:10393800A4250110A82501100200000001000000C4
:10394800AC250110982501100100000001000000BD
:10395800B0250110B425011002000000020000008B
:10396800E0200110B825011001000000030000004C
:10397800BC250110C0250110020000000200000053
:10398800C4250110C8250110030000000200000032
:10399800CC250110D0250110100000000200000005
:1039A800E4250110E82501100100000002000000D4
:1039B800EC250110F02501100200000002000000B3
:1039C800F4250110F825011009000000010000008D
:1039D80004260110F825011009000000010000006C
:1039E800082601100C2601100B0000000200000040
:1039F800C021011018260110030000000200000079
:103A08001C260110202601100700000001000000FC
:103A180028260110202601100700000001000000E0
:103A28002C260110302601100500000000000000BF
:103A3800382601103C260110060000000100000095
:103A4800000000000000000000000000000000006E
:103A5800442601100B000000442601100B00000052
:103A68000000000050260110040000005826011034
:103A78000700000007000000602601100400000095
:103A880068260110040000000000000070260110E4
:103A98000600000070260110060000000800000063
:103AA800782601100B000000782601100B0000009A
:103AB800080000008426011005000000842601107B
:103AC80005000000080000008C2601100A00000014
:103AD8008C2601100A00000008000000982601103A
:103AE8000D000000982601100D00000000000000E5
:103AF800A826011003000000A826011003000000FA
:103B080001000000AC2601100C000000BC260110CA
:103B18000800000002000000000000000000000093
:103B2800000000000000000000000000C82601108E
:103B380004000000C8260110040000000300000073
:103B4800D02601100D000000D02601100D00000045
:103B580004000000E026011008000000E026011023
:103B68000800000000000000EC2601101100000011
:103B7800EC26011011000000000000000000000009
:103B8800000000000000000000000000000000002D
:103B9800000000000000000000000000000000001D
:103BA800000000000000000000000000000000000D
:103BB80000000000000000000027011005000000C0
:103BC8000027011005000000000000000827011070
:103BD8000E000000082701100E0000000000000081
:103BE80000000000000000000000000000000000CD
:103BF8000000000018270110040000001827011019
:103C08000400000009000000202701100700000040
:103C180060260110040000000000000028270110A1
:103C280009000000C826011004000000050000007B
:103C38003427011012000000342701101200000080
:103C480006000000282101100300000028210110AF
:103C580003000000000000004827011009000000D0
:103C68004827011009000000000000005427011037
:103C7800090000005427011009000000000000009E
:103C8800602701100A000000602701100A000000E8
:103C9800000000006C270110040000006C270110D0
:103CA800040000000800000074270110070000004D
:103CB8007427011007000000000000007C27011095
:103CC800080000007C270110080000000000000028
:103CD800882701100800000088270110080000004C
:103CE80000000000F41E011011000000F41E011075
:103CF80011000000000000009427011006000000D9
:103D08009427011006000000080000009C270110FD
:103D18000F0000009C2701100F00000008000000A1
:103D28000020202020202020202028282828282083
:103D3800202020202020202020202020202020207B
:103D480020881010101010101010101010101010E3
:103D580010040404040404040404041010101010D3
:103D6800101041414141414101010101010101019D
:103D780001010101010101010101010110101010EF
:103D8800101042424242424202020202020202026F
:103D980002020202020202020202020210101010C3
:103DA80020000000000000000000000000000000EB
:103DB80000000000000000000000000000000000FB
:103DC80000000000000000000000000000000000EB
:103DD80000000000000000000000000000000000DB
:103DE80000000000000000000000000000000000CB
:103DF80000000000000000000000000000000000BB
:103E080000000000000000000000000000000000AA
:103E1800000000000000000000000000000000009A
:043E28000000000096
:103E2C00BD3CFF7FB0B0AA00FFFF01080E041C00D0
:103E3C00180E0000A93CFF7FB0B0AA00FFFF0108DC
:103E4C000E041C00180E000080010181B0B0AB10F4
:103E5C0000000000893CFF7FF0801601B0B0B0ABD1
:103E6C00FF1019011028A4080000A40904A80901D6
:103E7C00B00904000001000000000000613CFF7F5D
:103E8C00B0B0A800FF100D010402060801010000EB
:103E9C0000000000493CFF7FB0AA0100FF1029017F
:103EAC0018323400007204AA01037C2E0000C601F3
:103EBC0018EE0100E8010E00000200017D00000078
:103ECC000000000018EDFFFF153CFF7F1080010182
:103EDC00B0B0B0ABFFFF010828466E0074040000C0
:103EEC00FD3BFF7FF0800401B0B0B0ABFF101901B7
:103EFC000F440A4E0194014AE40100EC0104000055
:103F0C000100000000000000D53BFF7FB0B0AA000C
:103F1C00FFFF010076B20181B0AB308000000000E1
:103F2C00800A0181B0B0ABF0000000003F020181BB
:103F3C00B0AB30800000000080040181B0B0ABF069
:043F4C000000000071
:103F50001033FF7F01000000C434FF7FB0B0A880A1
:103F6000FC34FF7FC8FEFF7F2435FF7FD4FEFF7F38
:103F70004C35FF7F01000000D837FF7FD8FEFF7F60
:103F80009038FF7F010000008839FF7FAB70808090
:103F9000843AFF7FB0B0A880BC3AFF7FAB08B18005
:103FA000483BFF7FBCFEFF7FF43FFF7FDCFEFF7FCF
:103FB000FC3FFF7F010000000440FF7FB0B0A880FD
:103FC0001440FF7F010000002440FF7FB0B0A880B4
:103FD0005040FF7F010000009440FF7FB0B0AA80F6
:103FE000C040FF7FB0B0A8802841FF7F01000000E3
:103FF0005041FF7FB0AB02808041FF7FB0AB0480B7
:104000000042FF7FAB08B1801C42FF7F010000002F
:104010004C42FF7F8CFEFF7F5843FF7F0100000072
:104020005C44FF7FB0FEFF7FDC44FF7FB0B0A88020
:104030004445FF7F010000004445FF7FB0A9048094
:104040007045FF7F010000000846FF7FAB08B1808C
:104050002446FF7F010000004CB6FF7F90FEFF7FEB
:1040600040B7FF7FB0FEFF7FACB7FF7FB0B0A88046
:1040700034B8FF7F01000000B0CDFE0FB0A9028070
:104080003CCEFE0FB0B0A88090CEFE0F0100000025
:1040900098CEFE0FB0B0AA80CCCEFE0F84FEFF7F7C
:1040A0008CCFFE0FAA3F3980D4CFFE0FB0B0A880CE
:1040B000E0CFFE0FB0B0AA8020D0FE0FB0B0A88035
:1040C00034D0FE0F0100000030D0FE0FB0B0A88049
:1040D00038D0FE0F01000000E8D0FE0FAA0FB2801A
:1040E0004CD1FE0F48FEFF7F1CD4FE0FB0B0A8805D
:1040F00038D4FE0F44FEFF7FE4D6FE0F010000001F
:1041000054D8FE0F0084048064D8FE0FB0B0A8809D
:1041100064D8FE0F30FEFF7F54DBFE0F0084048066
:1041200074DBFE0FB0B0A8808CDBFE0F0100000036
:10413000F0290110FC290110082A01108802001042
:10414000142A011094020010A0020010AC0200100A
:044150003C2A0110F4
:1041540003000068EFF3108C72B60268002AFCD0EA
:10416400BFF35F8F04229A56002A04DB002900D093
:104174000A60002004E0D0220120120612681A719D
:104184001B68BFF35F8F00221A608CF3108870479E
:10419400F0B5C646150000B504001E000268EFF332
:1041A400108172B61368002BFCD0BFF35F8F042319
:1041B400E356002B2DDB2268BFF35F8F00201060D5
:1041C40081F31088D0221206127852B290469A4295
:1041D40003D1002080BCB846F0BD00270BE0236863
:1041E400BFF35F8F1F6081F310882800310001F056
:1041F400B7FD0028EDD12268EFF3108172B6136881
:10420400002BFCD0BFF35F8F23797F2BE7D9434684
:1042140002E0D0231B061B6823712368BFF35F8F62
:1042240000221A6081F310880120D3E7F0B5C64656
:1042340000B50D00040001F09BFDFA2206000F00FA
:10424400002328000021920001F082FD802336180B
:104254004F411B069F4202D30126174F7642D023BB
:104264001B061B68002598460BE02368BFF35F8F8D
:104274001D6081F310883000390001F071FD0028C1
:1042840018D12268EFF3108172B61368002BFCD0AA
:10429400BFF35F8F23797F2BE7D9434623712368CC
:1042A400BFF35F8F00221A6081F31088012080BC65
:1042B400B846F0BD0020FAE7FFFFFF7F0268EFF386
:1042C400108172B61368002BFCD0BFF35F8FFF23FD
:1042D40003710368BFF35F8F00221A6081F31088B3
:1042E40040BF704710B5084C2378002B0AD18023B7
:1042F400064807495B051A68C25004338B42FAD159
:104304000123237010BDC046283300200C2D00105B
:104314000001001010B5014B984710BD0D2D002071
:10432400034B1A68C0239B009343024A13607047EF
:104334000C8001400C900140054B1A6880239B00BF
:104344005340C02292001340024A13607047C04693
:104354000C8001400C9001401423F0B5D6464F4622
:1043640046469A46814618880433C0B598460E00DE
:104374001B8826491400984753460700188843466B
:1043840023491B889847534605001888434621490A
:104394001B8898478046FFF7A5FFB847A847FFF753
:1043A400CBFF221E20D0C02108270220490511E09E
:1043B400002C14D0131B0D2B20D9002D0AD0230060
:1043C400002A05D00B6E013A3370130001362343E3
:1043D400002B09D03D008B6A1D401842E8D1002D06
:1043E400EDD123001343F5D1FFF79AFFC047FFF740
:1043F40091FFE0BCBA46B146A846F0BD4B461B78D7
:10440400013C0B6601239C46E144E8E74946000071
:1044140045580000464300000022154B10B59A6031
:10442400DA601A615A619A61DA611A625A629A62AE
:10443400DA621A635A639A63DA631A645A649A648E
:10444400DA641A655A659A65DA651A665A669A666E
:10445400DA661A675A679A67DA67F03292000021BF
:10446400044801F0A5FC044B044A1A6010BDC04680
:1044740000001050D42E0020B832002080011050CB
:10448400F0B557464E464546DE46E0B5254B002579
:104494009F6D012687B0002F23D0234B994601231B
:1044A4009B46224B984601E0202D1AD032002C0066
:1044B4000135B2463A40EDB27600002AF4D04B46BC
:1044C40052469A655B46640864002B40E418640114
:1044D4004444200000F0B8FB002809D153469F4310
:1044E400E2D107B0F0BCBB46B246A946A046F0BD37
:1044F400E28AA37802A801920021062206300093E2
:1045040001F056FCE02302A9DB008B80009B019A9A
:104514000B7203A80121059200F0BEFB200000F0FD
:104524002BFBDBE70000115000301150942E0020CB
:104534009823C84AF0B5D55880232C009B02102636
:1045440085B01C401D427AD0C34BC44C9A6AC44BFC
:1045540000261A603B23E35C022B00D1DFE07B23BF
:10456400E35C022B00D1B9E1BB23E35C022B00D155
:10457400A9E1FB23E35C022B00D199E13C23FF3347
:10458400E35C022B00D158E17C23FF33E35C022B74
:1045940000D145E1BC23FF33E35C022B00D132E1BF
:1045A400FC23FF33E35C022B00D11FE1AD4BE35C42
:1045B400022B00D10EE1AC4BE35C022B00D1FDE0F9
:1045C400AA4BE35C022B00D1ECE0A94BE35C022B89
:1045D40000D1DBE0A74BE35C022B00D1CAE0A64B81
:1045E400E35C022B00D1ABE0A44BE35C022B00D1D3
:1045F4007FE1A34BE35C022B00D196E1002E08D1AE
:10460400A04B1B78002B04D180219F4A9033890250
:10461400D150904B0A229C6C6B460021981D01F0EE
:10462400C7FBC023640501AE9B00640D33803000DA
:1046340002940121802400F02FFB944EA402EB0687
:1046440069D480235B021D4214D0012223211C4320
:10465400824B5A54DA70C0238D4ADB00019302ABBB
:1046640003CA03C3012101A800F016FB8022864B74
:1046740092021A6580235B011D4233D18023DB0142
:104684001D421CD180231B021D4204D1AC4200D028
:10469400C8E105B0F0BD1C436B460A220021981DF9
:1046A40001F086FBA02301AEDB0033800121300042
:1046B40000F0F2FA8022744B12011A65E6E71C43FB
:1046C4006B460A220021981D01F072FB802301AE83
:1046D400DB0033800121300000F0DEFA10226A4B47
:1046E4001A65CFE700221C435A4B01AE1A60FFF74C
:1046F40093FE6B460A220021981D01F059FB80238A
:104704005B0033800121300000F0C6FA80225E4B4A
:1047140012031A65B2E7FFF7B3FE340091E73833AA
:10472400E65C002E00D11AE70233E25C002A00D1D5
:1047340015E7200000222030E25400F04FFA0EE783
:10474400544BE75C002F00D14EE70233E25C002AB1
:1047540000D060E1494BE35C022B00D1DBE0484B25
:10476400E35C022B00D054E74B4BE35C002B00D0FE
:10477400E0E04EE7494BE75C002F00D12FE702331E
:10478400E25C002A00D03EE13E0028E7444BE75CAF
:10479400002F00D11EE70233E25C002A00D02AE198
:1047A4003E0017E73F4BE75C002F00D10DE70233D3
:1047B400E25C002A00D016E13E0006E73A4BE75CD3
:1047C400002F00D1FCE60233E25C002A00D002E1B3
:1047D4003E00F5E6354BE75C002F00D1EBE60233F3
:1047E400E25C002A00D0EEE03E00E4E6F933FF3359
:1047F400E75C002F00D1D9E60233E25C002A00D046
:10480400D8E03E00D2E6B933FF33E75C002F00D195
:10481400C6E60233E25C002A00D0C2E03E00BFE6F6
:104824007933FF33E75C002F00D1B3E60233E25C57
:10483400002A00D0ACE03E00ACE63933FF33E75C3D
:10484400002F00D1A0E60233E25C002A00D096E0FB
:104854003E0099E60000115000400540942E0020CF
:10486400842E00203B0200007B020000BB020000FB
:10487400FB0200003B0300007B030000BB030000BD
:10488400FB03000027330020003011501000020009
:10489400000010507A030000FA0300003A030000FD
:1048A400FA020000BA0200007A0200003A02000094
:1048B400F833E75C002F00D160E60233E25C002AA3
:1048C40055D13E005AE6B833E75C002F00D150E6DC
:1048D4000233E25C002A42D13E004AE67833E75CC8
:1048E400002F00D140E60233E25C002A2FD13E00C3
:1048F4003AE64F4BE35C002B00D17AE6EF239B00B2
:10490400E25C002A00D12AE70022E2541C3BE018B2
:1049140000F064F923E7464BE35C002BEED1454BF2
:10492400E35C022B00D074E63E00434BE35C002BB7
:1049340000D163E6FF239B00E25C002A00D168E615
:104944000022E2541C3BE01800F048F961E6200024
:1049540000226030E2543E0000F040F904E62000FA
:104964000022A030E2543E0000F038F901E62000B5
:104974000022E030E2543E0000F030F9FEE5200071
:1049840000222130FF30E2543E0000F027F9FBE51D
:10499400200000226130FF30E2543E0000F01EF996
:1049A400F8E520000022A130FF30E2543E0000F080
:1049B40015F9F5E520000022E130FF30E2543E0015
:1049C40000F00CF9F2E50022E2541C3BE01800F080
:1049D40005F93E00EFE50022E2541C3BE01800F02C
:1049E400FDF83E00ECE50022E2541C3BE01800F028
:1049F400F5F83E00E9E50022E2541C3BE01800F023
:104A0400EDF83E00E6E50022E2541C3BE01800F01D
:104A1400E5F83E00E3E50022E2541C3BE01800F018
:104A2400DDF897E621000548694001F0D9F9C04650
:104A3400BA030000FB030000FA030000E41C0110A9
:104A4400084A0300126C0020920703D49A78D20912
:104A5400012A00D07047D87E023843425841C0B280
:104A6400F8E7C0460000115010B5FFF7E9FF002831
:104A74000CD00749074B8C46074A9B6A126863446B
:104A84009B1A0020C6229A424041C0B210BDC046C3
:104A9400E0FCFFFF00400540842E0020F8B5028BA7
:104AA400838A04000F00161C9A4200D91E1CE27867
:104AB40080211500681E8541B6B2C90031436D03DB
:104AC4000D4301214A409B1BE27062789BB2A38292
:104AD400002A09D0002B02D18023DB011D43002FC3
:104AE40000D02D042800F8BDE068BB01C0183200D6
:104AF400216901F045F923699B19236180231B0275
:104B04001D43A38AE6E7C046836870B504001D68A8
:104B1400002900D02D0C6378AD05AD0D002B09D113
:104B2400E38AEB18E382238BAB4201D90023A382EF
:104B3400280070BDE368890159182A00206901F032
:104B44001FF9E38AEB18E38223695B192361EAE71F
:104B540010B50400836800211B68FFF7D5FF636864
:104B64001B685B0002D5238B834200D010BD01215A
:104B74002000FFF7C9FFF9E700238376436103614F
:104B84007047C04610B58368002901D01C682140D5
:104B9400002A11D08024E400114322420CD01A6868
:104BA40022420BD10A4A0A401A60FFE7FFE7FFE7F7
:104BB400FFE7FFE7FFE78368196010BD81787F2076
:104BC400CA09044B92000140D258034801F008F985
:104BD400FFFBFFFF381E0020F81C0110436870B56E
:104BE400002180251E680400FFF758FF134B6D0158
:104BF4001B6C05439B070FD5A3785B060FD0104BA6
:104C04001E4080239B05334362680021136020000B
:104C14002A00FFF7B7FF70BDA378DB09EFD0A38AA2
:104C2400002BECD001212000FFF738FFA023054A18
:104C3400DB05324005431343E6E7C046000011504C
:104C4400FFFFFFAFFFFFFFDF70B5857E0400002D7F
:104C540014D0FFF77DFFA38A002B01D1280070BD7B
:104C64002000FFF701FF002803D00123002523774C
:104C7400F4E72000FFF7B2FF0025EFE781787F20FB
:104C8400CA09034B92000140D258024801F0A8F827
:104C9400381E0020181D0110F0B5C64600B5437833
:104CA400050084B0042B00D178E047D8022B00D152
:104CB40086E0032B56D14E4F4E4A002490463B7853
:104CC4004D4E03E00134E4B29C4216D8002EF9D0D4
:104CD4009C42F7D24146620009681219D2008A1830
:104CE400002AEFD05269002AECD0696828789047EE
:104CF40001343B78E4B29C42E8D9404B1A7852071D
:104D040048D504211A788A431A706B460A22002176
:104D1400981D01F04DF86A462B78137105235371E1
:104D2400374B1C686269EFF3108172B61368002B6D
:104D3400FCD0BFF35F8FA16101A920E0052B11D145
:104D44002E4B1A78D20725D504211A788A431A7073
:104D54002B4B1C686269EFF3108172B61368002B49
:104D640009D1FBE7264B1C686269EFF3108172B628
:104D74001368002BFCD0BFF35F8FA16129002000D2
:104D840001F01EF86269A369BFF35F8F002111600F
:104D940083F3108804B080BCB846F0BD174B1A7872
:104DA400D207F7D504211A780A431A70144B1C68E9
:104DB4006269EFF3108172B61368002BDBD1FBE755
:104DC40001200E4A11788143117011789943002310
:104DD40011700421537013788B431370084B1C68B3
:104DE4006269EFF3108172B61368002BC3D1FBE73D
:104DF40026330020B8280020E54D0010E02B0020C9
:104E0400382C00207047C04603685A0004D580221D
:104E140012061343C01870475B005B08FAE7C046EC
:104E2400F8B54E464546DE46574680469146E0B5BF
:104E340000292AD04B1E9B469A4600275346FB184E
:104E4400DC0FE41843466410E5005E193000FFF7F8
:104E5400DBFFA34510D0484509D808352800404455
:104E6400FFF7D2FF0138484508D2671CE6E7A7429E
:104E74000BD0631E9A46E1E74845F8D83000F0BCF1
:104E8400BB46B246A946A046F8BD0026F6E7C04692
:104E94000300012808D0022804D00020002B00D1F0
:104EA400024870470248FCE70248FAE7051500206B
:104EB4001D1500201115002030B5214B050083B0CD
:104EC4008C1E002B26D0200001A900E000BF002882
:104ED4001DD001992200FFF7A3FF041E17D0FFF78E
:104EE40093FF6368A864012B27D0201D002B22DBCD
:104EF400FFF78AFF00232B650368E864002B0FDBB0
:104F0400FFF782FF030000202B6103B030BD0023B4
:104F14000920F9E70B4B0C481B1AD9100191D9E76A
:104F24001801000FFFF7B4FF424242410300092079
:104F340052421040E8E70123DDE700230520E3E7C0
:104F44000000000030410110503F0110036810B50B
:104F54000400DA0705D49B070AD5503000F0A0FC02
:104F640023685A070AD51A070FD5DB0615D510BDD5
:104F7400503000F091FC23685A07F4D42000D83054
:104F840000F092FC23681A07EFD420005930FF3058
:104F940000F08EFC2368DB06E9D42000D930FF3012
:104FA40000F08AFCE3E7C04603000068002800D054
:104FB400C01870477047C04670B504000D0020004B
:104FC400296CFFF779FF002811D12B6C2A0063614B
:104FD40021000120236998470828F0D0072806D12A
:104FE4000020296CFFF7E6FF281D00F03FFC00F0CD
:104FF400CFFEC046F0B54746CE4680B52E4C8369F9
:10500400A544C768040015000431402203A898464B
:1050140000F0B6FE0023029323E0F422129B520018
:10502400636102A97CA800F0ABFE21003000236973
:105034007CAA98478A9B060014934346019302ABCB
:1050440000932200230029000120B847002829D119
:10505400F4227CA9520002A800F092FE0025082E3A
:105064001ED120001299FFF727FF09358146EEB2C1
:105074000028D2D0109B102114934346019302AB15
:1050840000932200230001203143B847002809D1AE
:105094004846F7239B009D44C0BCB946B046F0BDCA
:1050A400072E02D009239946F2E728001299FFF748
:1050B40081FF03A800F0DAFB24FCFFFF70B5CB6B83
:1050C400FAB00B6405000E004022043101A800F080
:1050D40057FE01235B42009306E06A4629002B69D0
:1050E40098470400082808D128001099FFF7E4FE27
:1050F4000028F2D009207AB070BD6846FFF726FF79
:10510400062CF7D131002800FFF756FF10B5826155
:10511400DA6BC1601A6419000022FFF76BFF10BD3F
:10512400436970B50B64C36804000D00002B13D1F0
:105134000A000369010002209847072805D00828BF
:105144000FD129002000FFF737FF0020296CFFF75B
:1051540031FF281D00F08AFB0122FFF74BFF00F00E
:1051640017FE00F015FEC046C36810B5002B05D02D
:10517400CB6B00220B64FFF73DFF10BDFFF79EFFD2
:10518400FBE7C0467047C0468368010010B5002B9A
:1051940001D00120984710BD042908D802291AD843
:1051A40000290BD0481E431E984101307047052941
:1051B4000FD1436C009A00201360F7E7002B08D14D
:1051C4000F2A06D8920080184368009A00201360C2
:1051D400ECE70220EAE70120E8E7C04600B585B025
:1051E40003AB0A00009300210023FFF7D5FF0398C7
:1051F40005B000BD042908D802291AD800290BD00B
:10520400481E431E98410130704705290FD1009B69
:105214001B6843640020F7E7002B08D10F2A06D847
:10522400009B92001B68801843600020ECE702207A
:10523400EAE70120E8E7C04600B585B003AB039276
:1052440000930A0000230021FFF7D4FF05B000BD3E
:1052540070B5194CD36BA544136405000C0017A852
:10526400111D402200F08CFD01235B42169313E0D4
:105274000C2116A86A46FFF7DFFF210016A8A847ED
:1052840000280FD16946049B16AA083098470600E7
:10529400052808D0092805D068462699FFF70CFE92
:1052A4000028E5D0092616A8FFF750FE3000902309
:1052B4009B009D4470BDC046C0FDFFFFF0B54E4647
:1052C4004546DE465746E0B50D000321EC6C16005A
:1052D40004CC8BB0944601400894002B00D17FE0AD
:1052E400170C06AA5773624612040792FF223A402B
:1052F4009200A418022206AF3A73022900D1AC6BC3
:105304002A6DD20707D5300007A900F07BFB0028DF
:105314005BD108205AE022689346002AF3D0082281
:105324000240039200220492023201279046AA46C8
:10533400B14602910193019B022B4ED023886588CC
:105344009B46043453462E009B6C0F214846BE43B3
:10535400F618FFF743FF0023864205D85B46BB439C
:105364009B1998429B415B4242466D0015405A4648
:105374003A401543012D50D0022D37D0002D24D1B1
:10538400029A002A02D0002B00D0C3E00434236820
:105394009B46002BCFD14E4607A9300000F032FBCC
:1053A400002812D1049B002BB3D00F213000FFF74B
:1053B40015FF0E2102003000FFF73EFF30000F21E1
:1053C400734AFFF739FF072000E009200BB0F0BC57
:1053D400BB46B246A946A046F0BD65680834B1E7AD
:1053E4001202079206AA5373032284E725686A000F
:1053F40052089346029A002A49D1002B05D0039BF8
:10540400002B60D05B46002B5DD0002D00DA043405
:105414005B4601339B00E418B9E7029A002A19D1CC
:10542400002B15D025686368ED0F9A1CCDD0524629
:1054340058320692013300D199E0201DFFF7B4FDE4
:105444002A00010006AB504600F0C2FC002876D1C9
:1054540008349CE753460D2148461D6AFFF7BEFEFB
:105464008542F5D153469B6A9C42F1D155464E463E
:105474002000FFF7C9FC0F2102003000FFF7DCFE1B
:1054840030002A000021FFF7D7FE07209EE753468D
:105494000D2148461E6AFFF7A1FE8642B5D1534648
:1054A4009B6A9C42B1D153465A469A6252460023A3
:1054B400D36204331363231D53632368002B60DB1F
:1054C40001230493A4E75823534405935B46251D05
:1054D400A34600261C000EE0059B28000693FFF758
:1054E40063FD0022010006AB504600F071FC01365A
:1054F4000435002836D1A642EED14E460D213000A7
:10550400FFF76CFE55465C46069B28626B620620DC
:10551400AC625BE72000FFF777FC554604340700D4
:10552400AC6328004E4600F03BFC002800D14CE759
:1055340030003A000F21FFF77FFE072046E74E4672
:1055440081460D213000FFF749FE55464B46069F24
:105554002862022B02D1EF622F002C3706206F62E3
:10556400AC6233E723005C469B4625684DE74E4614
:105574000D21300055469246FFF730FE574628620B
:10558400ECE758460130800055464E46201870E737
:10559400A5F6001010B50023FFF790FE10BDC0461D
:1055A40010B50123FFF78AFE10BDC04610B50223D3
:1055B400FFF784FE10BDC046F0B5CE46474680B521
:1055C400050014001E00C3B0052900D9FDE0A64B58
:1055D40089005B589F46836B002A00D0F5E004CB1A
:1055E40042648363002043B0C0BCB946B046F0BDFA
:1055F400002E00D0E9E0002301271604826B360C4C
:10560400011D38009840064201D001CA08600133E8
:105614000431102BF5D1A404E4D4AA63E2E7032EE9
:1056240000D0D2E01404160C240C3319102B00D92A
:10563400CBE0082203681A4200D0EBE020AF380028
:1056440000F038F9AB6BF6009C4663005A1E002B41
:105654000BD06346F61A043EBE19180000680433E2
:105664009851013AF9D2E400A44463463800AB638C
:1056740000F01EF9B6E7130C14049846240C012E0E
:1056840000D185E0052E00D09FE0A146C1444B46E1
:10569400202B00D999E043460F2B00D997E04B46C5
:1056A400102B00D8BFE0012203681A4207D09343AD
:1056B400022213430360503000F0F4F82B680422F4
:1056C4001A4205D0280093432B60D83000F0EEF83E
:1056D40020AF380000F0E6F8684600F0E7F84246EC
:1056E40010239B1A10225C00524243464A449446BB
:1056F400D800A96B3818013C00230134A200CC580F
:10570400C45004339A42FAD163468918002B00D15D
:1057140098E044466F465800102C00D21024002311
:10572400103C0138E40001303C198200C858E050B4
:1057340004339A42FAD18918012E72D04346A963E0
:105744000F2B02D820A800F0ABF8380000F0ACF81A
:1057540048E7002E39D1102A37D8102203681A429C
:1057640051D120AF380000F0A9F8012639000023F8
:10577400AA6B30009840044201D001CA086001338A
:105784000431042BF5D13800AA6300F095F829E719
:105794001B19102B19D84346102B16D0036833421B
:1057A40006D00322280093432B60503000F076F893
:1057B40020AF380000F072F8A96B002C1BD1043123
:1057C4003800A96300F068F80CE702200BE7002C0E
:1057D40000D107E7042203681A4204D0934303600C
:1057E400D83000F063F86F46380000F05FF86000CE
:1057F400A96B444693E74346D800002364009C46C3
:105804003818013C78E793430360D930FF3000F047
:1058140055F8A6E7934303605930FF3000F04AF887
:105824000CE720AFCBE7012203681A4212D120AF64
:10583400380000F037F8A96B002CDCD1380000F0F8
:105844002FF8CFE6012EBAD04346A9630F2B00D917
:10585400C8E6F3E793430222280013432B60503039
:1058640000F020F8E3E7C046601D00200100343159
:1058740038C9043B9C461D60A646010020313CC942
:1058840090469946A246AB4601000831FCC94168DE
:105894000068E54600BDC0467047C0467047C04634
:1058A4007047C0467047C0467047C0467047C04600
:1058B4007047C0467047C0467047C0467047C046F0
:1058C40001B401A801B585B0FFB408A841464A4611
:1058D40053465C4665463EC001A83EC80F980090FA
:1058E40000230CB401A9FFF7E9FB109B12B0184781
:1058F40001B401A801B585B0FFB408A841464A46E1
:1059040053465C4665463EC001A83EC80F980090C9
:1059140000230CB401A9FFF703FC109B12B0184735
:1059240001B401A801B585B0FFB408A841464A46B0
:1059340053465C4665463EC001A83EC80F98009099
:1059440000230CB401A9FFF70FFC109B12B01847F9
:1059540001B401A801B585B0FFB408A841464A4680
:1059640053465C4665463EC001A83EC80F98009069
:1059740000230CB401ABFFF7C9FB109B12B018470E
:1059840001B401A801B585B0FFB408A841464A4650
:1059940053465C4665463EC001A83EC80F98009039
:1059A40000230CB401AAFFF753FC109B12B0184754
:1059B400027A0300002A0BD1427A002A0FD0013A5E
:1059C40042724268111D416003211268017202E0B3
:1059D400013A02720268100E12021A607047B02077
:1059E400FCE7C04600B585B003AB00930C2200234E
:1059F4000021FFF7D1FB039805B000BD10B5FFF7F8
:105A0400F1FF10BDF0B50023454657464E46DE462D
:105A14009846E0B506000D000F2785B02800FFF773
:105A2400C7FF0400B02800D129E1030638D50300DC
:105A3400BB43DBB2A02B00D191E012D8802B69D0FC
:105A4400902B25D10D2303400D2B21D00F2202AC26
:105A540002400023002130000094FFF79DFB0094D6
:105A640033E0B02B00D170E0C02B38D00722030004
:105A74009343DBB2D02B0BD18023024001321B03B2
:105A84001A43012105233000FFF796FD0028C5D0F5
:105A9400092005B0F0BCBB46B246A946A046F0BDFD
:105AA400FF238200134004339A4602AB00939946C5
:105AB4000D22002300213000FFF76EFB029B6406D9
:105AC4000AD4534402934B46009300230D22002131
:105AD4003000FFF78FFBA1E752469B1AF2E7C62876
:105AE40000D1ADE0C72800D1CEE0F8230340C02B9D
:105AF40000D1DBE0C82800D1DEE0C928C8D12800E5
:105B0400FFF756FFF0220303120313400F22024053
:105B14000132B5E704022800FFF74AFF204380243E
:105B24002402A042B4D0030100059946020C0023CC
:105B340000213000FFF740FD0028A9D14B46234245
:105B440000D16BE70123984668E703004F33DBB2CB
:105B5400042B00D988E0684A9B00D3589F46FF2154
:105B6400072309010A0083431A410A40240702D586
:105B74008023DB011A43002300213000FFF71CFDC2
:105B8400002800D14AE783E72800FFF711FF431EEE
:105B9400DBB202000E2BEED97AE703AB00930D22A1
:105BA400002300213000FFF7F7FA37E70023002233
:105BB40005213000FFF700FD002800D12EE767E73C
:105BC4002800FFF7F5FEF0220303120313400F220F
:105BD400024001321A43012101233000FFF7ECFC9B
:105BE400002800D11AE753E702AB0D2200210093ED
:105BF400994630000023FFF7CFFA2800FFF7D8FEBC
:105C0400029C030674D502239A467D339B465B4669
:105C140018405346984007239C46241828000294B1
:105C2400E244FFF7C5FE0306F1D481239B009C46A2
:105C3400534698404B46644424180294009344E726
:105C44002800FFF7B5FEF0220303120313400F22CE
:105C5400024001321A43032103233000FFF7ACFC56
:105C6400002800D1DAE613E7FC230340B42B00D16B
:105C74000EE707238022034001331203AAE74346B9
:105C8400002B25D0002004E72800FFF791FE431ED7
:105C9400DBB202000E2B00D9FAE600230421300007
:105CA400FFF78AFC002800D1B8E6F1E6A022B13B58
:105CB400034001331203CDE72800FFF779FE0F23D9
:105CC40002009A43D2B21032034012030133D7E6E2
:105CD40002AC0E22002130000094FFF75DFA00238D
:105CE4000F22002130000094FFF784FA0020D0E650
:105CF40002239A4699E7C046781D0020030000B5A8
:105D0400DA6C85B0536808000832190201910292D6
:105D1400694603221B0E0A734B7301A9FFF772FE37
:105D240005B000BD10B5FFF769FE806C10BDC0461C
:105D340010B5FFF763FEC06CC3799B000833C0182D
:105D440010BDC04610B500F023F810B5FFF7FAFFF8
:105D540001B40248844601BC604700BFF546001008
:105D640001B40248844601BC604700BF3D150010E1
:105D740001B40248844601BC604700BFDD16001030
:105D840001B40248844601BC604700BF25480010A6
:105D940001B40248844601BC604700BFC5F8001046
:105DA40001B40248844601BC604700BF117800106A
:105DB40001B40248844601BC604700BF1948001082
:105DC40001B40248844601BC604700BF456D001021
:105DD40001B40248844601BC604700BF51770010FB
:105DE40001B40248844601BC604700BF352200105C
:105DF40060150020E61500203A1700208E150020BB
:105E0400C216002046150020F81A0020581B002056
:105E1400301B00201C1B00200A1B00201000000067
:105E2400000000000000010000000000000000006D
:105E34000000020000000000000000000000030059
:105E440000000000000000000000FF00000000004F
:105E540001B5486801318E4600477046093801494A
:105E6400884701BDAD0D0010F01D002000000000AA
:105E740008240020182E002000000000000000006C
:105E8400282E002000000000000000001000000088
:105E9400503300004C3300005433000052330000F0
:105EA4004D5300004D4300005334000043340000C0
:105EB4002D4F0010000000009D4E0010254E0010D4
:105EC4000000000000010000441D0110481D0110E5
:105ED4003C2C002010000C0000000000000000001A
:105EE400000000000000000000000000FF000000AF
:105EF4000040044000000000AD7F00105D820010EF
:105F0400FFFFFFFF0000020000000000000000008F
:105F1400781E0020781E0020801E0020801E002095
:105F2400881E0020881E0020901E0020901E002045
:105F3400981E0020981E0020A01E0020A01E0020F5
:105F4400A81E0020A81E0020B01E0020B01E0020A5
:105F5400B81E0020B81E0020C01E0020C01E002055
:105F6400C81E0020C81E0020D01E0020D01E002005
:105F7400D81E0020D81E0020E01E0020E01E0020B5
:105F8400E81E0020E81E0020F01E0020F01E002065
:105F9400F81E0020F81E0020001F0020001F002013
:105FA400081F0020081F0020101F0020101F0020C1
:105FB400181F0020181F0020201F0020201F002071
:105FC400281F0020281F0020301F0020301F002021
:105FD400381F0020381F0020401F0020401F0020D1
:105FE400481F0020481F0020501F0020501F002081
:105FF400581F0020581F0020601F0020601F002031
:10600400681F0020681F0020701F0020701F0020E0
:10601400781F0020781F0020801F0020801F002090
:10602400881F0020881F0020901F0020901F002040
:10603400981F0020981F0020A01F0020A01F0020F0
:10604400A81F0020A81F0020B01F0020B01F0020A0
:10605400B81F0020B81F0020C01F0020C01F002050
:10606400C81F0020C81F0020D01F0020D01F002000
:10607400D81F0020D81F0020E01F0020E01F0020B0
:10608400E81F0020E81F0020F01F0020F01F002060
:10609400F81F0020F81F002000200020002000200E
:1060A40008200020082000201020002010200020BC
:1060B400182000201820002020200020202000206C
:1060C400282000202820002030200020302000201C
:1060D40038200020382000204020002040200020CC
:1060E400482000204820002050200020502000207C
:1060F400582000205820002060200020602000202C
:1061040068200020682000207020002070200020DB
:10611400782000207820002080200020802000208B
:10612400882000208820002090200020902000203B
:106134009820002098200020A0200020A0200020EB
:10614400A8200020A8200020B0200020B02000209B
:10615400B8200020B8200020C0200020C02000204B
:10616400C8200020C8200020D0200020D0200020FB
:10617400D8200020D8200020E0200020E0200020AB
:10618400E8200020E8200020F0200020F02000205B
:10619400F8200020F8200020002100200021002009
:1061A40008210020082100201021002010210020B7
:1061B4001821002018210020202100202021002067
:1061C4002821002028210020302100203021002017
:1061D40038210020382100204021002040210020C7
:1061E4004821002048210020502100205021002077
:1061F4005821002058210020602100206021002027
:1062040068210020682100207021002070210020D6
:106214007821002078210020802100208021002086
:106224008821002088210020902100209021002036
:106234009821002098210020A0210020A0210020E6
:10624400A8210020A8210020B0210020B021002096
:10625400B8210020B8210020C0210020C021002046
:10626400C8210020C8210020D0210020D0210020F6
:10627400D8210020D8210020E0210020E0210020A6
:10628400E8210020E8210020F0210020F021002056
:10629400F8210020F8210020002200200022002004
:1062A40008220020082200201022002010220020B2
:1062B4001822002018220020202200202022002062
:1062C4002822002028220020302200203022002012
:1062D40038220020382200204022002040220020C2
:1062E4004822002048220020502200205022002072
:1062F4005822002058220020602200206022002022
:1063040068220020682200207022002070220020D1
:106314008822002000000000000000007C270020EC
:10632400E42700204C2800200000000000000000AA
:106334000000000000000000000000000000000059
:106344000000000000000000000000000000000049
:106354000000000000000000000000000000000039
:106364000000000000000000000000000000000029
:106374000000000000000000000000000000000019
:106384000000000000000000000000000000000009
:1063940000000000000000000000000000000000F9
:1063A40000000000000000000000000000000000E9
:1063B40001000000000000000E33CDAB34126DE686
:1063C400ECDE05000B0000000000000000000000EF
:1063D40000000000000000000000000000000000B9
:1063E40000000000000000000000000000000000A9
:1063F4000000000000000000000000000000000099
:106404000000000000000000000000000000000088
:106414000000000000000000000000000000000078
:106424000000000000000000000000000000000068
:106434000000000000000000943200200000000072
:10644400030000007C270020000000000000000082
:1064540009480010013A0010FD40001029470010BF
:10646400E50200108D07001061520010397600100B
:04000005100001E9FD
:00000001FF
