<?xml version="1.0" encoding="utf-8"?>
<COLLADA version="1.5.0" xmlns="http://www.collada.org/2008/03/COLLADASchema">
  <asset>
    <contributor />
    <unit meter="1" />
    <up_axis>Y_UP</up_axis>
  </asset>
  <library_lights />
  <library_materials />
  <library_effects />
  <library_cameras />
  <library_geometries>
    <geometry id="mesh_1">
      <mesh>
        <source id="mesh_1-position" name="position">
          <float_array id="mesh_1-position-array" count="3264">-117.83084869384766 -55.00243377685547 5.099999904632568 -117.89352416992188 -55.00243377685547 4.543697834014893 -118.07842254638672 -55.00243377685547 4.015291213989258 -118.37626647949219 -55.00243377685547 3.5412750244140625 -118.77212524414062 -55.00243377685547 3.145421028137207 -119.24613952636719 -55.00243377685547 2.8475780487060547 -119.77454376220703 -55.00243377685547 2.66267991065979 -120.33084869384766 -55.00243377685547 2.5999999046325684 -120.33084869384766 -59.50243377685547 2.5999999046325684 -119.77454376220703 -59.50243377685547 2.66267991065979 -119.24613952636719 -59.50243377685547 2.8475780487060547 -118.77212524414062 -59.50243377685547 3.145421028137207 -118.37626647949219 -59.50243377685547 3.5412750244140625 -118.07842254638672 -59.50243377685547 4.015291213989258 -117.89352416992188 -59.50243377685547 4.543697834014893 -117.83084869384766 -59.50243377685547 5.099999904632568 -146.08084106445312 -55.00243377685547 2.5999999046325684 -146.08084106445312 -59.50243377685547 2.5999999046325684 -120.33084869384766 -55.00243377685547 18.600000381469727 -119.77454376220703 -55.00243377685547 18.53731918334961 -119.24613952636719 -55.00243377685547 18.3524227142334 -118.77212524414062 -55.00243377685547 18.05457878112793 -118.37626647949219 -55.00243377685547 17.65872573852539 -118.07842254638672 -55.00243377685547 17.184709548950195 -117.89352416992188 -55.00243377685547 16.656301498413086 -117.83084869384766 -55.00243377685547 16.100000381469727 -117.83084869384766 -59.50243377685547 16.100000381469727 -117.89352416992188 -59.50243377685547 16.656301498413086 -118.07842254638672 -59.50243377685547 17.184709548950195 -118.37626647949219 -59.50243377685547 17.65872573852539 -118.77212524414062 -59.50243377685547 18.05457878112793 -119.24613952636719 -59.50243377685547 18.3524227142334 -119.77454376220703 -59.50243377685547 18.53731918334961 -120.33084869384766 -59.50243377685547 18.600000381469727 -148.58084106445312 -55.00243377685547 16.100000381469727 -148.51817321777344 -55.00243377685547 16.656301498413086 -148.33326721191406 -55.00243377685547 17.184709548950195 -148.03543090820312 -55.00243377685547 17.65872573852539 -147.6395721435547 -55.00243377685547 18.05457878112793 -147.16555786132812 -55.00243377685547 18.3524227142334 -146.63714599609375 -55.00243377685547 18.53731918334961 -146.08084106445312 -55.00243377685547 18.600000381469727 -146.08084106445312 -59.50243377685547 18.600000381469727 -146.63714599609375 -59.50243377685547 18.53731918334961 -147.16555786132812 -59.50243377685547 18.3524227142334 -147.6395721435547 -59.50243377685547 18.05457878112793 -148.03543090820312 -59.50243377685547 17.65872573852539 -148.33326721191406 -59.50243377685547 17.184709548950195 -148.51817321777344 -59.50243377685547 16.656301498413086 -148.58084106445312 -59.50243377685547 16.100000381469727 -146.63714599609375 -55.00243377685547 2.66267991065979 -147.16555786132812 -55.00243377685547 2.8475780487060547 -147.6395721435547 -55.00243377685547 3.145421028137207 -148.03543090820312 -55.00243377685547 3.5412750244140625 -148.33326721191406 -55.00243377685547 4.015291213989258 -148.51817321777344 -55.00243377685547 4.543697834014893 -148.58084106445312 -55.00243377685547 5.099999904632568 -148.58084106445312 -59.50243377685547 5.099999904632568 -148.51817321777344 -59.50243377685547 4.543697834014893 -148.33326721191406 -59.50243377685547 4.015291213989258 -148.03543090820312 -59.50243377685547 3.5412750244140625 -147.6395721435547 -59.50243377685547 3.145421028137207 -147.16555786132812 -59.50243377685547 2.8475780487060547 -146.63714599609375 -59.50243377685547 2.66267991065979 -161.08084106445312 -55.00243377685547 5.099999904632568 -161.14352416992188 -55.00243377685547 4.543697834014893 -161.32843017578125 -55.00243377685547 4.015291213989258 -161.6262664794922 -55.00243377685547 3.5412750244140625 -162.02212524414062 -55.00243377685547 3.145421028137207 -162.4961395263672 -55.00243377685547 2.8475780487060547 -163.02455139160156 -55.00243377685547 2.66267991065979 -163.58084106445312 -55.00243377685547 2.5999999046325684 -163.58084106445312 -59.50243377685547 2.5999999046325684 -163.02455139160156 -59.50243377685547 2.66267991065979 -162.4961395263672 -59.50243377685547 2.8475780487060547 -162.02212524414062 -59.50243377685547 3.145421028137207 -161.6262664794922 -59.50243377685547 3.5412750244140625 -161.32843017578125 -59.50243377685547 4.015291213989258 -161.14352416992188 -59.50243377685547 4.543697834014893 -161.08084106445312 -59.50243377685547 5.099999904632568 -189.33084106445312 -55.00243377685547 2.5999999046325684 -189.33084106445312 -59.50243377685547 2.5999999046325684 -189.88714599609375 -55.00243377685547 2.66267991065979 -190.41555786132812 -55.00243377685547 2.8475780487060547 -190.8895721435547 -55.00243377685547 3.145421028137207 -191.28543090820312 -55.00243377685547 3.5412750244140625 -191.58326721191406 -55.00243377685547 4.015291213989258 -191.76817321777344 -55.00243377685547 4.543697834014893 -191.83084106445312 -55.00243377685547 5.099999904632568 -191.83084106445312 -59.50243377685547 5.099999904632568 -191.76817321777344 -59.50243377685547 4.543697834014893 -191.58326721191406 -59.50243377685547 4.015291213989258 -191.28543090820312 -59.50243377685547 3.5412750244140625 -190.8895721435547 -59.50243377685547 3.145421028137207 -190.41555786132812 -59.50243377685547 2.8475780487060547 -189.88714599609375 -59.50243377685547 2.66267991065979 -191.83084106445312 -55.00243377685547 16.100000381469727 -191.83084106445312 -59.50243377685547 16.100000381469727 -163.58084106445312 -55.00243377685547 18.600000381469727 -163.02455139160156 -55.00243377685547 18.53731918334961 -162.4961395263672 -55.00243377685547 18.3524227142334 -162.02212524414062 -55.00243377685547 18.05457878112793 -161.6262664794922 -55.00243377685547 17.65872573852539 -161.32843017578125 -55.00243377685547 17.184709548950195 -161.14352416992188 -55.00243377685547 16.656301498413086 -161.08084106445312 -55.00243377685547 16.100000381469727 -161.08084106445312 -59.50243377685547 16.100000381469727 -161.14352416992188 -59.50243377685547 16.656301498413086 -161.32843017578125 -59.50243377685547 17.184709548950195 -161.6262664794922 -59.50243377685547 17.65872573852539 -162.02212524414062 -59.50243377685547 18.05457878112793 -162.4961395263672 -59.50243377685547 18.3524227142334 -163.02455139160156 -59.50243377685547 18.53731918334961 -163.58084106445312 -59.50243377685547 18.600000381469727 -191.76817321777344 -55.00243377685547 16.656301498413086 -191.58326721191406 -55.00243377685547 17.184709548950195 -191.28543090820312 -55.00243377685547 17.65872573852539 -190.8895721435547 -55.00243377685547 18.05457878112793 -190.41555786132812 -55.00243377685547 18.3524227142334 -189.88714599609375 -55.00243377685547 18.53731918334961 -189.33084106445312 -55.00243377685547 18.600000381469727 -189.33084106445312 -59.50243377685547 18.600000381469727 -189.88714599609375 -59.50243377685547 18.53731918334961 -190.41555786132812 -59.50243377685547 18.3524227142334 -190.8895721435547 -59.50243377685547 18.05457878112793 -191.28543090820312 -59.50243377685547 17.65872573852539 -191.58326721191406 -59.50243377685547 17.184709548950195 -191.76817321777344 -59.50243377685547 16.656301498413086 -154.83084106445312 -57.50243377685547 8.899999618530273 -154.39085388183594 -57.50243377685547 8.957925796508789 -153.98085021972656 -57.50243377685547 9.12775707244873 -153.62876892089844 -57.50243377685547 9.397917747497559 -153.3585968017578 -57.50243377685547 9.75 -153.1887664794922 -57.50243377685547 10.160008430480957 -153.13084411621094 -57.50243377685547 10.600000381469727 -153.1887664794922 -57.50243377685547 11.039992332458496 -153.3585968017578 -57.50243377685547 11.449999809265137 -153.62876892089844 -57.50243377685547 11.802082061767578 -153.98085021972656 -57.50243377685547 12.072242736816406 -154.39085388183594 -57.50243377685547 12.242074012756348 -154.83084106445312 -57.50243377685547 12.300000190734863 -155.27084350585938 -57.50243377685547 12.242074012756348 -155.68084716796875 -57.50243377685547 12.072242736816406 -156.03292846679688 -57.50243377685547 11.802082061767578 -156.30308532714844 -57.50243377685547 11.449999809265137 -156.47291564941406 -57.50243377685547 11.039992332458496 -156.53085327148438 -57.50243377685547 10.600000381469727 -156.47291564941406 -57.50243377685547 10.160008430480957 -156.30308532714844 -57.50243377685547 9.75 -156.03292846679688 -57.50243377685547 9.397917747497559 -155.68084716796875 -57.50243377685547 9.12775707244873 -155.27084350585938 -57.50243377685547 8.957925796508789 -154.83084106445312 -55.00243377685547 12.300000190734863 -154.39085388183594 -55.00243377685547 12.242074012756348 -153.98085021972656 -55.00243377685547 12.072242736816406 -153.62876892089844 -55.00243377685547 11.802082061767578 -153.3585968017578 -55.00243377685547 11.449999809265137 -153.1887664794922 -55.00243377685547 11.039992332458496 -153.13084411621094 -55.00243377685547 10.600000381469727 -153.1887664794922 -55.00243377685547 10.160008430480957 -153.3585968017578 -55.00243377685547 9.75 -153.62876892089844 -55.00243377685547 9.397917747497559 -153.98085021972656 -55.00243377685547 9.12775707244873 -154.39085388183594 -55.00243377685547 8.957925796508789 -154.83084106445312 -55.00243377685547 8.899999618530273 -155.27084350585938 -55.00243377685547 8.957925796508789 -155.68084716796875 -55.00243377685547 9.12775707244873 -156.03292846679688 -55.00243377685547 9.397917747497559 -156.30308532714844 -55.00243377685547 9.75 -156.47291564941406 -55.00243377685547 10.160008430480957 -156.53085327148438 -55.00243377685547 10.600000381469727 -156.47291564941406 -55.00243377685547 11.039992332458496 -156.30308532714844 -55.00243377685547 11.449999809265137 -156.03292846679688 -55.00243377685547 11.802082061767578 -155.68084716796875 -55.00243377685547 12.072242736816406 -155.27084350585938 -55.00243377685547 12.242074012756348 -151.08084106445312 -59.50243377685547 19.600000381469727 -151.1446990966797 -59.50243377685547 20.289060592651367 -151.33407592773438 -59.50243377685547 20.95465660095215 -151.6425323486328 -59.50243377685547 21.574121475219727 -152.0595703125 -59.50243377685547 22.126359939575195 -152.5709686279297 -59.50243377685547 22.592565536499023 -153.15933227539062 -59.50243377685547 22.95686149597168 -153.8046112060547 -59.50243377685547 23.206846237182617 -154.48483276367188 -59.50243377685547 23.334003448486328 -155.17684936523438 -59.50243377685547 23.334003448486328 -155.85708618164062 -59.50243377685547 23.206846237182617 -156.5023651123047 -59.50243377685547 22.95686149597168 -157.09072875976562 -59.50243377685547 22.592565536499023 -157.6021270751953 -59.50243377685547 22.126359939575195 -158.0191650390625 -59.50243377685547 21.574121475219727 -158.32762145996094 -59.50243377685547 20.95465660095215 -158.51699829101562 -59.50243377685547 20.289060592651367 -158.58084106445312 -59.50243377685547 19.600000381469727 -158.58084106445312 -57.50243377685547 19.600000381469727 -158.51699829101562 -57.50243377685547 20.289060592651367 -158.32762145996094 -57.50243377685547 20.95465660095215 -158.0191650390625 -57.50243377685547 21.574121475219727 -157.6021270751953 -57.50243377685547 22.126359939575195 -157.09072875976562 -57.50243377685547 22.592565536499023 -156.5023651123047 -57.50243377685547 22.95686149597168 -155.85708618164062 -57.50243377685547 23.206846237182617 -155.17684936523438 -57.50243377685547 23.334003448486328 -154.48483276367188 -57.50243377685547 23.334003448486328 -153.8046112060547 -57.50243377685547 23.206846237182617 -153.15933227539062 -57.50243377685547 22.95686149597168 -152.5709686279297 -57.50243377685547 22.592565536499023 -152.0595703125 -57.50243377685547 22.126359939575195 -151.6425323486328 -57.50243377685547 21.574121475219727 -151.33407592773438 -57.50243377685547 20.95465660095215 -151.1446990966797 -57.50243377685547 20.289060592651367 -151.08084106445312 -57.50243377685547 19.600000381469727 -158.58084106445312 -59.50243377685547 1.600000023841858 -158.58084106445312 -57.50243377685547 1.600000023841858 -158.51699829101562 -59.50243377685547 0.9109389781951904 -158.32762145996094 -59.50243377685547 0.24534399807453156 -158.0191650390625 -59.50243377685547 -0.3741210103034973 -157.6021270751953 -59.50243377685547 -0.9263589978218079 -157.09072875976562 -59.50243377685547 -1.3925650119781494 -156.5023651123047 -59.50243377685547 -1.7568620443344116 -155.85708618164062 -59.50243377685547 -2.0068459510803223 -155.17684936523438 -59.50243377685547 -2.134002923965454 -154.48483276367188 -59.50243377685547 -2.134002923965454 -153.8046112060547 -59.50243377685547 -2.0068459510803223 -153.15933227539062 -59.50243377685547 -1.7568620443344116 -152.5709686279297 -59.50243377685547 -1.3925650119781494 -152.0595703125 -59.50243377685547 -0.9263589978218079 -151.6425323486328 -59.50243377685547 -0.3741210103034973 -151.33407592773438 -59.50243377685547 0.24534399807453156 -151.1446990966797 -59.50243377685547 0.9109389781951904 -151.08084106445312 -59.50243377685547 1.600000023841858 -151.08084106445312 -57.50243377685547 1.600000023841858 -151.1446990966797 -57.50243377685547 0.9109389781951904 -151.33407592773438 -57.50243377685547 0.24534399807453156 -151.6425323486328 -57.50243377685547 -0.3741210103034973 -152.0595703125 -57.50243377685547 -0.9263589978218079 -152.5709686279297 -57.50243377685547 -1.3925650119781494 -153.15933227539062 -57.50243377685547 -1.7568620443344116 -153.8046112060547 -57.50243377685547 -2.0068459510803223 -154.48483276367188 -57.50243377685547 -2.134002923965454 -155.17684936523438 -57.50243377685547 -2.134002923965454 -155.85708618164062 -57.50243377685547 -2.0068459510803223 -156.5023651123047 -57.50243377685547 -1.7568620443344116 -157.09072875976562 -57.50243377685547 -1.3925650119781494 -157.6021270751953 -57.50243377685547 -0.9263589978218079 -158.0191650390625 -57.50243377685547 -0.3741210103034973 -158.32762145996094 -57.50243377685547 0.24534399807453156 -158.51699829101562 -57.50243377685547 0.9109389781951904 -115.33084869384766 -59.50243377685547 10.600000381469727 -115.26712036132812 -59.50243377685547 9.444913864135742 -115.07670593261719 -59.50243377685547 8.303849220275879 -114.76192474365234 -59.50243377685547 7.1906561851501465 -114.32659912109375 -59.50243377685547 6.118846893310547 -113.7760009765625 -59.50243377685547 5.101434230804443 -113.1168212890625 -59.50243377685547 4.150766849517822 -112.35706329345703 -59.50243377685547 3.27838397026062 -111.50594329833984 -59.50243377685547 2.494874954223633 -110.57379913330078 -59.50243377685547 1.8097519874572754 -109.57194519042969 -59.50243377685547 1.2313309907913208 -108.51254272460938 -59.50243377685547 0.7666320204734802 -107.408447265625 -59.50243377685547 0.42129701375961304 -106.27305603027344 -59.50243377685547 0.19951799511909485 -105.12017059326172 -59.50243377685547 0.10398700088262558 -103.96376037597656 -59.50243377685547 0.13586300611495972 -102.81788635253906 -59.50243377685547 0.29475900530815125 -101.69644165039062 -59.50243377685547 0.5787479877471924 -100.61304473876953 -59.50243377685547 0.9843800067901611 -99.58084869384766 -59.50243377685547 1.5067329406738281 -98.61237335205078 -59.50243377685547 2.1394660472869873 -97.71939086914062 -59.50243377685547 2.874898910522461 -96.91272735595703 -59.50243377685547 3.704103946685791 -96.20217895507812 -59.50243377685547 4.6170148849487305 -95.59637451171875 -59.50243377685547 5.6025519371032715 -95.1026611328125 -59.50243377685547 6.648752212524414 -94.72703552246094 -59.50243377685547 7.742914199829102 -94.47405242919922 -59.50243377685547 8.871756553649902 -94.34678649902344 -59.50243377685547 10.021578788757324 -94.34678649902344 -59.50243377685547 11.178421974182129 -94.47405242919922 -59.50243377685547 12.328243255615234 -94.72703552246094 -59.50243377685547 13.457085609436035 -95.1026611328125 -59.50243377685547 14.551247596740723 -95.59637451171875 -59.50243377685547 15.597448348999023 -96.20217895507812 -59.50243377685547 16.582984924316406 -96.91272735595703 -59.50243377685547 17.495895385742188 -97.71939086914062 -59.50243377685547 18.325101852416992 -98.61237335205078 -59.50243377685547 19.06053352355957 -99.58084869384766 -59.50243377685547 19.693267822265625 -100.61304473876953 -59.50243377685547 20.215620040893555 -101.69644165039062 -59.50243377685547 20.621252059936523 -102.81788635253906 -59.50243377685547 20.905241012573242 -103.96376037597656 -59.50243377685547 21.064136505126953 -105.12017059326172 -59.50243377685547 21.096012115478516 -106.27305603027344 -59.50243377685547 21.0004825592041 -107.408447265625 -59.50243377685547 20.778703689575195 -108.51254272460938 -59.50243377685547 20.433368682861328 -109.57194519042969 -59.50243377685547 19.968669891357422 -110.57379913330078 -59.50243377685547 19.390247344970703 -111.50594329833984 -59.50243377685547 18.70512580871582 -112.35706329345703 -59.50243377685547 17.921615600585938 -113.1168212890625 -59.50243377685547 17.04923439025879 -113.7760009765625 -59.50243377685547 16.09856605529785 -114.32659912109375 -59.50243377685547 15.08115291595459 -114.76192474365234 -59.50243377685547 14.009344100952148 -115.07670593261719 -59.50243377685547 12.896150588989258 -115.26712036132812 -59.50243377685547 11.755085945129395 -115.33084869384766 -57.50243377685547 10.600000381469727 -115.26712036132812 -57.50243377685547 11.755085945129395 -115.07670593261719 -57.50243377685547 12.896150588989258 -114.76192474365234 -57.50243377685547 14.009344100952148 -114.32659912109375 -57.50243377685547 15.08115291595459 -113.7760009765625 -57.50243377685547 16.09856605529785 -113.1168212890625 -57.50243377685547 17.04923439025879 -112.35706329345703 -57.50243377685547 17.921615600585938 -111.50594329833984 -57.50243377685547 18.70512580871582 -110.57379913330078 -57.50243377685547 19.390247344970703 -109.57194519042969 -57.50243377685547 19.968669891357422 -108.51254272460938 -57.50243377685547 20.433368682861328 -107.408447265625 -57.50243377685547 20.778703689575195 -106.27305603027344 -57.50243377685547 21.0004825592041 -105.12017059326172 -57.50243377685547 21.096012115478516 -103.96376037597656 -57.50243377685547 21.064136505126953 -102.81788635253906 -57.50243377685547 20.905241012573242 -101.69644165039062 -57.50243377685547 20.621252059936523 -100.61304473876953 -57.50243377685547 20.215620040893555 -99.58084869384766 -57.50243377685547 19.693267822265625 -98.61237335205078 -57.50243377685547 19.06053352355957 -97.71939086914062 -57.50243377685547 18.325101852416992 -96.91272735595703 -57.50243377685547 17.495895385742188 -96.20217895507812 -57.50243377685547 16.582984924316406 -95.59637451171875 -57.50243377685547 15.597448348999023 -95.1026611328125 -57.50243377685547 14.551247596740723 -94.72703552246094 -57.50243377685547 13.457085609436035 -94.47405242919922 -57.50243377685547 12.328243255615234 -94.34678649902344 -57.50243377685547 11.178421974182129 -94.34678649902344 -57.50243377685547 10.021578788757324 -94.47405242919922 -57.50243377685547 8.871756553649902 -94.72703552246094 -57.50243377685547 7.742914199829102 -95.1026611328125 -57.50243377685547 6.648752212524414 -95.59637451171875 -57.50243377685547 5.6025519371032715 -96.20217895507812 -57.50243377685547 4.6170148849487305 -96.91272735595703 -57.50243377685547 3.704103946685791 -97.71939086914062 -57.50243377685547 2.874898910522461 -98.61237335205078 -57.50243377685547 2.1394660472869873 -99.58084869384766 -57.50243377685547 1.5067329406738281 -100.61304473876953 -57.50243377685547 0.9843800067901611 -101.69644165039062 -57.50243377685547 0.5787479877471924 -102.81788635253906 -57.50243377685547 0.29475900530815125 -103.96376037597656 -57.50243377685547 0.13586300611495972 -105.12017059326172 -57.50243377685547 0.10398700088262558 -106.27305603027344 -57.50243377685547 0.19951799511909485 -107.408447265625 -57.50243377685547 0.42129701375961304 -108.51254272460938 -57.50243377685547 0.7666320204734802 -109.57194519042969 -57.50243377685547 1.2313309907913208 -110.57379913330078 -57.50243377685547 1.8097519874572754 -111.50594329833984 -57.50243377685547 2.494874954223633 -112.35706329345703 -57.50243377685547 3.27838397026062 -113.1168212890625 -57.50243377685547 4.150766849517822 -113.7760009765625 -57.50243377685547 5.101434230804443 -114.32659912109375 -57.50243377685547 6.118846893310547 -114.76192474365234 -57.50243377685547 7.1906561851501465 -115.07670593261719 -57.50243377685547 8.303849220275879 -115.26712036132812 -57.50243377685547 9.444913864135742 -215.33084106445312 -59.50243377685547 10.600000381469727 -215.26712036132812 -59.50243377685547 9.444913864135742 -215.0767059326172 -59.50243377685547 8.303849220275879 -214.76193237304688 -59.50243377685547 7.1906561851501465 -214.32659912109375 -59.50243377685547 6.118846893310547 -213.7760009765625 -59.50243377685547 5.101434230804443 -213.1168212890625 -59.50243377685547 4.150766849517822 -212.3570556640625 -59.50243377685547 3.27838397026062 -211.50595092773438 -59.50243377685547 2.494874954223633 -210.5738067626953 -59.50243377685547 1.8097519874572754 -209.5719451904297 -59.50243377685547 1.2313309907913208 -208.51254272460938 -59.50243377685547 0.7666320204734802 -207.408447265625 -59.50243377685547 0.42129701375961304 -206.27305603027344 -59.50243377685547 0.19951799511909485 -205.1201629638672 -59.50243377685547 0.10398700088262558 -203.96376037597656 -59.50243377685547 0.13586300611495972 -202.81788635253906 -59.50243377685547 0.29475900530815125 -201.69644165039062 -59.50243377685547 0.5787479877471924 -200.613037109375 -59.50243377685547 0.9843800067901611 -199.58084106445312 -59.50243377685547 1.5067329406738281 -198.6123809814453 -59.50243377685547 2.1394660472869873 -197.71939086914062 -59.50243377685547 2.874898910522461 -196.9127197265625 -59.50243377685547 3.704103946685791 -196.20217895507812 -59.50243377685547 4.6170148849487305 -195.59637451171875 -59.50243377685547 5.6025519371032715 -195.1026611328125 -59.50243377685547 6.648752212524414 -194.72703552246094 -59.50243377685547 7.742914199829102 -194.4740447998047 -59.50243377685547 8.871756553649902 -194.34678649902344 -59.50243377685547 10.021578788757324 -194.34678649902344 -59.50243377685547 11.178421974182129 -194.4740447998047 -59.50243377685547 12.328243255615234 -194.72703552246094 -59.50243377685547 13.457085609436035 -195.1026611328125 -59.50243377685547 14.551247596740723 -195.59637451171875 -59.50243377685547 15.597448348999023 -196.20217895507812 -59.50243377685547 16.582984924316406 -196.9127197265625 -59.50243377685547 17.495895385742188 -197.71939086914062 -59.50243377685547 18.325101852416992 -198.6123809814453 -59.50243377685547 19.06053352355957 -199.58084106445312 -59.50243377685547 19.693267822265625 -200.613037109375 -59.50243377685547 20.215620040893555 -201.69644165039062 -59.50243377685547 20.621252059936523 -202.81788635253906 -59.50243377685547 20.905241012573242 -203.96376037597656 -59.50243377685547 21.064136505126953 -205.1201629638672 -59.50243377685547 21.096012115478516 -206.27305603027344 -59.50243377685547 21.0004825592041 -207.408447265625 -59.50243377685547 20.778703689575195 -208.51254272460938 -59.50243377685547 20.433368682861328 -209.5719451904297 -59.50243377685547 19.968669891357422 -210.5738067626953 -59.50243377685547 19.390247344970703 -211.50595092773438 -59.50243377685547 18.70512580871582 -212.3570556640625 -59.50243377685547 17.921615600585938 -213.1168212890625 -59.50243377685547 17.04923439025879 -213.7760009765625 -59.50243377685547 16.09856605529785 -214.32659912109375 -59.50243377685547 15.08115291595459 -214.76193237304688 -59.50243377685547 14.009344100952148 -215.0767059326172 -59.50243377685547 12.896150588989258 -215.26712036132812 -59.50243377685547 11.755085945129395 -215.33084106445312 -57.50243377685547 10.600000381469727 -215.26712036132812 -57.50243377685547 11.755085945129395 -215.0767059326172 -57.50243377685547 12.896150588989258 -214.76193237304688 -57.50243377685547 14.009344100952148 -214.32659912109375 -57.50243377685547 15.08115291595459 -213.7760009765625 -57.50243377685547 16.09856605529785 -213.1168212890625 -57.50243377685547 17.04923439025879 -212.3570556640625 -57.50243377685547 17.921615600585938 -211.50595092773438 -57.50243377685547 18.70512580871582 -210.5738067626953 -57.50243377685547 19.390247344970703 -209.5719451904297 -57.50243377685547 19.968669891357422 -208.51254272460938 -57.50243377685547 20.433368682861328 -207.408447265625 -57.50243377685547 20.778703689575195 -206.27305603027344 -57.50243377685547 21.0004825592041 -205.1201629638672 -57.50243377685547 21.096012115478516 -203.96376037597656 -57.50243377685547 21.064136505126953 -202.81788635253906 -57.50243377685547 20.905241012573242 -201.69644165039062 -57.50243377685547 20.621252059936523 -200.613037109375 -57.50243377685547 20.215620040893555 -199.58084106445312 -57.50243377685547 19.693267822265625 -198.6123809814453 -57.50243377685547 19.06053352355957 -197.71939086914062 -57.50243377685547 18.325101852416992 -196.9127197265625 -57.50243377685547 17.495895385742188 -196.20217895507812 -57.50243377685547 16.582984924316406 -195.59637451171875 -57.50243377685547 15.597448348999023 -195.1026611328125 -57.50243377685547 14.551247596740723 -194.72703552246094 -57.50243377685547 13.457085609436035 -194.4740447998047 -57.50243377685547 12.328243255615234 -194.34678649902344 -57.50243377685547 11.178421974182129 -194.34678649902344 -57.50243377685547 10.021578788757324 -194.4740447998047 -57.50243377685547 8.871756553649902 -194.72703552246094 -57.50243377685547 7.742914199829102 -195.1026611328125 -57.50243377685547 6.648752212524414 -195.59637451171875 -57.50243377685547 5.6025519371032715 -196.20217895507812 -57.50243377685547 4.6170148849487305 -196.9127197265625 -57.50243377685547 3.704103946685791 -197.71939086914062 -57.50243377685547 2.874898910522461 -198.6123809814453 -57.50243377685547 2.1394660472869873 -199.58084106445312 -57.50243377685547 1.5067329406738281 -200.613037109375 -57.50243377685547 0.9843800067901611 -201.69644165039062 -57.50243377685547 0.5787479877471924 -202.81788635253906 -57.50243377685547 0.29475900530815125 -203.96376037597656 -57.50243377685547 0.13586300611495972 -205.1201629638672 -57.50243377685547 0.10398700088262558 -206.27305603027344 -57.50243377685547 0.19951799511909485 -207.408447265625 -57.50243377685547 0.42129701375961304 -208.51254272460938 -57.50243377685547 0.7666320204734802 -209.5719451904297 -57.50243377685547 1.2313309907913208 -210.5738067626953 -57.50243377685547 1.8097519874572754 -211.50595092773438 -57.50243377685547 2.494874954223633 -212.3570556640625 -57.50243377685547 3.27838397026062 -213.1168212890625 -57.50243377685547 4.150766849517822 -213.7760009765625 -57.50243377685547 5.101434230804443 -214.32659912109375 -57.50243377685547 6.118846893310547 -214.76193237304688 -57.50243377685547 7.1906561851501465 -215.0767059326172 -57.50243377685547 8.303849220275879 -215.26712036132812 -57.50243377685547 9.444913864135742 -104.83084869384766 -59.50243377685547 23.600000381469727 -204.83084106445312 -59.50243377685547 23.600000381469727 -206.10507202148438 -59.50243377685547 23.53740119934082 -207.3670196533203 -59.50243377685547 23.350208282470703 -208.60455322265625 -59.50243377685547 23.040224075317383 -209.80572509765625 -59.50243377685547 22.61043357849121 -210.95899963378906 -59.50243377685547 22.06497573852539 -212.05325317382812 -59.50243377685547 21.40910530090332 -213.0779571533203 -59.50243377685547 20.64913558959961 -214.0232391357422 -59.50243377685547 19.792388916015625 -214.87998962402344 -59.50243377685547 18.84711265563965 -215.63995361328125 -59.50243377685547 17.822412490844727 -216.2958221435547 -59.50243377685547 16.728158950805664 -216.84127807617188 -59.50243377685547 15.574885368347168 -217.2710723876953 -59.50243377685547 14.373701095581055 -217.5810546875 -59.50243377685547 13.136174201965332 -217.76824951171875 -59.50243377685547 11.874222755432129 -217.83084106445312 -59.50243377685547 10.600000381469727 -217.76824951171875 -59.50243377685547 9.325777053833008 -217.5810546875 -59.50243377685547 8.063825607299805 -217.2710723876953 -59.50243377685547 6.82629919052124 -216.84127807617188 -59.50243377685547 5.625114917755127 -216.2958221435547 -59.50243377685547 4.471841812133789 -215.63995361328125 -59.50243377685547 3.377587080001831 -214.87998962402344 -59.50243377685547 2.352886915206909 -214.0232391357422 -59.50243377685547 1.4076119661331177 -213.0779571533203 -59.50243377685547 0.5508639812469482 -212.05325317382812 -59.50243377685547 -0.2091049998998642 -210.95899963378906 -59.50243377685547 -0.8649770021438599 -209.80572509765625 -59.50243377685547 -1.4104340076446533 -208.60455322265625 -59.50243377685547 -1.840224027633667 -207.3670196533203 -59.50243377685547 -2.1502089500427246 -206.10507202148438 -59.50243377685547 -2.3374009132385254 -204.83084106445312 -59.50243377685547 -2.4000000953674316 -104.83084869384766 -59.50243377685547 -2.4000000953674316 -103.55662536621094 -59.50243377685547 -2.3374009132385254 -102.29467010498047 -59.50243377685547 -2.1502089500427246 -101.05714416503906 -59.50243377685547 -1.840224027633667 -99.85596466064453 -59.50243377685547 -1.4104340076446533 -98.70269012451172 -59.50243377685547 -0.8649759888648987 -97.60843658447266 -59.50243377685547 -0.2091049998998642 -96.58373260498047 -59.50243377685547 0.5508639812469482 -95.63845825195312 -59.50243377685547 1.4076119661331177 -94.78170776367188 -59.50243377685547 2.352886915206909 -94.02174377441406 -59.50243377685547 3.377587080001831 -93.3658676147461 -59.50243377685547 4.471841812133789 -92.8204116821289 -59.50243377685547 5.625114917755127 -92.390625 -59.50243377685547 6.82629919052124 -92.08063507080078 -59.50243377685547 8.063825607299805 -91.89344787597656 -59.50243377685547 9.325777053833008 -91.83084869384766 -59.50243377685547 10.600000381469727 -91.89344787597656 -59.50243377685547 11.874222755432129 -92.08063507080078 -59.50243377685547 13.136174201965332 -92.390625 -59.50243377685547 14.373701095581055 -92.8204116821289 -59.50243377685547 15.574885368347168 -93.3658676147461 -59.50243377685547 16.728158950805664 -94.02174377441406 -59.50243377685547 17.822412490844727 -94.78170776367188 -59.50243377685547 18.84711265563965 -95.63845825195312 -59.50243377685547 19.792388916015625 -96.58373260498047 -59.50243377685547 20.64913558959961 -97.60843658447266 -59.50243377685547 21.40910530090332 -98.70269012451172 -59.50243377685547 22.06497573852539 -99.85596466064453 -59.50243377685547 22.61043357849121 -101.05714416503906 -59.50243377685547 23.040224075317383 -102.29467010498047 -59.50243377685547 23.350208282470703 -103.55662536621094 -59.50243377685547 23.53740119934082 -210.88059997558594 -57.50243377685547 15.549747467041016 -210.84310913085938 -57.50243377685547 15.834447860717773 -210.73321533203125 -57.50243377685547 16.099746704101562 -210.55841064453125 -57.50243377685547 16.327564239501953 -210.33059692382812 -57.50243377685547 16.50237464904785 -210.06529235839844 -57.50243377685547 16.612266540527344 -209.7805938720703 -57.50243377685547 16.649747848510742 -209.4958953857422 -57.50243377685547 16.612266540527344 -209.2305908203125 -57.50243377685547 16.50237464904785 -209.00277709960938 -57.50243377685547 16.327564239501953 -208.82797241210938 -57.50243377685547 16.099746704101562 -208.71807861328125 -57.50243377685547 15.834447860717773 -208.6805877685547 -57.50243377685547 15.549747467041016 -208.71807861328125 -57.50243377685547 15.265047073364258 -208.82797241210938 -57.50243377685547 14.999747276306152 -209.00277709960938 -57.50243377685547 14.771929740905762 -209.2305908203125 -57.50243377685547 14.59712028503418 -209.4958953857422 -57.50243377685547 14.487229347229004 -209.7805938720703 -57.50243377685547 14.449747085571289 -210.06529235839844 -57.50243377685547 14.487229347229004 -210.33059692382812 -57.50243377685547 14.59712028503418 -210.55841064453125 -57.50243377685547 14.771929740905762 -210.73321533203125 -57.50243377685547 14.999747276306152 -210.84310913085938 -57.50243377685547 15.265047073364258 -200.98109436035156 -57.50243377685547 5.650252819061279 -200.94361877441406 -57.50243377685547 5.9349541664123535 -200.83372497558594 -57.50243377685547 6.200253009796143 -200.65892028808594 -57.50243377685547 6.428070068359375 -200.4311065673828 -57.50243377685547 6.602880001068115 -200.16580200195312 -57.50243377685547 6.712770938873291 -199.881103515625 -57.50243377685547 6.750253200531006 -199.59640502929688 -57.50243377685547 6.712770938873291 -199.3311004638672 -57.50243377685547 6.602880001068115 -199.10328674316406 -57.50243377685547 6.428070068359375 -198.928466796875 -57.50243377685547 6.200253009796143 -198.81857299804688 -57.50243377685547 5.9349541664123535 -198.78109741210938 -57.50243377685547 5.650252819061279 -198.81857299804688 -57.50243377685547 5.365551948547363 -198.928466796875 -57.50243377685547 5.100253105163574 -199.10328674316406 -57.50243377685547 4.872435092926025 -199.3311004638672 -57.50243377685547 4.697625160217285 -199.59640502929688 -57.50243377685547 4.587734222412109 -199.881103515625 -57.50243377685547 4.550252914428711 -200.16580200195312 -57.50243377685547 4.587734222412109 -200.4311065673828 -57.50243377685547 4.697625160217285 -200.65892028808594 -57.50243377685547 4.872435092926025 -200.83372497558594 -57.50243377685547 5.100253105163574 -200.94361877441406 -57.50243377685547 5.365551948547363 -200.98109436035156 -57.50243377685547 15.549747467041016 -200.94361877441406 -57.50243377685547 15.834447860717773 -200.83372497558594 -57.50243377685547 16.099746704101562 -200.65892028808594 -57.50243377685547 16.327564239501953 -200.4311065673828 -57.50243377685547 16.50237464904785 -200.16580200195312 -57.50243377685547 16.612266540527344 -199.881103515625 -57.50243377685547 16.649747848510742 -199.59640502929688 -57.50243377685547 16.612266540527344 -199.3311004638672 -57.50243377685547 16.50237464904785 -199.10328674316406 -57.50243377685547 16.327564239501953 -198.928466796875 -57.50243377685547 16.099746704101562 -198.81857299804688 -57.50243377685547 15.834447860717773 -198.78109741210938 -57.50243377685547 15.549747467041016 -198.81857299804688 -57.50243377685547 15.265047073364258 -198.928466796875 -57.50243377685547 14.999747276306152 -199.10328674316406 -57.50243377685547 14.771929740905762 -199.3311004638672 -57.50243377685547 14.59712028503418 -199.59640502929688 -57.50243377685547 14.487229347229004 -199.881103515625 -57.50243377685547 14.449747085571289 -200.16580200195312 -57.50243377685547 14.487229347229004 -200.4311065673828 -57.50243377685547 14.59712028503418 -200.65892028808594 -57.50243377685547 14.771929740905762 -200.83372497558594 -57.50243377685547 14.999747276306152 -200.94361877441406 -57.50243377685547 15.265047073364258 -206.53085327148438 -57.50243377685547 10.600000381469727 -206.47291564941406 -57.50243377685547 11.039992332458496 -206.30308532714844 -57.50243377685547 11.449999809265137 -206.03292846679688 -57.50243377685547 11.802082061767578 -205.68084716796875 -57.50243377685547 12.072242736816406 -205.27084350585938 -57.50243377685547 12.242074012756348 -204.83084106445312 -57.50243377685547 12.300000190734863 -204.39085388183594 -57.50243377685547 12.242074012756348 -203.98085021972656 -57.50243377685547 12.072242736816406 -203.62876892089844 -57.50243377685547 11.802082061767578 -203.3585968017578 -57.50243377685547 11.449999809265137 -203.1887664794922 -57.50243377685547 11.039992332458496 -203.13084411621094 -57.50243377685547 10.600000381469727 -203.1887664794922 -57.50243377685547 10.160008430480957 -203.3585968017578 -57.50243377685547 9.75 -203.62876892089844 -57.50243377685547 9.397917747497559 -203.98085021972656 -57.50243377685547 9.12775707244873 -204.39085388183594 -57.50243377685547 8.957925796508789 -204.83084106445312 -57.50243377685547 8.899999618530273 -205.27084350585938 -57.50243377685547 8.957925796508789 -205.68084716796875 -57.50243377685547 9.12775707244873 -206.03292846679688 -57.50243377685547 9.397917747497559 -206.30308532714844 -57.50243377685547 9.75 -206.47291564941406 -57.50243377685547 10.160008430480957 -210.88059997558594 -57.50243377685547 5.650252819061279 -210.84310913085938 -57.50243377685547 5.9349541664123535 -210.73321533203125 -57.50243377685547 6.200253009796143 -210.55841064453125 -57.50243377685547 6.428070068359375 -210.33059692382812 -57.50243377685547 6.602880001068115 -210.06529235839844 -57.50243377685547 6.712770938873291 -209.7805938720703 -57.50243377685547 6.750253200531006 -209.4958953857422 -57.50243377685547 6.712770938873291 -209.2305908203125 -57.50243377685547 6.602880001068115 -209.00277709960938 -57.50243377685547 6.428070068359375 -208.82797241210938 -57.50243377685547 6.200253009796143 -208.71807861328125 -57.50243377685547 5.9349541664123535 -208.6805877685547 -57.50243377685547 5.650252819061279 -208.71807861328125 -57.50243377685547 5.365551948547363 -208.82797241210938 -57.50243377685547 5.100253105163574 -209.00277709960938 -57.50243377685547 4.872435092926025 -209.2305908203125 -57.50243377685547 4.697625160217285 -209.4958953857422 -57.50243377685547 4.587734222412109 -209.7805938720703 -57.50243377685547 4.550252914428711 -210.06529235839844 -57.50243377685547 4.587734222412109 -210.33059692382812 -57.50243377685547 4.697625160217285 -210.55841064453125 -57.50243377685547 4.872435092926025 -210.73321533203125 -57.50243377685547 5.100253105163574 -210.84310913085938 -57.50243377685547 5.365551948547363 -110.8805923461914 -55.00243377685547 15.549747467041016 -110.84310913085938 -55.00243377685547 15.834447860717773 -110.73322296142578 -55.00243377685547 16.099746704101562 -110.55841064453125 -55.00243377685547 16.327564239501953 -110.3305892944336 -55.00243377685547 16.50237464904785 -110.06529235839844 -55.00243377685547 16.612266540527344 -109.78059387207031 -55.00243377685547 16.649747848510742 -109.49589538574219 -55.00243377685547 16.612266540527344 -109.2305908203125 -55.00243377685547 16.50237464904785 -109.00277709960938 -55.00243377685547 16.327564239501953 -108.82796478271484 -55.00243377685547 16.099746704101562 -108.71807861328125 -55.00243377685547 15.834447860717773 -108.68059539794922 -55.00243377685547 15.549747467041016 -108.71807861328125 -55.00243377685547 15.265047073364258 -108.82796478271484 -55.00243377685547 14.999747276306152 -109.00277709960938 -55.00243377685547 14.771929740905762 -109.2305908203125 -55.00243377685547 14.59712028503418 -109.49589538574219 -55.00243377685547 14.487229347229004 -109.78059387207031 -55.00243377685547 14.449747085571289 -110.06529235839844 -55.00243377685547 14.487229347229004 -110.3305892944336 -55.00243377685547 14.59712028503418 -110.55841064453125 -55.00243377685547 14.771929740905762 -110.73322296142578 -55.00243377685547 14.999747276306152 -110.84310913085938 -55.00243377685547 15.265047073364258 -110.8805923461914 -57.50243377685547 15.549747467041016 -110.84310913085938 -57.50243377685547 15.265047073364258 -110.73322296142578 -57.50243377685547 14.999747276306152 -110.55841064453125 -57.50243377685547 14.771929740905762 -110.3305892944336 -57.50243377685547 14.59712028503418 -110.06529235839844 -57.50243377685547 14.487229347229004 -109.78059387207031 -57.50243377685547 14.449747085571289 -109.49589538574219 -57.50243377685547 14.487229347229004 -109.2305908203125 -57.50243377685547 14.59712028503418 -109.00277709960938 -57.50243377685547 14.771929740905762 -108.82796478271484 -57.50243377685547 14.999747276306152 -108.71807861328125 -57.50243377685547 15.265047073364258 -108.68059539794922 -57.50243377685547 15.549747467041016 -108.71807861328125 -57.50243377685547 15.834447860717773 -108.82796478271484 -57.50243377685547 16.099746704101562 -109.00277709960938 -57.50243377685547 16.327564239501953 -109.2305908203125 -57.50243377685547 16.50237464904785 -109.49589538574219 -57.50243377685547 16.612266540527344 -109.78059387207031 -57.50243377685547 16.649747848510742 -110.06529235839844 -57.50243377685547 16.612266540527344 -110.3305892944336 -57.50243377685547 16.50237464904785 -110.55841064453125 -57.50243377685547 16.327564239501953 -110.73322296142578 -57.50243377685547 16.099746704101562 -110.84310913085938 -57.50243377685547 15.834447860717773 -110.8805923461914 -55.00243377685547 5.650252819061279 -110.84310913085938 -55.00243377685547 5.9349541664123535 -110.73322296142578 -55.00243377685547 6.200253009796143 -110.55841064453125 -55.00243377685547 6.428070068359375 -110.3305892944336 -55.00243377685547 6.602880001068115 -110.06529235839844 -55.00243377685547 6.712770938873291 -109.78059387207031 -55.00243377685547 6.750253200531006 -109.49589538574219 -55.00243377685547 6.712770938873291 -109.2305908203125 -55.00243377685547 6.602880001068115 -109.00277709960938 -55.00243377685547 6.428070068359375 -108.82796478271484 -55.00243377685547 6.200253009796143 -108.71807861328125 -55.00243377685547 5.9349541664123535 -108.68059539794922 -55.00243377685547 5.650252819061279 -108.71807861328125 -55.00243377685547 5.365551948547363 -108.82796478271484 -55.00243377685547 5.100253105163574 -109.00277709960938 -55.00243377685547 4.872435092926025 -109.2305908203125 -55.00243377685547 4.697625160217285 -109.49589538574219 -55.00243377685547 4.587734222412109 -109.78059387207031 -55.00243377685547 4.550252914428711 -110.06529235839844 -55.00243377685547 4.587734222412109 -110.3305892944336 -55.00243377685547 4.697625160217285 -110.55841064453125 -55.00243377685547 4.872435092926025 -110.73322296142578 -55.00243377685547 5.100253105163574 -110.84310913085938 -55.00243377685547 5.365551948547363 -110.8805923461914 -57.50243377685547 5.650252819061279 -110.84310913085938 -57.50243377685547 5.365551948547363 -110.73322296142578 -57.50243377685547 5.100253105163574 -110.55841064453125 -57.50243377685547 4.872435092926025 -110.3305892944336 -57.50243377685547 4.697625160217285 -110.06529235839844 -57.50243377685547 4.587734222412109 -109.78059387207031 -57.50243377685547 4.550252914428711 -109.49589538574219 -57.50243377685547 4.587734222412109 -109.2305908203125 -57.50243377685547 4.697625160217285 -109.00277709960938 -57.50243377685547 4.872435092926025 -108.82796478271484 -57.50243377685547 5.100253105163574 -108.71807861328125 -57.50243377685547 5.365551948547363 -108.68059539794922 -57.50243377685547 5.650252819061279 -108.71807861328125 -57.50243377685547 5.9349541664123535 -108.82796478271484 -57.50243377685547 6.200253009796143 -109.00277709960938 -57.50243377685547 6.428070068359375 -109.2305908203125 -57.50243377685547 6.602880001068115 -109.49589538574219 -57.50243377685547 6.712770938873291 -109.78059387207031 -57.50243377685547 6.750253200531006 -110.06529235839844 -57.50243377685547 6.712770938873291 -110.3305892944336 -57.50243377685547 6.602880001068115 -110.55841064453125 -57.50243377685547 6.428070068359375 -110.73322296142578 -57.50243377685547 6.200253009796143 -110.84310913085938 -57.50243377685547 5.9349541664123535 -106.53084564208984 -55.00243377685547 10.600000381469727 -106.4729232788086 -55.00243377685547 11.039992332458496 -106.30308532714844 -55.00243377685547 11.449999809265137 -106.03292846679688 -55.00243377685547 11.802082061767578 -105.68084716796875 -55.00243377685547 12.072242736816406 -105.27083587646484 -55.00243377685547 12.242074012756348 -104.83084869384766 -55.00243377685547 12.300000190734863 -104.39085388183594 -55.00243377685547 12.242074012756348 -103.98084259033203 -55.00243377685547 12.072242736816406 -103.6287612915039 -55.00243377685547 11.802082061767578 -103.35860443115234 -55.00243377685547 11.449999809265137 -103.18877410888672 -55.00243377685547 11.039992332458496 -103.13084411621094 -55.00243377685547 10.600000381469727 -103.18877410888672 -55.00243377685547 10.160008430480957 -103.35860443115234 -55.00243377685547 9.75 -103.6287612915039 -55.00243377685547 9.397917747497559 -103.98084259033203 -55.00243377685547 9.12775707244873 -104.39085388183594 -55.00243377685547 8.957925796508789 -104.83084869384766 -55.00243377685547 8.899999618530273 -105.27083587646484 -55.00243377685547 8.957925796508789 -105.68084716796875 -55.00243377685547 9.12775707244873 -106.03292846679688 -55.00243377685547 9.397917747497559 -106.30308532714844 -55.00243377685547 9.75 -106.4729232788086 -55.00243377685547 10.160008430480957 -106.53084564208984 -57.50243377685547 10.600000381469727 -106.4729232788086 -57.50243377685547 10.160008430480957 -106.30308532714844 -57.50243377685547 9.75 -106.03292846679688 -57.50243377685547 9.397917747497559 -105.68084716796875 -57.50243377685547 9.12775707244873 -105.27083587646484 -57.50243377685547 8.957925796508789 -104.83084869384766 -57.50243377685547 8.899999618530273 -104.39085388183594 -57.50243377685547 8.957925796508789 -103.98084259033203 -57.50243377685547 9.12775707244873 -103.6287612915039 -57.50243377685547 9.397917747497559 -103.35860443115234 -57.50243377685547 9.75 -103.18877410888672 -57.50243377685547 10.160008430480957 -103.13084411621094 -57.50243377685547 10.600000381469727 -103.18877410888672 -57.50243377685547 11.039992332458496 -103.35860443115234 -57.50243377685547 11.449999809265137 -103.6287612915039 -57.50243377685547 11.802082061767578 -103.98084259033203 -57.50243377685547 12.072242736816406 -104.39085388183594 -57.50243377685547 12.242074012756348 -104.83084869384766 -57.50243377685547 12.300000190734863 -105.27083587646484 -57.50243377685547 12.242074012756348 -105.68084716796875 -57.50243377685547 12.072242736816406 -106.03292846679688 -57.50243377685547 11.802082061767578 -106.30308532714844 -57.50243377685547 11.449999809265137 -106.4729232788086 -57.50243377685547 11.039992332458496 -100.9811019897461 -55.00243377685547 15.549747467041016 -100.94361877441406 -55.00243377685547 15.834447860717773 -100.83372497558594 -55.00243377685547 16.099746704101562 -100.6589126586914 -55.00243377685547 16.327564239501953 -100.43109893798828 -55.00243377685547 16.50237464904785 -100.16580200195312 -55.00243377685547 16.612266540527344 -99.88109588623047 -55.00243377685547 16.649747848510742 -99.59639739990234 -55.00243377685547 16.612266540527344 -99.33110046386719 -55.00243377685547 16.50237464904785 -99.10327911376953 -55.00243377685547 16.327564239501953 -98.92847442626953 -55.00243377685547 16.099746704101562 -98.8185806274414 -55.00243377685547 15.834447860717773 -98.78109741210938 -55.00243377685547 15.549747467041016 -98.8185806274414 -55.00243377685547 15.265047073364258 -98.92847442626953 -55.00243377685547 14.999747276306152 -99.10327911376953 -55.00243377685547 14.771929740905762 -99.33110046386719 -55.00243377685547 14.59712028503418 -99.59639739990234 -55.00243377685547 14.487229347229004 -99.88109588623047 -55.00243377685547 14.449747085571289 -100.16580200195312 -55.00243377685547 14.487229347229004 -100.43109893798828 -55.00243377685547 14.59712028503418 -100.6589126586914 -55.00243377685547 14.771929740905762 -100.83372497558594 -55.00243377685547 14.999747276306152 -100.94361877441406 -55.00243377685547 15.265047073364258 -100.9811019897461 -57.50243377685547 15.549747467041016 -100.94361877441406 -57.50243377685547 15.265047073364258 -100.83372497558594 -57.50243377685547 14.999747276306152 -100.6589126586914 -57.50243377685547 14.771929740905762 -100.43109893798828 -57.50243377685547 14.59712028503418 -100.16580200195312 -57.50243377685547 14.487229347229004 -99.88109588623047 -57.50243377685547 14.449747085571289 -99.59639739990234 -57.50243377685547 14.487229347229004 -99.33110046386719 -57.50243377685547 14.59712028503418 -99.10327911376953 -57.50243377685547 14.771929740905762 -98.92847442626953 -57.50243377685547 14.999747276306152 -98.8185806274414 -57.50243377685547 15.265047073364258 -98.78109741210938 -57.50243377685547 15.549747467041016 -98.8185806274414 -57.50243377685547 15.834447860717773 -98.92847442626953 -57.50243377685547 16.099746704101562 -99.10327911376953 -57.50243377685547 16.327564239501953 -99.33110046386719 -57.50243377685547 16.50237464904785 -99.59639739990234 -57.50243377685547 16.612266540527344 -99.88109588623047 -57.50243377685547 16.649747848510742 -100.16580200195312 -57.50243377685547 16.612266540527344 -100.43109893798828 -57.50243377685547 16.50237464904785 -100.6589126586914 -57.50243377685547 16.327564239501953 -100.83372497558594 -57.50243377685547 16.099746704101562 -100.94361877441406 -57.50243377685547 15.834447860717773 -210.88059997558594 -55.00243377685547 15.549747467041016 -210.84310913085938 -55.00243377685547 15.834447860717773 -210.73321533203125 -55.00243377685547 16.099746704101562 -210.55841064453125 -55.00243377685547 16.327564239501953 -210.33059692382812 -55.00243377685547 16.50237464904785 -210.06529235839844 -55.00243377685547 16.612266540527344 -209.7805938720703 -55.00243377685547 16.649747848510742 -209.4958953857422 -55.00243377685547 16.612266540527344 -209.2305908203125 -55.00243377685547 16.50237464904785 -209.00277709960938 -55.00243377685547 16.327564239501953 -208.82797241210938 -55.00243377685547 16.099746704101562 -208.71807861328125 -55.00243377685547 15.834447860717773 -208.6805877685547 -55.00243377685547 15.549747467041016 -208.71807861328125 -55.00243377685547 15.265047073364258 -208.82797241210938 -55.00243377685547 14.999747276306152 -209.00277709960938 -55.00243377685547 14.771929740905762 -209.2305908203125 -55.00243377685547 14.59712028503418 -209.4958953857422 -55.00243377685547 14.487229347229004 -209.7805938720703 -55.00243377685547 14.449747085571289 -210.06529235839844 -55.00243377685547 14.487229347229004 -210.33059692382812 -55.00243377685547 14.59712028503418 -210.55841064453125 -55.00243377685547 14.771929740905762 -210.73321533203125 -55.00243377685547 14.999747276306152 -210.84310913085938 -55.00243377685547 15.265047073364258 -200.98109436035156 -55.00243377685547 5.650252819061279 -200.94361877441406 -55.00243377685547 5.9349541664123535 -200.83372497558594 -55.00243377685547 6.200253009796143 -200.65892028808594 -55.00243377685547 6.428070068359375 -200.4311065673828 -55.00243377685547 6.602880001068115 -200.16580200195312 -55.00243377685547 6.712770938873291 -199.881103515625 -55.00243377685547 6.750253200531006 -199.59640502929688 -55.00243377685547 6.712770938873291 -199.3311004638672 -55.00243377685547 6.602880001068115 -199.10328674316406 -55.00243377685547 6.428070068359375 -198.928466796875 -55.00243377685547 6.200253009796143 -198.81857299804688 -55.00243377685547 5.9349541664123535 -198.78109741210938 -55.00243377685547 5.650252819061279 -198.81857299804688 -55.00243377685547 5.365551948547363 -198.928466796875 -55.00243377685547 5.100253105163574 -199.10328674316406 -55.00243377685547 4.872435092926025 -199.3311004638672 -55.00243377685547 4.697625160217285 -199.59640502929688 -55.00243377685547 4.587734222412109 -199.881103515625 -55.00243377685547 4.550252914428711 -200.16580200195312 -55.00243377685547 4.587734222412109 -200.4311065673828 -55.00243377685547 4.697625160217285 -200.65892028808594 -55.00243377685547 4.872435092926025 -200.83372497558594 -55.00243377685547 5.100253105163574 -200.94361877441406 -55.00243377685547 5.365551948547363 -200.98109436035156 -55.00243377685547 15.549747467041016 -200.94361877441406 -55.00243377685547 15.834447860717773 -200.83372497558594 -55.00243377685547 16.099746704101562 -200.65892028808594 -55.00243377685547 16.327564239501953 -200.4311065673828 -55.00243377685547 16.50237464904785 -200.16580200195312 -55.00243377685547 16.612266540527344 -199.881103515625 -55.00243377685547 16.649747848510742 -199.59640502929688 -55.00243377685547 16.612266540527344 -199.3311004638672 -55.00243377685547 16.50237464904785 -199.10328674316406 -55.00243377685547 16.327564239501953 -198.928466796875 -55.00243377685547 16.099746704101562 -198.81857299804688 -55.00243377685547 15.834447860717773 -198.78109741210938 -55.00243377685547 15.549747467041016 -198.81857299804688 -55.00243377685547 15.265047073364258 -198.928466796875 -55.00243377685547 14.999747276306152 -199.10328674316406 -55.00243377685547 14.771929740905762 -199.3311004638672 -55.00243377685547 14.59712028503418 -199.59640502929688 -55.00243377685547 14.487229347229004 -199.881103515625 -55.00243377685547 14.449747085571289 -200.16580200195312 -55.00243377685547 14.487229347229004 -200.4311065673828 -55.00243377685547 14.59712028503418 -200.65892028808594 -55.00243377685547 14.771929740905762 -200.83372497558594 -55.00243377685547 14.999747276306152 -200.94361877441406 -55.00243377685547 15.265047073364258 -206.53085327148438 -55.00243377685547 10.600000381469727 -206.47291564941406 -55.00243377685547 11.039992332458496 -206.30308532714844 -55.00243377685547 11.449999809265137 -206.03292846679688 -55.00243377685547 11.802082061767578 -205.68084716796875 -55.00243377685547 12.072242736816406 -205.27084350585938 -55.00243377685547 12.242074012756348 -204.83084106445312 -55.00243377685547 12.300000190734863 -204.39085388183594 -55.00243377685547 12.242074012756348 -203.98085021972656 -55.00243377685547 12.072242736816406 -203.62876892089844 -55.00243377685547 11.802082061767578 -203.3585968017578 -55.00243377685547 11.449999809265137 -203.1887664794922 -55.00243377685547 11.039992332458496 -203.13084411621094 -55.00243377685547 10.600000381469727 -203.1887664794922 -55.00243377685547 10.160008430480957 -203.3585968017578 -55.00243377685547 9.75 -203.62876892089844 -55.00243377685547 9.397917747497559 -203.98085021972656 -55.00243377685547 9.12775707244873 -204.39085388183594 -55.00243377685547 8.957925796508789 -204.83084106445312 -55.00243377685547 8.899999618530273 -205.27084350585938 -55.00243377685547 8.957925796508789 -205.68084716796875 -55.00243377685547 9.12775707244873 -206.03292846679688 -55.00243377685547 9.397917747497559 -206.30308532714844 -55.00243377685547 9.75 -206.47291564941406 -55.00243377685547 10.160008430480957 -100.9811019897461 -55.00243377685547 5.650252819061279 -100.94361877441406 -55.00243377685547 5.9349541664123535 -100.83372497558594 -55.00243377685547 6.200253009796143 -100.6589126586914 -55.00243377685547 6.428070068359375 -100.43109893798828 -55.00243377685547 6.602880001068115 -100.16580200195312 -55.00243377685547 6.712770938873291 -99.88109588623047 -55.00243377685547 6.750253200531006 -99.59639739990234 -55.00243377685547 6.712770938873291 -99.33110046386719 -55.00243377685547 6.602880001068115 -99.10327911376953 -55.00243377685547 6.428070068359375 -98.92847442626953 -55.00243377685547 6.200253009796143 -98.8185806274414 -55.00243377685547 5.9349541664123535 -98.78109741210938 -55.00243377685547 5.650252819061279 -98.8185806274414 -55.00243377685547 5.365551948547363 -98.92847442626953 -55.00243377685547 5.100253105163574 -99.10327911376953 -55.00243377685547 4.872435092926025 -99.33110046386719 -55.00243377685547 4.697625160217285 -99.59639739990234 -55.00243377685547 4.587734222412109 -99.88109588623047 -55.00243377685547 4.550252914428711 -100.16580200195312 -55.00243377685547 4.587734222412109 -100.43109893798828 -55.00243377685547 4.697625160217285 -100.6589126586914 -55.00243377685547 4.872435092926025 -100.83372497558594 -55.00243377685547 5.100253105163574 -100.94361877441406 -55.00243377685547 5.365551948547363 -100.9811019897461 -57.50243377685547 5.650252819061279 -100.94361877441406 -57.50243377685547 5.365551948547363 -100.83372497558594 -57.50243377685547 5.100253105163574 -100.6589126586914 -57.50243377685547 4.872435092926025 -100.43109893798828 -57.50243377685547 4.697625160217285 -100.16580200195312 -57.50243377685547 4.587734222412109 -99.88109588623047 -57.50243377685547 4.550252914428711 -99.59639739990234 -57.50243377685547 4.587734222412109 -99.33110046386719 -57.50243377685547 4.697625160217285 -99.10327911376953 -57.50243377685547 4.872435092926025 -98.92847442626953 -57.50243377685547 5.100253105163574 -98.8185806274414 -57.50243377685547 5.365551948547363 -98.78109741210938 -57.50243377685547 5.650252819061279 -98.8185806274414 -57.50243377685547 5.9349541664123535 -98.92847442626953 -57.50243377685547 6.200253009796143 -99.10327911376953 -57.50243377685547 6.428070068359375 -99.33110046386719 -57.50243377685547 6.602880001068115 -99.59639739990234 -57.50243377685547 6.712770938873291 -99.88109588623047 -57.50243377685547 6.750253200531006 -100.16580200195312 -57.50243377685547 6.712770938873291 -100.43109893798828 -57.50243377685547 6.602880001068115 -100.6589126586914 -57.50243377685547 6.428070068359375 -100.83372497558594 -57.50243377685547 6.200253009796143 -100.94361877441406 -57.50243377685547 5.9349541664123535 -210.88059997558594 -55.00243377685547 5.650252819061279 -210.84310913085938 -55.00243377685547 5.9349541664123535 -210.73321533203125 -55.00243377685547 6.200253009796143 -210.55841064453125 -55.00243377685547 6.428070068359375 -210.33059692382812 -55.00243377685547 6.602880001068115 -210.06529235839844 -55.00243377685547 6.712770938873291 -209.7805938720703 -55.00243377685547 6.750253200531006 -209.4958953857422 -55.00243377685547 6.712770938873291 -209.2305908203125 -55.00243377685547 6.602880001068115 -209.00277709960938 -55.00243377685547 6.428070068359375 -208.82797241210938 -55.00243377685547 6.200253009796143 -208.71807861328125 -55.00243377685547 5.9349541664123535 -208.6805877685547 -55.00243377685547 5.650252819061279 -208.71807861328125 -55.00243377685547 5.365551948547363 -208.82797241210938 -55.00243377685547 5.100253105163574 -209.00277709960938 -55.00243377685547 4.872435092926025 -209.2305908203125 -55.00243377685547 4.697625160217285 -209.4958953857422 -55.00243377685547 4.587734222412109 -209.7805938720703 -55.00243377685547 4.550252914428711 -210.06529235839844 -55.00243377685547 4.587734222412109 -210.33059692382812 -55.00243377685547 4.697625160217285 -210.55841064453125 -55.00243377685547 4.872435092926025 -210.73321533203125 -55.00243377685547 5.100253105163574 -210.84310913085938 -55.00243377685547 5.365551948547363 -204.83084106445312 -55.00243377685547 23.600000381469727 -206.10507202148438 -55.00243377685547 23.53740119934082 -207.3670196533203 -55.00243377685547 23.350208282470703 -208.60455322265625 -55.00243377685547 23.040224075317383 -209.80572509765625 -55.00243377685547 22.61043357849121 -210.95899963378906 -55.00243377685547 22.06497573852539 -212.05325317382812 -55.00243377685547 21.40910530090332 -213.0779571533203 -55.00243377685547 20.64913558959961 -214.0232391357422 -55.00243377685547 19.792388916015625 -214.87998962402344 -55.00243377685547 18.84711265563965 -215.63995361328125 -55.00243377685547 17.822412490844727 -216.2958221435547 -55.00243377685547 16.728158950805664 -216.84127807617188 -55.00243377685547 15.574885368347168 -217.2710723876953 -55.00243377685547 14.373701095581055 -217.5810546875 -55.00243377685547 13.136174201965332 -217.76824951171875 -55.00243377685547 11.874222755432129 -217.83084106445312 -55.00243377685547 10.600000381469727 -217.76824951171875 -55.00243377685547 9.325777053833008 -217.5810546875 -55.00243377685547 8.063825607299805 -217.2710723876953 -55.00243377685547 6.82629919052124 -216.84127807617188 -55.00243377685547 5.625114917755127 -216.2958221435547 -55.00243377685547 4.471841812133789 -215.63995361328125 -55.00243377685547 3.377587080001831 -214.87998962402344 -55.00243377685547 2.352886915206909 -214.0232391357422 -55.00243377685547 1.4076119661331177 -213.0779571533203 -55.00243377685547 0.5508639812469482 -212.05325317382812 -55.00243377685547 -0.2091049998998642 -210.95899963378906 -55.00243377685547 -0.8649770021438599 -209.80572509765625 -55.00243377685547 -1.4104340076446533 -208.60455322265625 -55.00243377685547 -1.840224027633667 -207.3670196533203 -55.00243377685547 -2.1502089500427246 -206.10507202148438 -55.00243377685547 -2.3374009132385254 -204.83084106445312 -55.00243377685547 -2.4000000953674316 -104.83084869384766 -55.00243377685547 -2.4000000953674316 -103.55662536621094 -55.00243377685547 -2.3374009132385254 -102.29467010498047 -55.00243377685547 -2.1502089500427246 -101.05714416503906 -55.00243377685547 -1.840224027633667 -99.85596466064453 -55.00243377685547 -1.4104340076446533 -98.70269012451172 -55.00243377685547 -0.8649759888648987 -97.60843658447266 -55.00243377685547 -0.2091049998998642 -96.58373260498047 -55.00243377685547 0.5508639812469482 -95.63845825195312 -55.00243377685547 1.4076119661331177 -94.78170776367188 -55.00243377685547 2.352886915206909 -94.02174377441406 -55.00243377685547 3.377587080001831 -93.3658676147461 -55.00243377685547 4.471841812133789 -92.8204116821289 -55.00243377685547 5.625114917755127 -92.390625 -55.00243377685547 6.82629919052124 -92.08063507080078 -55.00243377685547 8.063825607299805 -91.89344787597656 -55.00243377685547 9.325777053833008 -91.83084869384766 -55.00243377685547 10.600000381469727 -91.89344787597656 -55.00243377685547 11.874222755432129 -92.08063507080078 -55.00243377685547 13.136174201965332 -92.390625 -55.00243377685547 14.373701095581055 -92.8204116821289 -55.00243377685547 15.574885368347168 -93.3658676147461 -55.00243377685547 16.728158950805664 -94.02174377441406 -55.00243377685547 17.822412490844727 -94.78170776367188 -55.00243377685547 18.84711265563965 -95.63845825195312 -55.00243377685547 19.792388916015625 -96.58373260498047 -55.00243377685547 20.64913558959961 -97.60843658447266 -55.00243377685547 21.40910530090332 -98.70269012451172 -55.00243377685547 22.06497573852539 -99.85596466064453 -55.00243377685547 22.61043357849121 -101.05714416503906 -55.00243377685547 23.040224075317383 -102.29467010498047 -55.00243377685547 23.350208282470703 -103.55662536621094 -55.00243377685547 23.53740119934082 -104.83084869384766 -55.00243377685547 23.600000381469727 </float_array>
          <technique_common>
            <accessor source="#mesh_1-position-array" count="1088" stride="3">
              <param name="X" type="float" />
              <param name="Y" type="float" />
              <param name="Z" type="float" />
            </accessor>
          </technique_common>
        </source>
        <source id="mesh_1-texcoord" name="texcoord">
          <float_array id="mesh_1-texcoord-array" count="4500">0.45 0.19635 -0 0.19635 0.45 0.14025 -0 0.14025 0.45 0.08415 -0 0.08415 0.45 0.02805 -0 0.02805 0.45 -0.02805 -0 -0.02805 0.45 -0.08415 -0 -0.08415 0.45 -0.14025 -0 -0.14025 0.45 -0.19635 -0 -0.19635 -2.825 -0 -0.25 -0 -2.825 0.45 -0.25 0.45 0.45 0.19635 0 0.19635 0.45 0.14025 0 0.14025 0.45 0.08415 0 0.08415 0.45 0.02805 0 0.02805 0.45 -0.02805 0 -0.02805 0.45 -0.08415 0 -0.08415 0.45 -0.14025 0 -0.14025 0.45 -0.19635 0 -0.19635 -0.25 0.45 -1.35 0.45 -0.25 -0 -1.35 0 0.45 0.19635 -0 0.19635 0.45 0.14025 0 0.14025 0.45 0.08415 0 0.08415 0.45 0.02805 0 0.02805 0.45 -0.02805 0 -0.02805 0.45 -0.08415 0 -0.08415 0.45 -0.14025 0 -0.14025 0.45 -0.19635 0 -0.19635 -0.25 0.45 -2.825 0.45 -0.25 -0 -2.825 -0 0.45 0.19635 -0 0.19635 0.45 0.14025 -0 0.14025 0.45 0.08415 -0 0.08415 0.45 0.02805 -0 0.02805 0.45 -0.02805 -0 -0.02805 0.45 -0.08415 -0 -0.08415 0.45 -0.14025 -0 -0.14025 0.45 -0.19635 -0 -0.19635 -0.25 0.45 -1.35 0.45 -0.25 -0 -1.35 -0 0.45 0.19635 -0 0.19635 0.45 0.14025 -0 0.14025 0.45 0.08415 -0 0.08415 0.45 0.02805 -0 0.02805 0.45 -0.02805 -0 -0.02805 0.45 -0.08415 -0 -0.08415 0.45 -0.14025 -0 -0.14025 0.45 -0.19635 -0 -0.19635 -2.825 -0 -0.25 -0 -2.825 0.45 -0.25 0.45 0.45 0.19635 -0 0.19635 0.45 0.14025 -0 0.14025 0.45 0.08415 -0 0.08415 0.45 0.02805 -0 0.02805 0.45 -0.02805 -0 -0.02805 0.45 -0.08415 -0 -0.08415 0.45 -0.14025 -0 -0.14025 0.45 -0.19635 -0 -0.19635 -1.35 -0 -0.25 -0 -1.35 0.45 -0.25 0.45 0.45 0.19635 0 0.19635 0.45 0.14025 0 0.14025 0.45 0.08415 0 0.08415 0.45 0.02805 0 0.02805 0.45 -0.02805 0 -0.02805 0.45 -0.08415 0 -0.08415 0.45 -0.14025 0 -0.14025 0.45 -0.19635 0 -0.19635 -0.25 0.45 -1.35 0.45 -0.25 -0 -1.35 0 0.45 0.19635 0 0.19635 0.45 0.14025 0 0.14025 0.45 0.08415 0 0.08415 0.45 0.02805 0 0.02805 0.45 -0.02805 0 -0.02805 0.45 -0.08415 0 -0.08415 0.45 -0.14025 0 -0.14025 0.45 -0.19635 0 -0.19635 -0.25 0.45 -2.825 0.45 -0.25 -0 -2.825 -0 -0.45 -0.489565 -0.7 -0.489565 -0.45 -0.534071 -0.7 -0.534071 -0.45 0.534071 -0.7 0.534071 -0.45 0.489565 -0.7 0.489565 -0.45 0.445059 -0.7 0.445059 -0.45 0.400553 -0.7 0.400553 -0.45 0.356047 -0.7 0.356047 -0.45 0.311541 -0.7 0.311541 -0.45 0.267035 -0.7 0.267035 -0.45 0.222529 -0.7 0.222529 -0.45 0.178024 -0.7 0.178024 -0.45 0.133518 -0.7 0.133518 -0.45 0.089012 -0.7 0.089012 -0.45 0.044506 -0.7 0.044506 -0.45 -0 -0.7 -0 -0.45 -0.044506 -0.7 -0.044506 -0.45 -0.089012 -0.7 -0.089012 -0.45 -0.133518 -0.7 -0.133518 -0.45 -0.178024 -0.7 -0.178024 -0.45 -0.222529 -0.7 -0.222529 -0.45 -0.267035 -0.7 -0.267035 -0.45 -0.311541 -0.7 -0.311541 -0.45 -0.356047 -0.7 -0.356047 -0.45 -0.400553 -0.7 -0.400553 -0.45 -0.445059 -0.7 -0.445059 0.2 -1.178097 0 -1.178097 0.2 -1.247397 0 -1.247397 0.2 -1.316697 0 -1.316697 0.2 -1.385997 0 -1.385997 0.2 -1.455297 0 -1.455297 0.2 -1.524596 0 -1.524596 0.2 -1.593896 0 -1.593896 0.2 -1.663196 0 -1.663196 0.2 -1.732496 0 -1.732496 0.2 -1.801796 0 -1.801796 0.2 -1.871096 0 -1.871096 0.2 -1.940395 0 -1.940395 0.2 -2.009695 0 -2.009695 0.2 -2.078995 0 -2.078995 0.2 -2.148295 0 -2.148295 0.2 -2.217595 0 -2.217595 0.2 -2.286895 0 -2.286895 0.2 -2.356194 0 -2.356194 -1.8 0 0 0 -1.8 0.2 0 0.2 0.2 -1.178097 0 -1.178097 0.2 -1.247397 0 -1.247397 0.2 -1.316697 0 -1.316697 0.2 -1.385997 0 -1.385997 0.2 -1.455297 0 -1.455297 0.2 -1.524596 0 -1.524596 0.2 -1.593896 0 -1.593896 0.2 -1.663196 0 -1.663196 0.2 -1.732496 0 -1.732496 0.2 -1.801796 0 -1.801796 0.2 -1.871096 0 -1.871096 0.2 -1.940395 0 -1.940395 0.2 -2.009695 0 -2.009695 0.2 -2.078995 0 -2.078995 0.2 -2.148295 0 -2.148295 0.2 -2.217595 0 -2.217595 0.2 -2.286895 0 -2.286895 0.2 -2.356194 0 -2.356194 -1.8 0 0 0 -1.8 0.2 0 0.2 0.164207 -0.043999 1.2734 -0.034601 0.17 0 1.2734 0.034601 0.164207 0.043999 1.260685 0.102624 0.147224 0.085 1.235686 0.167152 0.120208 0.120208 1.199256 0.225988 0.085 0.147224 1.152636 0.277128 1.097412 0.318831 1.260685 -0.102624 0.147224 -0.085 1.235686 -0.167152 0.120208 -0.120208 1.199256 -0.225988 0.085 -0.147224 1.152636 -0.277128 1.097412 -0.318831 0.9 -0.375 1.035466 -0.349677 0.968906 -0.368615 0.043999 -0.164207 -0 -0.17 -0.9 -0.375 -0.043999 -0.164207 -0.085 -0.147224 -0.120208 -0.120208 -1.199256 -0.225988 -1.152636 -0.277128 -1.097412 -0.318831 -1.235686 -0.167152 -0.147224 -0.085 -1.260685 -0.102624 -0.164207 -0.043999 -1.2734 -0.034601 -0.17 0 -1.2734 0.034601 -0.164207 0.043999 -1.260685 0.102624 -0.147224 0.085 -1.235686 0.167152 -0.120208 0.120208 -1.199256 0.225988 -0.085 0.147224 -1.152636 0.277128 -1.097412 0.318831 -0.9 0.375 -1.035466 0.349677 -0.968906 0.368615 -0.043999 0.164207 -0 0.17 0.9 0.375 0.043999 0.164207 -1.035466 -0.349677 -0.968906 -0.368615 1.035466 0.349677 0.968906 0.368615 0.2 -3.182929 -0 -3.182929 0.2 -3.298672 -0 -3.298672 0.2 3.298672 -0 3.298672 0.2 3.182929 -0 3.182929 0.2 3.067187 0 3.067187 0.2 2.951444 -0 2.951444 0.2 2.835701 0 2.835701 0.2 2.719958 -0 2.719958 0.2 2.604215 0 2.604215 0.2 2.488472 0 2.488472 0.2 2.372729 -0 2.372729 0.2 2.256986 0 2.256986 0.2 2.141243 0 2.141243 0.2 2.025501 0 2.025501 0.2 1.909758 0 1.909758 0.2 1.794015 0 1.794015 0.2 1.678272 0 1.678272 0.2 1.562529 -0 1.562529 0.2 1.446786 0 1.446786 0.2 1.331043 0 1.331043 0.2 1.2153 -0 1.2153 0.2 1.099557 0 1.099557 0.2 0.983815 0 0.983815 0.2 0.868072 0 0.868072 0.2 0.752329 -0 0.752329 0.2 0.636586 -0 0.636586 0.2 0.520843 -0 0.520843 0.2 0.4051 -0 0.4051 0.2 0.289357 -0 0.289357 0.2 0.173614 -0 0.173614 0.2 0.057871 -0 0.057871 0.2 -0.057871 -0 -0.057871 0.2 -0.173614 -0 -0.173614 0.2 -0.289357 -0 -0.289357 0.2 -0.4051 -0 -0.4051 0.2 -0.520843 -0 -0.520843 0.2 -0.636586 -0 -0.636586 0.2 -0.752329 -0 -0.752329 0.2 -0.868072 0 -0.868072 0.2 -0.983815 0 -0.983815 0.2 -1.099557 -0 -1.099557 0.2 -1.2153 -0 -1.2153 0.2 -1.331043 0 -1.331043 0.2 -1.446786 0 -1.446786 0.2 -1.562529 -0 -1.562529 0.2 -1.678272 -0 -1.678272 0.2 -1.794015 -0 -1.794015 0.2 -1.909758 -0 -1.909758 0.2 -2.025501 -0 -2.025501 0.2 -2.141243 -0 -2.141243 0.2 -2.256986 -0 -2.256986 0.2 -2.372729 -0 -2.372729 0.2 -2.488472 -0 -2.488472 0.2 -2.604215 -0 -2.604215 0.2 -2.719958 -0 -2.719958 0.2 -2.835701 -0 -2.835701 0.2 -2.951444 -0 -2.951444 0.2 -3.067187 -0 -3.067187 0.2 -3.182929 -0 -3.182929 0.2 -3.298672 -0 -3.298672 0.2 3.298672 -0 3.298672 0.2 3.182929 0 3.182929 0.2 3.067187 0 3.067187 0.2 2.951444 0 2.951444 0.2 2.835701 0 2.835701 0.2 2.719958 0 2.719958 0.2 2.604215 0 2.604215 0.2 2.488472 0 2.488472 0.2 2.372729 0 2.372729 0.2 2.256986 -0 2.256986 0.2 2.141243 0 2.141243 0.2 2.025501 0 2.025501 0.2 1.909758 0 1.909758 0.2 1.794015 0 1.794015 0.2 1.678272 -0 1.678272 0.2 1.562529 0 1.562529 0.2 1.446786 -0 1.446786 0.2 1.331043 0 1.331043 0.2 1.2153 0 1.2153 0.2 1.099557 -0 1.099557 0.2 0.983815 0 0.983815 0.2 0.868072 -0 0.868072 0.2 0.752329 -0 0.752329 0.2 0.636586 -0 0.636586 0.2 0.520843 -0 0.520843 0.2 0.4051 -0 0.4051 0.2 0.289357 -0 0.289357 0.2 0.173614 0 0.173614 0.2 0.057871 -0 0.057871 0.2 -0.057871 -0 -0.057871 0.2 -0.173614 0 -0.173614 0.2 -0.289357 -0 -0.289357 0.2 -0.4051 -0 -0.4051 0.2 -0.520843 -0 -0.520843 0.2 -0.636586 -0 -0.636586 0.2 -0.752329 -0 -0.752329 0.2 -0.868072 -0 -0.868072 0.2 -0.983815 0 -0.983815 0.2 -1.099557 0 -1.099557 0.2 -1.2153 0 -1.2153 0.2 -1.331043 0 -1.331043 0.2 -1.446786 0 -1.446786 0.2 -1.562529 0 -1.562529 0.2 -1.678272 -0 -1.678272 0.2 -1.794015 -0 -1.794015 0.2 -1.909758 -0 -1.909758 0.2 -2.025501 -0 -2.025501 0.2 -2.141243 -0 -2.141243 0.2 -2.256986 -0 -2.256986 0.2 -2.372729 -0 -2.372729 0.2 -2.488472 -0 -2.488472 0.2 -2.604215 -0 -2.604215 0.2 -2.719958 -0 -2.719958 0.2 -2.835701 -0 -2.835701 0.2 -2.951444 -0 -2.951444 0.2 -3.067187 -0 -3.067187 0.55 3.7 0 3.95 -0.55 3.7 -0.115509 3.956373 -0.229615 3.975414 0.60563 3.693732 0.549857 4.105485 0.448115 4.050425 0.340934 4.006892 0.644923 4.171402 0.658471 3.675242 0.705872 3.645458 0.732162 4.247378 0.745458 3.605872 0.810512 4.33249 0.775242 3.558471 0.793732 3.50563 0.879025 4.425704 0.8 3.45 0.936867 4.52589 0.983337 4.631831 1.152636 0.277128 1.3 5 1.199256 0.225988 1.235686 0.167152 0.8 0.875 1.035466 0.349677 1.097412 0.318831 0.793732 0.81937 0.9 0.375 0.968906 0.368615 0.775242 0.766529 0.745458 0.719128 0.705872 0.679542 0.658471 0.649758 0.60563 0.631268 0.55 0.625 -0.55 0.625 -0.9 0.375 -0.60563 0.631268 -0.658471 0.649758 -0.705872 0.679542 -0.745458 0.719128 -0.775242 0.766529 -0.793732 0.81937 -0.8 0.875 -0.968906 0.368615 -1.035466 0.349677 -0.8 3.45 -1.097412 0.318831 -1.152636 0.277128 -0.983337 4.631831 -1.3 5 -1.01787 4.74224 -1.040048 4.855779 -0.793732 3.50563 -0.879025 4.425704 -0.936867 4.52589 -0.810512 4.33249 -0.775242 3.558471 -0.745458 3.605872 -0.732162 4.247378 -0.705872 3.645458 -0.644923 4.171402 -0.658471 3.675242 -0.60563 3.693732 -0.549857 4.105485 -0.448115 4.050425 -0.340934 4.006892 -0.8 -0.875 -1.035466 -0.349677 -0.8 -3.45 -1.097412 -0.318831 -1.152636 -0.277128 -0.793732 -0.81937 -0.9 -0.375 -0.968906 -0.368615 -0.775242 -0.766529 -0.745458 -0.719128 -0.705872 -0.679542 -0.658471 -0.649758 -0.60563 -0.631268 -0.55 -0.625 0.9 -0.375 0.55 -0.625 0.60563 -0.631268 0.658471 -0.649758 0.705872 -0.679542 0.745458 -0.719128 0.775242 -0.766529 0.793732 -0.81937 0.8 -0.875 0.8 -3.45 1.035466 -0.349677 0.968906 -0.368615 0.793732 -3.50563 0.909327 -4.475 0.961562 -4.57822 1.002125 -4.686559 0.846053 -4.378153 0.775242 -3.558471 0.77251 -4.288854 0.745458 -3.605872 0.68959 -4.208188 0.705872 -3.645458 0.658471 -3.675242 0.598298 -4.137133 0.60563 -3.693732 0.55 -3.7 -0.55 -3.7 0.057842 -3.951594 0.172824 -3.964321 0.285709 -3.989619 -0.60563 -3.693732 -0.598298 -4.137133 -0.499745 -4.076553 -0.395125 -4.027181 -0.658471 -3.675242 -0.68959 -4.208188 -0.705872 -3.645458 -0.745458 -3.605872 -0.77251 -4.288854 -0.775242 -3.558471 -0.846053 -4.378153 -0.793732 -3.50563 -0.909327 -4.475 -0.961562 -4.57822 -1.002125 -4.686559 -1.3 -5 -1.199256 -0.225988 -1.235686 -0.167152 -1.260685 -0.102624 -1.2734 -0.034601 -1.2734 0.034601 -1.260685 0.102624 -1.235686 0.167152 -1.199256 0.225988 1.260685 0.102624 1.2734 0.034601 1.3 -5 1.2734 -0.034601 1.260685 -0.102624 1.235686 -0.167152 1.199256 -0.225988 1.152636 -0.277128 1.097412 -0.318831 1.030524 -4.798704 1.046414 -4.913292 -1.29374 -5.127422 -1.275021 -5.253617 -1.046414 -4.913292 -1.030524 -4.798704 -1.244022 -5.37737 -1.049601 -5.028932 -1.201043 -5.497488 -1.146498 -5.612816 -1.040048 -5.144221 -1.08091 -5.722241 -1.01787 -5.25776 -0.983337 -5.368169 -1.004914 -5.824711 -0.936867 -5.47411 -0.919239 -5.919239 -0.879025 -5.574296 -0.824711 -6.004914 -0.810512 -5.66751 -0.732162 -5.752622 -0.722241 -6.080911 -0.644923 -5.828598 -0.612816 -6.146498 -0.549857 -5.894515 -0.497488 -6.201043 -0.448115 -5.949575 -0.37737 -6.244022 -0.340934 -5.993108 -0.253617 -6.275021 -0.229615 -6.024586 -0.127422 -6.29374 -0.115509 -6.043627 0 -6.3 0 -6.05 0.115509 -6.043627 0.127422 -6.29374 0.229615 -6.024586 0.253617 -6.275021 0.340934 -5.993108 0.37737 -6.244022 0.448115 -5.949575 0.497488 -6.201043 0.549857 -5.894515 0.612816 -6.146498 0.644923 -5.828598 0.722241 -6.08091 0.732162 -5.752622 0.824711 -6.004914 0.810512 -5.66751 0.879025 -5.574296 0.919239 -5.919239 0.936867 -5.47411 1.004914 -5.824711 0.983337 -5.368169 1.080911 -5.722241 1.01787 -5.25776 1.040048 -5.144221 1.146498 -5.612816 1.049601 -5.028932 1.201043 -5.497488 1.244022 -5.37737 1.275021 -5.253617 1.29374 -5.127422 1.29374 5.127422 1.275021 5.253617 1.049601 4.971068 1.040048 4.855779 1.244022 5.37737 1.201043 5.497488 1.046414 5.086708 1.146498 5.612816 1.030524 5.201296 1.08091 5.722241 1.002125 5.313441 1.004914 5.824711 0.961562 5.42178 0.909327 5.525 0.919239 5.919239 0.846053 5.621847 0.824711 6.004914 0.77251 5.711146 0.722241 6.08091 0.68959 5.791812 0.612816 6.146498 0.598298 5.862867 0.499745 5.923447 0.497488 6.201043 0.395125 5.972819 0.37737 6.244022 0.285709 6.010381 0.253617 6.275021 0.172824 6.035679 0.127422 6.29374 0.057842 6.048406 -0 6.3 -0.057842 6.048406 -0.127422 6.29374 -0.172824 6.035679 -0.253617 6.275021 -0.285709 6.010381 -0.37737 6.244022 -0.395125 5.972819 -0.497488 6.201043 -0.499745 5.923447 -0.612816 6.146498 -0.598298 5.862867 -0.68959 5.791812 -0.722241 6.08091 -0.77251 5.711146 -0.824711 6.004914 -0.846053 5.621847 -0.919239 5.919239 -0.909327 5.525 -1.004914 5.824711 -0.961562 5.42178 -1.002125 5.313441 -1.08091 5.722241 -1.030524 5.201296 -1.146498 5.612816 -1.046414 5.086708 -1.201043 5.497488 -1.049601 4.971068 -1.244022 5.37737 -1.275021 5.253617 -1.29374 5.127422 -0.285709 -3.989619 -0.172824 -3.964321 -0.057842 -3.951594 0.395125 -4.027181 0.499745 -4.076553 1.01787 4.74224 0.229615 3.975414 0.115509 3.956373 -0.523445 -5.601227 -0.644923 -5.828598 -0.494975 -5.604975 -0.549857 -5.894515 -0.466505 -5.601227 -0.448115 -5.949575 -0.439975 -5.590238 -0.340934 -5.993108 -0.417193 -5.572756 -0.229615 -6.024586 -0.399712 -5.549975 -0.115509 -6.043627 -0.388723 -5.523445 -0 -6.05 0.388723 -5.523445 0.115509 -6.043627 0.399712 -5.549975 0.229615 -6.024586 0.417193 -5.572756 0.340934 -5.993108 0.439975 -5.590238 0.448115 -5.949575 0.466505 -5.601227 0.549857 -5.894515 0.494975 -5.604975 0.644923 -5.828598 0.523445 -5.601227 0.549975 -5.590238 0.732162 -5.752622 0.572756 -5.572756 0.590238 -5.549975 0.810512 -5.66751 0.601227 -5.523445 0.879025 -5.574296 0.604975 -5.494975 0.601227 -5.466505 0.936867 -5.47411 0.590238 -5.439975 0.983337 -5.368169 0.572756 -5.417193 1.01787 -5.25776 0.549975 -5.399712 1.040048 -5.144221 1.049601 -5.028932 -0.549975 -5.590238 -0.732162 -5.752622 -0.572756 -5.572756 -0.590238 -5.549975 -0.810512 -5.66751 -0.601227 -5.523445 -0.879025 -5.574296 -0.604975 -5.494975 -0.601227 -5.466505 -0.936867 -5.47411 -0.590238 -5.439975 -0.983337 -5.368169 -0.572756 -5.417193 -1.01787 -5.25776 -0.549975 -5.399712 -1.040048 -5.144221 -1.049601 -5.028932 -0.523445 -5.388723 -0.523445 -4.611277 -0.494975 -4.615025 -0.494975 -5.384975 -0.17 -5 -0.164207 -5.043999 -0.466505 -5.388723 -0.147224 -5.085 -0.439975 -5.399712 -0.120208 -5.120208 -0.417193 -5.417193 -0.399712 -5.439975 -0.085 -5.147224 -0.388723 -5.466505 -0.043999 -5.164207 -0.384975 -5.494975 -0 -5.17 0.384975 -5.494975 0.043999 -5.164207 0.388723 -5.466505 0.085 -5.147224 0.399712 -5.439975 0.120208 -5.120208 0.417193 -5.417193 0.439975 -5.399712 0.466505 -4.611277 0.164207 -4.956001 0.494975 -4.615025 0.17 -5 0.494975 -5.384975 0.164207 -5.043999 0.466505 -5.388723 0.147224 -5.085 0.147224 -4.915 0.439975 -4.600288 0.120208 -4.879792 0.417193 -4.582807 0.399712 -4.560025 0.085 -4.852776 0.388723 -4.533495 0.043999 -4.835793 0.384975 -4.505025 -0 -4.83 -0.384975 -4.505025 -0.043999 -4.835793 -0.388723 -4.533495 -0.085 -4.852776 -0.399712 -4.560025 -0.120208 -4.879792 -0.417193 -4.582807 -0.439975 -4.600288 -0.388723 -4.476555 0.388723 -4.476555 -0.057842 -3.951594 0.057842 -3.951594 0.399712 -4.450025 0.172824 -3.964321 0.285709 -3.989619 0.417193 -4.427244 0.395125 -4.027181 0.439975 -4.409762 0.499745 -4.076553 0.466505 -4.398773 0.494975 -4.395025 0.598298 -4.137133 0.523445 -4.398773 0.68959 -4.208188 0.549975 -4.409762 0.572756 -4.427244 0.77251 -4.288854 0.590238 -4.450025 0.846053 -4.378153 0.601227 -4.476555 0.604975 -4.505025 0.909327 -4.475 0.601227 -4.533495 0.961562 -4.57822 0.590238 -4.560025 1.002125 -4.686559 0.572756 -4.582807 1.030524 -4.798704 0.549975 -4.600288 1.046414 -4.913292 0.523445 -4.611277 0.523445 -5.388723 -1.046414 -4.913292 -0.549975 -4.600288 -1.030524 -4.798704 -0.572756 -4.582807 -1.002125 -4.686559 -0.590238 -4.560025 -0.961562 -4.57822 -0.601227 -4.533495 -0.909327 -4.475 -0.604975 -4.505025 -0.846053 -4.378153 -0.601227 -4.476555 -0.590238 -4.450025 -0.77251 -4.288854 -0.572756 -4.427244 -0.68959 -4.208188 -0.549975 -4.409762 -0.523445 -4.398773 -0.598298 -4.137133 -0.494975 -4.395025 -0.499745 -4.076553 -0.466505 -4.398773 -0.439975 -4.409762 -0.395125 -4.027181 -0.417193 -4.427244 -0.285709 -3.989619 -0.399712 -4.450025 -0.172824 -3.964321 -0.147224 -4.915 -0.466505 -4.611277 -0.164207 -4.956001 0.25 -0.316777 -0 -0.316777 0.25 -0.345575 0 -0.345575 0.25 0.345575 0 0.345575 0.25 0.316777 -0 0.316777 0.25 0.287979 0 0.287979 0.25 0.259181 0 0.259181 0.25 0.230383 -0 0.230383 0.25 0.201586 0 0.201586 0.25 0.172788 0 0.172788 0.25 0.14399 0 0.14399 0.25 0.115192 0 0.115192 0.25 0.086394 0 0.086394 0.25 0.057596 0 0.057596 0.25 0.028798 -0 0.028798 0.25 0 0 0 0.25 -0.028798 -0 -0.028798 0.25 -0.057596 0 -0.057596 0.25 -0.086394 0 -0.086394 0.25 -0.115192 -0 -0.115192 0.25 -0.14399 0 -0.14399 0.25 -0.172788 0 -0.172788 0.25 -0.201586 0 -0.201586 0.25 -0.230383 0 -0.230383 0.25 -0.259181 0 -0.259181 0.25 -0.287979 0 -0.287979 0.25 -0.316777 -0 -0.316777 0.25 -0.345575 0 -0.345575 0.25 0.345575 0 0.345575 0.25 0.316777 -0 0.316777 0.25 0.287979 0 0.287979 0.25 0.259181 0 0.259181 0.25 0.230383 -0 0.230383 0.25 0.201586 0 0.201586 0.25 0.172788 0 0.172788 0.25 0.14399 0 0.14399 0.25 0.115192 -0 0.115192 0.25 0.086394 0 0.086394 0.25 0.057596 0 0.057596 0.25 0.028798 -0 0.028798 0.25 0 0 0 0.25 -0.028798 -0 -0.028798 0.25 -0.057596 0 -0.057596 0.25 -0.086394 0 -0.086394 0.25 -0.115192 -0 -0.115192 0.25 -0.14399 0 -0.14399 0.25 -0.172788 0 -0.172788 0.25 -0.201586 0 -0.201586 0.25 -0.230383 0 -0.230383 0.25 -0.259181 0 -0.259181 0.25 -0.287979 0 -0.287979 0.25 -0.489565 0 -0.489565 0.25 -0.534071 0 -0.534071 0.25 0.534071 0 0.534071 0.25 0.489565 0 0.489565 0.25 0.445059 -0 0.445059 0.25 0.400553 0 0.400553 0.25 0.356047 0 0.356047 0.25 0.311541 0 0.311541 0.25 0.267035 0 0.267035 0.25 0.222529 0 0.222529 0.25 0.178024 -0 0.178024 0.25 0.133518 0 0.133518 0.25 0.089012 -0 0.089012 0.25 0.044506 0 0.044506 0.25 0 0 0 0.25 -0.044506 0 -0.044506 0.25 -0.089012 -0 -0.089012 0.25 -0.133518 0 -0.133518 0.25 -0.178024 0 -0.178024 0.25 -0.222529 0 -0.222529 0.25 -0.267035 0 -0.267035 0.25 -0.311541 0 -0.311541 0.25 -0.356047 -0 -0.356047 0.25 -0.400553 0 -0.400553 0.25 -0.445059 -0 -0.445059 0.25 -0.316777 -0 -0.316777 0.25 -0.345575 0 -0.345575 0.25 0.345575 0 0.345575 0.25 0.316777 -0 0.316777 0.25 0.287979 0 0.287979 0.25 0.259181 0 0.259181 0.25 0.230383 -0 0.230383 0.25 0.201586 0 0.201586 0.25 0.172788 0 0.172788 0.25 0.14399 0 0.14399 0.25 0.115192 0 0.115192 0.25 0.086394 0 0.086394 0.25 0.057596 0 0.057596 0.25 0.028798 -0 0.028798 0.25 0 0 0 0.25 -0.028798 -0 -0.028798 0.25 -0.057596 0 -0.057596 0.25 -0.086394 0 -0.086394 0.25 -0.115192 -0 -0.115192 0.25 -0.14399 0 -0.14399 0.25 -0.172788 0 -0.172788 0.25 -0.201586 0 -0.201586 0.25 -0.230383 0 -0.230383 0.25 -0.259181 0 -0.259181 0.25 -0.287979 0 -0.287979 0.25 -0.316777 -0 -0.316777 0.25 -0.345575 0 -0.345575 0.25 0.345575 0 0.345575 0.25 0.316777 -0 0.316777 0.25 0.287979 -0 0.287979 0.25 0.259181 0 0.259181 0.25 0.230383 -0 0.230383 0.25 0.201586 -0 0.201586 0.25 0.172788 0 0.172788 0.25 0.14399 -0 0.14399 0.25 0.115192 0 0.115192 0.25 0.086394 0 0.086394 0.25 0.057596 -0 0.057596 0.25 0.028798 -0 0.028798 0.25 0 0 0 0.25 -0.028798 -0 -0.028798 0.25 -0.057596 -0 -0.057596 0.25 -0.086394 0 -0.086394 0.25 -0.115192 -0 -0.115192 0.25 -0.14399 -0 -0.14399 0.25 -0.172788 0 -0.172788 0.25 -0.201586 -0 -0.201586 0.25 -0.230383 0 -0.230383 0.25 -0.259181 0 -0.259181 0.25 -0.287979 -0 -0.287979 0.25 -0.316777 -0 -0.316777 0.25 -0.345575 0 -0.345575 0.25 0.345575 0 0.345575 0.25 0.316777 -0 0.316777 0.25 0.287979 -0 0.287979 0.25 0.259181 0 0.259181 0.25 0.230383 -0 0.230383 0.25 0.201586 -0 0.201586 0.25 0.172788 0 0.172788 0.25 0.14399 -0 0.14399 0.25 0.115192 0 0.115192 0.25 0.086394 0 0.086394 0.25 0.057596 -0 0.057596 0.25 0.028798 -0 0.028798 0.25 0 0 0 0.25 -0.028798 -0 -0.028798 0.25 -0.057596 -0 -0.057596 0.25 -0.086394 0 -0.086394 0.25 -0.115192 -0 -0.115192 0.25 -0.14399 -0 -0.14399 0.25 -0.172788 0 -0.172788 0.25 -0.201586 -0 -0.201586 0.25 -0.230383 0 -0.230383 0.25 -0.259181 0 -0.259181 0.25 -0.287979 -0 -0.287979 0.25 -0.316777 -0 -0.316777 0.25 -0.345575 0 -0.345575 0.25 0.345575 0 0.345575 0.25 0.316777 -0 0.316777 0.25 0.287979 -0 0.287979 0.25 0.259181 0 0.259181 0.25 0.230383 -0 0.230383 0.25 0.201586 -0 0.201586 0.25 0.172788 0 0.172788 0.25 0.14399 -0 0.14399 0.25 0.115192 0 0.115192 0.25 0.086394 0 0.086394 0.25 0.057596 -0 0.057596 0.25 0.028798 -0 0.028798 0.25 0 0 0 0.25 -0.028798 -0 -0.028798 0.25 -0.057596 -0 -0.057596 0.25 -0.086394 0 -0.086394 0.25 -0.115192 -0 -0.115192 0.25 -0.14399 -0 -0.14399 0.25 -0.172788 0 -0.172788 0.25 -0.201586 -0 -0.201586 0.25 -0.230383 0 -0.230383 0.25 -0.259181 0 -0.259181 0.25 -0.287979 -0 -0.287979 0.25 -0.489565 -0 -0.489565 0.25 -0.534071 0 -0.534071 0.25 0.534071 0 0.534071 0.25 0.489565 -0 0.489565 0.25 0.445059 -0 0.445059 0.25 0.400553 -0 0.400553 0.25 0.356047 -0 0.356047 0.25 0.311541 0 0.311541 0.25 0.267035 0 0.267035 0.25 0.222529 0 0.222529 0.25 0.178024 0 0.178024 0.25 0.133518 -0 0.133518 0.25 0.089012 -0 0.089012 0.25 0.044506 -0 0.044506 0.25 0 0 0 0.25 -0.044506 -0 -0.044506 0.25 -0.089012 -0 -0.089012 0.25 -0.133518 -0 -0.133518 0.25 -0.178024 0 -0.178024 0.25 -0.222529 0 -0.222529 0.25 -0.267035 0 -0.267035 0.25 -0.311541 0 -0.311541 0.25 -0.356047 0 -0.356047 0.25 -0.400553 -0 -0.400553 0.25 -0.445059 -0 -0.445059 0.25 -0.316777 -0 -0.316777 0.25 -0.345575 0 -0.345575 0.25 0.345575 0 0.345575 0.25 0.316777 -0 0.316777 0.25 0.287979 0 0.287979 0.25 0.259181 0 0.259181 0.25 0.230383 -0 0.230383 0.25 0.201586 0 0.201586 0.25 0.172788 0 0.172788 0.25 0.14399 0 0.14399 0.25 0.115192 -0 0.115192 0.25 0.086394 0 0.086394 0.25 0.057596 0 0.057596 0.25 0.028798 -0 0.028798 0.25 0 0 0 0.25 -0.028798 -0 -0.028798 0.25 -0.057596 0 -0.057596 0.25 -0.086394 0 -0.086394 0.25 -0.115192 -0 -0.115192 0.25 -0.14399 0 -0.14399 0.25 -0.172788 0 -0.172788 0.25 -0.201586 0 -0.201586 0.25 -0.230383 0 -0.230383 0.25 -0.259181 0 -0.259181 0.25 -0.287979 0 -0.287979 0.25 -0.316777 -0 -0.316777 0.25 -0.345575 0 -0.345575 0.25 0.345575 0 0.345575 0.25 0.316777 -0 0.316777 0.25 0.287979 -0 0.287979 0.25 0.259181 0 0.259181 0.25 0.230383 -0 0.230383 0.25 0.201586 -0 0.201586 0.25 0.172788 0 0.172788 0.25 0.14399 -0 0.14399 0.25 0.115192 0 0.115192 0.25 0.086394 0 0.086394 0.25 0.057596 -0 0.057596 0.25 0.028798 -0 0.028798 0.25 0 0 0 0.25 -0.028798 -0 -0.028798 0.25 -0.057596 -0 -0.057596 0.25 -0.086394 0 -0.086394 0.25 -0.115192 -0 -0.115192 0.25 -0.14399 -0 -0.14399 0.25 -0.172788 0 -0.172788 0.25 -0.201586 -0 -0.201586 0.25 -0.230383 0 -0.230383 0.25 -0.259181 0 -0.259181 0.25 -0.287979 -0 -0.287979 0.2 -2.042035 -0.25 -2.042035 0.2 -2.169662 -0.25 -2.169662 0.2 -2.29729 -0.25 -2.29729 0.2 -2.424917 -0.25 -2.424917 0.2 -2.552544 -0.25 -2.552544 0.2 -2.680171 -0.25 -2.680171 0.2 -2.807798 -0.25 -2.807798 0.2 -2.935426 -0.25 -2.935426 0.2 -3.063053 -0.25 -3.063053 0.2 -3.19068 -0.25 -3.19068 0.2 -3.318307 -0.25 -3.318307 0.2 -3.445934 -0.25 -3.445934 0.2 -3.573562 -0.25 -3.573562 0.2 -3.701189 -0.25 -3.701189 0.2 -3.828816 -0.25 -3.828816 0.2 -3.956443 -0.25 -3.956443 0.2 -4.08407 -0.25 -4.08407 0.2 -4.211698 -0.25 -4.211698 0.2 -4.339325 -0.25 -4.339325 0.2 -4.466952 -0.25 -4.466952 0.2 -4.594579 -0.25 -4.594579 0.2 -4.722206 -0.25 -4.722206 0.2 -4.849834 -0.25 -4.849834 0.2 -4.977461 -0.25 -4.977461 0.2 -5.105088 -0.25 -5.105088 0.2 -5.232715 -0.25 -5.232715 0.2 -5.360342 -0.25 -5.360342 0.2 -5.48797 -0.25 -5.48797 0.2 -5.615597 -0.25 -5.615597 0.2 -5.743224 -0.25 -5.743224 0.2 -5.870851 -0.25 -5.870851 0.2 -5.998478 -0.25 -5.998478 0.2 -6.126106 -0.25 -6.126106 10 0.25 -0 0.25 10 -0.2 -0 -0.2 0.2 2.042035 -0.25 2.042035 0.2 1.914408 -0.25 1.914408 0.2 1.786781 -0.25 1.786781 0.2 1.659154 -0.25 1.659154 0.2 1.531526 -0.25 1.531526 0.2 1.403899 -0.25 1.403899 0.2 1.276272 -0.25 1.276272 0.2 1.148645 -0.25 1.148645 0.2 1.021018 -0.25 1.021018 0.2 0.89339 -0.25 0.89339 0.2 0.765763 -0.25 0.765763 0.2 0.638136 -0.25 0.638136 0.2 0.510509 -0.25 0.510509 0.2 0.382882 -0.25 0.382882 0.2 0.255254 -0.25 0.255254 0.2 0.127627 -0.25 0.127627 0.2 0 -0.25 0 0.2 -0.127627 -0.25 -0.127627 0.2 -0.255254 -0.25 -0.255254 0.2 -0.382882 -0.25 -0.382882 0.2 -0.510509 -0.25 -0.510509 0.2 -0.638136 -0.25 -0.638136 0.2 -0.765763 -0.25 -0.765763 0.2 -0.89339 -0.25 -0.89339 0.2 -1.021018 -0.25 -1.021018 0.2 -1.148645 -0.25 -1.148645 0.2 -1.276272 -0.25 -1.276272 0.2 -1.403899 -0.25 -1.403899 0.2 -1.531526 -0.25 -1.531526 0.2 -1.659154 -0.25 -1.659154 0.2 -1.786781 -0.25 -1.786781 0.2 -1.914408 -0.25 -1.914408 0.2 -2.042035 -0.25 -2.042035 10 0.25 0 0.25 10 -0.2 0 -0.2 0.55 3.7 0 4.83 -0.55 3.7 -0.043999 4.835793 -0.085 4.852776 0.60563 3.693732 0.572756 4.427244 0.549975 4.409762 0.523445 4.398773 0.658471 3.675242 0.601227 4.476555 0.590238 4.450025 0.705872 3.645458 0.604975 4.505025 0.745458 3.605872 0.775242 3.558471 0.793732 3.50563 1.004914 5.824711 0.919239 5.919239 0.824711 6.004914 0.604975 5.494975 0.722241 6.08091 0.601227 5.523445 0.612816 6.146498 0.590238 5.549975 0.572756 5.572756 0.549975 5.590238 0.497488 6.201043 0.523445 5.601227 0.494975 5.604975 0.466505 5.601227 0.439975 5.590238 0.37737 6.244022 0.417193 5.572756 0.399712 5.549975 0.388723 5.523445 0.253617 6.275021 0.384975 5.494975 0.164207 5.043999 0.17 5 0.8 3.45 1.3 5 1.146498 5.612816 1.08091 5.722241 0.8 0.875 1.3 -5 0.8 -0.875 0.8 -3.45 0.793732 -0.81937 0.793732 0.81937 0.775242 0.766529 0.775242 -0.766529 0.745458 0.719128 0.745458 -0.719128 0.705872 0.679542 0.705872 -0.679542 0.658471 0.649758 0.658471 -0.649758 0.60563 0.631268 0.60563 -0.631268 0.55 0.625 0.55 -0.625 0.17 -0 0.164207 -0.043999 -0.55 0.625 -0 0.17 0.043999 0.164207 0.085 0.147224 -0.60563 0.631268 -0.60563 -0.631268 -0.55 -0.625 -0.17 -0 -0.164207 -0.043999 -0.147224 -0.085 -0.120208 -0.120208 -0.085 -0.147224 -0.043999 -0.164207 -0 -0.17 0.043999 -0.164207 0.085 -0.147224 0.120208 -0.120208 0.147224 -0.085 -0.658471 -0.649758 -0.658471 0.649758 -0.705872 -0.679542 -0.705872 0.679542 -0.745458 -0.719128 -0.745458 0.719128 -0.775242 -0.766529 -0.775242 0.766529 -0.793732 -0.81937 -0.793732 0.81937 -0.8 0.875 -0.8 3.45 -1.3 5 -1.3 -5 -0.8 -0.875 -0.8 -3.45 -0.793732 -3.50563 -1.275021 -5.253617 -0.775242 -3.558471 -0.604975 -4.505025 -0.745458 -3.605872 -0.705872 -3.645458 -0.601227 -4.476555 -0.658471 -3.675242 -0.60563 -3.693732 -0.590238 -4.450025 -0.572756 -4.427244 -0.793732 3.50563 -1.146498 5.612816 -1.201043 5.497488 -0.775242 3.558471 -1.004914 5.824711 -1.08091 5.722241 -0.745458 3.605872 -0.604975 4.505025 -0.919239 5.919239 -0.705872 3.645458 -0.601227 4.476555 -0.658471 3.675242 -0.60563 3.693732 -0.572756 4.427244 -0.590238 4.450025 0.793732 -3.50563 1.146498 -5.612816 1.201043 -5.497488 0.775242 -3.558471 1.004914 -5.824711 1.08091 -5.722241 0.745458 -3.605872 0.604975 -4.505025 0.919239 -5.919239 0.705872 -3.645458 0.601227 -4.476555 0.658471 -3.675242 0.60563 -3.693732 0.55 -3.7 0.572756 -4.427244 0.590238 -4.450025 -0.55 -3.7 0 -4.83 0.043999 -4.835793 0.388723 -4.476555 0.384975 -4.505025 0.388723 -4.533495 0.399712 -4.560025 0.417193 -4.582807 0.439975 -4.600288 0.466505 -4.611277 0.085 -4.852776 0.120208 -4.879792 -0.549975 -4.409762 -0.523445 -4.398773 -0.164207 0.043999 -0.147224 0.085 -0.120208 0.120208 -0.085 0.147224 -0.043999 0.164207 0.120208 0.120208 0.147224 0.085 0.164207 0.043999 1.29374 5.127422 1.275021 5.253617 1.244022 5.37737 1.201043 5.497488 0.147224 5.085 0.127422 6.29374 0.120208 5.120208 0.085 5.147224 0.043999 5.164207 0 6.3 0 5.17 -0.043999 5.164207 -0.127422 6.29374 -0.085 5.147224 -0.120208 5.120208 -0.147224 5.085 -0.253617 6.275021 -0.164207 5.043999 -0.384975 5.494975 -0.17 5 -0.388723 5.466505 -0.388723 4.533495 -0.399712 4.560025 -0.399712 5.439975 -0.417193 4.582807 -0.417193 5.417193 -0.439975 4.600288 -0.439975 5.399712 -0.466505 4.611277 -0.466505 5.388723 -0.494975 4.615025 -0.494975 5.384975 -0.523445 4.611277 -0.523445 5.388723 -0.549975 4.600288 -0.549975 5.399712 -0.572756 4.582807 -0.572756 5.417193 -0.590238 4.560025 -0.590238 5.439975 -0.601227 4.533495 -0.601227 5.466505 -0.604975 5.494975 -0.388723 5.523445 -0.37737 6.244022 -0.399712 5.549975 -0.417193 5.572756 -0.439975 5.590238 -0.497488 6.201043 -0.466505 5.601227 -0.494975 5.604975 -0.523445 5.601227 -0.549975 5.590238 -0.612816 6.146498 -0.572756 5.572756 -0.590238 5.549975 -0.601227 5.523445 -0.722241 6.08091 -0.824711 6.004914 -1.244022 5.37737 -1.275021 5.253617 -1.29374 5.127422 -1.29374 -5.127422 -1.244022 -5.37737 -1.201043 -5.497488 -1.146498 -5.612816 -0.601227 -5.466505 -0.604975 -5.494975 -0.601227 -5.523445 -0.590238 -5.549975 -0.572756 -5.572756 -0.549975 -5.590238 -0.523445 -5.601227 -0.494975 -5.604975 -1.080911 -5.722241 -1.004914 -5.824711 -0.919239 -5.919239 -0.824711 -6.004914 -0.722241 -6.08091 -0.612816 -6.146498 -0.497488 -6.201043 -0.37737 -6.244022 -0.253617 -6.275021 -0.127422 -6.29374 -0 -6.3 0.494975 -5.604975 0.127422 -6.29374 0.253617 -6.275021 0.37737 -6.244022 0.497488 -6.201043 0.523445 -5.601227 0.549975 -5.590238 0.612816 -6.146498 0.572756 -5.572756 0.590238 -5.549975 0.601227 -5.523445 0.722241 -6.080911 0.604975 -5.494975 0.824711 -6.004914 1.244022 -5.37737 1.275021 -5.253617 1.29374 -5.127422 -0.590238 -5.439975 -0.572756 -5.417193 -0.549975 -5.399712 -0.523445 -5.388723 0 -5.17 -0.043999 -5.164207 -0.494975 -5.384975 -0.466505 -5.388723 -0.439975 -5.399712 -0.417193 -5.417193 -0.399712 -5.439975 -0.388723 -5.466505 -0.384975 -5.494975 -0.388723 -5.523445 -0.399712 -5.549975 -0.417193 -5.572756 0.417193 -5.572756 0.399712 -5.549975 0.043999 -5.164207 0.388723 -5.523445 0.085 -5.147224 0.120208 -5.120208 0.147224 -5.085 0.384975 -5.494975 0.164207 -5.043999 0.17 -5 0.388723 -5.466505 0.399712 -5.439975 0.417193 -5.417193 0.439975 -5.590238 -0.439975 -5.590238 0.466505 -5.601227 -0.466505 -5.601227 -0.085 -5.147224 -0.120208 -5.120208 -0.147224 -5.085 -0.164207 -5.043999 -0.523445 -4.611277 -0.549975 -4.600288 -0.572756 -4.582807 -0.590238 -4.560025 -0.494975 -4.615025 -0.17 -5 -0.164207 -4.956001 -0.147224 -4.915 -0.120208 -4.879792 -0.085 -4.852776 -0.043999 -4.835793 -0.466505 -4.611277 -0.439975 -4.600288 -0.417193 -4.582807 -0.399712 -4.560025 -0.388723 -4.533495 -0.384975 -4.505025 -0.388723 -4.476555 -0.399712 -4.450025 -0.417193 -4.427244 -0.439975 -4.409762 -0.466505 -4.398773 -0.494975 -4.395025 0.147224 -4.915 0.164207 -4.956001 0.466505 -5.388723 0.494975 -4.615025 0.494975 -5.384975 0.523445 -4.611277 0.523445 -5.388723 0.549975 -4.600288 0.549975 -5.399712 0.572756 -4.582807 0.572756 -5.417193 0.590238 -4.560025 0.590238 -5.439975 0.601227 -4.533495 0.601227 -5.466505 0.399712 -4.450025 0.417193 -4.427244 0.439975 -4.409762 0.466505 -4.398773 0.494975 -4.395025 0.523445 -4.398773 0.549975 -4.409762 -0.601227 -4.533495 0.439975 -5.399712 0.466505 5.388723 0.466505 4.611277 0.494975 5.384975 0.494975 4.615025 0.523445 4.611277 0.439975 4.600288 0.439975 5.399712 0.417193 4.582807 0.417193 5.417193 0.399712 4.560025 0.399712 5.439975 0.388723 4.533495 0.388723 5.466505 0.601227 4.533495 0.601227 5.466505 0.590238 4.560025 0.590238 5.439975 0.572756 4.582807 0.572756 5.417193 0.549975 5.399712 0.549975 4.600288 0.523445 5.388723 -0.388723 4.476555 -0.120208 4.879792 -0.147224 4.915 -0.384975 4.505025 -0.164207 4.956001 0.384975 4.505025 0.164207 4.956001 0.147224 4.915 0.388723 4.476555 0.120208 4.879792 0.085 4.852776 0.043999 4.835793 -0.466505 4.398773 -0.494975 4.395025 -0.523445 4.398773 -0.549975 4.409762 -0.399712 4.450025 -0.417193 4.427244 -0.439975 4.409762 0.494975 4.395025 0.466505 4.398773 0.439975 4.409762 0.417193 4.427244 0.399712 4.450025 0.115509 3.956373 0.388723 4.476555 -0 3.95 -0.388723 4.476555 -0.115509 3.956373 -0.399712 4.450025 -0.229615 3.975414 -0.417193 4.427244 -0.340934 4.006892 -0.439975 4.409762 -0.448115 4.050425 -0.466505 4.398773 -0.549857 4.105485 -0.494975 4.395025 -0.644923 4.171402 -0.523445 4.398773 -0.549975 4.409762 0.399712 4.450025 0.229615 3.975414 0.417193 4.427244 0.340934 4.006892 0.439975 4.409762 0.448115 4.050425 0.466505 4.398773 0.549857 4.105485 0.494975 4.395025 0.644923 4.171402 0.523445 4.398773 0.549975 4.409762 0.732162 4.247378 0.572756 4.427244 0.590238 4.450025 0.810512 4.33249 0.601227 4.476555 0.879025 4.425704 0.604975 4.505025 0.601227 4.533495 0.936867 4.52589 0.590238 4.560025 0.983337 4.631831 0.572756 4.582807 1.01787 4.74224 0.549975 4.600288 1.040048 4.855779 1.049601 4.971068 1.046414 5.086708 0.523445 5.388723 0.523445 4.611277 0.549975 5.399712 1.030524 5.201296 0.572756 5.417193 1.002125 5.313441 0.590238 5.439975 0.961562 5.42178 0.601227 5.466505 0.909327 5.525 0.604975 5.494975 0.846053 5.621847 0.601227 5.523445 0.590238 5.549975 0.77251 5.711146 0.572756 5.572756 0.68959 5.791812 0.549975 5.590238 0.523445 5.601227 0.598298 5.862867 0.494975 5.604975 0.499745 5.923447 0.466505 5.601227 0.439975 5.590238 0.395125 5.972819 0.417193 5.572756 0.285709 6.010381 0.399712 5.549975 0.172824 6.035679 0.057842 6.048406 0.388723 5.523445 -0.057842 6.048406 -0.388723 5.523445 -0.399712 5.549975 -0.172824 6.035679 -0.285709 6.010381 -0.417193 5.572756 -0.395125 5.972819 -0.439975 5.590238 -0.499745 5.923447 -0.466505 5.601227 -0.494975 5.604975 -0.598298 5.862867 -0.523445 5.601227 -0.68959 5.791812 -0.549975 5.590238 -0.572756 5.572756 -0.77251 5.711146 -0.590238 5.549975 -0.846053 5.621847 -0.601227 5.523445 -0.604975 5.494975 -0.909327 5.525 -0.601227 5.466505 -0.961562 5.42178 -0.590238 5.439975 -1.002125 5.313441 -0.572756 5.417193 -1.030524 5.201296 -0.549975 5.399712 -1.046414 5.086708 -0.523445 5.388723 -1.049601 4.971068 -0.523445 4.611277 -0.549975 4.600288 -1.040048 4.855779 -1.01787 4.74224 -0.572756 4.582807 -0.983337 4.631831 -0.590238 4.560025 -0.936867 4.52589 -0.601227 4.533495 -0.879025 4.425704 -0.604975 4.505025 -0.601227 4.476555 -0.810512 4.33249 -0.590238 4.450025 -0.732162 4.247378 -0.572756 4.427244 0.466505 5.388723 0.164207 5.043999 0.494975 5.384975 0.17 5 0.494975 4.615025 0.164207 4.956001 0.466505 4.611277 0.147224 4.915 0.439975 4.600288 0.120208 4.879792 0.417193 4.582807 0.399712 4.560025 0.085 4.852776 0.388723 4.533495 0.043999 4.835793 0.384975 4.505025 -0 4.83 -0.384975 4.505025 -0.043999 4.835793 -0.388723 4.533495 -0.085 4.852776 -0.399712 4.560025 -0.120208 4.879792 -0.417193 4.582807 -0.439975 4.600288 -0.147224 4.915 -0.466505 4.611277 -0.164207 4.956001 -0.494975 4.615025 -0.17 5 -0.494975 5.384975 -0.164207 5.043999 -0.466505 5.388723 -0.147224 5.085 -0.439975 5.399712 -0.120208 5.120208 -0.417193 5.417193 -0.399712 5.439975 -0.085 5.147224 -0.388723 5.466505 -0.043999 5.164207 -0.384975 5.494975 -0 5.17 0.384975 5.494975 0.043999 5.164207 0.388723 5.466505 0.085 5.147224 0.399712 5.439975 0.120208 5.120208 0.417193 5.417193 0.439975 5.399712 0.147224 5.085 </float_array>
          <technique_common>
            <accessor source="#mesh_1-texcoord-array" count="2250" stride="2">
              <param name="S" type="float" />
              <param name="T" type="float" />
            </accessor>
          </technique_common>
        </source>
        <source id="mesh_1-normal" name="normal">
          <float_array id="mesh_1-normal-array" count="6546">-1 0 0 -1 0 0 -0.97492814 -0 0.22251959 -0.97492814 -0 0.22251959 -0.9009705 -0 0.43388027 -0.9009705 -0 0.43388027 -0.78183085 -0 0.62349063 -0.78183085 -0 0.62349063 -0.62349063 -0 0.78183085 -0.62349063 -0 0.78183085 -0.43388027 -0 0.9009705 -0.43388027 -0 0.9009705 -0.22251959 -0 0.97492814 -0.22251959 -0 0.97492814 0 -0 1 -0 -0 1 -0 -0 1 -0 -0 1 -0 0 -1 -0 0 -1 -0.22251959 0 -0.97492814 -0.22251959 0 -0.97492814 -0.43388027 0 -0.9009705 -0.43388027 0 -0.9009705 -0.62349063 0 -0.78183085 -0.62349063 0 -0.78183085 -0.78183085 0 -0.62349063 -0.78183085 0 -0.62349063 -0.9009705 0 -0.43388027 -0.9009705 0 -0.43388027 -0.97492814 0 -0.22251959 -0.97492814 0 -0.22251959 -1 0 0 -1 0 0 1 0 0 1 -0 0 0.97492814 0 -0.22251959 0.97492814 0 -0.22251959 0.9009705 0 -0.43388027 0.9009705 0 -0.43388027 0.78183085 0 -0.62349063 0.78183085 0 -0.62349063 0.62349063 0 -0.78183085 0.62349063 0 -0.78183085 0.43388027 0 -0.9009705 0.43388027 0 -0.9009705 0.22251959 0 -0.97492814 0.22251959 0 -0.97492814 0 0 -1 0 0 -1 0.22251959 -0 0.97492814 0.22251959 -0 0.97492814 0.43388027 -0 0.9009705 0.43388027 -0 0.9009705 0.62349063 -0 0.78183085 0.62349063 -0 0.78183085 0.78183085 -0 0.62349063 0.78183085 -0 0.62349063 0.9009705 -0 0.43388027 0.9009705 -0 0.43388027 0.97492814 -0 0.22251959 0.97492814 -0 0.22251959 1 0 0 1 -0 0 -1 -0 0 -1 -0 0 -0.97492814 -0 0.22251959 -0.97492814 -0 0.22251959 -0.9009705 -0 0.43388027 -0.9009705 -0 0.43388027 -0.78183085 -0 0.62349063 -0.78183085 -0 0.62349063 -0.62349063 -0 0.78183085 -0.62349063 -0 0.78183085 -0.43388027 -0 0.9009705 -0.43388027 -0 0.9009705 -0.22251959 -0 0.97492814 -0.22251959 -0 0.97492814 0 -0 1 -0 -0 1 0 -0 1 0 -0 1 0.22251959 -0 0.97492814 0.22251959 -0 0.97492814 0.43388027 -0 0.9009705 0.43388027 -0 0.9009705 0.62349063 -0 0.78183085 0.62349063 -0 0.78183085 0.78183085 -0 0.62349063 0.78183085 -0 0.62349063 0.9009705 -0 0.43388027 0.9009705 -0 0.43388027 0.97492814 -0 0.22251959 0.97492814 -0 0.22251959 1 0 0 1 0 0 1 0 0 1 0 0 -0 0 -1 -0 0 -1 -0.22251959 0 -0.97492814 -0.22251959 0 -0.97492814 -0.43388027 0 -0.9009705 -0.43388027 0 -0.9009705 -0.62349063 0 -0.78183085 -0.62349063 0 -0.78183085 -0.78183085 0 -0.62349063 -0.78183085 0 -0.62349063 -0.9009705 0 -0.43388027 -0.9009705 0 -0.43388027 -0.97492814 0 -0.22251959 -0.97492814 0 -0.22251959 -1 -0 0 -1 -0 0 0.97492814 0 -0.22251959 0.97492814 0 -0.22251959 0.9009705 0 -0.43388027 0.9009705 0 -0.43388027 0.78183085 0 -0.62349063 0.78183085 0 -0.62349063 0.62349063 0 -0.78183085 0.62349063 0 -0.78183085 0.43388027 0 -0.9009705 0.43388027 0 -0.9009705 0.22251959 0 -0.97492814 0.22251959 0 -0.97492814 0 0 -1 0 0 -1 -0.2588189 -0 0.9659259 -0.2588189 -0 0.9659259 -0 -0 1 -0 -0 1 0.2588189 0 0.9659259 0.2588189 0 0.9659259 0.499998 0 0.8660265 0.499998 0 0.8660265 0.7071067 0 0.7071067 0.7071067 0 0.7071067 0.8660265 0 0.499998 0.8660265 0 0.499998 0.9659259 0 0.2588189 0.9659259 0 0.2588189 1 0 0 1 0 0 0.9659259 0 -0.2588189 0.9659259 0 -0.2588189 0.8660265 0 -0.499998 0.8660265 0 -0.499998 0.7071067 0 -0.7071067 0.7071067 0 -0.7071067 0.499998 0 -0.8660265 0.499998 0 -0.8660265 0.2588189 0 -0.9659259 0.2588189 0 -0.9659259 -0 0 -1 -0 0 -1 -0.2588189 -0 -0.9659259 -0.2588189 -0 -0.9659259 -0.499998 -0 -0.8660265 -0.499998 -0 -0.8660265 -0.7071067 -0 -0.7071067 -0.7071067 -0 -0.7071067 -0.8660265 -0 -0.499998 -0.8660265 -0 -0.499998 -0.9659259 -0 -0.2588189 -0.9659259 -0 -0.2588189 -1 -0 0 -1 -0 0 -0.9659259 -0 0.2588189 -0.9659259 -0 0.2588189 -0.8660265 -0 0.499998 -0.8660265 -0 0.499998 -0.7071067 -0 0.7071067 -0.7071067 -0 0.7071067 -0.499998 -0 0.8660265 -0.499998 -0 0.8660265 -1 0 0 -1 0 0 -0.9829729 0 -0.18375054 -0.9829729 0 -0.18375054 -0.9324725 0 -0.36124098 -0.9324725 0 -0.36124098 -0.8502189 0 -0.5264293 -0.8502189 0 -0.5264293 -0.73900723 0 -0.6736975 -0.73900723 0 -0.6736975 -0.6026304 0 -0.7980204 -0.6026304 0 -0.7980204 -0.44574097 0 -0.8951619 -0.44574097 0 -0.8951619 -0.27365908 0 -0.9618268 -0.27365908 0 -0.9618268 -0.09227036 0 -0.9957339 -0.09227036 0 -0.9957339 0.09227036 0 -0.9957339 0.09227036 0 -0.9957339 0.27365908 0 -0.9618268 0.27365908 0 -0.9618268 0.44574097 0 -0.8951619 0.44574097 0 -0.8951619 0.6026304 0 -0.7980204 0.6026304 0 -0.7980204 0.73900723 0 -0.6736975 0.73900723 0 -0.6736975 0.8502189 0 -0.5264293 0.8502189 0 -0.5264293 0.9324725 0 -0.36124098 0.9324725 0 -0.36124098 0.9829729 0 -0.18375054 0.9829729 0 -0.18375054 1 -0 0 1 -0 0 1 0 0 1 0 0 1 0 0 1 0 0 1 -0 0 1 -0 0 0.9829729 -0 0.18375054 0.9829729 -0 0.18375054 0.9324725 -0 0.36124098 0.9324725 -0 0.36124098 0.8502189 -0 0.5264293 0.8502189 -0 0.5264293 0.73900723 -0 0.6736975 0.73900723 -0 0.6736975 0.6026304 -0 0.7980204 0.6026304 -0 0.7980204 0.44574097 -0 0.8951619 0.44574097 -0 0.8951619 0.27365908 -0 0.9618268 0.27365908 -0 0.9618268 0.09227036 -0 0.9957339 0.09227036 -0 0.9957339 -0.09227036 -0 0.9957339 -0.09227036 -0 0.9957339 -0.27365908 -0 0.9618268 -0.27365908 -0 0.9618268 -0.44574097 -0 0.8951619 -0.44574097 -0 0.8951619 -0.6026304 -0 0.7980204 -0.6026304 -0 0.7980204 -0.73900723 -0 0.6736975 -0.73900723 -0 0.6736975 -0.8502189 -0 0.5264293 -0.8502189 -0 0.5264293 -0.9324725 -0 0.36124098 -0.9324725 -0 0.36124098 -0.9829729 -0 0.18375054 -0.9829729 -0 0.18375054 -1 0 0 -1 0 0 -0 -1 0 -0 -1 0 -0 -1 0 -0 -1 0 -0 -1 0 -0 -1 0 -0 -1 0 -0 -1 0 -0 -1 0 -0 -1 0 -0 -1 0 -0 -1 0 -0 -1 0 -0 -1 0 -0 -1 0 -0 -1 0 -0 -1 0 -0 -1 0 -0 -1 0 -0 -1 0 -0 -1 0 -0 -1 0 -0 -1 0 -0 -1 0 -0 -1 0 -0 -1 0 -0 -1 0 -0 -1 0 -0 -1 0 -0 -1 0 -0 -1 0 -0 -1 0 -0 -1 0 -0 -1 0 -0 -1 0 -0 -1 0 -0 -1 0 -0 -1 0 -0 -1 0 -0 -1 0 -0 -1 0 -0 -1 0 -0 -1 0 -0 -1 0 -0 -1 0 -0 -1 0 -0 -1 0 -0 -1 0 -0 -1 0 -0 -1 0 -0 -1 0 -0 -1 0 -0 -1 0 -0 -1 0 -0 -1 0 -0 -1 0 -0 -1 0 -0 -1 0 -0 -1 0 -0 -1 0 0.9939305 -0 0.11001006 0.9939305 -0 0.11001006 1 -0 0 1 -0 0 0.9939305 0 -0.11001006 0.9939305 0 -0.11001006 0.97579676 0 -0.21867926 0.97579676 0 -0.21867926 0.94581735 0 -0.3246991 0.94581735 0 -0.3246991 0.90435636 0 -0.4267783 0.90435636 0 -0.4267783 0.85192084 0 -0.5236705 0.85192084 0 -0.5236705 0.78914165 0 -0.61421126 0.78914165 0 -0.61421126 0.7167797 0 -0.6972997 0.7167797 0 -0.6972997 0.63571984 0 -0.77191985 0.63571984 0 -0.77191985 0.5469478 0 -0.83716667 0.5469478 0 -0.83716667 0.45153236 0 -0.8922547 0.45153236 0 -0.8922547 0.35064012 0 -0.9365102 0.35064012 0 -0.9365102 0.24548976 0 -0.9693991 0.24548976 0 -0.9693991 0.13735035 0 -0.9905225 0.13735035 0 -0.9905225 0.02755001 0 -0.99962044 0.02755001 0 -0.99962044 -0.08258037 0 -0.9965844 -0.08258037 0 -0.9965844 -0.19171031 0 -0.9814516 -0.19171031 0 -0.9814516 -0.298509 0 -0.9544068 -0.298509 0 -0.9544068 -0.40170044 0 -0.91577107 -0.40170044 0 -0.91577107 -0.499998 0 -0.8660265 -0.499998 0 -0.8660265 -0.59223604 0 -0.8057646 -0.59223604 0 -0.8057646 -0.67728263 0 -0.7357229 -0.67728263 0 -0.7357229 -0.7541091 0 -0.6567492 -0.7541091 0 -0.6567492 -0.82177764 0 -0.56980836 -0.82177764 0 -0.56980836 -0.8794718 0 -0.47595096 -0.8794718 0 -0.47595096 -0.9264932 0 -0.37631133 -0.9264932 0 -0.37631133 -0.96226907 0 -0.27209976 -0.96226907 0 -0.27209976 -0.9863621 0 -0.16459034 -0.9863621 0 -0.16459034 -0.99848133 0 -0.05509007 -0.99848133 0 -0.05509007 -0.99848133 -0 0.05509007 -0.99848133 -0 0.05509007 -0.9863621 -0 0.16459034 -0.9863621 -0 0.16459034 -0.96226907 -0 0.27209976 -0.96226907 -0 0.27209976 -0.9264932 -0 0.37631133 -0.9264932 -0 0.37631133 -0.8794718 -0 0.47595096 -0.8794718 -0 0.47595096 -0.82177764 -0 0.56980836 -0.82177764 -0 0.56980836 -0.7541091 -0 0.6567492 -0.7541091 -0 0.6567492 -0.67728263 -0 0.7357229 -0.67728263 -0 0.7357229 -0.59223604 -0 0.8057646 -0.59223604 -0 0.8057646 -0.499998 -0 0.8660265 -0.499998 -0 0.8660265 -0.40170044 -0 0.91577107 -0.40170044 -0 0.91577107 -0.298509 -0 0.9544068 -0.298509 -0 0.9544068 -0.19171031 -0 0.9814516 -0.19171031 -0 0.9814516 -0.08258037 -0 0.9965844 -0.08258037 -0 0.9965844 0.02755001 -0 0.99962044 0.02755001 -0 0.99962044 0.13735035 -0 0.9905225 0.13735035 -0 0.9905225 0.24548976 -0 0.9693991 0.24548976 -0 0.9693991 0.35064012 -0 0.9365102 0.35064012 -0 0.9365102 0.45153236 -0 0.8922547 0.45153236 -0 0.8922547 0.5469478 -0 0.83716667 0.5469478 -0 0.83716667 0.63571984 -0 0.77191985 0.63571984 -0 0.77191985 0.7167797 -0 0.6972997 0.7167797 -0 0.6972997 0.78914165 -0 0.61421126 0.78914165 -0 0.61421126 0.85192084 -0 0.5236705 0.85192084 -0 0.5236705 0.90435636 -0 0.4267783 0.90435636 -0 0.4267783 0.94581735 -0 0.3246991 0.94581735 -0 0.3246991 0.97579676 -0 0.21867926 0.97579676 -0 0.21867926 0.9939305 -0 0.11001006 0.9939305 -0 0.11001006 1 -0 0 1 -0 0 0.9939305 0 -0.11001006 0.9939305 0 -0.11001006 0.97579676 0 -0.21867926 0.97579676 0 -0.21867926 0.94581735 0 -0.3246991 0.94581735 0 -0.3246991 0.90435636 0 -0.4267783 0.90435636 0 -0.4267783 0.85192084 0 -0.5236705 0.85192084 0 -0.5236705 0.78914165 0 -0.61421126 0.78914165 0 -0.61421126 0.7167797 0 -0.6972997 0.7167797 0 -0.6972997 0.63571984 0 -0.77191985 0.63571984 0 -0.77191985 0.5469478 0 -0.83716667 0.5469478 0 -0.83716667 0.45153236 0 -0.8922547 0.45153236 0 -0.8922547 0.35064012 0 -0.9365102 0.35064012 0 -0.9365102 0.24548976 0 -0.9693991 0.24548976 0 -0.9693991 0.13735035 0 -0.9905225 0.13735035 0 -0.9905225 0.02755001 0 -0.99962044 0.02755001 0 -0.99962044 -0.08258037 0 -0.9965844 -0.08258037 0 -0.9965844 -0.19171031 0 -0.9814516 -0.19171031 0 -0.9814516 -0.298509 0 -0.9544068 -0.298509 0 -0.9544068 -0.40170044 0 -0.91577107 -0.40170044 0 -0.91577107 -0.499998 0 -0.8660265 -0.499998 0 -0.8660265 -0.59223604 0 -0.8057646 -0.59223604 0 -0.8057646 -0.67728263 0 -0.7357229 -0.67728263 0 -0.7357229 -0.7541091 0 -0.6567492 -0.7541091 0 -0.6567492 -0.82177764 0 -0.56980836 -0.82177764 0 -0.56980836 -0.8794718 0 -0.47595096 -0.8794718 0 -0.47595096 -0.9264932 0 -0.37631133 -0.9264932 0 -0.37631133 -0.96226907 0 -0.27209976 -0.96226907 0 -0.27209976 -0.9863621 0 -0.16459034 -0.9863621 0 -0.16459034 -0.99848133 0 -0.05509007 -0.99848133 0 -0.05509007 -0.99848133 -0 0.05509007 -0.99848133 -0 0.05509007 -0.9863621 -0 0.16459034 -0.9863621 -0 0.16459034 -0.96226907 -0 0.27209976 -0.96226907 -0 0.27209976 -0.9264932 -0 0.37631133 -0.9264932 -0 0.37631133 -0.8794718 -0 0.47595096 -0.8794718 -0 0.47595096 -0.82177764 -0 0.56980836 -0.82177764 -0 0.56980836 -0.7541091 -0 0.6567492 -0.7541091 -0 0.6567492 -0.67728263 -0 0.7357229 -0.67728263 -0 0.7357229 -0.59223604 -0 0.8057646 -0.59223604 -0 0.8057646 -0.499998 -0 0.8660265 -0.499998 -0 0.8660265 -0.40170044 -0 0.91577107 -0.40170044 -0 0.91577107 -0.298509 -0 0.9544068 -0.298509 -0 0.9544068 -0.19171031 -0 0.9814516 -0.19171031 -0 0.9814516 -0.08258037 -0 0.9965844 -0.08258037 -0 0.9965844 0.02755001 -0 0.99962044 0.02755001 -0 0.99962044 0.13735035 -0 0.9905225 0.13735035 -0 0.9905225 0.24548976 -0 0.9693991 0.24548976 -0 0.9693991 0.35064012 -0 0.9365102 0.35064012 -0 0.9365102 0.45153236 -0 0.8922547 0.45153236 -0 0.8922547 0.5469478 -0 0.83716667 0.5469478 -0 0.83716667 0.63571984 -0 0.77191985 0.63571984 -0 0.77191985 0.7167797 -0 0.6972997 0.7167797 -0 0.6972997 0.78914165 -0 0.61421126 0.78914165 -0 0.61421126 0.85192084 -0 0.5236705 0.85192084 -0 0.5236705 0.90435636 -0 0.4267783 0.90435636 -0 0.4267783 0.94581735 -0 0.3246991 0.94581735 -0 0.3246991 0.97579676 -0 0.21867926 0.97579676 -0 0.21867926 -0 -1 0 -0 -1 0 -0 -1 0 -0 -1 0 -0 -1 0 -0 -1 0 -0 -1 0 -0 -1 0 -0 -1 0 -0 -1 0 -0 -1 0 -0 -1 0 -0 -1 0 -0 -1 0 -0 -1 0 -0 -1 0 -0 -1 0 -0 -1 0 -0 -1 0 -0 -1 0 -0 -1 0 -0 -1 0 -0 -1 0 -0 -1 0 -0 -1 0 -0 -1 0 -0 -1 0 -0 -1 0 -0 -1 0 -0 -1 0 -0 -1 0 -0 -1 0 -0 -1 0 -0 -1 0 -0 -1 0 -0 -1 0 -0 -1 0 -0 -1 0 -0 -1 0 -0 -1 0 -0 -1 0 -0 -1 0 -0 -1 0 -0 -1 0 -0 -1 0 -0 -1 0 -0 -1 0 -0 -1 0 -0 -1 0 -0 -1 0 -0 -1 0 -0 -1 0 -0 -1 0 -0 -1 0 -0 -1 0 -0 -1 0 -0 -1 0 -0 -1 0 -0 -1 0 -0 -1 0 -0 -1 0 -0 -1 0 -0 -1 0 -0 -1 0 -0 -1 0 -0 -1 0 -0 -1 0 -0 -1 0 -0 -1 0 -0 -1 0 -0 -1 0 -0 -1 0 -0 -1 0 -0 -1 0 -0 -1 0 -0 -1 0 -0 -1 0 -0 -1 0 -0 -1 0 -0 -1 0 -0 -1 0 -0 -1 0 -0 -1 0 -0 -1 0 -0 -1 0 -0 -1 0 -0 -1 0 -0 -1 0 -0 -1 0 -0 -1 0 -0 -1 0 -0 -1 0 -0 -1 0 -0 -1 0 -0 -1 0 -0 -1 0 -0 -1 0 -0 -1 0 -0 -1 0 -0 -1 0 -0 -1 0 -0 -1 0 -0 -1 0 -0 -1 0 -0 -1 0 -0 -1 0 -0 -1 0 -0 -1 0 -0 -1 0 -0 -1 0 -0 -1 0 -0 -1 0 -0 -1 0 -0 -1 0 -0 -1 0 -0 -1 0 -0 -1 0 -0 -1 0 -0 -1 0 -0 -1 0 -0 -1 0 -0 -1 0 -0 -1 0 -0 -1 0 -0 -1 0 -0 -1 0 -0 -1 0 -0 -1 0 -0 -1 0 -0 -1 0 -0 -1 0 -0 -1 0 -0 -1 0 -0 -1 0 -0 -1 0 -0 -1 0 -0 -1 0 -0 -1 0 -0 -1 0 -0 -1 0 -0 -1 0 -0 -1 0 -0 -1 0 -0 -1 0 -0 -1 0 -0 -1 0 -0 -1 0 -0 -1 0 -0 -1 0 -0 -1 0 -0 -1 0 -0 -1 0 -0 -1 0 -0 -1 0 -0 -1 0 -0 -1 0 -0 -1 0 -0 -1 0 -0 -1 0 -0 -1 0 -0 -1 0 -0 -1 0 -0 -1 0 -0 -1 0 -0 -1 0 -0 -1 0 -0 -1 0 -0 -1 0 -0 -1 0 -0 -1 0 -0 -1 0 -0 -1 0 -0 -1 0 -0 -1 0 -0 -1 0 -0 -1 0 -0 -1 0 -0 -1 0 -0 -1 0 -0 -1 0 -0 -1 0 -0 -1 0 -0 -1 0 -0 -1 0 -0 -1 0 -0 -1 0 -0 -1 0 -0 -1 0 -0 -1 0 -0 -1 0 -0 -1 0 -0 -1 0 -0 -1 0 -0 -1 0 -0 -1 0 -0 -1 0 -0 -1 0 -0 -1 0 -0 -1 0 -0 -1 0 -0 -1 0 -0 -1 0 -0 -1 0 -0 -1 0 -0 -1 0 -0 -1 0 -0 -1 0 -0 -1 0 -0 -1 0 -0 -1 0 -0 -1 0 -0 -1 0 -0 -1 0 -0 -1 0 -0 -1 0 -0 -1 0 -0 -1 0 -0 -1 0 -0 -1 0 -0 -1 0 -0 -1 0 -0 -1 0 -0 -1 0 -0 -1 0 -0 -1 0 -0 -1 0 -0 -1 0 -0 -1 0 -0 -1 0 -0 -1 0 -0 -1 0 -0 -1 0 -0 -1 0 -0 -1 0 -0 -1 0 -0 -1 0 -0 -1 0 -0 -1 0 -0 -1 0 -0 -1 0 -0 -1 0 -0 -1 0 -0 -1 0 -0 -1 0 -0 -1 0 -0 -1 0 -0 -1 0 -0 -1 0 -0 -1 0 -0 -1 0 -0 -1 0 -0 -1 0 -0 -1 0 -0 -1 0 -0 -1 0 -0 -1 0 -0 -1 0 -0 -1 0 -0 -1 0 -0 -1 0 -0 -1 0 -0 -1 0 -0 -1 0 -0 -1 0 -0 -1 0 -0 -1 0 -0 -1 0 -0 -1 0 -0 -1 0 -0 -1 0 -0 -1 0 -0 -1 0 -0 -1 0 -0 -1 0 -0 -1 0 -0 -1 0 -0 -1 0 -0 -1 0 -0 -1 0 -0 -1 0 -0 -1 0 -0 -1 0 -0 -1 0 -0 -1 0 -0 -1 0 -0 -1 0 -0 -1 0 -0 -1 0 -0 -1 0 -0 -1 0 -0 -1 0 -0 -1 0 -0 -1 0 -0 -1 0 -0 -1 0 -0 -1 0 -0 -1 0 -0 -1 0 -0 -1 0 -0 -1 0 -0 -1 0 -0 -1 0 -0 -1 0 -0 -1 0 -0 -1 0 -0 -1 0 -0 -1 0 -0 -1 0 -0 -1 0 -0 -1 0 -0 -1 0 -0 -1 0 -0 -1 0 -0 -1 0 -0 -1 0 -0 -1 0 -0 -1 0 -0 -1 0 -0 -1 0 -0 -1 0 -0 -1 0 -0 -1 0 -0 -1 0 -0 -1 0 -0 -1 0 -0 -1 0 -0 -1 0 -0 -1 0 -0 -1 0 -0 -1 0 -0 -1 0 -0 -1 0 -0 -1 0 -0 -1 0 -0 -1 0 -0 -1 0 -0 -1 0 -0 -1 0 -0 -1 0 -0 -1 0 -0 -1 0 -0 -1 0 -0 -1 0 -0 -1 0 -0 -1 0 -0 -1 0 -0 -1 0 -0 -1 0 -0 -1 0 -0 -1 0 -0 -1 0 -0 -1 0 -0 -1 0 -0 -1 0 -0 -1 0 -0 -1 0 -0 -1 0 -0 -1 0 -0 -1 0 -0 -1 0 -0 -1 0 -0 -1 0 -0 -1 0 -0 -1 0 -0 -1 0 -0 -1 0 -0 -1 0 -0 -1 0 -0 -1 0 -0 -1 0 -0 -1 0 -0 -1 0 -0 -1 0 -0 -1 0 -0 -1 0 -0 -1 0 -0 -1 0 -0 -1 0 -0 -1 0 -0 -1 0 -0 -1 0 -0 -1 0 -0 -1 0 -0 -1 0 -0 -1 0 -0 -1 0 -0 -1 0 -0 -1 0 -0 -1 0 -0 -1 0 -0 -1 0 -0 -1 0 -0 -1 0 -0 -1 0 -0 -1 0 -0 -1 0 -0 -1 0 -0 -1 0 -0 -1 0 -0 -1 0 -0 -1 0 -0 -1 0 -0 -1 0 -0 -1 0 -0 -1 0 -0 -1 0 -0 -1 0 -0 -1 0 -0 -1 0 -0 -1 0 -0 -1 0 -0 -1 0 -0 -1 0 -0 -1 0 -0 -1 0 -0 -1 0 -0 -1 0 -0 -1 0 -0 -1 0 -0 -1 0 -0 -1 0 -0 -1 0 -0 -1 0 -0 -1 0 -0 -1 0 -0 -1 0 -0 -1 0 -0 -1 0 -0 -1 0 -0 -1 0 -0 -1 0 -0 -1 0 -0 -1 0 -0 -1 0 -0 -1 0 -0 -1 0 -0 -1 0 -0 -1 0 -0 -1 0 -0 -1 0 -0 -1 0 -0 -1 0 -0 -1 0 -0 -1 0 -0 -1 0 -0 -1 0 -0 -1 0 -0 -1 0 -0 -1 0 -0 -1 0 -0 -1 0 -0 -1 0 -0 -1 0 -0 -1 0 -0 -1 0 -0 -1 0 -0 -1 0 0.9659259 0 -0.2588189 0.9659259 0 -0.2588189 1 0 0 1 0 0 0.9659259 -0 0.2588189 0.9659259 -0 0.2588189 0.8660265 -0 0.499998 0.8660265 -0 0.499998 0.7071067 -0 0.7071067 0.7071067 -0 0.7071067 0.499998 -0 0.8660265 0.499998 -0 0.8660265 0.2588189 -0 0.9659259 0.2588189 -0 0.9659259 -0 -0 1 -0 -0 1 -0.2588189 -0 0.9659259 -0.2588189 -0 0.9659259 -0.499998 -0 0.8660265 -0.499998 -0 0.8660265 -0.7071067 -0 0.7071067 -0.7071067 -0 0.7071067 -0.8660265 -0 0.499998 -0.8660265 -0 0.499998 -0.9659259 -0 0.2588189 -0.9659259 -0 0.2588189 -1 0 0 -1 0 0 -0.9659259 0 -0.2588189 -0.9659259 0 -0.2588189 -0.8660265 0 -0.499998 -0.8660265 0 -0.499998 -0.7071067 0 -0.7071067 -0.7071067 0 -0.7071067 -0.499998 0 -0.8660265 -0.499998 0 -0.8660265 -0.2588189 0 -0.9659259 -0.2588189 0 -0.9659259 -0 0 -1 -0 0 -1 0.2588189 0 -0.9659259 0.2588189 0 -0.9659259 0.499998 0 -0.8660265 0.499998 0 -0.8660265 0.7071067 0 -0.7071067 0.7071067 0 -0.7071067 0.8660265 0 -0.499998 0.8660265 0 -0.499998 0.9659259 0 -0.2588189 0.9659259 0 -0.2588189 1 0 0 1 0 0 0.9659259 -0 0.2588189 0.9659259 -0 0.2588189 0.8660265 -0 0.499998 0.8660265 -0 0.499998 0.7071067 -0 0.7071067 0.7071067 -0 0.7071067 0.499998 -0 0.8660265 0.499998 -0 0.8660265 0.2588189 -0 0.9659259 0.2588189 -0 0.9659259 -0 -0 1 -0 -0 1 -0.2588189 -0 0.9659259 -0.2588189 -0 0.9659259 -0.499998 -0 0.8660265 -0.499998 -0 0.8660265 -0.7071067 -0 0.7071067 -0.7071067 -0 0.7071067 -0.8660265 -0 0.499998 -0.8660265 -0 0.499998 -0.9659259 -0 0.2588189 -0.9659259 -0 0.2588189 -1 0 0 -1 0 0 -0.9659259 0 -0.2588189 -0.9659259 0 -0.2588189 -0.8660265 0 -0.499998 -0.8660265 0 -0.499998 -0.7071067 0 -0.7071067 -0.7071067 0 -0.7071067 -0.499998 0 -0.8660265 -0.499998 0 -0.8660265 -0.2588189 0 -0.9659259 -0.2588189 0 -0.9659259 -0 0 -1 -0 0 -1 0.2588189 0 -0.9659259 0.2588189 0 -0.9659259 0.499998 0 -0.8660265 0.499998 0 -0.8660265 0.7071067 0 -0.7071067 0.7071067 0 -0.7071067 0.8660265 0 -0.499998 0.8660265 0 -0.499998 0.9659259 0 -0.2588189 0.9659259 0 -0.2588189 1 0 0 1 0 0 0.9659259 -0 0.2588189 0.9659259 -0 0.2588189 0.8660265 -0 0.499998 0.8660265 -0 0.499998 0.7071067 -0 0.7071067 0.7071067 -0 0.7071067 0.499998 -0 0.8660265 0.499998 -0 0.8660265 0.2588189 -0 0.9659259 0.2588189 -0 0.9659259 -0 -0 1 -0 -0 1 -0.2588189 -0 0.9659259 -0.2588189 -0 0.9659259 -0.499998 -0 0.8660265 -0.499998 -0 0.8660265 -0.7071067 -0 0.7071067 -0.7071067 -0 0.7071067 -0.8660265 -0 0.499998 -0.8660265 -0 0.499998 -0.9659259 -0 0.2588189 -0.9659259 -0 0.2588189 -1 0 0 -1 0 0 -0.9659259 0 -0.2588189 -0.9659259 0 -0.2588189 -0.8660265 0 -0.499998 -0.8660265 0 -0.499998 -0.7071067 0 -0.7071067 -0.7071067 0 -0.7071067 -0.499998 0 -0.8660265 -0.499998 0 -0.8660265 -0.2588189 0 -0.9659259 -0.2588189 0 -0.9659259 -0 0 -1 -0 0 -1 0.2588189 0 -0.9659259 0.2588189 0 -0.9659259 0.499998 0 -0.8660265 0.499998 0 -0.8660265 0.7071067 0 -0.7071067 0.7071067 0 -0.7071067 0.8660265 0 -0.499998 0.8660265 0 -0.499998 0.9659259 0 -0.2588189 0.9659259 0 -0.2588189 1 0 0 1 0 0 0.9659259 -0 0.2588189 0.9659259 -0 0.2588189 0.8660265 -0 0.499998 0.8660265 -0 0.499998 0.7071067 -0 0.7071067 0.7071067 -0 0.7071067 0.499998 -0 0.8660265 0.499998 -0 0.8660265 0.2588189 -0 0.9659259 0.2588189 -0 0.9659259 -0 -0 1 -0 -0 1 -0.2588189 -0 0.9659259 -0.2588189 -0 0.9659259 -0.499998 -0 0.8660265 -0.499998 -0 0.8660265 -0.7071067 -0 0.7071067 -0.7071067 -0 0.7071067 -0.8660265 -0 0.499998 -0.8660265 -0 0.499998 -0.9659259 -0 0.2588189 -0.9659259 -0 0.2588189 -1 0 0 -1 0 0 -0.9659259 0 -0.2588189 -0.9659259 0 -0.2588189 -0.8660265 0 -0.499998 -0.8660265 0 -0.499998 -0.7071067 0 -0.7071067 -0.7071067 0 -0.7071067 -0.499998 0 -0.8660265 -0.499998 0 -0.8660265 -0.2588189 0 -0.9659259 -0.2588189 0 -0.9659259 -0 0 -1 -0 0 -1 0.2588189 0 -0.9659259 0.2588189 0 -0.9659259 0.499998 0 -0.8660265 0.499998 0 -0.8660265 0.7071067 0 -0.7071067 0.7071067 0 -0.7071067 0.8660265 0 -0.499998 0.8660265 0 -0.499998 0.9659259 0 -0.2588189 0.9659259 0 -0.2588189 1 0 0 1 0 0 0.9659259 -0 0.2588189 0.9659259 -0 0.2588189 0.8660265 -0 0.499998 0.8660265 -0 0.499998 0.7071067 -0 0.7071067 0.7071067 -0 0.7071067 0.499998 -0 0.8660265 0.499998 -0 0.8660265 0.2588189 -0 0.9659259 0.2588189 -0 0.9659259 -0 -0 1 -0 -0 1 -0.2588189 -0 0.9659259 -0.2588189 -0 0.9659259 -0.499998 -0 0.8660265 -0.499998 -0 0.8660265 -0.7071067 -0 0.7071067 -0.7071067 -0 0.7071067 -0.8660265 -0 0.499998 -0.8660265 -0 0.499998 -0.9659259 -0 0.2588189 -0.9659259 -0 0.2588189 -1 0 0 -1 0 0 -0.9659259 0 -0.2588189 -0.9659259 0 -0.2588189 -0.8660265 0 -0.499998 -0.8660265 0 -0.499998 -0.7071067 0 -0.7071067 -0.7071067 0 -0.7071067 -0.499998 0 -0.8660265 -0.499998 0 -0.8660265 -0.2588189 0 -0.9659259 -0.2588189 0 -0.9659259 -0 0 -1 -0 0 -1 0.2588189 0 -0.9659259 0.2588189 0 -0.9659259 0.499998 0 -0.8660265 0.499998 0 -0.8660265 0.7071067 0 -0.7071067 0.7071067 0 -0.7071067 0.8660265 0 -0.499998 0.8660265 0 -0.499998 0.9659259 0 -0.2588189 0.9659259 0 -0.2588189 1 0 0 1 0 0 0.9659259 -0 0.2588189 0.9659259 -0 0.2588189 0.8660265 -0 0.499998 0.8660265 -0 0.499998 0.7071067 -0 0.7071067 0.7071067 -0 0.7071067 0.499998 -0 0.8660265 0.499998 -0 0.8660265 0.2588189 -0 0.9659259 0.2588189 -0 0.9659259 -0 -0 1 -0 -0 1 -0.2588189 -0 0.9659259 -0.2588189 -0 0.9659259 -0.499998 -0 0.8660265 -0.499998 -0 0.8660265 -0.7071067 -0 0.7071067 -0.7071067 -0 0.7071067 -0.8660265 -0 0.499998 -0.8660265 -0 0.499998 -0.9659259 -0 0.2588189 -0.9659259 -0 0.2588189 -1 0 0 -1 0 0 -0.9659259 0 -0.2588189 -0.9659259 0 -0.2588189 -0.8660265 0 -0.499998 -0.8660265 0 -0.499998 -0.7071067 0 -0.7071067 -0.7071067 0 -0.7071067 -0.499998 0 -0.8660265 -0.499998 0 -0.8660265 -0.2588189 0 -0.9659259 -0.2588189 0 -0.9659259 -0 0 -1 -0 0 -1 0.2588189 0 -0.9659259 0.2588189 0 -0.9659259 0.499998 0 -0.8660265 0.499998 0 -0.8660265 0.7071067 0 -0.7071067 0.7071067 0 -0.7071067 0.8660265 0 -0.499998 0.8660265 0 -0.499998 0.9659259 0 -0.2588189 0.9659259 0 -0.2588189 1 0 0 1 0 0 0.9659259 -0 0.2588189 0.9659259 -0 0.2588189 0.8660265 -0 0.499998 0.8660265 -0 0.499998 0.7071067 -0 0.7071067 0.7071067 -0 0.7071067 0.499998 -0 0.8660265 0.499998 -0 0.8660265 0.2588189 -0 0.9659259 0.2588189 -0 0.9659259 -0 -0 1 -0 -0 1 -0.2588189 -0 0.9659259 -0.2588189 -0 0.9659259 -0.499998 -0 0.8660265 -0.499998 -0 0.8660265 -0.7071067 -0 0.7071067 -0.7071067 -0 0.7071067 -0.8660265 -0 0.499998 -0.8660265 -0 0.499998 -0.9659259 -0 0.2588189 -0.9659259 -0 0.2588189 -1 0 0 -1 0 0 -0.9659259 0 -0.2588189 -0.9659259 0 -0.2588189 -0.8660265 0 -0.499998 -0.8660265 0 -0.499998 -0.7071067 0 -0.7071067 -0.7071067 0 -0.7071067 -0.499998 0 -0.8660265 -0.499998 0 -0.8660265 -0.2588189 0 -0.9659259 -0.2588189 0 -0.9659259 -0 0 -1 -0 0 -1 0.2588189 0 -0.9659259 0.2588189 0 -0.9659259 0.499998 0 -0.8660265 0.499998 0 -0.8660265 0.7071067 0 -0.7071067 0.7071067 0 -0.7071067 0.8660265 0 -0.499998 0.8660265 0 -0.499998 0.9659259 0 -0.2588189 0.9659259 0 -0.2588189 1 0 0 1 0 0 0.9659259 -0 0.2588189 0.9659259 -0 0.2588189 0.8660265 -0 0.499998 0.8660265 -0 0.499998 0.7071067 -0 0.7071067 0.7071067 -0 0.7071067 0.499998 -0 0.8660265 0.499998 -0 0.8660265 0.2588189 -0 0.9659259 0.2588189 -0 0.9659259 -0 -0 1 -0 -0 1 -0.2588189 -0 0.9659259 -0.2588189 -0 0.9659259 -0.499998 -0 0.8660265 -0.499998 -0 0.8660265 -0.7071067 -0 0.7071067 -0.7071067 -0 0.7071067 -0.8660265 -0 0.499998 -0.8660265 -0 0.499998 -0.9659259 -0 0.2588189 -0.9659259 -0 0.2588189 -1 0 0 -1 0 0 -0.9659259 0 -0.2588189 -0.9659259 0 -0.2588189 -0.8660265 0 -0.499998 -0.8660265 0 -0.499998 -0.7071067 0 -0.7071067 -0.7071067 0 -0.7071067 -0.499998 0 -0.8660265 -0.499998 0 -0.8660265 -0.2588189 0 -0.9659259 -0.2588189 0 -0.9659259 -0 0 -1 -0 0 -1 0.2588189 0 -0.9659259 0.2588189 0 -0.9659259 0.499998 0 -0.8660265 0.499998 0 -0.8660265 0.7071067 0 -0.7071067 0.7071067 0 -0.7071067 0.8660265 0 -0.499998 0.8660265 0 -0.499998 0.9659259 0 -0.2588189 0.9659259 0 -0.2588189 1 0 0 1 0 0 0.9659259 -0 0.2588189 0.9659259 -0 0.2588189 0.8660265 -0 0.499998 0.8660265 -0 0.499998 0.7071067 -0 0.7071067 0.7071067 -0 0.7071067 0.499998 -0 0.8660265 0.499998 -0 0.8660265 0.2588189 -0 0.9659259 0.2588189 -0 0.9659259 -0 -0 1 -0 -0 1 -0.2588189 -0 0.9659259 -0.2588189 -0 0.9659259 -0.499998 -0 0.8660265 -0.499998 -0 0.8660265 -0.7071067 -0 0.7071067 -0.7071067 -0 0.7071067 -0.8660265 -0 0.499998 -0.8660265 -0 0.499998 -0.9659259 -0 0.2588189 -0.9659259 -0 0.2588189 -1 0 0 -1 0 0 -0.9659259 0 -0.2588189 -0.9659259 0 -0.2588189 -0.8660265 0 -0.499998 -0.8660265 0 -0.499998 -0.7071067 0 -0.7071067 -0.7071067 0 -0.7071067 -0.499998 0 -0.8660265 -0.499998 0 -0.8660265 -0.2588189 0 -0.9659259 -0.2588189 0 -0.9659259 -0 0 -1 -0 0 -1 0.2588189 0 -0.9659259 0.2588189 0 -0.9659259 0.499998 0 -0.8660265 0.499998 0 -0.8660265 0.7071067 0 -0.7071067 0.7071067 0 -0.7071067 0.8660265 0 -0.499998 0.8660265 0 -0.499998 0.9659259 0 -0.2588189 0.9659259 0 -0.2588189 1 0 0 1 0 0 0.9659259 -0 0.2588189 0.9659259 -0 0.2588189 0.8660265 -0 0.499998 0.8660265 -0 0.499998 0.7071067 -0 0.7071067 0.7071067 -0 0.7071067 0.499998 -0 0.8660265 0.499998 -0 0.8660265 0.2588189 -0 0.9659259 0.2588189 -0 0.9659259 -0 -0 1 -0 -0 1 -0.2588189 -0 0.9659259 -0.2588189 -0 0.9659259 -0.499998 -0 0.8660265 -0.499998 -0 0.8660265 -0.7071067 -0 0.7071067 -0.7071067 -0 0.7071067 -0.8660265 -0 0.499998 -0.8660265 -0 0.499998 -0.9659259 -0 0.2588189 -0.9659259 -0 0.2588189 -1 0 0 -1 0 0 -0.9659259 0 -0.2588189 -0.9659259 0 -0.2588189 -0.8660265 0 -0.499998 -0.8660265 0 -0.499998 -0.7071067 0 -0.7071067 -0.7071067 0 -0.7071067 -0.499998 0 -0.8660265 -0.499998 0 -0.8660265 -0.2588189 0 -0.9659259 -0.2588189 0 -0.9659259 -0 0 -1 -0 0 -1 0.2588189 0 -0.9659259 0.2588189 0 -0.9659259 0.499998 0 -0.8660265 0.499998 0 -0.8660265 0.7071067 0 -0.7071067 0.7071067 0 -0.7071067 0.8660265 0 -0.499998 0.8660265 0 -0.499998 -0 -0 1 -0 -0 1 -0.098020434 -0 0.9951845 -0.098020434 -0 0.9951845 -0.1950891 -0 0.9807854 -0.1950891 -0 0.9807854 -0.2902805 -0 0.9569416 -0.2902805 -0 0.9569416 -0.38268036 -0 0.9238809 -0.38268036 -0 0.9238809 -0.47139975 -0 0.88191956 -0.47139975 -0 0.88191956 -0.5555699 -0 0.83146983 -0.5555699 -0 0.83146983 -0.63439155 -0 0.7730119 -0.63439155 -0 0.7730119 -0.7071067 -0 0.7071067 -0.7071067 -0 0.7071067 -0.7730119 -0 0.63439155 -0.7730119 -0 0.63439155 -0.83146983 -0 0.5555699 -0.83146983 -0 0.5555699 -0.88191956 -0 0.47139975 -0.88191956 -0 0.47139975 -0.9238809 -0 0.38268036 -0.9238809 -0 0.38268036 -0.9569416 -0 0.2902805 -0.9569416 -0 0.2902805 -0.9807854 -0 0.1950891 -0.9807854 -0 0.1950891 -0.9951845 -0 0.098020434 -0.9951845 -0 0.098020434 -1 0 0 -1 0 0 -0.9951845 0 -0.098020434 -0.9951845 0 -0.098020434 -0.9807854 0 -0.1950891 -0.9807854 0 -0.1950891 -0.9569416 0 -0.2902805 -0.9569416 0 -0.2902805 -0.9238809 0 -0.38268036 -0.9238809 0 -0.38268036 -0.88191956 0 -0.47139975 -0.88191956 0 -0.47139975 -0.83146983 0 -0.5555699 -0.83146983 0 -0.5555699 -0.7730119 0 -0.63439155 -0.7730119 0 -0.63439155 -0.7071067 0 -0.7071067 -0.7071067 0 -0.7071067 -0.63439155 0 -0.7730119 -0.63439155 0 -0.7730119 -0.5555699 0 -0.83146983 -0.5555699 0 -0.83146983 -0.47139975 0 -0.88191956 -0.47139975 0 -0.88191956 -0.38268036 0 -0.9238809 -0.38268036 0 -0.9238809 -0.2902805 0 -0.9569416 -0.2902805 0 -0.9569416 -0.1950891 0 -0.9807854 -0.1950891 0 -0.9807854 -0.098020434 0 -0.9951845 -0.098020434 0 -0.9951845 0 0 -1 0 0 -1 0 0 -1 0 0 -1 0 0 -1 0 0 -1 0.098020434 0 -0.9951845 0.098020434 0 -0.9951845 0.1950891 0 -0.9807854 0.1950891 0 -0.9807854 0.2902805 0 -0.9569416 0.2902805 0 -0.9569416 0.38268036 0 -0.9238809 0.38268036 0 -0.9238809 0.47139975 0 -0.88191956 0.47139975 0 -0.88191956 0.5555699 0 -0.83146983 0.5555699 0 -0.83146983 0.63439155 0 -0.7730119 0.63439155 0 -0.7730119 0.7071067 0 -0.7071067 0.7071067 0 -0.7071067 0.7730119 0 -0.63439155 0.7730119 0 -0.63439155 0.83146983 0 -0.5555699 0.83146983 0 -0.5555699 0.88191956 0 -0.47139975 0.88191956 0 -0.47139975 0.9238809 0 -0.38268036 0.9238809 0 -0.38268036 0.9569416 0 -0.2902805 0.9569416 0 -0.2902805 0.9807854 0 -0.1950891 0.9807854 0 -0.1950891 0.9951845 0 -0.098020434 0.9951845 0 -0.098020434 1 -0 0 1 -0 0 0.9951845 -0 0.098020434 0.9951845 -0 0.098020434 0.9807854 -0 0.1950891 0.9807854 -0 0.1950891 0.9569416 -0 0.2902805 0.9569416 -0 0.2902805 0.9238809 -0 0.38268036 0.9238809 -0 0.38268036 0.88191956 -0 0.47139975 0.88191956 -0 0.47139975 0.83146983 -0 0.5555699 0.83146983 -0 0.5555699 0.7730119 -0 0.63439155 0.7730119 -0 0.63439155 0.7071067 -0 0.7071067 0.7071067 -0 0.7071067 0.63439155 -0 0.7730119 0.63439155 -0 0.7730119 0.5555699 -0 0.83146983 0.5555699 -0 0.83146983 0.47139975 -0 0.88191956 0.47139975 -0 0.88191956 0.38268036 -0 0.9238809 0.38268036 -0 0.9238809 0.2902805 -0 0.9569416 0.2902805 -0 0.9569416 0.1950891 -0 0.9807854 0.1950891 -0 0.9807854 0.098020434 -0 0.9951845 0.098020434 -0 0.9951845 0 -0 1 0 -0 1 0 1 0 0 1 0 0 1 0 0 1 0 0 1 0 0 1 0 0 1 0 0 1 0 0 1 0 0 1 0 0 1 0 0 1 0 0 1 0 0 1 0 0 1 0 0 1 0 0 1 0 0 1 0 0 1 0 0 1 0 0 1 0 0 1 0 0 1 0 0 1 0 0 1 0 0 1 0 0 1 0 0 1 0 0 1 0 0 1 0 0 1 0 0 1 0 0 1 0 0 1 0 0 1 0 0 1 0 0 1 0 0 1 0 0 1 0 0 1 0 0 1 0 0 1 0 0 1 0 0 1 0 0 1 0 0 1 0 0 1 0 0 1 0 0 1 0 0 1 0 0 1 0 0 1 0 0 1 0 0 1 0 0 1 0 0 1 0 0 1 0 0 1 0 0 1 0 0 1 0 0 1 0 0 1 0 0 1 0 0 1 0 0 1 0 0 1 0 0 1 0 0 1 0 0 1 0 0 1 0 0 1 0 0 1 0 0 1 0 0 1 0 0 1 0 0 1 0 0 1 0 0 1 0 0 1 0 0 1 0 0 1 0 0 1 0 0 1 0 0 1 0 0 1 0 0 1 0 0 1 0 0 1 0 0 1 0 0 1 0 0 1 0 0 1 0 0 1 0 0 1 0 0 1 0 0 1 0 0 1 0 0 1 0 0 1 0 0 1 0 0 1 0 0 1 0 0 1 0 0 1 0 0 1 0 0 1 0 0 1 0 0 1 0 0 1 0 0 1 0 0 1 0 0 1 0 0 1 0 0 1 0 0 1 0 0 1 0 0 1 0 0 1 0 0 1 0 0 1 0 0 1 0 0 1 0 0 1 0 0 1 0 0 1 0 0 1 0 0 1 0 0 1 0 0 1 0 0 1 0 0 1 0 0 1 0 0 1 0 0 1 0 0 1 0 0 1 0 0 1 0 0 1 0 0 1 0 0 1 0 0 1 0 0 1 0 0 1 0 0 1 0 0 1 0 0 1 0 0 1 0 0 1 0 0 1 0 0 1 0 0 1 0 0 1 0 0 1 0 0 1 0 0 1 0 0 1 0 0 1 0 0 1 0 0 1 0 0 1 0 0 1 0 0 1 0 0 1 0 0 1 0 0 1 0 0 1 0 0 1 0 0 1 0 0 1 0 0 1 0 0 1 0 0 1 0 0 1 0 0 1 0 0 1 0 0 1 0 0 1 0 0 1 0 0 1 0 0 1 0 0 1 0 0 1 0 0 1 0 0 1 0 0 1 0 0 1 0 0 1 0 0 1 0 0 1 0 0 1 0 0 1 0 0 1 0 0 1 0 0 1 0 0 1 0 0 1 0 0 1 0 0 1 0 0 1 0 0 1 0 0 1 0 0 1 0 0 1 0 0 1 0 0 1 0 0 1 0 0 1 0 0 1 0 0 1 0 0 1 0 0 1 0 0 1 0 0 1 0 0 1 0 0 1 0 0 1 0 0 1 0 0 1 0 0 1 0 0 1 0 0 1 0 0 1 0 0 1 0 0 1 0 0 1 0 0 1 0 0 1 0 0 1 0 0 1 0 0 1 0 0 1 0 0 1 0 0 1 0 0 1 0 0 1 0 0 1 0 0 1 0 0 1 0 0 1 0 0 1 0 0 1 0 0 1 0 0 1 0 0 1 0 0 1 0 0 1 0 0 1 0 0 1 0 0 1 0 0 1 0 0 1 0 0 1 0 0 1 0 0 1 0 0 1 0 0 1 0 0 1 0 0 1 0 0 1 0 0 1 0 0 1 0 0 1 0 0 1 0 0 1 0 0 1 0 0 1 0 0 1 0 0 1 0 0 1 0 0 1 0 0 1 0 0 1 0 0 1 0 0 1 0 0 1 0 0 1 0 0 1 0 0 1 0 0 1 0 0 1 0 0 1 0 0 1 0 0 1 0 0 1 0 0 1 0 0 1 0 0 1 0 0 1 0 0 1 0 0 1 0 0 1 0 0 1 0 0 1 0 0 1 0 0 1 0 0 1 0 0 1 0 0 1 0 0 1 0 0 1 0 0 1 0 0 1 0 0 1 0 0 1 0 0 1 0 0 1 0 0 1 0 0 1 0 0 1 0 0 1 0 0 1 0 0 1 0 0 1 0 0 1 0 0 1 0 0 1 0 0 1 0 0 1 0 0 1 0 0 1 0 0 1 0 0 1 0 0 1 0 0 1 0 0 1 0 0 1 0 0 1 0 0 1 0 0 1 0 0 1 0 0 1 0 0 1 0 0 1 0 0 1 0 0 1 0 0 1 0 0 1 0 0 1 0 0 1 0 0 1 0 0 1 0 0 1 0 0 1 0 0 1 0 0 1 0 0 1 0 0 1 0 0 1 0 0 1 0 0 1 0 0 1 0 0 1 0 0 1 0 0 1 0 0 1 0 0 1 0 0 1 0 0 1 0 0 1 0 0 1 0 0 1 0 0 1 0 0 1 0 0 1 0 0 1 0 0 1 0 0 1 0 0 1 0 0 1 0 0 1 0 0 1 0 0 1 0 0 1 0 0 1 0 0 1 0 0 1 0 0 1 0 0 1 0 0 1 0 0 1 0 0 1 0 0 1 0 0 1 0 0 1 0 0 1 0 0 1 0 0 1 0 0 1 0 0 1 0 0 1 0 0 1 0 0 1 0 0 1 0 0 1 0 -0 -1 0 -0 -1 0 -0 -1 0 -0 -1 0 -0 -1 0 -0 -1 0 -0 -1 0 -0 -1 0 -0 -1 0 -0 -1 0 -0 -1 0 -0 -1 0 -0 -1 0 -0 -1 0 -0 -1 0 -0 -1 0 -0 -1 0 -0 -1 0 -0 -1 0 -0 -1 0 -0 -1 0 -0 -1 0 -0 -1 0 -0 -1 0 -0 -1 0 -0 -1 0 -0 -1 0 -0 -1 0 -0 -1 0 -0 -1 0 -0 -1 0 -0 -1 0 -0 -1 0 -0 -1 0 -0 -1 0 -0 -1 0 -0 -1 0 -0 -1 0 -0 -1 0 -0 -1 0 -0 -1 0 -0 -1 0 -0 -1 0 -0 -1 0 -0 -1 0 -0 -1 0 -0 -1 0 -0 -1 0 -0 -1 0 -0 -1 0 -0 -1 0 -0 -1 0 -0 -1 0 -0 -1 0 -0 -1 0 -0 -1 0 -0 -1 0 -0 -1 0 -0 -1 0 -0 -1 0 -0 -1 0 -0 -1 0 -0 -1 0 -0 -1 0 -0 -1 0 -0 -1 0 -0 -1 0 -0 -1 0 -0 -1 0 -0 -1 0 -0 -1 0 -0 -1 0 -0 -1 0 -0 -1 0 -0 -1 0 -0 -1 0 -0 -1 0 -0 -1 0 -0 -1 0 -0 -1 0 -0 -1 0 -0 -1 0 -0 -1 0 -0 -1 0 -0 -1 0 -0 -1 0 -0 -1 0 -0 -1 0 -0 -1 0 -0 -1 0 -0 -1 0 -0 -1 0 -0 -1 0 -0 -1 0 -0 -1 0 -0 -1 0 -0 -1 0 -0 -1 0 -0 -1 0 -0 -1 0 -0 -1 0 -0 -1 0 -0 -1 0 -0 -1 0 -0 -1 0 -0 -1 0 -0 -1 0 -0 -1 0 -0 -1 0 -0 -1 0 -0 -1 0 -0 -1 0 -0 -1 0 -0 -1 0 -0 -1 0 -0 -1 0 -0 -1 0 -0 -1 0 -0 -1 0 -0 -1 0 -0 -1 0 -0 -1 0 -0 -1 0 -0 -1 0 -0 -1 0 -0 -1 0 -0 -1 0 -0 -1 0 -0 -1 0 -0 -1 0 -0 -1 0 -0 -1 0 -0 -1 0 -0 -1 0 -0 -1 0 -0 -1 0 -0 -1 0 -0 -1 0 -0 -1 0 -0 -1 0 -0 -1 0 -0 -1 0 -0 -1 0 -0 -1 0 -0 -1 0 -0 -1 0 -0 -1 0 -0 -1 0 -0 -1 0 -0 -1 0 -0 -1 0 -0 -1 0 -0 -1 0 -0 -1 0 -0 -1 0 -0 -1 0 -0 -1 0 -0 -1 0 -0 -1 0 -0 -1 0 -0 -1 0 -0 -1 0 -0 -1 0 -0 -1 0 -0 -1 0 -0 -1 0 -0 -1 0 -0 -1 0 -0 -1 0 -0 -1 0 -0 -1 0 -0 -1 0 -0 -1 0 -0 -1 0 -0 -1 0 -0 -1 0 -0 -1 0 </float_array>
          <technique_common>
            <accessor source="#mesh_1-normal-array" count="2182" stride="3">
              <param name="X" type="float" />
              <param name="Y" type="float" />
              <param name="Z" type="float" />
            </accessor>
          </technique_common>
        </source>
        <vertices id="mesh_1-vertices">
          <input semantic="POSITION" source="#mesh_1-position" />
        </vertices>
        <triangles material="default" count="2224">
          <input semantic="VERTEX" source="#mesh_1-vertices" offset="0" />
          <input semantic="TEXCOORD" source="#mesh_1-texcoord" offset="1" />
          <input semantic="NORMAL" source="#mesh_1-normal" offset="2" />
          <p>15 0 0 0 1 1 14 2 2 14 2 2 0 1 1 1 3 3 14 2 2 1 3 3 13 4 4 13 4 4 1 3 3 2 5 5 13 4 4 2 5 5 12 6 6 12 6 6 2 5 5 3 7 7 12 6 6 3 7 7 11 8 8 11 8 8 3 7 7 4 9 9 11 8 8 4 9 9 10 10 10 10 10 10 4 9 9 5 11 11 10 10 10 5 11 11 9 12 12 9 12 12 5 11 11 6 13 13 9 12 12 6 13 13 8 14 14 8 14 14 6 13 13 7 15 15 7 16 15 16 17 16 8 18 14 8 18 14 16 17 16 17 19 17 33 20 18 18 21 19 32 22 20 32 22 20 18 21 19 19 23 21 32 22 20 19 23 21 31 24 22 31 24 22 19 23 21 20 25 23 31 24 22 20 25 23 30 26 24 30 26 24 20 25 23 21 27 25 30 26 24 21 27 25 29 28 26 29 28 26 21 27 25 22 29 27 29 28 26 22 29 27 28 30 28 28 30 28 22 29 27 23 31 29 28 30 28 23 31 29 27 32 30 27 32 30 23 31 29 24 33 31 27 32 30 24 33 31 26 34 32 26 34 32 24 33 31 25 35 33 15 36 0 26 37 32 0 38 1 0 38 1 26 37 32 25 39 33 49 40 34 34 41 35 48 42 36 48 42 36 34 41 35 35 43 37 48 42 36 35 43 37 47 44 38 47 44 38 35 43 37 36 45 39 47 44 38 36 45 39 46 46 40 46 46 40 36 45 39 37 47 41 46 46 40 37 47 41 45 48 42 45 48 42 37 47 41 38 49 43 45 48 42 38 49 43 44 50 44 44 50 44 38 49 43 39 51 45 44 50 44 39 51 45 43 52 46 43 52 46 39 51 45 40 53 47 43 52 46 40 53 47 42 54 48 42 54 48 40 53 47 41 55 49 33 56 18 42 57 48 18 58 19 18 58 19 42 57 48 41 59 49 17 60 17 16 61 16 63 62 50 63 62 50 16 61 16 50 63 51 63 62 50 50 63 51 62 64 52 62 64 52 50 63 51 51 65 53 62 64 52 51 65 53 61 66 54 61 66 54 51 65 53 52 67 55 61 66 54 52 67 55 60 68 56 60 68 56 52 67 55 53 69 57 60 68 56 53 69 57 59 70 58 59 70 58 53 69 57 54 71 59 59 70 58 54 71 59 58 72 60 58 72 60 54 71 59 55 73 61 58 72 60 55 73 61 57 74 62 57 74 62 55 73 61 56 75 63 49 76 34 57 77 62 34 78 35 34 78 35 57 77 62 56 79 63 79 80 64 64 81 65 78 82 66 78 82 66 64 81 65 65 83 67 78 82 66 65 83 67 77 84 68 77 84 68 65 83 67 66 85 69 77 84 68 66 85 69 76 86 70 76 86 70 66 85 69 67 87 71 76 86 70 67 87 71 75 88 72 75 88 72 67 87 71 68 89 73 75 88 72 68 89 73 74 90 74 74 90 74 68 89 73 69 91 75 74 90 74 69 91 75 73 92 76 73 92 76 69 91 75 70 93 77 73 92 76 70 93 77 72 94 78 72 94 78 70 93 77 71 95 79 71 96 79 80 97 80 72 98 78 72 98 78 80 97 80 81 99 81 81 100 81 80 101 80 95 102 82 95 102 82 80 101 80 82 103 83 95 102 82 82 103 83 94 104 84 94 104 84 82 103 83 83 105 85 94 104 84 83 105 85 93 106 86 93 106 86 83 105 85 84 107 87 93 106 86 84 107 87 92 108 88 92 108 88 84 107 87 85 109 89 92 108 88 85 109 89 91 110 90 91 110 90 85 109 89 86 111 91 91 110 90 86 111 91 90 112 92 90 112 92 86 111 91 87 113 93 90 112 92 87 113 93 89 114 94 89 114 94 87 113 93 88 115 95 88 116 95 96 117 96 89 118 94 89 118 94 96 117 96 97 119 97 113 120 98 98 121 99 112 122 100 112 122 100 98 121 99 99 123 101 112 122 100 99 123 101 111 124 102 111 124 102 99 123 101 100 125 103 111 124 102 100 125 103 110 126 104 110 126 104 100 125 103 101 127 105 110 126 104 101 127 105 109 128 106 109 128 106 101 127 105 102 129 107 109 128 106 102 129 107 108 130 108 108 130 108 102 129 107 103 131 109 108 130 108 103 131 109 107 132 110 107 132 110 103 131 109 104 133 111 107 132 110 104 133 111 106 134 112 106 134 112 104 133 111 105 135 113 79 136 64 106 137 112 64 138 65 64 138 65 106 137 112 105 139 113 97 140 97 96 141 96 127 142 114 127 142 114 96 141 96 114 143 115 127 142 114 114 143 115 126 144 116 126 144 116 114 143 115 115 145 117 126 144 116 115 145 117 125 146 118 125 146 118 115 145 117 116 147 119 125 146 118 116 147 119 124 148 120 124 148 120 116 147 119 117 149 121 124 148 120 117 149 121 123 150 122 123 150 122 117 149 121 118 151 123 123 150 122 118 151 123 122 152 124 122 152 124 118 151 123 119 153 125 122 152 124 119 153 125 121 154 126 121 154 126 119 153 125 120 155 127 113 156 98 121 157 126 98 158 99 98 158 99 121 157 126 120 159 127 129 160 128 163 161 129 128 162 130 128 162 130 163 161 129 164 163 131 128 164 130 164 165 131 151 166 132 151 166 132 164 165 131 165 167 133 151 166 132 165 167 133 150 168 134 150 168 134 165 167 133 166 169 135 150 168 134 166 169 135 149 170 136 149 170 136 166 169 135 167 171 137 149 170 136 167 171 137 148 172 138 148 172 138 167 171 137 168 173 139 148 172 138 168 173 139 147 174 140 147 174 140 168 173 139 169 175 141 147 174 140 169 175 141 146 176 142 146 176 142 169 175 141 170 177 143 146 176 142 170 177 143 145 178 144 145 178 144 170 177 143 171 179 145 145 178 144 171 179 145 144 180 146 144 180 146 171 179 145 172 181 147 144 180 146 172 181 147 143 182 148 143 182 148 172 181 147 173 183 149 143 182 148 173 183 149 142 184 150 142 184 150 173 183 149 174 185 151 142 184 150 174 185 151 141 186 152 141 186 152 174 185 151 175 187 153 141 186 152 175 187 153 140 188 154 140 188 154 175 187 153 152 189 155 140 188 154 152 189 155 139 190 156 139 190 156 152 189 155 153 191 157 139 190 156 153 191 157 138 192 158 138 192 158 153 191 157 154 193 159 138 192 158 154 193 159 137 194 160 137 194 160 154 193 159 155 195 161 137 194 160 155 195 161 136 196 162 136 196 162 155 195 161 156 197 163 136 196 162 156 197 163 135 198 164 135 198 164 156 197 163 157 199 165 135 198 164 157 199 165 134 200 166 134 200 166 157 199 165 158 201 167 134 200 166 158 201 167 133 202 168 133 202 168 158 201 167 159 203 169 133 202 168 159 203 169 132 204 170 132 204 170 159 203 169 160 205 171 132 204 170 160 205 171 131 206 172 131 206 172 160 205 171 161 207 173 131 206 172 161 207 173 130 208 174 130 208 174 161 207 173 162 209 175 130 208 174 162 209 175 129 160 128 129 160 128 162 209 175 163 161 129 211 210 176 176 211 177 210 212 178 210 212 178 176 211 177 177 213 179 210 212 178 177 213 179 209 214 180 209 214 180 177 213 179 178 215 181 209 214 180 178 215 181 208 216 182 208 216 182 178 215 181 179 217 183 208 216 182 179 217 183 207 218 184 207 218 184 179 217 183 180 219 185 207 218 184 180 219 185 206 220 186 206 220 186 180 219 185 181 221 187 206 220 186 181 221 187 205 222 188 205 222 188 181 221 187 182 223 189 205 222 188 182 223 189 204 224 190 204 224 190 182 223 189 183 225 191 204 224 190 183 225 191 203 226 192 203 226 192 183 225 191 184 227 193 203 226 192 184 227 193 202 228 194 202 228 194 184 227 193 185 229 195 202 228 194 185 229 195 201 230 196 201 230 196 185 229 195 186 231 197 201 230 196 186 231 197 200 232 198 200 232 198 186 231 197 187 233 199 200 232 198 187 233 199 199 234 200 199 234 200 187 233 199 188 235 201 199 234 200 188 235 201 198 236 202 198 236 202 188 235 201 189 237 203 198 236 202 189 237 203 197 238 204 197 238 204 189 237 203 190 239 205 197 238 204 190 239 205 196 240 206 196 240 206 190 239 205 191 241 207 196 240 206 191 241 207 195 242 208 195 242 208 191 241 207 192 243 209 195 242 208 192 243 209 194 244 210 194 244 210 192 243 209 193 245 211 193 246 212 212 247 213 194 248 214 194 248 214 212 247 213 213 249 215 213 250 216 212 251 217 247 252 218 247 252 218 212 251 217 214 253 219 247 252 218 214 253 219 246 254 220 246 254 220 214 253 219 215 255 221 246 254 220 215 255 221 245 256 222 245 256 222 215 255 221 216 257 223 245 256 222 216 257 223 244 258 224 244 258 224 216 257 223 217 259 225 244 258 224 217 259 225 243 260 226 243 260 226 217 259 225 218 261 227 243 260 226 218 261 227 242 262 228 242 262 228 218 261 227 219 263 229 242 262 228 219 263 229 241 264 230 241 264 230 219 263 229 220 265 231 241 264 230 220 265 231 240 266 232 240 266 232 220 265 231 221 267 233 240 266 232 221 267 233 239 268 234 239 268 234 221 267 233 222 269 235 239 268 234 222 269 235 238 270 236 238 270 236 222 269 235 223 271 237 238 270 236 223 271 237 237 272 238 237 272 238 223 271 237 224 273 239 237 272 238 224 273 239 236 274 240 236 274 240 224 273 239 225 275 241 236 274 240 225 275 241 235 276 242 235 276 242 225 275 241 226 277 243 235 276 242 226 277 243 234 278 244 234 278 244 226 277 243 227 279 245 234 278 244 227 279 245 233 280 246 233 280 246 227 279 245 228 281 247 233 280 246 228 281 247 232 282 248 232 282 248 228 281 247 229 283 249 232 282 248 229 283 249 231 284 250 231 284 250 229 283 249 230 285 251 230 286 251 176 287 177 231 288 250 231 288 250 176 287 177 211 289 176 151 290 252 240 291 253 128 292 254 128 292 254 240 291 253 239 293 255 128 292 254 239 293 255 129 294 256 129 294 256 239 293 255 238 295 257 129 294 256 238 295 257 130 296 258 130 296 258 238 295 257 237 297 259 130 296 258 237 297 259 131 298 260 131 298 260 237 297 259 236 299 261 131 298 260 236 299 261 132 300 262 132 300 262 236 299 261 235 301 263 132 300 262 235 301 263 234 302 264 240 291 253 151 290 252 241 303 265 241 303 265 151 290 252 150 304 266 241 303 265 150 304 266 242 305 267 242 305 267 150 304 266 149 306 268 242 305 267 149 306 268 243 307 269 243 307 269 149 306 268 148 308 270 243 307 269 148 308 270 244 309 271 244 309 271 148 308 270 245 310 272 245 310 272 148 308 270 213 311 273 245 310 272 213 311 273 246 312 274 246 312 274 213 311 273 247 313 275 148 308 270 147 314 276 213 311 273 213 311 273 147 314 276 146 315 277 213 311 273 146 315 277 194 316 278 194 316 278 146 315 277 145 317 279 194 316 278 145 317 279 144 318 280 143 319 281 199 320 282 144 318 280 144 318 280 199 320 282 198 321 283 144 318 280 198 321 283 197 322 284 199 320 282 143 319 281 200 323 285 200 323 285 143 319 281 142 324 286 200 323 285 142 324 286 201 325 287 201 325 287 142 324 286 141 326 288 201 325 287 141 326 288 202 327 289 202 327 289 141 326 288 140 328 290 202 327 289 140 328 290 203 329 291 203 329 291 140 328 290 139 330 292 203 329 291 139 330 292 204 331 293 204 331 293 139 330 292 138 332 294 204 331 293 138 332 294 205 333 295 205 333 295 138 332 294 137 334 296 205 333 295 137 334 296 206 335 297 206 335 297 137 334 296 136 336 298 206 335 297 136 336 298 207 337 299 207 337 299 136 336 298 208 338 300 208 338 300 136 336 298 211 339 301 208 338 300 211 339 301 209 340 302 209 340 302 211 339 301 210 341 303 136 336 298 135 342 304 211 339 301 211 339 301 135 342 304 134 343 305 211 339 301 134 343 305 231 344 306 231 344 306 134 343 305 133 345 307 231 344 306 133 345 307 132 300 262 144 318 280 197 322 284 194 316 278 194 316 278 197 322 284 196 346 308 194 316 278 196 346 308 195 347 309 132 300 262 234 302 264 231 344 306 231 344 306 234 302 264 233 348 310 231 344 306 233 348 310 232 349 311 249 350 312 361 351 313 248 352 314 248 352 314 361 351 313 305 353 315 248 354 314 305 355 315 304 356 316 304 356 316 305 355 315 306 357 317 304 356 316 306 357 317 303 358 318 303 358 318 306 357 317 307 359 319 303 358 318 307 359 319 302 360 320 302 360 320 307 359 319 308 361 321 302 360 320 308 361 321 301 362 322 301 362 322 308 361 321 309 363 323 301 362 322 309 363 323 300 364 324 300 364 324 309 363 323 310 365 325 300 364 324 310 365 325 299 366 326 299 366 326 310 365 325 311 367 327 299 366 326 311 367 327 298 368 328 298 368 328 311 367 327 312 369 329 298 368 328 312 369 329 297 370 330 297 370 330 312 369 329 313 371 331 297 370 330 313 371 331 296 372 332 296 372 332 313 371 331 314 373 333 296 372 332 314 373 333 295 374 334 295 374 334 314 373 333 315 375 335 295 374 334 315 375 335 294 376 336 294 376 336 315 375 335 316 377 337 294 376 336 316 377 337 293 378 338 293 378 338 316 377 337 317 379 339 293 378 338 317 379 339 292 380 340 292 380 340 317 379 339 318 381 341 292 380 340 318 381 341 291 382 342 291 382 342 318 381 341 319 383 343 291 382 342 319 383 343 290 384 344 290 384 344 319 383 343 320 385 345 290 384 344 320 385 345 289 386 346 289 386 346 320 385 345 321 387 347 289 386 346 321 387 347 288 388 348 288 388 348 321 387 347 322 389 349 288 388 348 322 389 349 287 390 350 287 390 350 322 389 349 323 391 351 287 390 350 323 391 351 286 392 352 286 392 352 323 391 351 324 393 353 286 392 352 324 393 353 285 394 354 285 394 354 324 393 353 325 395 355 285 394 354 325 395 355 284 396 356 284 396 356 325 395 355 326 397 357 284 396 356 326 397 357 283 398 358 283 398 358 326 397 357 327 399 359 283 398 358 327 399 359 282 400 360 282 400 360 327 399 359 328 401 361 282 400 360 328 401 361 281 402 362 281 402 362 328 401 361 329 403 363 281 402 362 329 403 363 280 404 364 280 404 364 329 403 363 330 405 365 280 404 364 330 405 365 279 406 366 279 406 366 330 405 365 331 407 367 279 406 366 331 407 367 278 408 368 278 408 368 331 407 367 332 409 369 278 408 368 332 409 369 277 410 370 277 410 370 332 409 369 333 411 371 277 410 370 333 411 371 276 412 372 276 412 372 333 411 371 334 413 373 276 412 372 334 413 373 275 414 374 275 414 374 334 413 373 335 415 375 275 414 374 335 415 375 274 416 376 274 416 376 335 415 375 336 417 377 274 416 376 336 417 377 273 418 378 273 418 378 336 417 377 337 419 379 273 418 378 337 419 379 272 420 380 272 420 380 337 419 379 338 421 381 272 420 380 338 421 381 271 422 382 271 422 382 338 421 381 339 423 383 271 422 382 339 423 383 270 424 384 270 424 384 339 423 383 340 425 385 270 424 384 340 425 385 269 426 386 269 426 386 340 425 385 341 427 387 269 426 386 341 427 387 268 428 388 268 428 388 341 427 387 342 429 389 268 428 388 342 429 389 267 430 390 267 430 390 342 429 389 343 431 391 267 430 390 343 431 391 266 432 392 266 432 392 343 431 391 344 433 393 266 432 392 344 433 393 265 434 394 265 434 394 344 433 393 345 435 395 265 434 394 345 435 395 264 436 396 264 436 396 345 435 395 346 437 397 264 436 396 346 437 397 263 438 398 263 438 398 346 437 397 347 439 399 263 438 398 347 439 399 262 440 400 262 440 400 347 439 399 348 441 401 262 440 400 348 441 401 261 442 402 261 442 402 348 441 401 349 443 403 261 442 402 349 443 403 260 444 404 260 444 404 349 443 403 350 445 405 260 444 404 350 445 405 259 446 406 259 446 406 350 445 405 351 447 407 259 446 406 351 447 407 258 448 408 258 448 408 351 447 407 352 449 409 258 448 408 352 449 409 257 450 410 257 450 410 352 449 409 353 451 411 257 450 410 353 451 411 256 452 412 256 452 412 353 451 411 354 453 413 256 452 412 354 453 413 255 454 414 255 454 414 354 453 413 355 455 415 255 454 414 355 455 415 254 456 416 254 456 416 355 455 415 356 457 417 254 456 416 356 457 417 253 458 418 253 458 418 356 457 417 357 459 419 253 458 418 357 459 419 252 460 420 252 460 420 357 459 419 358 461 421 252 460 420 358 461 421 251 462 422 251 462 422 358 461 421 359 463 423 251 462 422 359 463 423 250 464 424 250 464 424 359 463 423 360 465 425 250 464 424 360 465 425 249 350 312 249 350 312 360 465 425 361 351 313 363 466 426 475 467 427 362 468 428 362 468 428 475 467 427 419 469 429 362 470 428 419 471 429 418 472 430 418 472 430 419 471 429 420 473 431 418 472 430 420 473 431 417 474 432 417 474 432 420 473 431 421 475 433 417 474 432 421 475 433 416 476 434 416 476 434 421 475 433 422 477 435 416 476 434 422 477 435 415 478 436 415 478 436 422 477 435 423 479 437 415 478 436 423 479 437 414 480 438 414 480 438 423 479 437 424 481 439 414 480 438 424 481 439 413 482 440 413 482 440 424 481 439 425 483 441 413 482 440 425 483 441 412 484 442 412 484 442 425 483 441 426 485 443 412 484 442 426 485 443 411 486 444 411 486 444 426 485 443 427 487 445 411 486 444 427 487 445 410 488 446 410 488 446 427 487 445 428 489 447 410 488 446 428 489 447 409 490 448 409 490 448 428 489 447 429 491 449 409 490 448 429 491 449 408 492 450 408 492 450 429 491 449 430 493 451 408 492 450 430 493 451 407 494 452 407 494 452 430 493 451 431 495 453 407 494 452 431 495 453 406 496 454 406 496 454 431 495 453 432 497 455 406 496 454 432 497 455 405 498 456 405 498 456 432 497 455 433 499 457 405 498 456 433 499 457 404 500 458 404 500 458 433 499 457 434 501 459 404 500 458 434 501 459 403 502 460 403 502 460 434 501 459 435 503 461 403 502 460 435 503 461 402 504 462 402 504 462 435 503 461 436 505 463 402 504 462 436 505 463 401 506 464 401 506 464 436 505 463 437 507 465 401 506 464 437 507 465 400 508 466 400 508 466 437 507 465 438 509 467 400 508 466 438 509 467 399 510 468 399 510 468 438 509 467 439 511 469 399 510 468 439 511 469 398 512 470 398 512 470 439 511 469 440 513 471 398 512 470 440 513 471 397 514 472 397 514 472 440 513 471 441 515 473 397 514 472 441 515 473 396 516 474 396 516 474 441 515 473 442 517 475 396 516 474 442 517 475 395 518 476 395 518 476 442 517 475 443 519 477 395 518 476 443 519 477 394 520 478 394 520 478 443 519 477 444 521 479 394 520 478 444 521 479 393 522 480 393 522 480 444 521 479 445 523 481 393 522 480 445 523 481 392 524 482 392 524 482 445 523 481 446 525 483 392 524 482 446 525 483 391 526 484 391 526 484 446 525 483 447 527 485 391 526 484 447 527 485 390 528 486 390 528 486 447 527 485 448 529 487 390 528 486 448 529 487 389 530 488 389 530 488 448 529 487 449 531 489 389 530 488 449 531 489 388 532 490 388 532 490 449 531 489 450 533 491 388 532 490 450 533 491 387 534 492 387 534 492 450 533 491 451 535 493 387 534 492 451 535 493 386 536 494 386 536 494 451 535 493 452 537 495 386 536 494 452 537 495 385 538 496 385 538 496 452 537 495 453 539 497 385 538 496 453 539 497 384 540 498 384 540 498 453 539 497 454 541 499 384 540 498 454 541 499 383 542 500 383 542 500 454 541 499 455 543 501 383 542 500 455 543 501 382 544 502 382 544 502 455 543 501 456 545 503 382 544 502 456 545 503 381 546 504 381 546 504 456 545 503 457 547 505 381 546 504 457 547 505 380 548 506 380 548 506 457 547 505 458 549 507 380 548 506 458 549 507 379 550 508 379 550 508 458 549 507 459 551 509 379 550 508 459 551 509 378 552 510 378 552 510 459 551 509 460 553 511 378 552 510 460 553 511 377 554 512 377 554 512 460 553 511 461 555 513 377 554 512 461 555 513 376 556 514 376 556 514 461 555 513 462 557 515 376 556 514 462 557 515 375 558 516 375 558 516 462 557 515 463 559 517 375 558 516 463 559 517 374 560 518 374 560 518 463 559 517 464 561 519 374 560 518 464 561 519 373 562 520 373 562 520 464 561 519 465 563 521 373 562 520 465 563 521 372 564 522 372 564 522 465 563 521 466 565 523 372 564 522 466 565 523 371 566 524 371 566 524 466 565 523 467 567 525 371 566 524 467 567 525 370 568 526 370 568 526 467 567 525 468 569 527 370 568 526 468 569 527 369 570 528 369 570 528 468 569 527 469 571 529 369 570 528 469 571 529 368 572 530 368 572 530 469 571 529 470 573 531 368 572 530 470 573 531 367 574 532 367 574 532 470 573 531 471 575 533 367 574 532 471 575 533 366 576 534 366 576 534 471 575 533 472 577 535 366 576 534 472 577 535 365 578 536 365 578 536 472 577 535 473 579 537 365 578 536 473 579 537 364 580 538 364 580 538 473 579 537 474 581 539 364 580 538 474 581 539 363 466 426 363 466 426 474 581 539 475 467 427 15 582 540 248 583 541 26 584 542 26 584 542 248 583 541 304 585 543 26 584 542 304 585 543 303 586 544 14 587 545 253 588 546 15 582 540 15 582 540 253 588 546 252 589 547 15 582 540 252 589 547 251 590 548 253 588 546 14 587 545 254 591 549 254 591 549 14 587 545 13 592 550 254 591 549 13 592 550 12 593 551 254 591 549 12 593 551 255 594 552 255 594 552 12 593 551 11 595 553 255 594 552 11 595 553 256 596 554 256 596 554 11 595 553 10 597 555 256 596 554 10 597 555 9 598 556 256 596 554 9 598 556 257 599 557 257 599 557 9 598 556 8 600 558 257 599 557 8 600 558 258 601 559 258 601 559 8 600 558 259 602 560 259 602 560 8 600 558 226 603 561 259 602 560 226 603 561 510 604 562 510 604 562 226 603 561 225 605 563 510 604 562 225 605 563 224 606 564 17 607 565 228 608 566 8 600 558 8 600 558 228 608 566 227 609 567 8 600 558 227 609 567 226 603 561 63 610 568 230 611 569 17 607 565 17 607 565 230 611 569 229 612 570 17 607 565 229 612 570 228 608 566 63 610 568 62 613 571 230 611 569 230 611 569 62 613 571 61 614 572 230 611 569 61 614 572 60 615 573 60 615 573 59 616 574 230 611 569 230 611 569 59 616 574 58 617 575 230 611 569 58 617 575 57 618 576 57 618 576 49 619 577 230 611 569 230 611 569 49 619 577 176 620 578 176 620 578 49 619 577 48 621 579 176 620 578 48 621 579 47 622 580 47 622 580 46 623 581 176 620 578 176 620 578 46 623 581 45 624 582 176 620 578 45 624 582 44 625 583 44 625 583 43 626 584 176 620 578 176 620 578 43 626 584 42 627 585 176 620 578 42 627 585 177 628 586 177 628 586 42 627 585 178 629 587 178 629 587 42 627 585 33 630 588 178 629 587 33 630 588 179 631 589 179 631 589 33 630 588 180 632 590 180 632 590 33 630 588 294 633 591 180 632 590 294 633 591 476 634 592 476 634 592 294 633 591 293 635 593 476 634 592 293 635 593 292 636 594 32 637 595 296 638 596 33 630 588 33 630 588 296 638 596 295 639 597 33 630 588 295 639 597 294 633 591 296 638 596 32 637 595 297 640 598 297 640 598 32 637 595 31 641 599 297 640 598 31 641 599 30 642 600 297 640 598 30 642 600 298 643 601 298 643 601 30 642 600 29 644 602 298 643 601 29 644 602 299 645 603 299 645 603 29 644 602 28 646 604 299 645 603 28 646 604 27 647 605 299 645 603 27 647 605 300 648 606 300 648 606 27 647 605 26 584 542 300 648 606 26 584 542 301 649 607 301 649 607 26 584 542 302 650 608 302 650 608 26 584 542 303 586 544 113 651 609 191 652 610 121 653 611 121 653 611 191 652 610 190 654 612 121 653 611 190 654 612 189 655 613 112 656 614 193 657 615 113 651 609 113 651 609 193 657 615 192 658 616 113 651 609 192 658 616 191 652 610 112 656 614 111 659 617 193 657 615 193 657 615 111 659 617 110 660 618 193 657 615 110 660 618 109 661 619 109 661 619 108 662 620 193 657 615 193 657 615 108 662 620 107 663 621 193 657 615 107 663 621 106 664 622 193 657 615 106 664 622 212 665 623 212 665 623 106 664 622 79 666 624 212 665 623 79 666 624 78 667 625 78 667 625 77 668 626 212 665 623 212 665 623 77 668 626 76 669 627 212 665 623 76 669 627 75 670 628 75 670 628 74 671 629 212 665 623 212 665 623 74 671 629 73 672 630 212 665 623 73 672 630 72 673 631 81 674 632 215 675 633 72 673 631 72 673 631 215 675 633 214 676 634 72 673 631 214 676 634 212 665 623 95 677 635 381 678 636 81 674 632 81 674 632 381 678 636 380 679 637 81 674 632 380 679 637 379 680 638 381 678 636 95 677 635 382 681 639 382 681 639 95 677 635 94 682 640 382 681 639 94 682 640 383 683 641 383 683 641 94 682 640 93 684 642 383 683 641 93 684 642 384 685 643 384 685 643 93 684 642 92 686 644 384 685 643 92 686 644 91 687 645 384 685 643 91 687 645 385 688 646 385 688 646 91 687 645 90 689 647 385 688 646 90 689 647 89 690 648 97 691 649 390 692 650 89 690 648 89 690 648 390 692 650 389 693 651 89 690 648 389 693 651 388 694 652 127 695 653 396 696 654 97 691 649 97 691 649 396 696 654 395 697 655 97 691 649 395 697 655 394 698 656 127 695 653 126 699 657 396 696 654 396 696 654 126 699 657 397 700 658 397 700 658 126 699 657 125 701 659 397 700 658 125 701 659 124 702 660 397 700 658 124 702 660 398 703 661 398 703 661 124 702 660 123 704 662 398 703 661 123 704 662 399 705 663 399 705 663 123 704 662 122 706 664 399 705 663 122 706 664 400 707 665 400 707 665 122 706 664 121 653 611 400 707 665 121 653 611 401 708 666 401 708 666 121 653 611 402 709 667 402 709 667 121 653 611 189 655 613 402 709 667 189 655 613 477 710 668 477 710 668 189 655 613 188 711 669 477 710 668 188 711 669 187 712 670 187 712 670 186 713 671 477 710 668 477 710 668 186 713 671 185 714 672 477 710 668 185 714 672 184 715 673 477 710 668 184 715 673 476 634 592 476 634 592 184 715 673 183 716 674 476 634 592 183 716 674 182 717 675 182 717 675 181 718 676 476 634 592 476 634 592 181 718 676 180 632 590 224 606 564 223 719 677 510 604 562 510 604 562 223 719 677 222 720 678 510 604 562 222 720 678 509 721 679 509 721 679 222 720 678 221 722 680 509 721 679 221 722 680 220 723 681 220 723 681 219 724 682 509 721 679 509 721 679 219 724 682 218 725 683 509 721 679 218 725 683 217 726 684 216 727 685 81 674 632 217 726 684 217 726 684 81 674 632 379 680 638 217 726 684 379 680 638 509 721 679 509 721 679 379 680 638 378 728 686 509 721 679 378 728 686 377 729 687 216 727 685 215 675 633 81 674 632 478 730 688 479 731 689 477 710 668 477 710 668 479 731 689 404 732 690 477 710 668 404 732 690 403 733 691 479 731 689 480 734 692 404 732 690 404 732 690 480 734 692 405 735 693 405 735 693 480 734 692 481 736 694 405 735 693 481 736 694 482 737 695 405 735 693 482 737 695 406 738 696 406 738 696 482 737 695 483 739 697 406 738 696 483 739 697 407 740 698 407 740 698 483 739 697 408 741 699 408 741 699 483 739 697 484 742 700 408 741 699 484 742 700 409 743 701 409 743 701 484 742 700 485 744 702 409 743 701 485 744 702 410 745 703 410 745 703 485 744 702 486 746 704 410 745 703 486 746 704 411 747 705 411 747 705 486 746 704 412 748 706 412 748 706 486 746 704 487 749 707 412 748 706 487 749 707 413 750 708 413 750 708 487 749 707 488 751 709 413 750 708 488 751 709 414 752 710 414 752 710 488 751 709 489 753 711 414 752 710 489 753 711 415 754 712 415 754 712 489 753 711 490 755 713 415 754 712 490 755 713 416 756 714 416 756 714 490 755 713 491 757 715 416 756 714 491 757 715 417 758 716 417 758 716 491 757 715 492 759 717 417 758 716 492 759 717 418 760 718 418 760 718 492 759 717 493 761 719 418 760 718 493 761 719 362 762 720 362 762 720 493 761 719 363 763 721 363 763 721 493 761 719 494 764 722 363 763 721 494 764 722 364 765 723 364 765 723 494 764 722 495 766 724 364 765 723 495 766 724 365 767 725 365 767 725 495 766 724 496 768 726 365 767 725 496 768 726 366 769 727 366 769 727 496 768 726 497 770 728 366 769 727 497 770 728 367 771 729 367 771 729 497 770 728 498 772 730 367 771 729 498 772 730 368 773 731 368 773 731 498 772 730 499 774 732 368 773 731 499 774 732 369 775 733 369 775 733 499 774 732 500 776 734 369 775 733 500 776 734 370 777 735 370 777 735 500 776 734 371 778 736 371 778 736 500 776 734 501 779 737 371 778 736 501 779 737 372 780 738 372 780 738 501 779 737 502 781 739 372 780 738 502 781 739 373 782 740 373 782 740 502 781 739 503 783 741 373 782 740 503 783 741 374 784 742 374 784 742 503 783 741 375 785 743 375 785 743 503 783 741 504 786 744 375 785 743 504 786 744 376 787 745 376 787 745 504 786 744 505 788 746 376 787 745 505 788 746 506 789 747 376 787 745 506 789 747 377 729 687 377 729 687 506 789 747 507 790 748 377 729 687 507 790 748 509 721 679 509 721 679 507 790 748 508 791 749 511 792 750 512 793 751 510 604 562 510 604 562 512 793 751 262 794 752 510 604 562 262 794 752 261 795 753 512 793 751 513 796 754 262 794 752 262 794 752 513 796 754 514 797 755 262 794 752 514 797 755 263 798 756 263 798 756 514 797 755 515 799 757 263 798 756 515 799 757 264 800 758 264 800 758 515 799 757 516 801 759 264 800 758 516 801 759 265 802 760 265 802 760 516 801 759 517 803 761 265 802 760 517 803 761 266 804 762 266 804 762 517 803 761 267 805 763 267 805 763 517 803 761 518 806 764 267 805 763 518 806 764 268 807 765 268 807 765 518 806 764 519 808 766 268 807 765 519 808 766 269 809 767 269 809 767 519 808 766 520 810 768 269 809 767 520 810 768 270 811 769 270 811 769 520 810 768 521 812 770 270 811 769 521 812 770 271 813 771 271 813 771 521 812 770 272 814 772 272 814 772 521 812 770 522 815 773 272 814 772 522 815 773 273 816 774 273 816 774 522 815 773 523 817 775 273 816 774 523 817 775 274 818 776 274 818 776 523 817 775 524 819 777 274 818 776 524 819 777 275 820 778 275 820 778 524 819 777 525 821 779 275 820 778 525 821 779 276 822 780 276 822 780 525 821 779 526 823 781 276 822 780 526 823 781 277 824 782 277 824 782 526 823 781 527 825 783 277 824 782 527 825 783 278 826 784 278 826 784 527 825 783 528 827 785 278 826 784 528 827 785 279 828 786 279 828 786 528 827 785 529 829 787 279 828 786 529 829 787 280 830 788 280 830 788 529 829 787 530 831 789 280 830 788 530 831 789 281 832 790 281 832 790 530 831 789 531 833 791 281 832 790 531 833 791 282 834 792 282 834 792 531 833 791 283 835 793 283 835 793 531 833 791 532 836 794 283 835 793 532 836 794 284 837 795 284 837 795 532 836 794 533 838 796 284 837 795 533 838 796 285 839 797 285 839 797 533 838 796 534 840 798 285 839 797 534 840 798 286 841 799 286 841 799 534 840 798 535 842 800 286 841 799 535 842 800 287 843 801 287 843 801 535 842 800 288 844 802 288 844 802 535 842 800 536 845 803 288 844 802 536 845 803 289 846 804 289 846 804 536 845 803 537 847 805 289 846 804 537 847 805 290 848 806 290 848 806 537 847 805 538 849 807 290 848 806 538 849 807 291 850 808 291 850 808 538 849 807 539 851 809 291 850 808 539 851 809 540 852 810 541 853 811 476 634 592 540 852 810 540 852 810 476 634 592 291 850 808 403 733 691 402 709 667 477 710 668 394 698 656 393 854 812 97 691 649 97 691 649 393 854 812 392 855 813 97 691 649 392 855 813 391 856 814 391 856 814 390 692 650 97 691 649 388 694 652 387 857 815 89 690 648 89 690 648 387 857 815 386 858 816 89 690 648 386 858 816 385 688 646 292 636 594 291 850 808 476 634 592 261 795 753 260 859 817 510 604 562 510 604 562 260 859 817 259 602 560 251 590 548 250 860 818 15 582 540 15 582 540 250 860 818 249 861 819 15 582 540 249 861 819 248 583 541 543 862 820 425 863 821 542 864 822 542 864 822 425 863 821 424 865 823 542 864 822 424 865 823 565 866 824 565 866 824 424 865 823 423 867 825 565 866 824 423 867 825 564 868 826 564 868 826 423 867 825 422 869 827 564 868 826 422 869 827 563 870 828 563 870 828 422 869 827 421 871 829 563 870 828 421 871 829 562 872 830 562 872 830 421 871 829 420 873 831 562 872 830 420 873 831 561 874 832 561 874 832 420 873 831 419 875 833 561 874 832 419 875 833 643 876 834 643 876 834 419 875 833 475 877 835 643 876 834 475 877 835 642 878 836 642 878 836 475 877 835 474 879 837 642 878 836 474 879 837 641 880 838 641 880 838 474 879 837 473 881 839 641 880 838 473 881 839 640 882 840 640 882 840 473 881 839 472 883 841 640 882 840 472 883 841 639 884 842 639 884 842 472 883 841 471 885 843 639 884 842 471 885 843 638 886 844 638 886 844 471 885 843 470 887 845 638 886 844 470 887 845 661 888 846 661 888 846 470 887 845 660 889 847 660 889 847 470 887 845 469 890 848 660 889 847 469 890 848 659 891 849 659 891 849 469 890 848 658 892 850 658 892 850 469 890 848 468 893 851 658 892 850 468 893 851 657 894 852 657 894 852 468 893 851 467 895 853 657 894 852 467 895 853 656 896 854 656 896 854 467 895 853 655 897 855 655 897 855 467 895 853 466 898 856 655 897 855 466 898 856 654 899 857 654 899 857 466 898 856 465 900 858 654 899 857 465 900 858 653 901 859 653 901 859 465 900 858 464 902 860 653 901 859 464 902 860 652 903 861 652 903 861 464 902 860 463 904 862 652 903 861 463 904 862 462 905 863 543 862 820 544 906 864 425 863 821 425 863 821 544 906 864 426 907 865 426 907 865 544 906 864 545 908 866 426 907 865 545 908 866 546 909 867 426 907 865 546 909 867 427 910 868 427 910 868 546 909 867 547 911 869 427 910 868 547 911 869 428 912 870 428 912 870 547 911 869 548 913 871 428 912 870 548 913 871 549 914 872 428 912 870 549 914 872 429 915 873 429 915 873 549 914 872 550 916 874 429 915 873 550 916 874 430 917 875 430 917 875 550 916 874 551 918 876 430 917 875 551 918 876 431 919 877 431 919 877 551 918 876 552 920 878 431 919 877 552 920 878 432 921 879 432 921 879 552 920 878 433 922 880 433 922 880 552 920 878 553 923 881 433 922 880 553 923 881 591 924 882 591 924 882 553 923 881 590 925 883 590 925 883 553 923 881 554 926 884 590 925 883 554 926 884 620 927 885 620 927 885 554 926 884 619 928 886 619 928 886 554 926 884 555 929 887 619 928 886 555 929 887 618 930 888 618 930 888 555 929 887 556 931 889 618 930 888 556 931 889 617 932 890 617 932 890 556 931 889 557 933 891 617 932 890 557 933 891 558 934 892 617 932 890 558 934 892 616 935 893 616 935 893 558 934 892 559 936 894 616 935 893 559 936 894 615 937 895 615 937 895 559 936 894 560 938 896 615 937 895 560 938 896 614 939 897 614 939 897 560 938 896 644 940 898 614 939 897 644 940 898 637 941 899 637 941 899 644 940 898 645 942 900 637 941 899 645 942 900 636 943 901 636 943 901 645 942 900 646 944 902 636 943 901 646 944 902 635 945 903 635 945 903 646 944 902 647 946 904 635 945 903 647 946 904 648 947 905 644 940 898 560 938 896 643 876 834 643 876 834 560 938 896 561 874 832 567 948 906 631 949 907 566 950 908 566 950 908 631 949 907 632 951 909 566 950 908 632 951 909 650 952 910 650 952 910 632 951 909 633 953 911 650 952 910 633 953 911 649 954 912 649 954 912 633 953 911 634 955 913 649 954 912 634 955 913 648 947 905 648 947 905 634 955 913 635 945 903 631 949 907 567 948 906 630 956 914 630 956 914 567 948 906 568 957 915 630 956 914 568 957 915 629 958 916 629 958 916 568 957 915 569 959 917 629 958 916 569 959 917 570 960 918 629 958 916 570 960 918 628 961 919 628 961 919 570 960 918 571 962 920 628 961 919 571 962 920 627 963 921 627 963 921 571 962 920 572 964 922 627 963 921 572 964 922 626 965 923 626 965 923 572 964 922 608 966 924 626 965 923 608 966 924 625 967 925 625 967 925 608 966 924 609 968 926 625 967 925 609 968 926 624 969 927 624 969 927 609 968 926 610 970 928 624 969 927 610 970 928 623 971 929 623 971 929 610 970 928 611 972 930 623 971 929 611 972 930 612 973 931 608 966 924 572 964 922 607 974 932 607 974 932 572 964 922 573 975 933 607 974 932 573 975 933 447 976 934 447 976 934 573 975 933 448 977 935 448 977 935 573 975 933 574 978 936 448 977 935 574 978 936 449 979 937 449 979 937 574 978 936 450 980 938 450 980 938 574 978 936 575 981 939 450 980 938 575 981 939 451 982 940 451 982 940 575 981 939 576 983 941 451 982 940 576 983 941 452 984 942 452 984 942 576 983 941 577 985 943 452 984 942 577 985 943 578 986 944 452 984 942 578 986 944 453 987 945 453 987 945 578 986 944 579 988 946 453 987 945 579 988 946 454 989 947 454 989 947 579 988 946 580 990 948 454 989 947 580 990 948 581 991 949 454 989 947 581 991 949 455 992 950 455 992 950 581 991 949 582 993 951 455 992 950 582 993 951 456 994 952 456 994 952 582 993 951 583 995 953 456 994 952 583 995 953 584 996 954 456 994 952 584 996 954 457 997 955 457 997 955 584 996 954 585 998 956 457 997 955 585 998 956 458 999 957 458 999 957 585 998 956 586 1000 958 458 999 957 586 1000 958 459 1001 959 459 1001 959 586 1000 958 587 1002 960 459 1001 959 587 1002 960 460 1003 961 460 1003 961 587 1002 960 588 1004 962 460 1003 961 588 1004 962 461 1005 963 461 1005 963 588 1004 962 589 1006 964 461 1005 963 589 1006 964 462 905 863 462 905 863 589 1006 964 651 1007 965 462 905 863 651 1007 965 652 903 861 589 1006 964 566 950 908 651 1007 965 651 1007 965 566 950 908 650 952 910 433 922 880 591 924 882 434 1008 966 434 1008 966 591 924 882 592 1009 967 434 1008 966 592 1009 967 435 1010 968 435 1010 968 592 1009 967 593 1011 969 435 1010 968 593 1011 969 436 1012 970 436 1012 970 593 1011 969 594 1013 971 436 1012 970 594 1013 971 437 1014 972 437 1014 972 594 1013 971 595 1015 973 437 1014 972 595 1015 973 438 1016 974 438 1016 974 595 1015 973 596 1017 975 438 1016 974 596 1017 975 439 1018 976 439 1018 976 596 1017 975 597 1019 977 439 1018 976 597 1019 977 598 1020 978 439 1018 976 598 1020 978 440 1021 979 440 1021 979 598 1020 978 599 1022 980 440 1021 979 599 1022 980 441 1023 981 441 1023 981 599 1022 980 600 1024 982 441 1023 981 600 1024 982 601 1025 983 441 1023 981 601 1025 983 442 1026 984 442 1026 984 601 1025 983 602 1027 985 442 1026 984 602 1027 985 443 1028 986 443 1028 986 602 1027 985 603 1029 987 443 1028 986 603 1029 987 604 1030 988 443 1028 986 604 1030 988 444 1031 989 444 1031 989 604 1030 988 605 1032 990 444 1031 989 605 1032 990 445 1033 991 445 1033 991 605 1032 990 606 1034 992 445 1033 991 606 1034 992 446 1035 993 446 1035 993 606 1034 992 447 976 934 447 976 934 606 1034 992 607 974 932 623 971 929 612 973 931 622 1036 994 622 1036 994 612 973 931 613 1037 995 622 1036 994 613 1037 995 621 1038 996 621 1038 996 613 1037 995 590 925 883 621 1038 996 590 925 883 620 927 885 663 1039 997 709 1040 998 662 1041 999 662 1041 999 709 1040 998 686 1042 1000 662 1043 999 686 1044 1000 685 1045 1001 685 1045 1001 686 1044 1000 687 1046 1002 685 1045 1001 687 1046 1002 684 1047 1003 684 1047 1003 687 1046 1002 688 1048 1004 684 1047 1003 688 1048 1004 683 1049 1005 683 1049 1005 688 1048 1004 689 1050 1006 683 1049 1005 689 1050 1006 682 1051 1007 682 1051 1007 689 1050 1006 690 1052 1008 682 1051 1007 690 1052 1008 681 1053 1009 681 1053 1009 690 1052 1008 691 1054 1010 681 1053 1009 691 1054 1010 680 1055 1011 680 1055 1011 691 1054 1010 692 1056 1012 680 1055 1011 692 1056 1012 679 1057 1013 679 1057 1013 692 1056 1012 693 1058 1014 679 1057 1013 693 1058 1014 678 1059 1015 678 1059 1015 693 1058 1014 694 1060 1016 678 1059 1015 694 1060 1016 677 1061 1017 677 1061 1017 694 1060 1016 695 1062 1018 677 1061 1017 695 1062 1018 676 1063 1019 676 1063 1019 695 1062 1018 696 1064 1020 676 1063 1019 696 1064 1020 675 1065 1021 675 1065 1021 696 1064 1020 697 1066 1022 675 1065 1021 697 1066 1022 674 1067 1023 674 1067 1023 697 1066 1022 698 1068 1024 674 1067 1023 698 1068 1024 673 1069 1025 673 1069 1025 698 1068 1024 699 1070 1026 673 1069 1025 699 1070 1026 672 1071 1027 672 1071 1027 699 1070 1026 700 1072 1028 672 1071 1027 700 1072 1028 671 1073 1029 671 1073 1029 700 1072 1028 701 1074 1030 671 1073 1029 701 1074 1030 670 1075 1031 670 1075 1031 701 1074 1030 702 1076 1032 670 1075 1031 702 1076 1032 669 1077 1033 669 1077 1033 702 1076 1032 703 1078 1034 669 1077 1033 703 1078 1034 668 1079 1035 668 1079 1035 703 1078 1034 704 1080 1036 668 1079 1035 704 1080 1036 667 1081 1037 667 1081 1037 704 1080 1036 705 1082 1038 667 1081 1037 705 1082 1038 666 1083 1039 666 1083 1039 705 1082 1038 706 1084 1040 666 1083 1039 706 1084 1040 665 1085 1041 665 1085 1041 706 1084 1040 707 1086 1042 665 1085 1041 707 1086 1042 664 1087 1043 664 1087 1043 707 1086 1042 708 1088 1044 664 1087 1043 708 1088 1044 663 1039 997 663 1039 997 708 1088 1044 709 1040 998 711 1089 1045 757 1090 1046 710 1091 1047 710 1091 1047 757 1090 1046 734 1092 1048 710 1093 1047 734 1094 1048 733 1095 1049 733 1095 1049 734 1094 1048 735 1096 1050 733 1095 1049 735 1096 1050 732 1097 1051 732 1097 1051 735 1096 1050 736 1098 1052 732 1097 1051 736 1098 1052 731 1099 1053 731 1099 1053 736 1098 1052 737 1100 1054 731 1099 1053 737 1100 1054 730 1101 1055 730 1101 1055 737 1100 1054 738 1102 1056 730 1101 1055 738 1102 1056 729 1103 1057 729 1103 1057 738 1102 1056 739 1104 1058 729 1103 1057 739 1104 1058 728 1105 1059 728 1105 1059 739 1104 1058 740 1106 1060 728 1105 1059 740 1106 1060 727 1107 1061 727 1107 1061 740 1106 1060 741 1108 1062 727 1107 1061 741 1108 1062 726 1109 1063 726 1109 1063 741 1108 1062 742 1110 1064 726 1109 1063 742 1110 1064 725 1111 1065 725 1111 1065 742 1110 1064 743 1112 1066 725 1111 1065 743 1112 1066 724 1113 1067 724 1113 1067 743 1112 1066 744 1114 1068 724 1113 1067 744 1114 1068 723 1115 1069 723 1115 1069 744 1114 1068 745 1116 1070 723 1115 1069 745 1116 1070 722 1117 1071 722 1117 1071 745 1116 1070 746 1118 1072 722 1117 1071 746 1118 1072 721 1119 1073 721 1119 1073 746 1118 1072 747 1120 1074 721 1119 1073 747 1120 1074 720 1121 1075 720 1121 1075 747 1120 1074 748 1122 1076 720 1121 1075 748 1122 1076 719 1123 1077 719 1123 1077 748 1122 1076 749 1124 1078 719 1123 1077 749 1124 1078 718 1125 1079 718 1125 1079 749 1124 1078 750 1126 1080 718 1125 1079 750 1126 1080 717 1127 1081 717 1127 1081 750 1126 1080 751 1128 1082 717 1127 1081 751 1128 1082 716 1129 1083 716 1129 1083 751 1128 1082 752 1130 1084 716 1129 1083 752 1130 1084 715 1131 1085 715 1131 1085 752 1130 1084 753 1132 1086 715 1131 1085 753 1132 1086 714 1133 1087 714 1133 1087 753 1132 1086 754 1134 1088 714 1133 1087 754 1134 1088 713 1135 1089 713 1135 1089 754 1134 1088 755 1136 1090 713 1135 1089 755 1136 1090 712 1137 1091 712 1137 1091 755 1136 1090 756 1138 1092 712 1137 1091 756 1138 1092 711 1089 1045 711 1089 1045 756 1138 1092 757 1090 1046 759 1139 1093 805 1140 1094 758 1141 1095 758 1141 1095 805 1140 1094 782 1142 1096 758 1143 1095 782 1144 1096 781 1145 1097 781 1145 1097 782 1144 1096 783 1146 1098 781 1145 1097 783 1146 1098 780 1147 1099 780 1147 1099 783 1146 1098 784 1148 1100 780 1147 1099 784 1148 1100 779 1149 1101 779 1149 1101 784 1148 1100 785 1150 1102 779 1149 1101 785 1150 1102 778 1151 1103 778 1151 1103 785 1150 1102 786 1152 1104 778 1151 1103 786 1152 1104 777 1153 1105 777 1153 1105 786 1152 1104 787 1154 1106 777 1153 1105 787 1154 1106 776 1155 1107 776 1155 1107 787 1154 1106 788 1156 1108 776 1155 1107 788 1156 1108 775 1157 1109 775 1157 1109 788 1156 1108 789 1158 1110 775 1157 1109 789 1158 1110 774 1159 1111 774 1159 1111 789 1158 1110 790 1160 1112 774 1159 1111 790 1160 1112 773 1161 1113 773 1161 1113 790 1160 1112 791 1162 1114 773 1161 1113 791 1162 1114 772 1163 1115 772 1163 1115 791 1162 1114 792 1164 1116 772 1163 1115 792 1164 1116 771 1165 1117 771 1165 1117 792 1164 1116 793 1166 1118 771 1165 1117 793 1166 1118 770 1167 1119 770 1167 1119 793 1166 1118 794 1168 1120 770 1167 1119 794 1168 1120 769 1169 1121 769 1169 1121 794 1168 1120 795 1170 1122 769 1169 1121 795 1170 1122 768 1171 1123 768 1171 1123 795 1170 1122 796 1172 1124 768 1171 1123 796 1172 1124 767 1173 1125 767 1173 1125 796 1172 1124 797 1174 1126 767 1173 1125 797 1174 1126 766 1175 1127 766 1175 1127 797 1174 1126 798 1176 1128 766 1175 1127 798 1176 1128 765 1177 1129 765 1177 1129 798 1176 1128 799 1178 1130 765 1177 1129 799 1178 1130 764 1179 1131 764 1179 1131 799 1178 1130 800 1180 1132 764 1179 1131 800 1180 1132 763 1181 1133 763 1181 1133 800 1180 1132 801 1182 1134 763 1181 1133 801 1182 1134 762 1183 1135 762 1183 1135 801 1182 1134 802 1184 1136 762 1183 1135 802 1184 1136 761 1185 1137 761 1185 1137 802 1184 1136 803 1186 1138 761 1185 1137 803 1186 1138 760 1187 1139 760 1187 1139 803 1186 1138 804 1188 1140 760 1187 1139 804 1188 1140 759 1139 1093 759 1139 1093 804 1188 1140 805 1140 1094 807 1189 1141 853 1190 1142 806 1191 1143 806 1191 1143 853 1190 1142 830 1192 1144 806 1193 1143 830 1194 1144 829 1195 1145 829 1195 1145 830 1194 1144 831 1196 1146 829 1195 1145 831 1196 1146 828 1197 1147 828 1197 1147 831 1196 1146 832 1198 1148 828 1197 1147 832 1198 1148 827 1199 1149 827 1199 1149 832 1198 1148 833 1200 1150 827 1199 1149 833 1200 1150 826 1201 1151 826 1201 1151 833 1200 1150 834 1202 1152 826 1201 1151 834 1202 1152 825 1203 1153 825 1203 1153 834 1202 1152 835 1204 1154 825 1203 1153 835 1204 1154 824 1205 1155 824 1205 1155 835 1204 1154 836 1206 1156 824 1205 1155 836 1206 1156 823 1207 1157 823 1207 1157 836 1206 1156 837 1208 1158 823 1207 1157 837 1208 1158 822 1209 1159 822 1209 1159 837 1208 1158 838 1210 1160 822 1209 1159 838 1210 1160 821 1211 1161 821 1211 1161 838 1210 1160 839 1212 1162 821 1211 1161 839 1212 1162 820 1213 1163 820 1213 1163 839 1212 1162 840 1214 1164 820 1213 1163 840 1214 1164 819 1215 1165 819 1215 1165 840 1214 1164 841 1216 1166 819 1215 1165 841 1216 1166 818 1217 1167 818 1217 1167 841 1216 1166 842 1218 1168 818 1217 1167 842 1218 1168 817 1219 1169 817 1219 1169 842 1218 1168 843 1220 1170 817 1219 1169 843 1220 1170 816 1221 1171 816 1221 1171 843 1220 1170 844 1222 1172 816 1221 1171 844 1222 1172 815 1223 1173 815 1223 1173 844 1222 1172 845 1224 1174 815 1223 1173 845 1224 1174 814 1225 1175 814 1225 1175 845 1224 1174 846 1226 1176 814 1225 1175 846 1226 1176 813 1227 1177 813 1227 1177 846 1226 1176 847 1228 1178 813 1227 1177 847 1228 1178 812 1229 1179 812 1229 1179 847 1228 1178 848 1230 1180 812 1229 1179 848 1230 1180 811 1231 1181 811 1231 1181 848 1230 1180 849 1232 1182 811 1231 1181 849 1232 1182 810 1233 1183 810 1233 1183 849 1232 1182 850 1234 1184 810 1233 1183 850 1234 1184 809 1235 1185 809 1235 1185 850 1234 1184 851 1236 1186 809 1235 1185 851 1236 1186 808 1237 1187 808 1237 1187 851 1236 1186 852 1238 1188 808 1237 1187 852 1238 1188 807 1189 1141 807 1189 1141 852 1238 1188 853 1190 1142 855 1239 1189 543 1240 1190 854 1241 1191 854 1241 1191 543 1240 1190 542 1242 1192 854 1243 1191 542 1244 1192 877 1245 1193 877 1245 1193 542 1244 1192 565 1246 1194 877 1245 1193 565 1246 1194 876 1247 1195 876 1247 1195 565 1246 1194 564 1248 1196 876 1247 1195 564 1248 1196 875 1249 1197 875 1249 1197 564 1248 1196 563 1250 1198 875 1249 1197 563 1250 1198 874 1251 1199 874 1251 1199 563 1250 1198 562 1252 1200 874 1251 1199 562 1252 1200 873 1253 1201 873 1253 1201 562 1252 1200 561 1254 1202 873 1253 1201 561 1254 1202 872 1255 1203 872 1255 1203 561 1254 1202 560 1256 1204 872 1255 1203 560 1256 1204 871 1257 1205 871 1257 1205 560 1256 1204 559 1258 1206 871 1257 1205 559 1258 1206 870 1259 1207 870 1259 1207 559 1258 1206 558 1260 1208 870 1259 1207 558 1260 1208 869 1261 1209 869 1261 1209 558 1260 1208 557 1262 1210 869 1261 1209 557 1262 1210 868 1263 1211 868 1263 1211 557 1262 1210 556 1264 1212 868 1263 1211 556 1264 1212 867 1265 1213 867 1265 1213 556 1264 1212 555 1266 1214 867 1265 1213 555 1266 1214 866 1267 1215 866 1267 1215 555 1266 1214 554 1268 1216 866 1267 1215 554 1268 1216 865 1269 1217 865 1269 1217 554 1268 1216 553 1270 1218 865 1269 1217 553 1270 1218 864 1271 1219 864 1271 1219 553 1270 1218 552 1272 1220 864 1271 1219 552 1272 1220 863 1273 1221 863 1273 1221 552 1272 1220 551 1274 1222 863 1273 1221 551 1274 1222 862 1275 1223 862 1275 1223 551 1274 1222 550 1276 1224 862 1275 1223 550 1276 1224 861 1277 1225 861 1277 1225 550 1276 1224 549 1278 1226 861 1277 1225 549 1278 1226 860 1279 1227 860 1279 1227 549 1278 1226 548 1280 1228 860 1279 1227 548 1280 1228 859 1281 1229 859 1281 1229 548 1280 1228 547 1282 1230 859 1281 1229 547 1282 1230 858 1283 1231 858 1283 1231 547 1282 1230 546 1284 1232 858 1283 1231 546 1284 1232 857 1285 1233 857 1285 1233 546 1284 1232 545 1286 1234 857 1285 1233 545 1286 1234 856 1287 1235 856 1287 1235 545 1286 1234 544 1288 1236 856 1287 1235 544 1288 1236 855 1239 1189 855 1239 1189 544 1288 1236 543 1240 1190 879 1289 1237 567 1290 1238 878 1291 1239 878 1291 1239 567 1290 1238 566 1292 1240 878 1293 1239 566 1294 1240 901 1295 1241 901 1295 1241 566 1294 1240 589 1296 1242 901 1295 1241 589 1296 1242 900 1297 1243 900 1297 1243 589 1296 1242 588 1298 1244 900 1297 1243 588 1298 1244 899 1299 1245 899 1299 1245 588 1298 1244 587 1300 1246 899 1299 1245 587 1300 1246 898 1301 1247 898 1301 1247 587 1300 1246 586 1302 1248 898 1301 1247 586 1302 1248 897 1303 1249 897 1303 1249 586 1302 1248 585 1304 1250 897 1303 1249 585 1304 1250 896 1305 1251 896 1305 1251 585 1304 1250 584 1306 1252 896 1305 1251 584 1306 1252 895 1307 1253 895 1307 1253 584 1306 1252 583 1308 1254 895 1307 1253 583 1308 1254 894 1309 1255 894 1309 1255 583 1308 1254 582 1310 1256 894 1309 1255 582 1310 1256 893 1311 1257 893 1311 1257 582 1310 1256 581 1312 1258 893 1311 1257 581 1312 1258 892 1313 1259 892 1313 1259 581 1312 1258 580 1314 1260 892 1313 1259 580 1314 1260 891 1315 1261 891 1315 1261 580 1314 1260 579 1316 1262 891 1315 1261 579 1316 1262 890 1317 1263 890 1317 1263 579 1316 1262 578 1318 1264 890 1317 1263 578 1318 1264 889 1319 1265 889 1319 1265 578 1318 1264 577 1320 1266 889 1319 1265 577 1320 1266 888 1321 1267 888 1321 1267 577 1320 1266 576 1322 1268 888 1321 1267 576 1322 1268 887 1323 1269 887 1323 1269 576 1322 1268 575 1324 1270 887 1323 1269 575 1324 1270 886 1325 1271 886 1325 1271 575 1324 1270 574 1326 1272 886 1325 1271 574 1326 1272 885 1327 1273 885 1327 1273 574 1326 1272 573 1328 1274 885 1327 1273 573 1328 1274 884 1329 1275 884 1329 1275 573 1328 1274 572 1330 1276 884 1329 1275 572 1330 1276 883 1331 1277 883 1331 1277 572 1330 1276 571 1332 1278 883 1331 1277 571 1332 1278 882 1333 1279 882 1333 1279 571 1332 1278 570 1334 1280 882 1333 1279 570 1334 1280 881 1335 1281 881 1335 1281 570 1334 1280 569 1336 1282 881 1335 1281 569 1336 1282 880 1337 1283 880 1337 1283 569 1336 1282 568 1338 1284 880 1337 1283 568 1338 1284 879 1289 1237 879 1289 1237 568 1338 1284 567 1290 1238 903 1339 1285 591 1340 1286 902 1341 1287 902 1341 1287 591 1340 1286 590 1342 1288 902 1343 1287 590 1344 1288 925 1345 1289 925 1345 1289 590 1344 1288 613 1346 1290 925 1345 1289 613 1346 1290 924 1347 1291 924 1347 1291 613 1346 1290 612 1348 1292 924 1347 1291 612 1348 1292 923 1349 1293 923 1349 1293 612 1348 1292 611 1350 1294 923 1349 1293 611 1350 1294 922 1351 1295 922 1351 1295 611 1350 1294 610 1352 1296 922 1351 1295 610 1352 1296 921 1353 1297 921 1353 1297 610 1352 1296 609 1354 1298 921 1353 1297 609 1354 1298 920 1355 1299 920 1355 1299 609 1354 1298 608 1356 1300 920 1355 1299 608 1356 1300 919 1357 1301 919 1357 1301 608 1356 1300 607 1358 1302 919 1357 1301 607 1358 1302 918 1359 1303 918 1359 1303 607 1358 1302 606 1360 1304 918 1359 1303 606 1360 1304 917 1361 1305 917 1361 1305 606 1360 1304 605 1362 1306 917 1361 1305 605 1362 1306 916 1363 1307 916 1363 1307 605 1362 1306 604 1364 1308 916 1363 1307 604 1364 1308 915 1365 1309 915 1365 1309 604 1364 1308 603 1366 1310 915 1365 1309 603 1366 1310 914 1367 1311 914 1367 1311 603 1366 1310 602 1368 1312 914 1367 1311 602 1368 1312 913 1369 1313 913 1369 1313 602 1368 1312 601 1370 1314 913 1369 1313 601 1370 1314 912 1371 1315 912 1371 1315 601 1370 1314 600 1372 1316 912 1371 1315 600 1372 1316 911 1373 1317 911 1373 1317 600 1372 1316 599 1374 1318 911 1373 1317 599 1374 1318 910 1375 1319 910 1375 1319 599 1374 1318 598 1376 1320 910 1375 1319 598 1376 1320 909 1377 1321 909 1377 1321 598 1376 1320 597 1378 1322 909 1377 1321 597 1378 1322 908 1379 1323 908 1379 1323 597 1378 1322 596 1380 1324 908 1379 1323 596 1380 1324 907 1381 1325 907 1381 1325 596 1380 1324 595 1382 1326 907 1381 1325 595 1382 1326 906 1383 1327 906 1383 1327 595 1382 1326 594 1384 1328 906 1383 1327 594 1384 1328 905 1385 1329 905 1385 1329 594 1384 1328 593 1386 1330 905 1385 1329 593 1386 1330 904 1387 1331 904 1387 1331 593 1386 1330 592 1388 1332 904 1387 1331 592 1388 1332 903 1339 1285 903 1339 1285 592 1388 1332 591 1340 1286 927 1389 1333 615 1390 1334 926 1391 1335 926 1391 1335 615 1390 1334 614 1392 1336 926 1393 1335 614 1394 1336 949 1395 1337 949 1395 1337 614 1394 1336 637 1396 1338 949 1395 1337 637 1396 1338 948 1397 1339 948 1397 1339 637 1396 1338 636 1398 1340 948 1397 1339 636 1398 1340 947 1399 1341 947 1399 1341 636 1398 1340 635 1400 1342 947 1399 1341 635 1400 1342 946 1401 1343 946 1401 1343 635 1400 1342 634 1402 1344 946 1401 1343 634 1402 1344 945 1403 1345 945 1403 1345 634 1402 1344 633 1404 1346 945 1403 1345 633 1404 1346 944 1405 1347 944 1405 1347 633 1404 1346 632 1406 1348 944 1405 1347 632 1406 1348 943 1407 1349 943 1407 1349 632 1406 1348 631 1408 1350 943 1407 1349 631 1408 1350 942 1409 1351 942 1409 1351 631 1408 1350 630 1410 1352 942 1409 1351 630 1410 1352 941 1411 1353 941 1411 1353 630 1410 1352 629 1412 1354 941 1411 1353 629 1412 1354 940 1413 1355 940 1413 1355 629 1412 1354 628 1414 1356 940 1413 1355 628 1414 1356 939 1415 1357 939 1415 1357 628 1414 1356 627 1416 1358 939 1415 1357 627 1416 1358 938 1417 1359 938 1417 1359 627 1416 1358 626 1418 1360 938 1417 1359 626 1418 1360 937 1419 1361 937 1419 1361 626 1418 1360 625 1420 1362 937 1419 1361 625 1420 1362 936 1421 1363 936 1421 1363 625 1420 1362 624 1422 1364 936 1421 1363 624 1422 1364 935 1423 1365 935 1423 1365 624 1422 1364 623 1424 1366 935 1423 1365 623 1424 1366 934 1425 1367 934 1425 1367 623 1424 1366 622 1426 1368 934 1425 1367 622 1426 1368 933 1427 1369 933 1427 1369 622 1426 1368 621 1428 1370 933 1427 1369 621 1428 1370 932 1429 1371 932 1429 1371 621 1428 1370 620 1430 1372 932 1429 1371 620 1430 1372 931 1431 1373 931 1431 1373 620 1430 1372 619 1432 1374 931 1431 1373 619 1432 1374 930 1433 1375 930 1433 1375 619 1432 1374 618 1434 1376 930 1433 1375 618 1434 1376 929 1435 1377 929 1435 1377 618 1434 1376 617 1436 1378 929 1435 1377 617 1436 1378 928 1437 1379 928 1437 1379 617 1436 1378 616 1438 1380 928 1437 1379 616 1438 1380 927 1389 1333 927 1389 1333 616 1438 1380 615 1390 1334 951 1439 1381 997 1440 1382 950 1441 1383 950 1441 1383 997 1440 1382 974 1442 1384 950 1443 1383 974 1444 1384 973 1445 1385 973 1445 1385 974 1444 1384 975 1446 1386 973 1445 1385 975 1446 1386 972 1447 1387 972 1447 1387 975 1446 1386 976 1448 1388 972 1447 1387 976 1448 1388 971 1449 1389 971 1449 1389 976 1448 1388 977 1450 1390 971 1449 1389 977 1450 1390 970 1451 1391 970 1451 1391 977 1450 1390 978 1452 1392 970 1451 1391 978 1452 1392 969 1453 1393 969 1453 1393 978 1452 1392 979 1454 1394 969 1453 1393 979 1454 1394 968 1455 1395 968 1455 1395 979 1454 1394 980 1456 1396 968 1455 1395 980 1456 1396 967 1457 1397 967 1457 1397 980 1456 1396 981 1458 1398 967 1457 1397 981 1458 1398 966 1459 1399 966 1459 1399 981 1458 1398 982 1460 1400 966 1459 1399 982 1460 1400 965 1461 1401 965 1461 1401 982 1460 1400 983 1462 1402 965 1461 1401 983 1462 1402 964 1463 1403 964 1463 1403 983 1462 1402 984 1464 1404 964 1463 1403 984 1464 1404 963 1465 1405 963 1465 1405 984 1464 1404 985 1466 1406 963 1465 1405 985 1466 1406 962 1467 1407 962 1467 1407 985 1466 1406 986 1468 1408 962 1467 1407 986 1468 1408 961 1469 1409 961 1469 1409 986 1468 1408 987 1470 1410 961 1469 1409 987 1470 1410 960 1471 1411 960 1471 1411 987 1470 1410 988 1472 1412 960 1471 1411 988 1472 1412 959 1473 1413 959 1473 1413 988 1472 1412 989 1474 1414 959 1473 1413 989 1474 1414 958 1475 1415 958 1475 1415 989 1474 1414 990 1476 1416 958 1475 1415 990 1476 1416 957 1477 1417 957 1477 1417 990 1476 1416 991 1478 1418 957 1477 1417 991 1478 1418 956 1479 1419 956 1479 1419 991 1478 1418 992 1480 1420 956 1479 1419 992 1480 1420 955 1481 1421 955 1481 1421 992 1480 1420 993 1482 1422 955 1481 1421 993 1482 1422 954 1483 1423 954 1483 1423 993 1482 1422 994 1484 1424 954 1483 1423 994 1484 1424 953 1485 1425 953 1485 1425 994 1484 1424 995 1486 1426 953 1485 1425 995 1486 1426 952 1487 1427 952 1487 1427 995 1486 1426 996 1488 1428 952 1487 1427 996 1488 1428 951 1439 1381 951 1439 1381 996 1488 1428 997 1440 1382 999 1489 1429 639 1490 1430 998 1491 1431 998 1491 1431 639 1490 1430 638 1492 1432 998 1493 1431 638 1494 1432 1021 1495 1433 1021 1495 1433 638 1494 1432 661 1496 1434 1021 1495 1433 661 1496 1434 1020 1497 1435 1020 1497 1435 661 1496 1434 660 1498 1436 1020 1497 1435 660 1498 1436 1019 1499 1437 1019 1499 1437 660 1498 1436 659 1500 1438 1019 1499 1437 659 1500 1438 1018 1501 1439 1018 1501 1439 659 1500 1438 658 1502 1440 1018 1501 1439 658 1502 1440 1017 1503 1441 1017 1503 1441 658 1502 1440 657 1504 1442 1017 1503 1441 657 1504 1442 1016 1505 1443 1016 1505 1443 657 1504 1442 656 1506 1444 1016 1505 1443 656 1506 1444 1015 1507 1445 1015 1507 1445 656 1506 1444 655 1508 1446 1015 1507 1445 655 1508 1446 1014 1509 1447 1014 1509 1447 655 1508 1446 654 1510 1448 1014 1509 1447 654 1510 1448 1013 1511 1449 1013 1511 1449 654 1510 1448 653 1512 1450 1013 1511 1449 653 1512 1450 1012 1513 1451 1012 1513 1451 653 1512 1450 652 1514 1452 1012 1513 1451 652 1514 1452 1011 1515 1453 1011 1515 1453 652 1514 1452 651 1516 1454 1011 1515 1453 651 1516 1454 1010 1517 1455 1010 1517 1455 651 1516 1454 650 1518 1456 1010 1517 1455 650 1518 1456 1009 1519 1457 1009 1519 1457 650 1518 1456 649 1520 1458 1009 1519 1457 649 1520 1458 1008 1521 1459 1008 1521 1459 649 1520 1458 648 1522 1460 1008 1521 1459 648 1522 1460 1007 1523 1461 1007 1523 1461 648 1522 1460 647 1524 1462 1007 1523 1461 647 1524 1462 1006 1525 1463 1006 1525 1463 647 1524 1462 646 1526 1464 1006 1525 1463 646 1526 1464 1005 1527 1465 1005 1527 1465 646 1526 1464 645 1528 1466 1005 1527 1465 645 1528 1466 1004 1529 1467 1004 1529 1467 645 1528 1466 644 1530 1468 1004 1529 1467 644 1530 1468 1003 1531 1469 1003 1531 1469 644 1530 1468 643 1532 1470 1003 1531 1469 643 1532 1470 1002 1533 1471 1002 1533 1471 643 1532 1470 642 1534 1472 1002 1533 1471 642 1534 1472 1001 1535 1473 1001 1535 1473 642 1534 1472 641 1536 1474 1001 1535 1473 641 1536 1474 1000 1537 1475 1000 1537 1475 641 1536 1474 640 1538 1476 1000 1537 1475 640 1538 1476 999 1489 1429 999 1489 1429 640 1538 1476 639 1490 1430 477 1539 1477 1022 1540 1478 478 1541 1479 478 1541 1479 1022 1540 1478 1023 1542 1480 478 1541 1479 1023 1542 1480 479 1543 1481 479 1543 1481 1023 1542 1480 1024 1544 1482 479 1543 1481 1024 1544 1482 480 1545 1483 480 1545 1483 1024 1544 1482 1025 1546 1484 480 1545 1483 1025 1546 1484 481 1547 1485 481 1547 1485 1025 1546 1484 1026 1548 1486 481 1547 1485 1026 1548 1486 482 1549 1487 482 1549 1487 1026 1548 1486 1027 1550 1488 482 1549 1487 1027 1550 1488 483 1551 1489 483 1551 1489 1027 1550 1488 1028 1552 1490 483 1551 1489 1028 1552 1490 484 1553 1491 484 1553 1491 1028 1552 1490 1029 1554 1492 484 1553 1491 1029 1554 1492 485 1555 1493 485 1555 1493 1029 1554 1492 1030 1556 1494 485 1555 1493 1030 1556 1494 486 1557 1495 486 1557 1495 1030 1556 1494 1031 1558 1496 486 1557 1495 1031 1558 1496 487 1559 1497 487 1559 1497 1031 1558 1496 1032 1560 1498 487 1559 1497 1032 1560 1498 488 1561 1499 488 1561 1499 1032 1560 1498 1033 1562 1500 488 1561 1499 1033 1562 1500 489 1563 1501 489 1563 1501 1033 1562 1500 1034 1564 1502 489 1563 1501 1034 1564 1502 490 1565 1503 490 1565 1503 1034 1564 1502 1035 1566 1504 490 1565 1503 1035 1566 1504 491 1567 1505 491 1567 1505 1035 1566 1504 1036 1568 1506 491 1567 1505 1036 1568 1506 492 1569 1507 492 1569 1507 1036 1568 1506 1037 1570 1508 492 1569 1507 1037 1570 1508 493 1571 1509 493 1571 1509 1037 1570 1508 1038 1572 1510 493 1571 1509 1038 1572 1510 494 1573 1511 494 1573 1511 1038 1572 1510 1039 1574 1512 494 1573 1511 1039 1574 1512 495 1575 1513 495 1575 1513 1039 1574 1512 1040 1576 1514 495 1575 1513 1040 1576 1514 496 1577 1515 496 1577 1515 1040 1576 1514 1041 1578 1516 496 1577 1515 1041 1578 1516 497 1579 1517 497 1579 1517 1041 1578 1516 1042 1580 1518 497 1579 1517 1042 1580 1518 498 1581 1519 498 1581 1519 1042 1580 1518 1043 1582 1520 498 1581 1519 1043 1582 1520 499 1583 1521 499 1583 1521 1043 1582 1520 1044 1584 1522 499 1583 1521 1044 1584 1522 500 1585 1523 500 1585 1523 1044 1584 1522 1045 1586 1524 500 1585 1523 1045 1586 1524 501 1587 1525 501 1587 1525 1045 1586 1524 1046 1588 1526 501 1587 1525 1046 1588 1526 502 1589 1527 502 1589 1527 1046 1588 1526 1047 1590 1528 502 1589 1527 1047 1590 1528 503 1591 1529 503 1591 1529 1047 1590 1528 1048 1592 1530 503 1591 1529 1048 1592 1530 504 1593 1531 504 1593 1531 1048 1592 1530 1049 1594 1532 504 1593 1531 1049 1594 1532 505 1595 1533 505 1595 1533 1049 1594 1532 1050 1596 1534 505 1595 1533 1050 1596 1534 506 1597 1535 506 1597 1535 1050 1596 1534 1051 1598 1536 506 1597 1535 1051 1598 1536 507 1599 1537 507 1599 1537 1051 1598 1536 1052 1600 1538 507 1599 1537 1052 1600 1538 508 1601 1539 508 1601 1539 1052 1600 1538 1053 1602 1540 508 1601 1539 1053 1602 1540 509 1603 1541 509 1603 1541 1053 1602 1540 1054 1604 1542 1054 1605 1543 1055 1606 1544 509 1607 1545 509 1607 1545 1055 1606 1544 510 1608 1546 510 1609 1546 1055 1610 1544 511 1611 1547 511 1611 1547 1055 1610 1544 1056 1612 1548 511 1611 1547 1056 1612 1548 512 1613 1549 512 1613 1549 1056 1612 1548 1057 1614 1550 512 1613 1549 1057 1614 1550 513 1615 1551 513 1615 1551 1057 1614 1550 1058 1616 1552 513 1615 1551 1058 1616 1552 514 1617 1553 514 1617 1553 1058 1616 1552 1059 1618 1554 514 1617 1553 1059 1618 1554 515 1619 1555 515 1619 1555 1059 1618 1554 1060 1620 1556 515 1619 1555 1060 1620 1556 516 1621 1557 516 1621 1557 1060 1620 1556 1061 1622 1558 516 1621 1557 1061 1622 1558 517 1623 1559 517 1623 1559 1061 1622 1558 1062 1624 1560 517 1623 1559 1062 1624 1560 518 1625 1561 518 1625 1561 1062 1624 1560 1063 1626 1562 518 1625 1561 1063 1626 1562 519 1627 1563 519 1627 1563 1063 1626 1562 1064 1628 1564 519 1627 1563 1064 1628 1564 520 1629 1565 520 1629 1565 1064 1628 1564 1065 1630 1566 520 1629 1565 1065 1630 1566 521 1631 1567 521 1631 1567 1065 1630 1566 1066 1632 1568 521 1631 1567 1066 1632 1568 522 1633 1569 522 1633 1569 1066 1632 1568 1067 1634 1570 522 1633 1569 1067 1634 1570 523 1635 1571 523 1635 1571 1067 1634 1570 1068 1636 1572 523 1635 1571 1068 1636 1572 524 1637 1573 524 1637 1573 1068 1636 1572 1069 1638 1574 524 1637 1573 1069 1638 1574 525 1639 1575 525 1639 1575 1069 1638 1574 1070 1640 1576 525 1639 1575 1070 1640 1576 526 1641 1577 526 1641 1577 1070 1640 1576 1071 1642 1578 526 1641 1577 1071 1642 1578 527 1643 1579 527 1643 1579 1071 1642 1578 1072 1644 1580 527 1643 1579 1072 1644 1580 528 1645 1581 528 1645 1581 1072 1644 1580 1073 1646 1582 528 1645 1581 1073 1646 1582 529 1647 1583 529 1647 1583 1073 1646 1582 1074 1648 1584 529 1647 1583 1074 1648 1584 530 1649 1585 530 1649 1585 1074 1648 1584 1075 1650 1586 530 1649 1585 1075 1650 1586 531 1651 1587 531 1651 1587 1075 1650 1586 1076 1652 1588 531 1651 1587 1076 1652 1588 532 1653 1589 532 1653 1589 1076 1652 1588 1077 1654 1590 532 1653 1589 1077 1654 1590 533 1655 1591 533 1655 1591 1077 1654 1590 1078 1656 1592 533 1655 1591 1078 1656 1592 534 1657 1593 534 1657 1593 1078 1656 1592 1079 1658 1594 534 1657 1593 1079 1658 1594 535 1659 1595 535 1659 1595 1079 1658 1594 1080 1660 1596 535 1659 1595 1080 1660 1596 536 1661 1597 536 1661 1597 1080 1660 1596 1081 1662 1598 536 1661 1597 1081 1662 1598 537 1663 1599 537 1663 1599 1081 1662 1598 1082 1664 1600 537 1663 1599 1082 1664 1600 538 1665 1601 538 1665 1601 1082 1664 1600 1083 1666 1602 538 1665 1601 1083 1666 1602 539 1667 1603 539 1667 1603 1083 1666 1602 1084 1668 1604 539 1667 1603 1084 1668 1604 540 1669 1605 540 1669 1605 1084 1668 1604 1085 1670 1606 540 1669 1605 1085 1670 1606 541 1671 1607 541 1671 1607 1085 1670 1606 1086 1672 1608 541 1671 1607 1086 1672 1608 476 1673 1609 476 1673 1609 1086 1672 1608 1087 1674 1610 1087 1675 1610 1022 1676 1478 476 1677 1609 476 1677 1609 1022 1676 1478 477 1678 1477 25 1679 1611 758 1680 1612 0 1681 1613 0 1681 1613 758 1680 1612 781 1682 1614 0 1681 1613 781 1682 1614 780 1683 1615 24 1684 1616 665 1685 1617 25 1679 1611 25 1679 1611 665 1685 1617 664 1686 1618 25 1679 1611 664 1686 1618 663 1687 1619 23 1688 1620 667 1689 1621 24 1684 1616 24 1684 1616 667 1689 1621 666 1690 1622 24 1684 1616 666 1690 1622 665 1685 1617 23 1688 1620 22 1691 1623 667 1689 1621 667 1689 1621 22 1691 1623 668 1692 1624 668 1692 1624 22 1691 1623 21 1693 1625 668 1692 1624 21 1693 1625 20 1694 1626 19 1695 1627 1080 1696 1628 20 1694 1626 20 1694 1626 1080 1696 1628 1079 1697 1629 20 1694 1626 1079 1697 1629 668 1692 1624 668 1692 1624 1079 1697 1629 1078 1698 1630 668 1692 1624 1078 1698 1630 812 1699 1631 812 1699 1631 1078 1698 1630 1077 1700 1632 812 1699 1631 1077 1700 1632 813 1701 1633 813 1701 1633 1077 1700 1632 1076 1702 1634 813 1701 1633 1076 1702 1634 814 1703 1635 814 1703 1635 1076 1702 1634 815 1704 1636 815 1704 1636 1076 1702 1634 816 1705 1637 816 1705 1637 1076 1702 1634 1075 1706 1638 816 1705 1637 1075 1706 1638 817 1707 1639 817 1707 1639 1075 1706 1638 818 1708 1640 818 1708 1640 1075 1706 1638 819 1709 1641 819 1709 1641 1075 1706 1638 820 1710 1642 820 1710 1642 1075 1706 1638 1074 1711 1643 820 1710 1642 1074 1711 1643 821 1712 1644 821 1712 1644 1074 1711 1643 822 1713 1645 822 1713 1645 1074 1711 1643 823 1714 1646 823 1714 1646 1074 1711 1643 1073 1715 1647 823 1714 1646 1073 1715 1647 824 1716 1648 824 1716 1648 1073 1715 1647 765 1717 1649 824 1716 1648 765 1717 1649 764 1718 1650 18 1719 1651 1087 1720 1652 19 1695 1627 19 1695 1627 1087 1720 1652 1082 1721 1653 19 1695 1627 1082 1721 1653 1081 1722 1654 18 1719 1651 41 1723 1655 1087 1720 1652 1087 1720 1652 41 1723 1655 1022 1724 1656 1022 1724 1656 41 1723 1655 98 1725 1657 1022 1724 1656 98 1725 1657 120 1726 1658 98 1725 1657 41 1723 1655 99 1727 1659 99 1727 1659 41 1723 1655 40 1728 1660 99 1727 1659 40 1728 1660 39 1729 1661 99 1727 1659 39 1729 1661 100 1730 1662 100 1730 1662 39 1729 1661 38 1731 1663 100 1730 1662 38 1731 1663 101 1732 1664 101 1732 1664 38 1731 1663 37 1733 1665 101 1732 1664 37 1733 1665 102 1734 1666 102 1734 1666 37 1733 1665 36 1735 1667 102 1734 1666 36 1735 1667 103 1736 1668 103 1736 1668 36 1735 1667 35 1737 1669 103 1736 1668 35 1737 1669 104 1738 1670 104 1738 1670 35 1737 1669 34 1739 1671 104 1738 1670 34 1739 1671 105 1740 1672 105 1740 1672 34 1739 1671 152 1741 1673 105 1740 1672 152 1741 1673 175 1742 1674 56 1743 1675 158 1744 1676 34 1739 1671 34 1739 1671 158 1744 1676 157 1745 1677 34 1739 1671 157 1745 1677 156 1746 1678 55 1747 1679 65 1748 1680 56 1743 1675 56 1743 1675 65 1748 1680 64 1749 1681 56 1743 1675 64 1749 1681 164 1750 1682 164 1750 1682 64 1749 1681 165 1751 1683 165 1751 1683 64 1749 1681 166 1752 1684 166 1752 1684 64 1749 1681 167 1753 1685 167 1753 1685 64 1749 1681 168 1754 1686 168 1754 1686 64 1749 1681 169 1755 1687 169 1755 1687 64 1749 1681 170 1756 1688 170 1756 1688 64 1749 1681 105 1740 1672 170 1756 1688 105 1740 1672 171 1757 1689 171 1757 1689 105 1740 1672 172 1758 1690 172 1758 1690 105 1740 1672 173 1759 1691 173 1759 1691 105 1740 1672 174 1760 1692 174 1760 1692 105 1740 1672 175 1742 1674 65 1748 1680 55 1747 1679 66 1761 1693 66 1761 1693 55 1747 1679 54 1762 1694 66 1761 1693 54 1762 1694 67 1763 1695 67 1763 1695 54 1762 1694 53 1764 1696 67 1763 1695 53 1764 1696 68 1765 1697 68 1765 1697 53 1764 1696 52 1766 1698 68 1765 1697 52 1766 1698 69 1767 1699 69 1767 1699 52 1766 1698 51 1768 1700 69 1767 1699 51 1768 1700 70 1769 1701 70 1769 1701 51 1768 1700 50 1770 1702 70 1769 1701 50 1770 1702 16 1771 1703 7 1772 1704 1055 1773 1705 16 1771 1703 16 1771 1703 1055 1773 1705 1054 1774 1706 16 1771 1703 1054 1774 1706 71 1775 1707 71 1775 1707 1054 1774 1706 80 1776 1708 80 1776 1708 1054 1774 1706 82 1777 1709 82 1777 1709 1054 1774 1706 1052 1778 1710 82 1777 1709 1052 1778 1710 83 1779 1711 83 1779 1711 1052 1778 1710 896 1780 1712 83 1779 1711 896 1780 1712 84 1781 1713 84 1781 1713 896 1780 1712 85 1782 1714 85 1782 1714 896 1780 1712 895 1783 1715 85 1782 1714 895 1783 1715 86 1784 1716 86 1784 1716 895 1783 1715 87 1785 1717 87 1785 1717 895 1783 1715 894 1786 1718 87 1785 1717 894 1786 1718 893 1787 1719 7 1772 1704 6 1788 1720 1055 1773 1705 1055 1773 1705 6 1788 1720 1060 1789 1721 1055 1773 1705 1060 1789 1721 1059 1790 1722 5 1791 1723 1062 1792 1724 6 1788 1720 6 1788 1720 1062 1792 1724 1061 1793 1725 6 1788 1720 1061 1793 1725 1060 1789 1721 4 1794 1726 728 1795 1727 5 1791 1723 5 1791 1723 728 1795 1727 1063 1796 1728 5 1791 1723 1063 1796 1728 1062 1792 1724 4 1794 1726 3 1797 1729 728 1795 1727 728 1795 1727 3 1797 1729 729 1798 1730 729 1798 1730 3 1797 1729 2 1799 1731 729 1798 1730 2 1799 1731 1 1800 1732 0 1681 1613 731 1801 1733 1 1800 1732 1 1800 1732 731 1801 1733 730 1802 1734 1 1800 1732 730 1802 1734 729 1798 1730 120 1726 1658 119 1803 1735 1022 1724 1656 1022 1724 1656 119 1803 1735 1027 1804 1736 1022 1724 1656 1027 1804 1736 1026 1805 1737 118 1806 1738 1029 1807 1739 119 1803 1735 119 1803 1735 1029 1807 1739 1028 1808 1740 119 1803 1735 1028 1808 1740 1027 1804 1736 117 1809 1741 908 1810 1742 118 1806 1738 118 1806 1738 908 1810 1742 1030 1811 1743 118 1806 1738 1030 1811 1743 1029 1807 1739 117 1809 1741 116 1812 1744 908 1810 1742 908 1810 1742 116 1812 1744 909 1813 1745 909 1813 1745 116 1812 1744 115 1814 1746 909 1813 1745 115 1814 1746 114 1815 1747 96 1816 1748 911 1817 1749 114 1815 1747 114 1815 1747 911 1817 1749 910 1818 1750 114 1815 1747 910 1818 1750 909 1813 1745 88 1819 1751 938 1820 1752 96 1816 1748 96 1816 1748 938 1820 1752 937 1821 1753 96 1816 1748 937 1821 1753 919 1822 1754 919 1822 1754 937 1821 1753 920 1823 1755 920 1823 1755 937 1821 1753 921 1824 1756 921 1824 1756 937 1821 1753 922 1825 1757 922 1825 1757 937 1821 1753 923 1826 1758 923 1826 1758 937 1821 1753 924 1827 1759 924 1827 1759 937 1821 1753 925 1828 1760 925 1828 1760 937 1821 1753 936 1829 1761 925 1828 1760 936 1829 1761 935 1830 1762 87 1785 1717 893 1787 1719 88 1819 1751 88 1819 1751 893 1787 1719 892 1831 1763 88 1819 1751 892 1831 1763 891 1832 1764 71 1775 1707 70 1769 1701 16 1771 1703 164 1750 1682 163 1833 1765 56 1743 1675 56 1743 1675 163 1833 1765 162 1834 1766 56 1743 1675 162 1834 1766 161 1835 1767 161 1835 1767 160 1836 1768 56 1743 1675 56 1743 1675 160 1836 1768 159 1837 1769 56 1743 1675 159 1837 1769 158 1744 1676 156 1746 1678 155 1838 1770 34 1739 1671 34 1739 1671 155 1838 1770 154 1839 1771 34 1739 1671 154 1839 1771 153 1840 1772 153 1840 1772 152 1741 1673 34 1739 1671 1086 1841 1773 1085 1842 1774 1087 1720 1652 1087 1720 1652 1085 1842 1774 1084 1843 1775 1087 1720 1652 1084 1843 1775 1083 1844 1776 1083 1844 1776 1082 1721 1653 1087 1720 1652 1081 1722 1654 1080 1696 1628 19 1695 1627 765 1717 1649 1073 1715 1647 766 1845 1777 766 1845 1777 1073 1715 1647 1072 1846 1778 766 1845 1777 1072 1846 1778 767 1847 1779 767 1847 1779 1072 1846 1778 768 1848 1780 768 1848 1780 1072 1846 1778 769 1849 1781 769 1849 1781 1072 1846 1778 1071 1850 1782 769 1849 1781 1071 1850 1782 770 1851 1783 770 1851 1783 1071 1850 1782 771 1852 1784 771 1852 1784 1071 1850 1782 1070 1853 1785 771 1852 1784 1070 1853 1785 772 1854 1786 772 1854 1786 1070 1853 1785 773 1855 1787 773 1855 1787 1070 1853 1785 774 1856 1788 774 1856 1788 1070 1853 1785 1069 1857 1789 774 1856 1788 1069 1857 1789 775 1858 1790 775 1858 1790 1069 1857 1789 956 1859 1791 775 1858 1790 956 1859 1791 776 1860 1792 776 1860 1792 956 1859 1791 955 1861 1793 776 1860 1792 955 1861 1793 717 1862 1794 717 1862 1794 955 1861 1793 718 1863 1795 718 1863 1795 955 1861 1793 954 1864 1796 718 1863 1795 954 1864 1796 719 1865 1797 719 1865 1797 954 1864 1796 953 1866 1798 719 1865 1797 953 1866 1798 720 1867 1799 720 1867 1799 953 1866 1798 952 1868 1800 720 1867 1799 952 1868 1800 721 1869 1801 721 1869 1801 952 1868 1800 951 1870 1802 721 1869 1801 951 1870 1802 722 1871 1803 722 1871 1803 951 1870 1802 950 1872 1804 722 1871 1803 950 1872 1804 723 1873 1805 723 1873 1805 950 1872 1804 973 1874 1806 723 1873 1805 973 1874 1806 724 1875 1807 724 1875 1807 973 1874 1806 972 1876 1808 724 1875 1807 972 1876 1808 725 1877 1809 725 1877 1809 972 1876 1808 971 1878 1810 725 1877 1809 971 1878 1810 726 1879 1811 726 1879 1811 971 1878 1810 970 1880 1812 726 1879 1811 970 1880 1812 727 1881 1813 727 1881 1813 970 1880 1812 969 1882 1814 727 1881 1813 969 1882 1814 968 1883 1815 956 1859 1791 1069 1857 1789 957 1884 1816 957 1884 1816 1069 1857 1789 1068 1885 1817 957 1884 1816 1068 1885 1817 958 1886 1818 958 1886 1818 1068 1885 1817 959 1887 1819 959 1887 1819 1068 1885 1817 960 1888 1820 960 1888 1820 1068 1885 1817 1067 1889 1821 960 1888 1820 1067 1889 1821 961 1890 1822 961 1890 1822 1067 1889 1821 962 1891 1823 962 1891 1823 1067 1889 1821 963 1892 1824 963 1892 1824 1067 1889 1821 964 1893 1825 964 1893 1825 1067 1889 1821 1066 1894 1826 964 1893 1825 1066 1894 1826 965 1895 1827 965 1895 1827 1066 1894 1826 966 1896 1828 966 1896 1828 1066 1894 1826 967 1897 1829 967 1897 1829 1066 1894 1826 1065 1898 1830 967 1897 1829 1065 1898 1830 968 1883 1815 968 1883 1815 1065 1898 1830 1064 1899 1831 968 1883 1815 1064 1899 1831 728 1795 1727 728 1795 1727 1064 1899 1831 1063 1796 1728 1059 1790 1722 1058 1900 1832 1055 1773 1705 1055 1773 1705 1058 1900 1832 1057 1901 1833 1055 1773 1705 1057 1901 1833 1056 1902 1834 1054 1774 1706 1053 1903 1835 1052 1778 1710 1051 1904 1836 1050 1905 1837 1052 1778 1710 1052 1778 1710 1050 1905 1837 1049 1906 1838 1052 1778 1710 1049 1906 1838 1015 1907 1839 1015 1907 1839 1049 1906 1838 1016 1908 1840 1016 1908 1840 1049 1906 1838 1017 1909 1841 1017 1909 1841 1049 1906 1838 1018 1910 1842 1018 1910 1842 1049 1906 1838 1019 1911 1843 1019 1911 1843 1049 1906 1838 1020 1912 1844 1020 1912 1844 1049 1906 1838 1021 1913 1845 1021 1913 1845 1049 1906 1838 998 1914 1846 998 1914 1846 1049 1906 1838 1048 1915 1847 998 1914 1846 1048 1915 1847 1047 1916 1848 1047 1916 1848 1046 1917 1849 998 1914 1846 998 1914 1846 1046 1917 1849 1045 1918 1850 998 1914 1846 1045 1918 1850 1044 1919 1851 1044 1919 1851 1043 1920 1852 998 1914 1846 998 1914 1846 1043 1920 1852 1042 1921 1853 998 1914 1846 1042 1921 1853 1041 1922 1854 1041 1922 1854 1040 1923 1855 998 1914 1846 998 1914 1846 1040 1923 1855 1039 1924 1856 998 1914 1846 1039 1924 1856 1038 1925 1857 998 1914 1846 1038 1925 1857 854 1926 1858 854 1926 1858 1038 1925 1857 1037 1927 1859 854 1926 1858 1037 1927 1859 1036 1928 1860 1036 1928 1860 1035 1929 1861 854 1926 1858 854 1926 1858 1035 1929 1861 1034 1930 1862 854 1926 1858 1034 1930 1862 855 1931 1863 855 1931 1863 1034 1930 1862 856 1932 1864 856 1932 1864 1034 1930 1862 1033 1933 1865 856 1932 1864 1033 1933 1865 857 1934 1866 857 1934 1866 1033 1933 1865 858 1935 1867 858 1935 1867 1033 1933 1865 859 1936 1868 859 1936 1868 1033 1933 1865 1032 1937 1869 859 1936 1868 1032 1937 1869 860 1938 1870 860 1938 1870 1032 1937 1869 1031 1939 1871 860 1938 1870 1031 1939 1871 908 1810 1742 908 1810 1742 1031 1939 1871 1030 1811 1743 1026 1805 1737 1025 1940 1872 1022 1724 1656 1022 1724 1656 1025 1940 1872 1024 1941 1873 1022 1724 1656 1024 1941 1873 1023 1942 1874 1015 1907 1839 1014 1943 1875 1052 1778 1710 1052 1778 1710 1014 1943 1875 1013 1944 1876 1052 1778 1710 1013 1944 1876 1012 1945 1877 1012 1945 1877 1011 1946 1878 1052 1778 1710 1052 1778 1710 1011 1946 1878 926 1947 1879 1052 1778 1710 926 1947 1879 949 1948 1880 1011 1946 1878 1010 1949 1881 926 1947 1879 926 1947 1879 1010 1949 1881 1009 1950 1882 926 1947 1879 1009 1950 1882 1008 1951 1883 1008 1951 1883 1007 1952 1884 926 1947 1879 926 1947 1879 1007 1952 1884 1006 1953 1885 926 1947 1879 1006 1953 1885 1005 1954 1886 1005 1954 1886 1004 1955 1887 926 1947 1879 926 1947 1879 1004 1955 1887 1003 1956 1888 926 1947 1879 1003 1956 1888 1002 1957 1889 1001 1958 1890 875 1959 1891 1002 1957 1889 1002 1957 1889 875 1959 1891 874 1960 1892 1002 1957 1889 874 1960 1892 926 1947 1879 926 1947 1879 874 1960 1892 927 1961 1893 927 1961 1893 874 1960 1892 873 1962 1894 927 1961 1893 873 1962 1894 928 1963 1895 928 1963 1895 873 1962 1894 929 1964 1896 929 1964 1896 873 1962 1894 930 1965 1897 930 1965 1897 873 1962 1894 872 1966 1898 930 1965 1897 872 1966 1898 931 1967 1899 931 1967 1899 872 1966 1898 932 1968 1900 932 1968 1900 872 1966 1898 871 1969 1901 932 1968 1900 871 1969 1901 925 1828 1760 925 1828 1760 871 1969 1901 870 1970 1902 925 1828 1760 870 1970 1902 869 1971 1903 875 1959 1891 1001 1958 1890 876 1972 1904 876 1972 1904 1001 1958 1890 1000 1973 1905 876 1972 1904 1000 1973 1905 877 1974 1906 877 1974 1906 1000 1973 1905 999 1975 1907 877 1974 1906 999 1975 1907 854 1926 1858 854 1926 1858 999 1975 1907 998 1914 1846 949 1948 1880 948 1976 1908 1052 1778 1710 1052 1778 1710 948 1976 1908 947 1977 1909 1052 1778 1710 947 1977 1909 946 1978 1910 945 1979 1911 901 1980 1912 946 1978 1910 946 1978 1910 901 1980 1912 900 1981 1913 946 1978 1910 900 1981 1913 1052 1778 1710 1052 1778 1710 900 1981 1913 899 1982 1914 1052 1778 1710 899 1982 1914 898 1983 1915 901 1980 1912 945 1979 1911 878 1984 1916 878 1984 1916 945 1979 1911 944 1985 1917 878 1984 1916 944 1985 1917 943 1986 1918 943 1986 1918 942 1987 1919 878 1984 1916 878 1984 1916 942 1987 1919 941 1988 1920 878 1984 1916 941 1988 1920 940 1989 1921 940 1989 1921 939 1990 1922 878 1984 1916 878 1984 1916 939 1990 1922 938 1820 1752 878 1984 1916 938 1820 1752 879 1991 1923 879 1991 1923 938 1820 1752 880 1992 1924 880 1992 1924 938 1820 1752 881 1993 1925 881 1993 1925 938 1820 1752 882 1994 1926 882 1994 1926 938 1820 1752 883 1995 1927 883 1995 1927 938 1820 1752 884 1996 1928 884 1996 1928 938 1820 1752 885 1997 1929 885 1997 1929 938 1820 1752 88 1819 1751 885 1997 1929 88 1819 1751 886 1998 1930 886 1998 1930 88 1819 1751 887 1999 1931 887 1999 1931 88 1819 1751 888 2000 1932 888 2000 1932 88 1819 1751 889 2001 1933 889 2001 1933 88 1819 1751 890 2002 1934 890 2002 1934 88 1819 1751 891 1832 1764 935 1830 1762 934 2003 1935 925 1828 1760 925 1828 1760 934 2003 1935 933 2004 1936 925 1828 1760 933 2004 1936 932 1968 1900 925 1828 1760 867 2005 1937 902 2006 1938 902 2006 1938 867 2005 1937 866 2007 1939 902 2006 1938 866 2007 1939 903 2008 1940 903 2008 1940 866 2007 1939 865 2009 1941 903 2008 1940 865 2009 1941 904 2010 1942 904 2010 1942 865 2009 1941 864 2011 1943 904 2010 1942 864 2011 1943 905 2012 1944 905 2012 1944 864 2011 1943 863 2013 1945 905 2012 1944 863 2013 1945 906 2014 1946 906 2014 1946 863 2013 1945 862 2015 1947 906 2014 1946 862 2015 1947 907 2016 1948 907 2016 1948 862 2015 1947 861 2017 1949 907 2016 1948 861 2017 1949 860 1938 1870 919 1822 1754 918 2018 1950 96 1816 1748 96 1816 1748 918 2018 1950 917 2019 1951 96 1816 1748 917 2019 1951 916 2020 1952 916 2020 1952 915 2021 1953 96 1816 1748 96 1816 1748 915 2021 1953 914 2022 1954 96 1816 1748 914 2022 1954 913 2023 1955 913 2023 1955 912 2024 1956 96 1816 1748 96 1816 1748 912 2024 1956 911 1817 1749 908 1810 1742 907 2016 1948 860 1938 1870 898 1983 1915 897 2025 1957 1052 1778 1710 1052 1778 1710 897 2025 1957 896 1780 1712 869 1971 1903 868 2026 1958 925 1828 1760 925 1828 1760 868 2026 1958 867 2005 1937 829 2027 1959 675 2028 1960 806 2029 1961 806 2029 1961 675 2028 1960 674 2030 1962 806 2029 1961 674 2030 1962 673 2031 1963 675 2028 1960 829 2027 1959 676 2032 1964 676 2032 1964 829 2027 1959 828 2033 1965 676 2032 1964 828 2033 1965 677 2034 1966 677 2034 1966 828 2033 1965 827 2035 1967 677 2034 1966 827 2035 1967 678 2036 1968 678 2036 1968 827 2035 1967 826 2037 1969 678 2036 1968 826 2037 1969 679 2038 1970 679 2038 1970 826 2037 1969 825 2039 1971 679 2038 1970 825 2039 1971 764 1718 1650 764 1718 1650 825 2039 1971 824 1716 1648 668 1692 1624 812 1699 1631 669 2040 1972 669 2040 1972 812 1699 1631 811 2041 1973 669 2040 1972 811 2041 1973 670 2042 1974 670 2042 1974 811 2041 1973 810 2043 1975 670 2042 1974 810 2043 1975 671 2044 1976 671 2044 1976 810 2043 1975 809 2045 1977 671 2044 1976 809 2045 1977 808 2046 1978 671 2044 1976 808 2046 1978 672 2047 1979 672 2047 1979 808 2046 1978 807 2048 1980 672 2047 1979 807 2048 1980 673 2031 1963 673 2031 1963 807 2048 1980 806 2029 1961 0 1681 1613 780 1683 1615 715 2049 1981 715 2049 1981 780 1683 1615 779 2050 1982 715 2049 1981 779 2050 1982 778 2051 1983 715 2049 1981 778 2051 1983 716 2052 1984 716 2052 1984 778 2051 1983 777 2053 1985 716 2052 1984 777 2053 1985 776 1860 1792 679 2038 1970 764 1718 1650 680 2054 1986 680 2054 1986 764 1718 1650 763 2055 1987 680 2054 1986 763 2055 1987 762 2056 1988 680 2054 1986 762 2056 1988 681 2057 1989 681 2057 1989 762 2056 1988 761 2058 1990 681 2057 1989 761 2058 1990 760 2059 1991 681 2057 1989 760 2059 1991 25 1679 1611 25 1679 1611 760 2059 1991 759 2060 1992 25 1679 1611 759 2060 1992 758 1680 1612 711 2061 1993 710 2062 1994 0 1681 1613 0 1681 1613 710 2062 1994 733 2063 1995 0 1681 1613 733 2063 1995 732 2064 1996 732 2064 1996 731 1801 1733 0 1681 1613 728 1795 1727 727 1881 1813 968 1883 1815 717 1862 1794 716 2052 1984 776 1860 1792 715 2049 1981 714 2065 1997 0 1681 1613 0 1681 1613 714 2065 1997 713 2066 1998 0 1681 1613 713 2066 1998 712 2067 1999 712 2067 1999 711 2061 1993 0 1681 1613 663 1687 1619 662 2068 2000 25 1679 1611 25 1679 1611 662 2068 2000 685 2069 2001 25 1679 1611 685 2069 2001 684 2070 2002 684 2070 2002 683 2071 2003 25 1679 1611 25 1679 1611 683 2071 2003 682 2072 2004 25 1679 1611 682 2072 2004 681 2057 1989 361 2073 2005 753 2074 2006 305 2075 2007 305 2075 2007 753 2074 2006 691 2076 2008 305 2075 2007 691 2076 2008 306 2077 2009 306 2077 2009 691 2076 2008 690 2078 2010 306 2077 2009 690 2078 2010 307 2079 2011 307 2079 2011 690 2078 2010 689 2080 2012 307 2079 2011 689 2080 2012 308 2081 2013 308 2081 2013 689 2080 2012 688 2082 2014 308 2081 2013 688 2082 2014 309 2083 2015 309 2083 2015 688 2082 2014 687 2084 2016 309 2083 2015 687 2084 2016 310 2085 2017 310 2085 2017 687 2084 2016 686 2086 2018 310 2085 2017 686 2086 2018 311 2087 2019 311 2087 2019 686 2086 2018 709 2088 2020 311 2087 2019 709 2088 2020 708 2089 2021 753 2074 2006 361 2073 2005 754 2090 2022 754 2090 2022 361 2073 2005 360 2091 2023 754 2090 2022 360 2091 2023 755 2092 2024 755 2092 2024 360 2091 2023 359 2093 2025 755 2092 2024 359 2093 2025 756 2094 2026 756 2094 2026 359 2093 2025 358 2095 2027 756 2094 2026 358 2095 2027 757 2096 2028 757 2096 2028 358 2095 2027 357 2097 2029 757 2096 2028 357 2097 2029 734 2098 2030 734 2098 2030 357 2097 2029 356 2099 2031 734 2098 2030 356 2099 2031 735 2100 2032 735 2100 2032 356 2099 2031 736 2101 2033 736 2101 2033 356 2099 2031 355 2102 2034 736 2101 2033 355 2102 2034 737 2103 2035 737 2103 2035 355 2102 2034 738 2104 2036 738 2104 2036 355 2102 2034 354 2105 2037 738 2104 2036 354 2105 2037 739 2106 2038 739 2106 2038 354 2105 2037 353 2107 2039 739 2106 2038 353 2107 2039 740 2108 2040 740 2108 2040 353 2107 2039 741 2109 2041 741 2109 2041 353 2107 2039 352 2110 2042 741 2109 2041 352 2110 2042 742 2111 2043 742 2111 2043 352 2110 2042 351 2112 2044 742 2111 2043 351 2112 2044 743 2113 2045 743 2113 2045 351 2112 2044 350 2114 2046 743 2113 2045 350 2114 2046 744 2115 2047 744 2115 2047 350 2114 2046 349 2116 2048 744 2115 2047 349 2116 2048 348 2117 2049 347 2118 2050 975 2119 2051 348 2117 2049 348 2117 2049 975 2119 2051 745 2120 2052 348 2117 2049 745 2120 2052 744 2115 2047 975 2119 2051 347 2118 2050 976 2121 2053 976 2121 2053 347 2118 2050 346 2122 2054 976 2121 2053 346 2122 2054 977 2123 2055 977 2123 2055 346 2122 2054 345 2124 2056 977 2123 2055 345 2124 2056 978 2125 2057 978 2125 2057 345 2124 2056 344 2126 2058 978 2125 2057 344 2126 2058 979 2127 2059 979 2127 2059 344 2126 2058 343 2128 2060 979 2127 2059 343 2128 2060 980 2129 2061 980 2129 2061 343 2128 2060 342 2130 2062 980 2129 2061 342 2130 2062 981 2131 2063 981 2131 2063 342 2130 2062 982 2132 2064 982 2132 2064 342 2130 2062 341 2133 2065 982 2132 2064 341 2133 2065 983 2134 2066 983 2134 2066 341 2133 2065 340 2135 2067 983 2134 2066 340 2135 2067 984 2136 2068 984 2136 2068 340 2135 2067 985 2137 2069 985 2137 2069 340 2135 2067 339 2138 2070 985 2137 2069 339 2138 2070 986 2139 2071 986 2139 2071 339 2138 2070 338 2140 2072 986 2139 2071 338 2140 2072 987 2141 2073 987 2141 2073 338 2140 2072 988 2142 2074 988 2142 2074 338 2140 2072 337 2143 2075 988 2142 2074 337 2143 2075 989 2144 2076 989 2144 2076 337 2143 2075 336 2145 2077 989 2144 2076 336 2145 2077 990 2146 2078 990 2146 2078 336 2145 2077 335 2147 2079 990 2146 2078 335 2147 2079 334 2148 2080 990 2146 2078 334 2148 2080 991 2149 2081 991 2149 2081 334 2148 2080 333 2150 2082 991 2149 2081 333 2150 2082 837 2151 2083 837 2151 2083 333 2150 2082 838 2152 2084 838 2152 2084 333 2150 2082 332 2153 2085 838 2152 2084 332 2153 2085 331 2154 2086 838 2152 2084 331 2154 2086 839 2155 2087 839 2155 2087 331 2154 2086 330 2156 2088 839 2155 2087 330 2156 2088 840 2157 2089 840 2157 2089 330 2156 2088 329 2158 2090 840 2157 2089 329 2158 2090 841 2159 2091 841 2159 2091 329 2158 2090 842 2160 2092 842 2160 2092 329 2158 2090 328 2161 2093 842 2160 2092 328 2161 2093 843 2162 2094 843 2162 2094 328 2161 2093 327 2163 2095 843 2162 2094 327 2163 2095 844 2164 2096 844 2164 2096 327 2163 2095 845 2165 2097 845 2165 2097 327 2163 2095 326 2166 2098 845 2165 2097 326 2166 2098 846 2167 2099 846 2167 2099 326 2166 2098 325 2168 2100 846 2167 2099 325 2168 2100 847 2169 2101 847 2169 2101 325 2168 2100 848 2170 2102 848 2170 2102 325 2168 2100 324 2171 2103 848 2170 2102 324 2171 2103 849 2172 2104 849 2172 2104 324 2171 2103 323 2173 2105 849 2172 2104 323 2173 2105 850 2174 2106 850 2174 2106 323 2173 2105 322 2175 2107 850 2174 2106 322 2175 2107 851 2176 2108 851 2176 2108 322 2175 2107 321 2177 2109 851 2176 2108 321 2177 2109 852 2178 2110 852 2178 2110 321 2177 2109 320 2179 2111 852 2178 2110 320 2179 2111 853 2180 2112 853 2180 2112 320 2179 2111 319 2181 2113 853 2180 2112 319 2181 2113 699 2182 2114 699 2182 2114 319 2181 2113 700 2183 2115 700 2183 2115 319 2181 2113 318 2184 2116 700 2183 2115 318 2184 2116 317 2185 2117 700 2183 2115 317 2185 2117 701 2186 2118 701 2186 2118 317 2185 2117 316 2187 2119 701 2186 2118 316 2187 2119 702 2188 2120 702 2188 2120 316 2187 2119 315 2189 2121 702 2188 2120 315 2189 2121 703 2190 2122 703 2190 2122 315 2189 2121 314 2191 2123 703 2190 2122 314 2191 2123 704 2192 2124 704 2192 2124 314 2191 2123 705 2193 2125 705 2193 2125 314 2191 2123 313 2194 2126 705 2193 2125 313 2194 2126 706 2195 2127 706 2195 2127 313 2194 2126 312 2196 2128 706 2195 2127 312 2196 2128 707 2197 2129 707 2197 2129 312 2196 2128 708 2089 2021 708 2089 2021 312 2196 2128 311 2087 2019 997 2198 2130 789 2199 2131 974 2200 2132 974 2200 2132 789 2199 2131 788 2201 2133 974 2200 2132 788 2201 2133 746 2202 2134 746 2202 2134 788 2201 2133 787 2203 2135 746 2202 2134 787 2203 2135 747 2204 2136 747 2204 2136 787 2203 2135 786 2205 2137 747 2204 2136 786 2205 2137 748 2206 2138 748 2206 2138 786 2205 2137 785 2207 2139 748 2206 2138 785 2207 2139 749 2208 2140 749 2208 2140 785 2207 2139 750 2209 2141 750 2209 2141 785 2207 2139 784 2210 2142 750 2209 2141 784 2210 2142 751 2211 2143 751 2211 2143 784 2210 2142 783 2212 2144 751 2211 2143 783 2212 2144 752 2213 2145 752 2213 2145 783 2212 2144 782 2214 2146 752 2213 2145 782 2214 2146 692 2215 2147 692 2215 2147 782 2214 2146 805 2216 2148 692 2215 2147 805 2216 2148 693 2217 2149 693 2217 2149 805 2216 2148 804 2218 2150 693 2217 2149 804 2218 2150 694 2219 2151 694 2219 2151 804 2218 2150 803 2220 2152 694 2219 2151 803 2220 2152 695 2221 2153 695 2221 2153 803 2220 2152 696 2222 2154 696 2222 2154 803 2220 2152 802 2223 2155 696 2222 2154 802 2223 2155 697 2224 2156 697 2224 2156 802 2223 2155 801 2225 2157 697 2224 2156 801 2225 2157 698 2226 2158 698 2226 2158 801 2225 2157 800 2227 2159 698 2226 2158 800 2227 2159 830 2228 2160 830 2228 2160 800 2227 2159 799 2229 2161 830 2228 2160 799 2229 2161 831 2230 2162 831 2230 2162 799 2229 2161 798 2231 2163 831 2230 2162 798 2231 2163 832 2232 2164 832 2232 2164 798 2231 2163 797 2233 2165 832 2232 2164 797 2233 2165 833 2234 2166 833 2234 2166 797 2233 2165 834 2235 2167 834 2235 2167 797 2233 2165 796 2236 2168 834 2235 2167 796 2236 2168 835 2237 2169 835 2237 2169 796 2236 2168 795 2238 2170 835 2237 2169 795 2238 2170 836 2239 2171 836 2239 2171 795 2238 2170 794 2240 2172 836 2239 2171 794 2240 2172 992 2241 2173 992 2241 2173 794 2240 2172 793 2242 2174 992 2241 2173 793 2242 2174 993 2243 2175 993 2243 2175 793 2242 2174 792 2244 2176 993 2243 2175 792 2244 2176 994 2245 2177 994 2245 2177 792 2244 2176 791 2246 2178 994 2245 2177 791 2246 2178 995 2247 2179 995 2247 2179 791 2246 2178 996 2248 2180 996 2248 2180 791 2246 2178 790 2249 2181 996 2248 2180 790 2249 2181 997 2198 2130 997 2198 2130 790 2249 2181 789 2199 2131 836 2239 2171 992 2241 2173 837 2151 2083 837 2151 2083 992 2241 2173 991 2149 2081 975 2119 2051 974 2200 2132 745 2120 2052 745 2120 2052 974 2200 2132 746 2202 2134 698 2226 2158 830 2228 2160 699 2182 2114 699 2182 2114 830 2228 2160 853 2180 2112 691 2076 2008 753 2074 2006 692 2215 2147 692 2215 2147 753 2074 2006 752 2213 2145</p>
        </triangles>
      </mesh>
    </geometry>
    <geometry id="mesh_2">
      <mesh>
        <source id="mesh_2-position" name="position">
          <float_array id="mesh_2-position-array" count="1572">-117.83084869384766 -109.70243072509766 5.099999904632568 -117.89352416992188 -109.70243072509766 4.543697834014893 -118.07842254638672 -109.70243072509766 4.015291213989258 -118.37626647949219 -109.70243072509766 3.5412750244140625 -118.77212524414062 -109.70243072509766 3.145421028137207 -119.24613952636719 -109.70243072509766 2.8475780487060547 -119.77454376220703 -109.70243072509766 2.66267991065979 -120.33084869384766 -109.70243072509766 2.5999999046325684 -120.33084869384766 -114.20243072509766 2.5999999046325684 -119.77454376220703 -114.20243072509766 2.66267991065979 -119.24613952636719 -114.20243072509766 2.8475780487060547 -118.77212524414062 -114.20243072509766 3.145421028137207 -118.37626647949219 -114.20243072509766 3.5412750244140625 -118.07842254638672 -114.20243072509766 4.015291213989258 -117.89352416992188 -114.20243072509766 4.543697834014893 -117.83084869384766 -114.20243072509766 5.099999904632568 -146.08084106445312 -109.70243072509766 2.5999999046325684 -146.08084106445312 -114.20243072509766 2.5999999046325684 -120.33084869384766 -109.70243072509766 18.600000381469727 -119.77454376220703 -109.70243072509766 18.53731918334961 -119.24613952636719 -109.70243072509766 18.3524227142334 -118.77212524414062 -109.70243072509766 18.05457878112793 -118.37626647949219 -109.70243072509766 17.65872573852539 -118.07842254638672 -109.70243072509766 17.184709548950195 -117.89352416992188 -109.70243072509766 16.656301498413086 -117.83084869384766 -109.70243072509766 16.100000381469727 -117.83084869384766 -114.20243072509766 16.100000381469727 -117.89352416992188 -114.20243072509766 16.656301498413086 -118.07842254638672 -114.20243072509766 17.184709548950195 -118.37626647949219 -114.20243072509766 17.65872573852539 -118.77212524414062 -114.20243072509766 18.05457878112793 -119.24613952636719 -114.20243072509766 18.3524227142334 -119.77454376220703 -114.20243072509766 18.53731918334961 -120.33084869384766 -114.20243072509766 18.600000381469727 -161.08084106445312 -109.70243072509766 5.099999904632568 -161.14352416992188 -109.70243072509766 4.543697834014893 -161.32843017578125 -109.70243072509766 4.015291213989258 -161.6262664794922 -109.70243072509766 3.5412750244140625 -162.02212524414062 -109.70243072509766 3.145421028137207 -162.4961395263672 -109.70243072509766 2.8475780487060547 -163.02455139160156 -109.70243072509766 2.66267991065979 -163.58084106445312 -109.70243072509766 2.5999999046325684 -163.58084106445312 -114.20243072509766 2.5999999046325684 -163.02455139160156 -114.20243072509766 2.66267991065979 -162.4961395263672 -114.20243072509766 2.8475780487060547 -162.02212524414062 -114.20243072509766 3.145421028137207 -161.6262664794922 -114.20243072509766 3.5412750244140625 -161.32843017578125 -114.20243072509766 4.015291213989258 -161.14352416992188 -114.20243072509766 4.543697834014893 -161.08084106445312 -114.20243072509766 5.099999904632568 -189.33084106445312 -109.70243072509766 2.5999999046325684 -189.33084106445312 -114.20243072509766 2.5999999046325684 -163.58084106445312 -109.70243072509766 18.600000381469727 -163.02455139160156 -109.70243072509766 18.53731918334961 -162.4961395263672 -109.70243072509766 18.3524227142334 -162.02212524414062 -109.70243072509766 18.05457878112793 -161.6262664794922 -109.70243072509766 17.65872573852539 -161.32843017578125 -109.70243072509766 17.184709548950195 -161.14352416992188 -109.70243072509766 16.656301498413086 -161.08084106445312 -109.70243072509766 16.100000381469727 -161.08084106445312 -114.20243072509766 16.100000381469727 -161.14352416992188 -114.20243072509766 16.656301498413086 -161.32843017578125 -114.20243072509766 17.184709548950195 -161.6262664794922 -114.20243072509766 17.65872573852539 -162.02212524414062 -114.20243072509766 18.05457878112793 -162.4961395263672 -114.20243072509766 18.3524227142334 -163.02455139160156 -114.20243072509766 18.53731918334961 -163.58084106445312 -114.20243072509766 18.600000381469727 -146.63714599609375 -109.70243072509766 2.66267991065979 -147.16555786132812 -109.70243072509766 2.8475780487060547 -147.6395721435547 -109.70243072509766 3.145421028137207 -148.03543090820312 -109.70243072509766 3.5412750244140625 -148.33326721191406 -109.70243072509766 4.015291213989258 -148.51817321777344 -109.70243072509766 4.543697834014893 -148.58084106445312 -109.70243072509766 5.099999904632568 -148.58084106445312 -114.20243072509766 5.099999904632568 -148.51817321777344 -114.20243072509766 4.543697834014893 -148.33326721191406 -114.20243072509766 4.015291213989258 -148.03543090820312 -114.20243072509766 3.5412750244140625 -147.6395721435547 -114.20243072509766 3.145421028137207 -147.16555786132812 -114.20243072509766 2.8475780487060547 -146.63714599609375 -114.20243072509766 2.66267991065979 -148.58084106445312 -109.70243072509766 16.100000381469727 -148.58084106445312 -114.20243072509766 16.100000381469727 -148.51817321777344 -109.70243072509766 16.656301498413086 -148.33326721191406 -109.70243072509766 17.184709548950195 -148.03543090820312 -109.70243072509766 17.65872573852539 -147.6395721435547 -109.70243072509766 18.05457878112793 -147.16555786132812 -109.70243072509766 18.3524227142334 -146.63714599609375 -109.70243072509766 18.53731918334961 -146.08084106445312 -109.70243072509766 18.600000381469727 -146.08084106445312 -114.20243072509766 18.600000381469727 -146.63714599609375 -114.20243072509766 18.53731918334961 -147.16555786132812 -114.20243072509766 18.3524227142334 -147.6395721435547 -114.20243072509766 18.05457878112793 -148.03543090820312 -114.20243072509766 17.65872573852539 -148.33326721191406 -114.20243072509766 17.184709548950195 -148.51817321777344 -114.20243072509766 16.656301498413086 -189.88714599609375 -109.70243072509766 2.66267991065979 -190.41555786132812 -109.70243072509766 2.8475780487060547 -190.8895721435547 -109.70243072509766 3.145421028137207 -191.28543090820312 -109.70243072509766 3.5412750244140625 -191.58326721191406 -109.70243072509766 4.015291213989258 -191.76817321777344 -109.70243072509766 4.543697834014893 -191.83084106445312 -109.70243072509766 5.099999904632568 -191.83084106445312 -114.20243072509766 5.099999904632568 -191.76817321777344 -114.20243072509766 4.543697834014893 -191.58326721191406 -114.20243072509766 4.015291213989258 -191.28543090820312 -114.20243072509766 3.5412750244140625 -190.8895721435547 -114.20243072509766 3.145421028137207 -190.41555786132812 -114.20243072509766 2.8475780487060547 -189.88714599609375 -114.20243072509766 2.66267991065979 -191.83084106445312 -109.70243072509766 16.100000381469727 -191.83084106445312 -114.20243072509766 16.100000381469727 -191.76817321777344 -109.70243072509766 16.656301498413086 -191.58326721191406 -109.70243072509766 17.184709548950195 -191.28543090820312 -109.70243072509766 17.65872573852539 -190.8895721435547 -109.70243072509766 18.05457878112793 -190.41555786132812 -109.70243072509766 18.3524227142334 -189.88714599609375 -109.70243072509766 18.53731918334961 -189.33084106445312 -109.70243072509766 18.600000381469727 -189.33084106445312 -114.20243072509766 18.600000381469727 -189.88714599609375 -114.20243072509766 18.53731918334961 -190.41555786132812 -114.20243072509766 18.3524227142334 -190.8895721435547 -114.20243072509766 18.05457878112793 -191.28543090820312 -114.20243072509766 17.65872573852539 -191.58326721191406 -114.20243072509766 17.184709548950195 -191.76817321777344 -114.20243072509766 16.656301498413086 -154.83084106445312 -111.70243072509766 12.300000190734863 -154.39085388183594 -111.70243072509766 12.242074012756348 -153.98085021972656 -111.70243072509766 12.072242736816406 -153.62876892089844 -111.70243072509766 11.802082061767578 -153.3585968017578 -111.70243072509766 11.449999809265137 -153.1887664794922 -111.70243072509766 11.039992332458496 -153.13084411621094 -111.70243072509766 10.600000381469727 -153.1887664794922 -111.70243072509766 10.160008430480957 -153.3585968017578 -111.70243072509766 9.75 -153.62876892089844 -111.70243072509766 9.397917747497559 -153.98085021972656 -111.70243072509766 9.12775707244873 -154.39085388183594 -111.70243072509766 8.957925796508789 -154.83084106445312 -111.70243072509766 8.899999618530273 -155.27084350585938 -111.70243072509766 8.957925796508789 -155.68084716796875 -111.70243072509766 9.12775707244873 -156.03292846679688 -111.70243072509766 9.397917747497559 -156.30308532714844 -111.70243072509766 9.75 -156.47291564941406 -111.70243072509766 10.160008430480957 -156.53085327148438 -111.70243072509766 10.600000381469727 -156.47291564941406 -111.70243072509766 11.039992332458496 -156.30308532714844 -111.70243072509766 11.449999809265137 -156.03292846679688 -111.70243072509766 11.802082061767578 -155.68084716796875 -111.70243072509766 12.072242736816406 -155.27084350585938 -111.70243072509766 12.242074012756348 -154.83084106445312 -114.20243072509766 8.899999618530273 -154.39085388183594 -114.20243072509766 8.957925796508789 -153.98085021972656 -114.20243072509766 9.12775707244873 -153.62876892089844 -114.20243072509766 9.397917747497559 -153.3585968017578 -114.20243072509766 9.75 -153.1887664794922 -114.20243072509766 10.160008430480957 -153.13084411621094 -114.20243072509766 10.600000381469727 -153.1887664794922 -114.20243072509766 11.039992332458496 -153.3585968017578 -114.20243072509766 11.449999809265137 -153.62876892089844 -114.20243072509766 11.802082061767578 -153.98085021972656 -114.20243072509766 12.072242736816406 -154.39085388183594 -114.20243072509766 12.242074012756348 -154.83084106445312 -114.20243072509766 12.300000190734863 -155.27084350585938 -114.20243072509766 12.242074012756348 -155.68084716796875 -114.20243072509766 12.072242736816406 -156.03292846679688 -114.20243072509766 11.802082061767578 -156.30308532714844 -114.20243072509766 11.449999809265137 -156.47291564941406 -114.20243072509766 11.039992332458496 -156.53085327148438 -114.20243072509766 10.600000381469727 -156.47291564941406 -114.20243072509766 10.160008430480957 -156.30308532714844 -114.20243072509766 9.75 -156.03292846679688 -114.20243072509766 9.397917747497559 -155.68084716796875 -114.20243072509766 9.12775707244873 -155.27084350585938 -114.20243072509766 8.957925796508789 -158.58084106445312 -109.70243072509766 19.600000381469727 -158.51699829101562 -109.70243072509766 20.289060592651367 -158.32762145996094 -109.70243072509766 20.95465660095215 -158.0191650390625 -109.70243072509766 21.574121475219727 -157.6021270751953 -109.70243072509766 22.126359939575195 -157.09072875976562 -109.70243072509766 22.592565536499023 -156.5023651123047 -109.70243072509766 22.95686149597168 -155.85708618164062 -109.70243072509766 23.206846237182617 -155.17684936523438 -109.70243072509766 23.334003448486328 -154.48483276367188 -109.70243072509766 23.334003448486328 -153.8046112060547 -109.70243072509766 23.206846237182617 -153.15933227539062 -109.70243072509766 22.95686149597168 -152.5709686279297 -109.70243072509766 22.592565536499023 -152.0595703125 -109.70243072509766 22.126359939575195 -151.6425323486328 -109.70243072509766 21.574121475219727 -151.33407592773438 -109.70243072509766 20.95465660095215 -151.1446990966797 -109.70243072509766 20.289060592651367 -151.08084106445312 -109.70243072509766 19.600000381469727 -151.08084106445312 -111.70243072509766 19.600000381469727 -151.1446990966797 -111.70243072509766 20.289060592651367 -151.33407592773438 -111.70243072509766 20.95465660095215 -151.6425323486328 -111.70243072509766 21.574121475219727 -152.0595703125 -111.70243072509766 22.126359939575195 -152.5709686279297 -111.70243072509766 22.592565536499023 -153.15933227539062 -111.70243072509766 22.95686149597168 -153.8046112060547 -111.70243072509766 23.206846237182617 -154.48483276367188 -111.70243072509766 23.334003448486328 -155.17684936523438 -111.70243072509766 23.334003448486328 -155.85708618164062 -111.70243072509766 23.206846237182617 -156.5023651123047 -111.70243072509766 22.95686149597168 -157.09072875976562 -111.70243072509766 22.592565536499023 -157.6021270751953 -111.70243072509766 22.126359939575195 -158.0191650390625 -111.70243072509766 21.574121475219727 -158.32762145996094 -111.70243072509766 20.95465660095215 -158.51699829101562 -111.70243072509766 20.289060592651367 -158.58084106445312 -111.70243072509766 19.600000381469727 -151.08084106445312 -109.70243072509766 1.600000023841858 -151.08084106445312 -111.70243072509766 1.600000023841858 -151.1446990966797 -109.70243072509766 0.9109389781951904 -151.33407592773438 -109.70243072509766 0.24534399807453156 -151.6425323486328 -109.70243072509766 -0.3741210103034973 -152.0595703125 -109.70243072509766 -0.9263589978218079 -152.5709686279297 -109.70243072509766 -1.3925650119781494 -153.15933227539062 -109.70243072509766 -1.7568620443344116 -153.8046112060547 -109.70243072509766 -2.0068459510803223 -154.48483276367188 -109.70243072509766 -2.134002923965454 -155.17684936523438 -109.70243072509766 -2.134002923965454 -155.85708618164062 -109.70243072509766 -2.0068459510803223 -156.5023651123047 -109.70243072509766 -1.7568620443344116 -157.09072875976562 -109.70243072509766 -1.3925650119781494 -157.6021270751953 -109.70243072509766 -0.9263589978218079 -158.0191650390625 -109.70243072509766 -0.3741210103034973 -158.32762145996094 -109.70243072509766 0.24534399807453156 -158.51699829101562 -109.70243072509766 0.9109389781951904 -158.58084106445312 -109.70243072509766 1.600000023841858 -158.58084106445312 -111.70243072509766 1.600000023841858 -158.51699829101562 -111.70243072509766 0.9109389781951904 -158.32762145996094 -111.70243072509766 0.24534399807453156 -158.0191650390625 -111.70243072509766 -0.3741210103034973 -157.6021270751953 -111.70243072509766 -0.9263589978218079 -157.09072875976562 -111.70243072509766 -1.3925650119781494 -156.5023651123047 -111.70243072509766 -1.7568620443344116 -155.85708618164062 -111.70243072509766 -2.0068459510803223 -155.17684936523438 -111.70243072509766 -2.134002923965454 -154.48483276367188 -111.70243072509766 -2.134002923965454 -153.8046112060547 -111.70243072509766 -2.0068459510803223 -153.15933227539062 -111.70243072509766 -1.7568620443344116 -152.5709686279297 -111.70243072509766 -1.3925650119781494 -152.0595703125 -111.70243072509766 -0.9263589978218079 -151.6425323486328 -111.70243072509766 -0.3741210103034973 -151.33407592773438 -111.70243072509766 0.24534399807453156 -151.1446990966797 -111.70243072509766 0.9109389781951904 -104.83084869384766 -114.20243072509766 -2.4000000953674316 -204.83084106445312 -114.20243072509766 -2.4000000953674316 -204.83084106445312 -109.70243072509766 -2.4000000953674316 -104.83084869384766 -109.70243072509766 -2.4000000953674316 -204.83084106445312 -114.20243072509766 23.600000381469727 -104.83084869384766 -114.20243072509766 23.600000381469727 -104.83084869384766 -109.70243072509766 23.600000381469727 -204.83084106445312 -109.70243072509766 23.600000381469727 -208.83084106445312 -114.20243072509766 10.600000381469727 -208.77008056640625 -114.20243072509766 9.905406951904297 -208.58961486816406 -114.20243072509766 9.231919288635254 -208.29495239257812 -114.20243072509766 8.600000381469727 -207.89501953125 -114.20243072509766 8.028849601745605 -207.40199279785156 -114.20243072509766 7.535821914672852 -206.83084106445312 -114.20243072509766 7.135898113250732 -206.1989288330078 -114.20243072509766 6.8412299156188965 -205.5254364013672 -114.20243072509766 6.660768985748291 -204.83084106445312 -114.20243072509766 6.599999904632568 -204.13624572753906 -114.20243072509766 6.660768985748291 -203.4627685546875 -114.20243072509766 6.8412299156188965 -202.83084106445312 -114.20243072509766 7.135898113250732 -202.2596893310547 -114.20243072509766 7.535821914672852 -201.76666259765625 -114.20243072509766 8.028849601745605 -201.3667449951172 -114.20243072509766 8.600000381469727 -201.07208251953125 -114.20243072509766 9.231919288635254 -200.89161682128906 -114.20243072509766 9.905406951904297 -200.83084106445312 -114.20243072509766 10.600000381469727 -200.89161682128906 -114.20243072509766 11.29459285736084 -201.07208251953125 -114.20243072509766 11.9680814743042 -201.3667449951172 -114.20243072509766 12.600000381469727 -201.76666259765625 -114.20243072509766 13.171150207519531 -202.2596893310547 -114.20243072509766 13.664177894592285 -202.83084106445312 -114.20243072509766 14.064102172851562 -203.4627685546875 -114.20243072509766 14.358771324157715 -204.13624572753906 -114.20243072509766 14.539231300354004 -204.83084106445312 -114.20243072509766 14.600000381469727 -205.5254364013672 -114.20243072509766 14.539231300354004 -206.1989288330078 -114.20243072509766 14.358771324157715 -206.83084106445312 -114.20243072509766 14.064102172851562 -207.40199279785156 -114.20243072509766 13.664177894592285 -207.89501953125 -114.20243072509766 13.171150207519531 -208.29495239257812 -114.20243072509766 12.600000381469727 -208.58961486816406 -114.20243072509766 11.9680814743042 -208.77008056640625 -114.20243072509766 11.29459285736084 -208.83084106445312 -109.70243072509766 10.600000381469727 -208.77008056640625 -109.70243072509766 11.29459285736084 -208.58961486816406 -109.70243072509766 11.9680814743042 -208.29495239257812 -109.70243072509766 12.600000381469727 -207.89501953125 -109.70243072509766 13.171150207519531 -207.40199279785156 -109.70243072509766 13.664177894592285 -206.83084106445312 -109.70243072509766 14.064102172851562 -206.1989288330078 -109.70243072509766 14.358771324157715 -205.5254364013672 -109.70243072509766 14.539231300354004 -204.83084106445312 -109.70243072509766 14.600000381469727 -204.13624572753906 -109.70243072509766 14.539231300354004 -203.4627685546875 -109.70243072509766 14.358771324157715 -202.83084106445312 -109.70243072509766 14.064102172851562 -202.2596893310547 -109.70243072509766 13.664177894592285 -201.76666259765625 -109.70243072509766 13.171150207519531 -201.3667449951172 -109.70243072509766 12.600000381469727 -201.07208251953125 -109.70243072509766 11.9680814743042 -200.89161682128906 -109.70243072509766 11.29459285736084 -200.83084106445312 -109.70243072509766 10.600000381469727 -200.89161682128906 -109.70243072509766 9.905406951904297 -201.07208251953125 -109.70243072509766 9.231919288635254 -201.3667449951172 -109.70243072509766 8.600000381469727 -201.76666259765625 -109.70243072509766 8.028849601745605 -202.2596893310547 -109.70243072509766 7.535821914672852 -202.83084106445312 -109.70243072509766 7.135898113250732 -203.4627685546875 -109.70243072509766 6.8412299156188965 -204.13624572753906 -109.70243072509766 6.660768985748291 -204.83084106445312 -109.70243072509766 6.599999904632568 -205.5254364013672 -109.70243072509766 6.660768985748291 -206.1989288330078 -109.70243072509766 6.8412299156188965 -206.83084106445312 -109.70243072509766 7.135898113250732 -207.40199279785156 -109.70243072509766 7.535821914672852 -207.89501953125 -109.70243072509766 8.028849601745605 -208.29495239257812 -109.70243072509766 8.600000381469727 -208.58961486816406 -109.70243072509766 9.231919288635254 -208.77008056640625 -109.70243072509766 9.905406951904297 -206.10507202148438 -114.20243072509766 -2.3374009132385254 -207.3670196533203 -114.20243072509766 -2.1502089500427246 -208.60455322265625 -114.20243072509766 -1.840224027633667 -209.80572509765625 -114.20243072509766 -1.4104340076446533 -210.95899963378906 -114.20243072509766 -0.8649770021438599 -212.05325317382812 -114.20243072509766 -0.2091049998998642 -213.0779571533203 -114.20243072509766 0.5508639812469482 -214.0232391357422 -114.20243072509766 1.4076119661331177 -214.87998962402344 -114.20243072509766 2.352886915206909 -215.63995361328125 -114.20243072509766 3.377587080001831 -216.2958221435547 -114.20243072509766 4.471841812133789 -216.84127807617188 -114.20243072509766 5.625114917755127 -217.2710723876953 -114.20243072509766 6.82629919052124 -217.5810546875 -114.20243072509766 8.063825607299805 -217.76824951171875 -114.20243072509766 9.325777053833008 -217.83084106445312 -114.20243072509766 10.600000381469727 -217.76824951171875 -114.20243072509766 11.874222755432129 -217.5810546875 -114.20243072509766 13.136174201965332 -217.2710723876953 -114.20243072509766 14.373701095581055 -216.84127807617188 -114.20243072509766 15.574885368347168 -216.2958221435547 -114.20243072509766 16.728158950805664 -215.63995361328125 -114.20243072509766 17.822412490844727 -214.87998962402344 -114.20243072509766 18.84711265563965 -214.0232391357422 -114.20243072509766 19.792388916015625 -213.0779571533203 -114.20243072509766 20.64913558959961 -212.05325317382812 -114.20243072509766 21.40910530090332 -210.95899963378906 -114.20243072509766 22.06497573852539 -209.80572509765625 -114.20243072509766 22.61043357849121 -208.60455322265625 -114.20243072509766 23.040224075317383 -207.3670196533203 -114.20243072509766 23.350208282470703 -206.10507202148438 -114.20243072509766 23.53740119934082 -206.10507202148438 -109.70243072509766 23.53740119934082 -207.3670196533203 -109.70243072509766 23.350208282470703 -208.60455322265625 -109.70243072509766 23.040224075317383 -209.80572509765625 -109.70243072509766 22.61043357849121 -210.95899963378906 -109.70243072509766 22.06497573852539 -212.05325317382812 -109.70243072509766 21.40910530090332 -213.0779571533203 -109.70243072509766 20.64913558959961 -214.0232391357422 -109.70243072509766 19.792388916015625 -214.87998962402344 -109.70243072509766 18.84711265563965 -215.63995361328125 -109.70243072509766 17.822412490844727 -216.2958221435547 -109.70243072509766 16.728158950805664 -216.84127807617188 -109.70243072509766 15.574885368347168 -217.2710723876953 -109.70243072509766 14.373701095581055 -217.5810546875 -109.70243072509766 13.136174201965332 -217.76824951171875 -109.70243072509766 11.874222755432129 -217.83084106445312 -109.70243072509766 10.600000381469727 -217.76824951171875 -109.70243072509766 9.325777053833008 -217.5810546875 -109.70243072509766 8.063825607299805 -217.2710723876953 -109.70243072509766 6.82629919052124 -216.84127807617188 -109.70243072509766 5.625114917755127 -216.2958221435547 -109.70243072509766 4.471841812133789 -215.63995361328125 -109.70243072509766 3.377587080001831 -214.87998962402344 -109.70243072509766 2.352886915206909 -214.0232391357422 -109.70243072509766 1.4076119661331177 -213.0779571533203 -109.70243072509766 0.5508639812469482 -212.05325317382812 -109.70243072509766 -0.2091049998998642 -210.95899963378906 -109.70243072509766 -0.8649770021438599 -209.80572509765625 -109.70243072509766 -1.4104340076446533 -208.60455322265625 -109.70243072509766 -1.840224027633667 -207.3670196533203 -109.70243072509766 -2.1502089500427246 -206.10507202148438 -109.70243072509766 -2.3374009132385254 -108.83084869384766 -114.20243072509766 10.600000381469727 -108.77008056640625 -114.20243072509766 9.905406951904297 -108.58961486816406 -114.20243072509766 9.231919288635254 -108.2949447631836 -114.20243072509766 8.600000381469727 -107.89502716064453 -114.20243072509766 8.028849601745605 -107.40199279785156 -114.20243072509766 7.535821914672852 -106.83084869384766 -114.20243072509766 7.135898113250732 -106.19892883300781 -114.20243072509766 6.8412299156188965 -105.52543640136719 -114.20243072509766 6.660768985748291 -104.83084869384766 -114.20243072509766 6.599999904632568 -104.1362533569336 -114.20243072509766 6.660768985748291 -103.4627685546875 -114.20243072509766 6.8412299156188965 -102.83084869384766 -114.20243072509766 7.135898113250732 -102.25969696044922 -114.20243072509766 7.535821914672852 -101.76667022705078 -114.20243072509766 8.028849601745605 -101.36674499511719 -114.20243072509766 8.600000381469727 -101.07207489013672 -114.20243072509766 9.231919288635254 -100.89161682128906 -114.20243072509766 9.905406951904297 -100.83084869384766 -114.20243072509766 10.600000381469727 -100.89161682128906 -114.20243072509766 11.29459285736084 -101.07207489013672 -114.20243072509766 11.9680814743042 -101.36674499511719 -114.20243072509766 12.600000381469727 -101.76667022705078 -114.20243072509766 13.171150207519531 -102.25969696044922 -114.20243072509766 13.664177894592285 -102.83084869384766 -114.20243072509766 14.064102172851562 -103.4627685546875 -114.20243072509766 14.358771324157715 -104.1362533569336 -114.20243072509766 14.539231300354004 -104.83084869384766 -114.20243072509766 14.600000381469727 -105.52543640136719 -114.20243072509766 14.539231300354004 -106.19892883300781 -114.20243072509766 14.358771324157715 -106.83084869384766 -114.20243072509766 14.064102172851562 -107.40199279785156 -114.20243072509766 13.664177894592285 -107.89502716064453 -114.20243072509766 13.171150207519531 -108.2949447631836 -114.20243072509766 12.600000381469727 -108.58961486816406 -114.20243072509766 11.9680814743042 -108.77008056640625 -114.20243072509766 11.29459285736084 -108.83084869384766 -109.70243072509766 10.600000381469727 -108.77008056640625 -109.70243072509766 11.29459285736084 -108.58961486816406 -109.70243072509766 11.9680814743042 -108.2949447631836 -109.70243072509766 12.600000381469727 -107.89502716064453 -109.70243072509766 13.171150207519531 -107.40199279785156 -109.70243072509766 13.664177894592285 -106.83084869384766 -109.70243072509766 14.064102172851562 -106.19892883300781 -109.70243072509766 14.358771324157715 -105.52543640136719 -109.70243072509766 14.539231300354004 -104.83084869384766 -109.70243072509766 14.600000381469727 -104.1362533569336 -109.70243072509766 14.539231300354004 -103.4627685546875 -109.70243072509766 14.358771324157715 -102.83084869384766 -109.70243072509766 14.064102172851562 -102.25969696044922 -109.70243072509766 13.664177894592285 -101.76667022705078 -109.70243072509766 13.171150207519531 -101.36674499511719 -109.70243072509766 12.600000381469727 -101.07207489013672 -109.70243072509766 11.9680814743042 -100.89161682128906 -109.70243072509766 11.29459285736084 -100.83084869384766 -109.70243072509766 10.600000381469727 -100.89161682128906 -109.70243072509766 9.905406951904297 -101.07207489013672 -109.70243072509766 9.231919288635254 -101.36674499511719 -109.70243072509766 8.600000381469727 -101.76667022705078 -109.70243072509766 8.028849601745605 -102.25969696044922 -109.70243072509766 7.535821914672852 -102.83084869384766 -109.70243072509766 7.135898113250732 -103.4627685546875 -109.70243072509766 6.8412299156188965 -104.1362533569336 -109.70243072509766 6.660768985748291 -104.83084869384766 -109.70243072509766 6.599999904632568 -105.52543640136719 -109.70243072509766 6.660768985748291 -106.19892883300781 -109.70243072509766 6.8412299156188965 -106.83084869384766 -109.70243072509766 7.135898113250732 -107.40199279785156 -109.70243072509766 7.535821914672852 -107.89502716064453 -109.70243072509766 8.028849601745605 -108.2949447631836 -109.70243072509766 8.600000381469727 -108.58961486816406 -109.70243072509766 9.231919288635254 -108.77008056640625 -109.70243072509766 9.905406951904297 -103.55662536621094 -109.70243072509766 -2.3374009132385254 -102.29467010498047 -109.70243072509766 -2.1502089500427246 -101.05714416503906 -109.70243072509766 -1.840224027633667 -99.85596466064453 -109.70243072509766 -1.4104340076446533 -98.70269012451172 -109.70243072509766 -0.8649759888648987 -97.60843658447266 -109.70243072509766 -0.2091049998998642 -96.58373260498047 -109.70243072509766 0.5508639812469482 -95.63845825195312 -109.70243072509766 1.4076119661331177 -94.78170776367188 -109.70243072509766 2.352886915206909 -94.02174377441406 -109.70243072509766 3.377587080001831 -93.3658676147461 -109.70243072509766 4.471841812133789 -92.8204116821289 -109.70243072509766 5.625114917755127 -92.390625 -109.70243072509766 6.82629919052124 -92.08063507080078 -109.70243072509766 8.063825607299805 -91.89344787597656 -109.70243072509766 9.325777053833008 -91.83084869384766 -109.70243072509766 10.600000381469727 -91.89344787597656 -109.70243072509766 11.874222755432129 -92.08063507080078 -109.70243072509766 13.136174201965332 -92.390625 -109.70243072509766 14.373701095581055 -92.8204116821289 -109.70243072509766 15.574885368347168 -93.3658676147461 -109.70243072509766 16.728158950805664 -94.02174377441406 -109.70243072509766 17.822412490844727 -94.78170776367188 -109.70243072509766 18.84711265563965 -95.63845825195312 -109.70243072509766 19.792388916015625 -96.58373260498047 -109.70243072509766 20.64913558959961 -97.60843658447266 -109.70243072509766 21.40910530090332 -98.70269012451172 -109.70243072509766 22.06497573852539 -99.85596466064453 -109.70243072509766 22.61043357849121 -101.05714416503906 -109.70243072509766 23.040224075317383 -102.29467010498047 -109.70243072509766 23.350208282470703 -103.55662536621094 -109.70243072509766 23.53740119934082 -103.55662536621094 -114.20243072509766 23.53740119934082 -102.29467010498047 -114.20243072509766 23.350208282470703 -101.05714416503906 -114.20243072509766 23.040224075317383 -99.85596466064453 -114.20243072509766 22.61043357849121 -98.70269012451172 -114.20243072509766 22.06497573852539 -97.60843658447266 -114.20243072509766 21.40910530090332 -96.58373260498047 -114.20243072509766 20.64913558959961 -95.63845825195312 -114.20243072509766 19.792388916015625 -94.78170776367188 -114.20243072509766 18.84711265563965 -94.02174377441406 -114.20243072509766 17.822412490844727 -93.3658676147461 -114.20243072509766 16.728158950805664 -92.8204116821289 -114.20243072509766 15.574885368347168 -92.390625 -114.20243072509766 14.373701095581055 -92.08063507080078 -114.20243072509766 13.136174201965332 -91.89344787597656 -114.20243072509766 11.874222755432129 -91.83084869384766 -114.20243072509766 10.600000381469727 -91.89344787597656 -114.20243072509766 9.325777053833008 -92.08063507080078 -114.20243072509766 8.063825607299805 -92.390625 -114.20243072509766 6.82629919052124 -92.8204116821289 -114.20243072509766 5.625114917755127 -93.3658676147461 -114.20243072509766 4.471841812133789 -94.02174377441406 -114.20243072509766 3.377587080001831 -94.78170776367188 -114.20243072509766 2.352886915206909 -95.63845825195312 -114.20243072509766 1.4076119661331177 -96.58373260498047 -114.20243072509766 0.5508639812469482 -97.60843658447266 -114.20243072509766 -0.2091049998998642 -98.70269012451172 -114.20243072509766 -0.8649759888648987 -99.85596466064453 -114.20243072509766 -1.4104340076446533 -101.05714416503906 -114.20243072509766 -1.840224027633667 -102.29467010498047 -114.20243072509766 -2.1502089500427246 -103.55662536621094 -114.20243072509766 -2.3374009132385254 </float_array>
          <technique_common>
            <accessor source="#mesh_2-position-array" count="524" stride="3">
              <param name="X" type="float" />
              <param name="Y" type="float" />
              <param name="Z" type="float" />
            </accessor>
          </technique_common>
        </source>
        <source id="mesh_2-texcoord" name="texcoord">
          <float_array id="mesh_2-texcoord-array" count="2204">5.92 0.19635 5.47 0.19635 5.92 0.14025 5.47 0.14025 5.92 0.08415 5.47 0.08415 5.92 0.02805 5.47 0.02805 5.92 -0.02805 5.47 -0.02805 5.92 -0.08415 5.47 -0.08415 5.92 -0.14025 5.47 -0.14025 5.92 -0.19635 5.47 -0.19635 -2.825 5.47 -0.25 5.47 -2.825 5.92 -0.25 5.92 5.92 0.19635 5.47 0.19635 5.92 0.14025 5.47 0.14025 5.92 0.08415 5.47 0.08415 5.92 0.02805 5.47 0.02805 5.92 -0.02805 5.47 -0.02805 5.92 -0.08415 5.47 -0.08415 5.92 -0.14025 5.47 -0.14025 5.92 -0.19635 5.47 -0.19635 -0.25 5.92 -1.35 5.92 -0.25 5.47 -1.35 5.47 5.92 0.19635 5.47 0.19635 5.92 0.14025 5.47 0.14025 5.92 0.08415 5.47 0.08415 5.92 0.02805 5.47 0.02805 5.92 -0.02805 5.47 -0.02805 5.92 -0.08415 5.47 -0.08415 5.92 -0.14025 5.47 -0.14025 5.92 -0.19635 5.47 -0.19635 -2.825 5.47 -0.25 5.47 -2.825 5.92 -0.25 5.92 5.92 0.19635 5.47 0.19635 5.92 0.14025 5.47 0.14025 5.92 0.08415 5.47 0.08415 5.92 0.02805 5.47 0.02805 5.92 -0.02805 5.47 -0.02805 5.92 -0.08415 5.47 -0.08415 5.92 -0.14025 5.47 -0.14025 5.92 -0.19635 5.47 -0.19635 -0.25 5.92 -1.35 5.92 -0.25 5.47 -1.35 5.47 5.92 0.19635 5.47 0.19635 5.92 0.14025 5.47 0.14025 5.92 0.08415 5.47 0.08415 5.92 0.02805 5.47 0.02805 5.92 -0.02805 5.47 -0.02805 5.92 -0.08415 5.47 -0.08415 5.92 -0.14025 5.47 -0.14025 5.92 -0.19635 5.47 -0.19635 -1.35 5.47 -0.25 5.47 -1.35 5.92 -0.25 5.92 5.92 0.19635 5.47 0.19635 5.92 0.14025 5.47 0.14025 5.92 0.08415 5.47 0.08415 5.92 0.02805 5.47 0.02805 5.92 -0.02805 5.47 -0.02805 5.92 -0.08415 5.47 -0.08415 5.92 -0.14025 5.47 -0.14025 5.92 -0.19635 5.47 -0.19635 -0.25 5.92 -2.825 5.92 -0.25 5.47 -2.825 5.47 5.92 0.19635 5.47 0.19635 5.92 0.14025 5.47 0.14025 5.92 0.08415 5.47 0.08415 5.92 0.02805 5.47 0.02805 5.92 -0.02805 5.47 -0.02805 5.92 -0.08415 5.47 -0.08415 5.92 -0.14025 5.47 -0.14025 5.92 -0.19635 5.47 -0.19635 -1.35 5.47 -0.25 5.47 -1.35 5.92 -0.25 5.92 5.92 0.19635 5.47 0.19635 5.92 0.14025 5.47 0.14025 5.92 0.08415 5.47 0.08415 5.92 0.02805 5.47 0.02805 5.92 -0.02805 5.47 -0.02805 5.92 -0.08415 5.47 -0.08415 5.92 -0.14025 5.47 -0.14025 5.92 -0.19635 5.47 -0.19635 -0.25 5.92 -2.825 5.92 -0.25 5.47 -2.825 5.47 0.0025 -0.489565 -0.2475 -0.489565 0.0025 -0.534071 -0.2475 -0.534071 0.0025 0.534071 -0.2475 0.534071 0.0025 0.489565 -0.2475 0.489565 0.0025 0.445059 -0.2475 0.445059 0.0025 0.400553 -0.2475 0.400553 0.0025 0.356047 -0.2475 0.356047 0.0025 0.311541 -0.2475 0.311541 0.0025 0.267035 -0.2475 0.267035 0.0025 0.222529 -0.2475 0.222529 0.0025 0.178024 -0.2475 0.178024 0.0025 0.133518 -0.2475 0.133518 0.0025 0.089012 -0.2475 0.089012 0.0025 0.044506 -0.2475 0.044506 0.0025 0 -0.2475 -0 0.0025 -0.044506 -0.2475 -0.044506 0.0025 -0.089012 -0.2475 -0.089012 0.0025 -0.133518 -0.2475 -0.133518 0.0025 -0.178024 -0.2475 -0.178024 0.0025 -0.222529 -0.2475 -0.222529 0.0025 -0.267035 -0.2475 -0.267035 0.0025 -0.311541 -0.2475 -0.311541 0.0025 -0.356047 -0.2475 -0.356047 0.0025 -0.400553 -0.2475 -0.400553 0.0025 -0.445059 -0.2475 -0.445059 0.2 0 -0 0 0.2 -0.0693 0 -0.0693 0.2 -0.1386 0 -0.1386 0.2 -0.2079 0 -0.2079 0.2 -0.277199 0 -0.277199 0.2 -0.346499 0 -0.346499 0.2 -0.415799 0 -0.415799 0.2 -0.485099 0 -0.485099 0.2 -0.554399 0 -0.554399 0.2 -0.623699 0 -0.623699 0.2 -0.692998 0 -0.692998 0.2 -0.762298 0 -0.762298 0.2 -0.831598 0 -0.831598 0.2 -0.900898 0 -0.900898 0.2 -0.970198 0 -0.970198 0.2 -1.039498 0 -1.039498 0.2 -1.108797 0 -1.108797 0.2 -1.178097 0 -1.178097 -1.8 0 -0 0 -1.8 0.2 0 0.2 0.2 0 0 0 0.2 -0.0693 0 -0.0693 0.2 -0.1386 0 -0.1386 0.2 -0.2079 0 -0.2079 0.2 -0.277199 0 -0.277199 0.2 -0.346499 0 -0.346499 0.2 -0.415799 0 -0.415799 0.2 -0.485099 0 -0.485099 0.2 -0.554399 0 -0.554399 0.2 -0.623699 -0 -0.623699 0.2 -0.692998 0 -0.692998 0.2 -0.762298 0 -0.762298 0.2 -0.831598 0 -0.831598 0.2 -0.900898 -0 -0.900898 0.2 -0.970198 -0 -0.970198 0.2 -1.039498 0 -1.039498 0.2 -1.108797 -0 -1.108797 0.2 -1.178097 -0 -1.178097 -1.8 0 -0 -0 -1.8 0.2 0 0.2 0.164207 -0.043999 1.2734 -0.034601 0.17 0 1.2734 0.034601 0.164207 0.043999 1.260685 0.102624 0.147224 0.085 1.235686 0.167152 0.120208 0.120208 1.199256 0.225988 0.085 0.147224 1.152636 0.277128 1.097412 0.318831 1.260685 -0.102624 0.147224 -0.085 1.235686 -0.167152 0.120208 -0.120208 1.199256 -0.225988 0.085 -0.147224 1.152636 -0.277128 1.097412 -0.318831 0.9 -0.375 1.035466 -0.349677 0.968906 -0.368615 0.043999 -0.164207 0 -0.17 -0.9 -0.375 -0.043999 -0.164207 -0.085 -0.147224 -0.120208 -0.120208 -1.199256 -0.225988 -1.152636 -0.277128 -1.097412 -0.318831 -1.235686 -0.167152 -0.147224 -0.085 -1.260685 -0.102624 -0.164207 -0.043999 -1.2734 -0.034601 -0.17 0 -1.2734 0.034601 -0.164207 0.043999 -1.260685 0.102624 -0.147224 0.085 -1.235686 0.167152 -0.120208 0.120208 -1.199256 0.225988 -0.085 0.147224 -1.152636 0.277128 -1.097412 0.318831 -0.9 0.375 -1.035466 0.349677 -0.968906 0.368615 -0.043999 0.164207 0 0.17 0.9 0.375 0.043999 0.164207 1.035466 0.349677 0.968906 0.368615 -1.035466 -0.349677 -0.968906 -0.368615 0 0 10 0 0 0.45 10 0.45 0 -0 10 -0 -0 0.45 10 0.45 0.45 -1.186824 -0 -1.186824 0.45 -1.256637 -0 -1.256637 0.45 1.256637 -0 1.256637 0.45 1.186824 0 1.186824 0 1.117011 0.45 -1.117011 -0 -1.117011 0.45 -1.047198 -0 -1.047198 0.45 -0.977384 -0 -0.977384 0.45 -0.907571 -0 -0.907571 0.45 -0.837758 -0 -0.837758 0.45 -0.767945 -0 -0.767945 0.45 -0.698132 -0 -0.698132 0.45 -0.628319 0 -0.628319 0.45 -0.558505 -0 -0.558505 0.45 -0.488692 0 -0.488692 0.45 -0.418879 0 -0.418879 0.45 -0.349066 -0 -0.349066 0.45 -0.279253 0 -0.279253 0.45 -0.20944 0 -0.20944 0.45 -0.139626 0 -0.139626 0.45 -0.069813 0 -0.069813 0.45 0 0 0 0.45 0.069813 0 0.069813 0.45 0.139626 0 0.139626 0.45 0.20944 0 0.20944 0.45 0.279253 0 0.279253 0.45 0.349066 -0 0.349066 0.45 0.418879 0 0.418879 0.45 0.488692 0 0.488692 0.45 0.558505 -0 0.558505 0.45 0.628319 -0 0.628319 0.45 0.698132 -0 0.698132 0.45 0.767945 -0 0.767945 0.45 0.837758 0 0.837758 0.45 0.907571 -0 0.907571 0.45 0.977384 0 0.977384 0.45 1.047198 0 1.047198 0.45 1.117011 0 -2.042035 -0.45 -2.042035 0 -2.169662 -0.45 -2.169662 0 -2.29729 -0.45 -2.29729 0 -2.424917 -0.45 -2.424917 0 -2.552544 -0.45 -2.552544 -0 -2.680171 -0.45 -2.680171 0 -2.807798 -0.45 -2.807798 -0 -2.935426 -0.45 -2.935426 -0 -3.063053 -0.45 -3.063053 -0 -3.19068 -0.45 -3.19068 0 -3.318307 -0.45 -3.318307 -0 -3.445934 -0.45 -3.445934 0 -3.573562 -0.45 -3.573562 -0 -3.701189 -0.45 -3.701189 -0 -3.828816 -0.45 -3.828816 0 -3.956443 -0.45 -3.956443 -0 -4.08407 -0.45 -4.08407 -0 -4.211698 -0.45 -4.211698 -0 -4.339325 -0.45 -4.339325 -0 -4.466952 -0.45 -4.466952 -0 -4.594579 -0.45 -4.594579 -0 -4.722206 -0.45 -4.722206 -0 -4.849834 -0.45 -4.849834 -0 -4.977461 -0.45 -4.977461 -0 -5.105088 -0.45 -5.105088 -0 -5.232715 -0.45 -5.232715 -0 -5.360342 -0.45 -5.360342 -0 -5.48797 -0.45 -5.48797 -0 -5.615597 -0.45 -5.615597 -0 -5.743224 -0.45 -5.743224 -0 -5.870851 -0.45 -5.870851 -0 -5.998478 -0.45 -5.998478 0 -6.126106 -0.45 -6.126106 0.45 -1.186824 -0 -1.186824 0.45 -1.256637 -0 -1.256637 0.45 1.256637 -0 1.256637 0.45 1.186824 -0 1.186824 0 1.117011 0.45 -1.117011 -0 -1.117011 0.45 -1.047198 -0 -1.047198 0.45 -0.977384 -0 -0.977384 0.45 -0.907571 -0 -0.907571 0.45 -0.837758 -0 -0.837758 0.45 -0.767945 -0 -0.767945 0.45 -0.698132 -0 -0.698132 0.45 -0.628319 0 -0.628319 0.45 -0.558505 -0 -0.558505 0.45 -0.488692 0 -0.488692 0.45 -0.418879 0 -0.418879 0.45 -0.349066 -0 -0.349066 0.45 -0.279253 -0 -0.279253 0.45 -0.20944 0 -0.20944 0.45 -0.139626 0 -0.139626 0.45 -0.069813 -0 -0.069813 0.45 0 0 0 0.45 0.069813 0 0.069813 0.45 0.139626 0 0.139626 0.45 0.20944 0 0.20944 0.45 0.279253 -0 0.279253 0.45 0.349066 -0 0.349066 0.45 0.418879 -0 0.418879 0.45 0.488692 0 0.488692 0.45 0.558505 -0 0.558505 0.45 0.628319 -0 0.628319 0.45 0.698132 -0 0.698132 0.45 0.767945 0 0.767945 0.45 0.837758 -0 0.837758 0.45 0.907571 -0 0.907571 0.45 0.977384 -0 0.977384 0.45 1.047198 0 1.047198 0.45 1.117011 -0.45 -2.042035 -0 -2.042035 -0.45 -1.914408 -0 -1.914408 -0.45 -1.786781 -0 -1.786781 -0.45 -1.659154 -0 -1.659154 -0.45 -1.531526 -0 -1.531526 -0.45 -1.403899 -0 -1.403899 -0.45 -1.276272 -0 -1.276272 -0.45 -1.148645 -0 -1.148645 -0.45 -1.021018 -0 -1.021018 -0.45 -0.89339 -0 -0.89339 -0.45 -0.765763 -0 -0.765763 -0.45 -0.638136 -0 -0.638136 -0.45 -0.510509 -0 -0.510509 -0.45 -0.382882 -0 -0.382882 -0.45 -0.255254 -0 -0.255254 -0.45 -0.127627 -0 -0.127627 -0.45 0 -0 0 -0.45 0.127627 -0 0.127627 -0.45 0.255254 -0 0.255254 -0.45 0.382882 -0 0.382882 -0.45 0.510509 -0 0.510509 -0.45 0.638136 -0 0.638136 -0.45 0.765763 -0 0.765763 -0.45 0.89339 -0 0.89339 -0.45 1.021018 -0 1.021018 -0.45 1.148645 -0 1.148645 -0.45 1.276272 -0 1.276272 -0.45 1.403899 -0 1.403899 -0.45 1.531526 -0 1.531526 -0.45 1.659154 -0 1.659154 -0.45 1.786781 -0 1.786781 -0.45 1.914408 -0 1.914408 -0.45 2.042035 -0 2.042035 0.55 3.7 -0 4.6 -0.55 3.7 -0.069459 4.606077 -0.136808 4.624123 0.60563 3.693732 0.4 5 0.393923 4.930541 0.375877 4.863192 0.722241 6.08091 0.658471 3.675242 0.705872 3.645458 0.824711 6.004914 0.745458 3.605872 0.919239 5.919239 0.775242 3.558471 1.004914 5.824711 0.793732 3.50563 1.08091 5.722241 1.146498 5.612816 1.3 5 1.201043 5.497488 1.244022 5.37737 1.275021 5.253617 1.29374 5.127422 0.8 3.45 1.152636 0.277128 1.199256 0.225988 0.8 0.875 1.035466 0.349677 1.097412 0.318831 0.793732 0.81937 0.9 0.375 0.968906 0.368615 0.775242 0.766529 0.745458 0.719128 0.705872 0.679542 0.658471 0.649758 0.60563 0.631268 0.55 0.625 -0.55 0.625 -0.9 0.375 -0.60563 0.631268 -0.658471 0.649758 -0.705872 0.679542 -0.745458 0.719128 -0.775242 0.766529 -0.793732 0.81937 -0.8 0.875 -0.968906 0.368615 -1.035466 0.349677 -0.8 3.45 -1.097412 0.318831 -1.152636 0.277128 -1.3 5 -1.199256 0.225988 -1.235686 0.167152 -1.260685 0.102624 -1.2734 0.034601 -1.3 -5 -1.2734 -0.034601 -1.260685 -0.102624 -1.235686 -0.167152 -1.199256 -0.225988 -1.152636 -0.277128 -0.8 -3.45 -1.097412 -0.318831 -1.035466 -0.349677 -0.8 -0.875 -0.968906 -0.368615 -0.9 -0.375 -0.793732 -0.81937 -0.775242 -0.766529 -0.793732 3.50563 -1.146498 5.612816 -1.201043 5.497488 -0.775242 3.558471 -1.004914 5.824711 -1.08091 5.722241 -0.919239 5.919239 -0.745458 3.605872 -0.824711 6.004914 -0.705872 3.645458 -0.722241 6.08091 -0.658471 3.675242 -0.60563 3.693732 -0.4 5 -0.393923 4.930541 -0.375877 4.863192 -0.34641 4.8 -0.306418 4.742885 -0.257115 4.693582 -0.2 4.65359 0.8 -3.45 1.035466 -0.349677 0.8 -0.875 0.968906 -0.368615 0.9 -0.375 0.793732 -3.50563 1.3 -5 1.152636 -0.277128 1.097412 -0.318831 0.775242 -3.558471 1.004914 -5.824711 1.08091 -5.722241 1.146498 -5.612816 0.919239 -5.919239 0.745458 -3.605872 0.824711 -6.004914 0.705872 -3.645458 0.722241 -6.080911 0.658471 -3.675242 0.60563 -3.693732 0.4 -5 0.55 -3.7 0.393923 -4.930541 0.375877 -4.863192 0.34641 -4.8 0.306418 -4.742885 0.257115 -4.693582 0.2 -4.65359 0.136808 -4.624123 0.069459 -4.606077 -0 -4.6 -0.55 -3.7 -0.069459 -4.606077 -0.136808 -4.624123 -0.2 -4.65359 -0.257115 -4.693582 -0.306418 -4.742885 -0.34641 -4.8 -0.375877 -4.863192 -0.393923 -4.930541 -0.4 -5 -0.60563 -3.693732 -0.658471 -3.675242 -0.705872 -3.645458 -1.201043 -5.497488 -0.393923 -5.069459 -0.375877 -5.136808 -0.34641 -5.2 -0.306418 -5.257115 -0.257115 -5.306418 -0.2 -5.34641 -0.136808 -5.375877 -0.069459 -5.393923 -0 -5.4 -1.004914 -5.824711 -0.919239 -5.919239 -0.745458 -3.605872 -0.775242 -3.558471 -0.793732 -3.50563 -0.745458 -0.719128 -0.705872 -0.679542 -0.658471 -0.649758 -0.60563 -0.631268 -0.55 -0.625 0.55 -0.625 0.60563 -0.631268 0.658471 -0.649758 0.705872 -0.679542 0.745458 -0.719128 0.775242 -0.766529 0.793732 -0.81937 1.235686 0.167152 1.260685 0.102624 1.2734 0.034601 1.2734 -0.034601 1.260685 -0.102624 1.235686 -0.167152 1.199256 -0.225988 0.612816 -6.146498 0.393923 -5.069459 0.497488 -6.201043 0.375877 -5.136808 0.37737 -6.244022 0.34641 -5.2 0.306418 -5.257115 0.253617 -6.275021 0.257115 -5.306418 0.2 -5.34641 0.127422 -6.29374 0.136808 -5.375877 0.069459 -5.393923 -0 -6.3 -0.127422 -6.29374 -0.253617 -6.275021 -0.37737 -6.244022 -0.497488 -6.201043 -0.612816 -6.146498 -0.722241 -6.08091 -0.824711 -6.004914 -0.393923 5.069459 -0.375877 5.136808 -0.34641 5.2 -0.306418 5.257115 -0.612816 6.146498 -0.497488 6.201043 -0.37737 6.244022 -0.253617 6.275021 -0.257115 5.306418 -0.2 5.34641 -0.127422 6.29374 -0.136808 5.375877 -0.069459 5.393923 -0 6.3 -0 5.4 0.069459 5.393923 0.127422 6.29374 0.136808 5.375877 0.2 5.34641 0.253617 6.275021 0.257115 5.306418 0.306418 5.257115 0.37737 6.244022 0.34641 5.2 0.375877 5.136808 0.497488 6.201043 0.393923 5.069459 0.612816 6.146498 0.34641 4.8 0.306418 4.742885 0.257115 4.693582 0.2 4.65359 0.136808 4.624123 0.069459 4.606077 -1.244022 5.37737 -1.275021 5.253617 -1.29374 5.127422 -1.29374 -5.127422 -1.275021 -5.253617 -1.244022 -5.37737 -1.146498 -5.612816 -1.080911 -5.722241 1.201043 -5.497488 1.244022 -5.37737 1.275021 -5.253617 1.29374 -5.127422 0.55 3.7 0 4.6 -0.55 3.7 -0.069459 4.606077 -0.136808 4.624123 0.60563 3.693732 0.4 5 0.393923 4.930541 0.375877 4.863192 0.722241 6.08091 0.658471 3.675242 0.705872 3.645458 0.824711 6.004914 0.745458 3.605872 0.919239 5.919239 0.775242 3.558471 1.004914 5.824711 0.793732 3.50563 1.08091 5.722241 1.146498 5.612816 1.3 5 1.201043 5.497488 1.244022 5.37737 1.275021 5.253617 1.29374 5.127422 0.8 3.45 0.8 0.875 1.3 -5 0.8 -0.875 0.8 -3.45 0.793732 -0.81937 0.793732 0.81937 0.775242 0.766529 0.775242 -0.766529 0.745458 0.719128 0.745458 -0.719128 0.705872 0.679542 0.705872 -0.679542 0.658471 0.649758 0.658471 -0.649758 0.60563 0.631268 0.60563 -0.631268 0.55 0.625 0.55 -0.625 0.17 -0 0.164207 -0.043999 -0.55 0.625 0 0.17 0.043999 0.164207 0.085 0.147224 -0.60563 0.631268 -0.60563 -0.631268 -0.55 -0.625 -0.17 -0 -0.164207 -0.043999 -0.147224 -0.085 -0.120208 -0.120208 -0.085 -0.147224 -0.043999 -0.164207 0 -0.17 0.043999 -0.164207 0.085 -0.147224 0.120208 -0.120208 0.147224 -0.085 -0.658471 -0.649758 -0.658471 0.649758 -0.705872 -0.679542 -0.705872 0.679542 -0.745458 -0.719128 -0.745458 0.719128 -0.775242 -0.766529 -0.775242 0.766529 -0.793732 -0.81937 -0.793732 0.81937 -0.8 0.875 -0.8 3.45 -1.3 5 -1.3 -5 -0.8 -0.875 -0.8 -3.45 -0.793732 -3.50563 -1.146498 -5.612816 -1.08091 -5.722241 -0.793732 3.50563 -1.146498 5.612816 -1.201043 5.497488 -0.775242 3.558471 -1.004914 5.824711 -1.08091 5.722241 -0.745458 3.605872 -0.705872 3.645458 -0.658471 3.675242 -0.4 5 -0.60563 3.693732 0.793732 -3.50563 1.201043 -5.497488 1.244022 -5.37737 0.775242 -3.558471 0.745458 -3.605872 0.705872 -3.645458 0.4 -5 0.658471 -3.675242 0.60563 -3.693732 0.55 -3.7 0.393923 -4.930541 0.375877 -4.863192 0.34641 -4.8 0.306418 -4.742885 0.257115 -4.693582 0.2 -4.65359 0.136808 -4.624123 0.069459 -4.606077 0 -4.6 -0.55 -3.7 -0.069459 -4.606077 -0.136808 -4.624123 -0.2 -4.65359 -0.257115 -4.693582 -0.306418 -4.742885 -0.34641 -4.8 -0.375877 -4.863192 -0.393923 -4.930541 -0.4 -5 -0.60563 -3.693732 -0.722241 -6.080911 -0.658471 -3.675242 -0.705872 -3.645458 -0.824711 -6.004914 -0.745458 -3.605872 -0.919239 -5.919239 -0.775242 -3.558471 -1.004914 -5.824711 -0.164207 0.043999 -0.147224 0.085 -0.120208 0.120208 -0.085 0.147224 -0.043999 0.164207 0.120208 0.120208 0.147224 0.085 0.164207 0.043999 -0.069459 -5.393923 0 -6.3 0 -5.4 0.127422 -6.29374 0.253617 -6.275021 -0.127422 -6.29374 -0.136808 -5.375877 -0.2 -5.34641 -0.253617 -6.275021 -0.257115 -5.306418 -0.306418 -5.257115 -0.37737 -6.244022 -0.34641 -5.2 -0.375877 -5.136808 -0.497488 -6.201043 -0.393923 -5.069459 -0.612816 -6.146498 0.393923 -5.069459 0.375877 -5.136808 0.34641 -5.2 0.306418 -5.257115 0.257115 -5.306418 0.2 -5.34641 0.136808 -5.375877 0.069459 -5.393923 -0.2 4.65359 -0.257115 4.693582 -0.306418 4.742885 -0.34641 4.8 -0.375877 4.863192 -0.393923 4.930541 -0.393923 5.069459 -0.375877 5.136808 -0.34641 5.2 -0.306418 5.257115 -0.257115 5.306418 -0.2 5.34641 -0.136808 5.375877 -0.069459 5.393923 -0.919239 5.919239 -0.824711 6.004914 -0.722241 6.08091 -0.612816 6.146498 -0.497488 6.201043 -0.37737 6.244022 -0.253617 6.275021 -0.127422 6.29374 0 6.3 0 5.4 0.069459 5.393923 0.127422 6.29374 0.136808 5.375877 0.2 5.34641 0.253617 6.275021 0.257115 5.306418 0.306418 5.257115 0.37737 6.244022 0.34641 5.2 0.375877 5.136808 0.497488 6.201043 0.393923 5.069459 0.612816 6.146498 0.34641 4.8 0.306418 4.742885 0.257115 4.693582 0.2 4.65359 0.136808 4.624123 0.069459 4.606077 -1.244022 5.37737 -1.275021 5.253617 -1.29374 5.127422 -1.29374 -5.127422 -1.275021 -5.253617 -1.244022 -5.37737 -1.201043 -5.497488 0.37737 -6.244022 0.497488 -6.201043 0.612816 -6.146498 0.722241 -6.08091 0.824711 -6.004914 0.919239 -5.919239 1.004914 -5.824711 1.080911 -5.722241 1.146498 -5.612816 1.275021 -5.253617 1.29374 -5.127422 </float_array>
          <technique_common>
            <accessor source="#mesh_2-texcoord-array" count="1102" stride="2">
              <param name="S" type="float" />
              <param name="T" type="float" />
            </accessor>
          </technique_common>
        </source>
        <source id="mesh_2-normal" name="normal">
          <float_array id="mesh_2-normal-array" count="3162">-1 0 0 -1 0 0 -0.97492814 -0 0.22251959 -0.97492814 -0 0.22251959 -0.9009705 -0 0.43388027 -0.9009705 -0 0.43388027 -0.78183085 -0 0.62349063 -0.78183085 -0 0.62349063 -0.62349063 -0 0.78183085 -0.62349063 -0 0.78183085 -0.43388027 -0 0.9009705 -0.43388027 -0 0.9009705 -0.22251959 -0 0.97492814 -0.22251959 -0 0.97492814 0 -0 1 0 -0 1 -0 -0 1 -0 -0 1 -0 0 -1 -0 0 -1 -0.22251959 0 -0.97492814 -0.22251959 0 -0.97492814 -0.43388027 0 -0.9009705 -0.43388027 0 -0.9009705 -0.62349063 0 -0.78183085 -0.62349063 0 -0.78183085 -0.78183085 0 -0.62349063 -0.78183085 0 -0.62349063 -0.9009705 0 -0.43388027 -0.9009705 0 -0.43388027 -0.97492814 0 -0.22251959 -0.97492814 0 -0.22251959 -1 0 0 -1 0 0 -1 -0 0 -1 -0 0 -0.97492814 -0 0.22251959 -0.97492814 -0 0.22251959 -0.9009705 -0 0.43388027 -0.9009705 -0 0.43388027 -0.78183085 -0 0.62349063 -0.78183085 -0 0.62349063 -0.62349063 -0 0.78183085 -0.62349063 -0 0.78183085 -0.43388027 -0 0.9009705 -0.43388027 -0 0.9009705 -0.22251959 -0 0.97492814 -0.22251959 -0 0.97492814 0 -0 1 0 -0 1 0 -0 1 0 -0 1 -0 0 -1 -0 0 -1 -0.22251959 0 -0.97492814 -0.22251959 0 -0.97492814 -0.43388027 0 -0.9009705 -0.43388027 0 -0.9009705 -0.62349063 0 -0.78183085 -0.62349063 0 -0.78183085 -0.78183085 0 -0.62349063 -0.78183085 0 -0.62349063 -0.9009705 0 -0.43388027 -0.9009705 0 -0.43388027 -0.97492814 0 -0.22251959 -0.97492814 0 -0.22251959 -1 0 0 -1 -0 0 0.22251959 -0 0.97492814 0.22251959 -0 0.97492814 0.43388027 -0 0.9009705 0.43388027 -0 0.9009705 0.62349063 -0 0.78183085 0.62349063 -0 0.78183085 0.78183085 -0 0.62349063 0.78183085 -0 0.62349063 0.9009705 -0 0.43388027 0.9009705 -0 0.43388027 0.97492814 -0 0.22251959 0.97492814 -0 0.22251959 1 0 0 1 0 0 1 -0 0 1 -0 0 0.97492814 0 -0.22251959 0.97492814 0 -0.22251959 0.9009705 0 -0.43388027 0.9009705 0 -0.43388027 0.78183085 0 -0.62349063 0.78183085 0 -0.62349063 0.62349063 0 -0.78183085 0.62349063 0 -0.78183085 0.43388027 0 -0.9009705 0.43388027 0 -0.9009705 0.22251959 0 -0.97492814 0.22251959 0 -0.97492814 0 0 -1 0 0 -1 0.22251959 -0 0.97492814 0.22251959 -0 0.97492814 0.43388027 -0 0.9009705 0.43388027 -0 0.9009705 0.62349063 -0 0.78183085 0.62349063 -0 0.78183085 0.78183085 -0 0.62349063 0.78183085 -0 0.62349063 0.9009705 -0 0.43388027 0.9009705 -0 0.43388027 0.97492814 -0 0.22251959 0.97492814 -0 0.22251959 1 0 0 1 0 0 1 0 0 1 0 0 0.97492814 0 -0.22251959 0.97492814 0 -0.22251959 0.9009705 0 -0.43388027 0.9009705 0 -0.43388027 0.78183085 0 -0.62349063 0.78183085 0 -0.62349063 0.62349063 0 -0.78183085 0.62349063 0 -0.78183085 0.43388027 0 -0.9009705 0.43388027 0 -0.9009705 0.22251959 0 -0.97492814 0.22251959 0 -0.97492814 0 0 -1 0 0 -1 -0.2588189 0 -0.9659259 -0.2588189 0 -0.9659259 -0 0 -1 -0 0 -1 0.2588189 0 -0.9659259 0.2588189 0 -0.9659259 0.499998 0 -0.8660265 0.499998 0 -0.8660265 0.7071067 0 -0.7071067 0.7071067 0 -0.7071067 0.8660265 0 -0.499998 0.8660265 0 -0.499998 0.9659259 -0 -0.2588189 0.9659259 -0 -0.2588189 1 -0 0 1 -0 0 0.9659259 -0 0.2588189 0.9659259 -0 0.2588189 0.8660265 -0 0.499998 0.8660265 -0 0.499998 0.7071067 -0 0.7071067 0.7071067 -0 0.7071067 0.499998 -0 0.8660265 0.499998 -0 0.8660265 0.2588189 -0 0.9659259 0.2588189 -0 0.9659259 0 -0 1 -0 -0 1 -0.2588189 -0 0.9659259 -0.2588189 -0 0.9659259 -0.499998 -0 0.8660265 -0.499998 -0 0.8660265 -0.7071067 -0 0.7071067 -0.7071067 -0 0.7071067 -0.8660265 -0 0.499998 -0.8660265 -0 0.499998 -0.9659259 0 0.2588189 -0.9659259 0 0.2588189 -1 0 0 -1 0 0 -0.9659259 0 -0.2588189 -0.9659259 0 -0.2588189 -0.8660265 0 -0.499998 -0.8660265 0 -0.499998 -0.7071067 0 -0.7071067 -0.7071067 0 -0.7071067 -0.499998 0 -0.8660265 -0.499998 0 -0.8660265 1 -0 0 1 -0 0 0.9829729 0 -0.18375054 0.9829729 0 -0.18375054 0.9324725 0 -0.36124098 0.9324725 0 -0.36124098 0.8502189 0 -0.5264293 0.8502189 0 -0.5264293 0.73900723 0 -0.6736975 0.73900723 0 -0.6736975 0.6026304 0 -0.7980204 0.6026304 0 -0.7980204 0.44574097 0 -0.8951619 0.44574097 0 -0.8951619 0.27365908 0 -0.9618268 0.27365908 0 -0.9618268 0.09227036 0 -0.9957339 0.09227036 0 -0.9957339 -0.09227036 0 -0.9957339 -0.09227036 0 -0.9957339 -0.27365908 0 -0.9618268 -0.27365908 0 -0.9618268 -0.44574097 0 -0.8951619 -0.44574097 0 -0.8951619 -0.6026304 0 -0.7980204 -0.6026304 0 -0.7980204 -0.73900723 0 -0.6736975 -0.73900723 0 -0.6736975 -0.8502189 0 -0.5264293 -0.8502189 0 -0.5264293 -0.9324725 0 -0.36124098 -0.9324725 0 -0.36124098 -0.9829729 0 -0.18375054 -0.9829729 0 -0.18375054 -1 0 0 -1 0 0 -1 0 0 -1 0 0 -0.9829729 -0 0.18375054 -0.9829729 -0 0.18375054 -0.9324725 -0 0.36124098 -0.9324725 -0 0.36124098 -0.8502189 -0 0.5264293 -0.8502189 -0 0.5264293 -0.73900723 -0 0.6736975 -0.73900723 -0 0.6736975 -0.6026304 -0 0.7980204 -0.6026304 -0 0.7980204 -0.44574097 -0 0.8951619 -0.44574097 -0 0.8951619 -0.27365908 -0 0.9618268 -0.27365908 -0 0.9618268 -0.09227036 -0 0.9957339 -0.09227036 -0 0.9957339 0.09227036 -0 0.9957339 0.09227036 -0 0.9957339 0.27365908 -0 0.9618268 0.27365908 -0 0.9618268 0.44574097 -0 0.8951619 0.44574097 -0 0.8951619 0.6026304 -0 0.7980204 0.6026304 -0 0.7980204 0.73900723 -0 0.6736975 0.73900723 -0 0.6736975 0.8502189 -0 0.5264293 0.8502189 -0 0.5264293 0.9324725 -0 0.36124098 0.9324725 -0 0.36124098 0.9829729 -0 0.18375054 0.9829729 -0 0.18375054 1 -0 0 1 -0 0 1 0 0 1 0 0 1 0 0 1 0 0 0 1 0 0 1 0 0 1 0 0 1 0 0 1 0 0 1 0 0 1 0 0 1 0 0 1 0 0 1 0 0 1 0 0 1 0 0 1 0 0 1 0 0 1 0 0 1 0 0 1 0 0 1 0 0 1 0 0 1 0 0 1 0 0 1 0 0 1 0 0 1 0 0 1 0 0 1 0 0 1 0 0 1 0 0 1 0 0 1 0 0 1 0 0 1 0 0 1 0 0 1 0 0 1 0 0 1 0 0 1 0 0 1 0 0 1 0 0 1 0 0 1 0 0 1 0 0 1 0 0 1 0 0 1 0 0 1 0 0 1 0 0 1 0 0 1 0 0 1 0 0 1 0 0 1 0 0 1 0 0 1 0 0 1 0 0 1 0 0 1 0 0 1 0 0 1 0 0 1 0 -0 0 -1 -0 0 -1 -0 0 -1 -0 0 -1 0 -0 1 0 -0 1 0 -0 1 0 -0 1 0.98480743 -0 0.17364955 0.98480743 -0 0.17364955 1 -0 0 1 -0 0 0.98480743 0 -0.17364955 0.98480743 0 -0.17364955 0.9396924 0 -0.34202084 0.9396924 -0 0.34202084 0.9396924 -0 0.34202084 0.8660265 -0 0.499998 0.8660265 -0 0.499998 0.7660414 -0 0.64279115 0.7660414 -0 0.64279115 0.64279115 -0 0.7660414 0.64279115 -0 0.7660414 0.499998 -0 0.8660265 0.499998 -0 0.8660265 0.34202084 -0 0.9396924 0.34202084 -0 0.9396924 0.17364955 -0 0.98480743 0.17364955 -0 0.98480743 -0 -0 1 -0 -0 1 -0.17364955 -0 0.98480743 -0.17364955 -0 0.98480743 -0.34202084 -0 0.9396924 -0.34202084 -0 0.9396924 -0.499998 -0 0.8660265 -0.499998 -0 0.8660265 -0.64279115 -0 0.7660414 -0.64279115 -0 0.7660414 -0.7660414 -0 0.64279115 -0.7660414 -0 0.64279115 -0.8660265 -0 0.499998 -0.8660265 -0 0.499998 -0.9396924 -0 0.34202084 -0.9396924 -0 0.34202084 -0.98480743 -0 0.17364955 -0.98480743 -0 0.17364955 -1 0 0 -1 0 0 -0.98480743 0 -0.17364955 -0.98480743 0 -0.17364955 -0.9396924 0 -0.34202084 -0.9396924 0 -0.34202084 -0.8660265 0 -0.499998 -0.8660265 0 -0.499998 -0.7660414 0 -0.64279115 -0.7660414 0 -0.64279115 -0.64279115 0 -0.7660414 -0.64279115 0 -0.7660414 -0.499998 0 -0.8660265 -0.499998 0 -0.8660265 -0.34202084 0 -0.9396924 -0.34202084 0 -0.9396924 -0.17364955 0 -0.98480743 -0.17364955 0 -0.98480743 -0 0 -1 -0 0 -1 0.17364955 0 -0.98480743 0.17364955 0 -0.98480743 0.34202084 0 -0.9396924 0.34202084 0 -0.9396924 0.499998 0 -0.8660265 0.499998 0 -0.8660265 0.64279115 0 -0.7660414 0.64279115 0 -0.7660414 0.7660414 0 -0.64279115 0.7660414 0 -0.64279115 0.8660265 0 -0.499998 0.8660265 0 -0.499998 0.9396924 0 -0.34202084 0 0 -1 0 0 -1 -0.098020434 0 -0.9951845 -0.098020434 0 -0.9951845 -0.1950891 0 -0.9807854 -0.1950891 0 -0.9807854 -0.2902805 0 -0.9569416 -0.2902805 0 -0.9569416 -0.38268036 0 -0.9238809 -0.38268036 0 -0.9238809 -0.47139975 0 -0.88191956 -0.47139975 0 -0.88191956 -0.5555699 0 -0.83146983 -0.5555699 0 -0.83146983 -0.63439155 0 -0.7730119 -0.63439155 0 -0.7730119 -0.7071067 0 -0.7071067 -0.7071067 0 -0.7071067 -0.7730119 0 -0.63439155 -0.7730119 0 -0.63439155 -0.83146983 0 -0.5555699 -0.83146983 0 -0.5555699 -0.88191956 0 -0.47139975 -0.88191956 0 -0.47139975 -0.9238809 0 -0.38268036 -0.9238809 0 -0.38268036 -0.9569416 0 -0.2902805 -0.9569416 0 -0.2902805 -0.9807854 0 -0.1950891 -0.9807854 0 -0.1950891 -0.9951845 0 -0.098020434 -0.9951845 0 -0.098020434 -1 0 0 -1 0 0 -0.9951845 -0 0.098020434 -0.9951845 -0 0.098020434 -0.9807854 -0 0.1950891 -0.9807854 -0 0.1950891 -0.9569416 -0 0.2902805 -0.9569416 -0 0.2902805 -0.9238809 -0 0.38268036 -0.9238809 -0 0.38268036 -0.88191956 -0 0.47139975 -0.88191956 -0 0.47139975 -0.83146983 -0 0.5555699 -0.83146983 -0 0.5555699 -0.7730119 -0 0.63439155 -0.7730119 -0 0.63439155 -0.7071067 -0 0.7071067 -0.7071067 -0 0.7071067 -0.63439155 -0 0.7730119 -0.63439155 -0 0.7730119 -0.5555699 -0 0.83146983 -0.5555699 -0 0.83146983 -0.47139975 -0 0.88191956 -0.47139975 -0 0.88191956 -0.38268036 -0 0.9238809 -0.38268036 -0 0.9238809 -0.2902805 -0 0.9569416 -0.2902805 -0 0.9569416 -0.1950891 -0 0.9807854 -0.1950891 -0 0.9807854 -0.098020434 -0 0.9951845 -0.098020434 -0 0.9951845 0.98480743 -0 0.17364955 0.98480743 -0 0.17364955 1 -0 0 1 -0 0 0.98480743 0 -0.17364955 0.98480743 0 -0.17364955 0.9396924 0 -0.34202084 0.9396924 -0 0.34202084 0.9396924 -0 0.34202084 0.8660265 -0 0.499998 0.8660265 -0 0.499998 0.7660414 -0 0.64279115 0.7660414 -0 0.64279115 0.64279115 -0 0.7660414 0.64279115 -0 0.7660414 0.499998 -0 0.8660265 0.499998 -0 0.8660265 0.34202084 -0 0.9396924 0.34202084 -0 0.9396924 0.17364955 -0 0.98480743 0.17364955 -0 0.98480743 -0 -0 1 -0 -0 1 -0.17364955 -0 0.98480743 -0.17364955 -0 0.98480743 -0.34202084 -0 0.9396924 -0.34202084 -0 0.9396924 -0.499998 -0 0.8660265 -0.499998 -0 0.8660265 -0.64279115 -0 0.7660414 -0.64279115 -0 0.7660414 -0.7660414 -0 0.64279115 -0.7660414 -0 0.64279115 -0.8660265 -0 0.499998 -0.8660265 -0 0.499998 -0.9396924 -0 0.34202084 -0.9396924 -0 0.34202084 -0.98480743 -0 0.17364955 -0.98480743 -0 0.17364955 -1 0 0 -1 0 0 -0.98480743 0 -0.17364955 -0.98480743 0 -0.17364955 -0.9396924 0 -0.34202084 -0.9396924 0 -0.34202084 -0.8660265 0 -0.499998 -0.8660265 0 -0.499998 -0.7660414 0 -0.64279115 -0.7660414 0 -0.64279115 -0.64279115 0 -0.7660414 -0.64279115 0 -0.7660414 -0.499998 0 -0.8660265 -0.499998 0 -0.8660265 -0.34202084 0 -0.9396924 -0.34202084 0 -0.9396924 -0.17364955 0 -0.98480743 -0.17364955 0 -0.98480743 -0 0 -1 -0 0 -1 0.17364955 0 -0.98480743 0.17364955 0 -0.98480743 0.34202084 0 -0.9396924 0.34202084 0 -0.9396924 0.499998 0 -0.8660265 0.499998 0 -0.8660265 0.64279115 0 -0.7660414 0.64279115 0 -0.7660414 0.7660414 0 -0.64279115 0.7660414 0 -0.64279115 0.8660265 0 -0.499998 0.8660265 0 -0.499998 0.9396924 0 -0.34202084 0.098020434 0 -0.9951845 0.098020434 0 -0.9951845 0.1950891 0 -0.9807854 0.1950891 0 -0.9807854 0.2902805 0 -0.9569416 0.2902805 0 -0.9569416 0.38268036 0 -0.9238809 0.38268036 0 -0.9238809 0.47139975 0 -0.88191956 0.47139975 0 -0.88191956 0.5555699 0 -0.83146983 0.5555699 0 -0.83146983 0.63439155 0 -0.7730119 0.63439155 0 -0.7730119 0.7071067 0 -0.7071067 0.7071067 0 -0.7071067 0.7730119 0 -0.63439155 0.7730119 0 -0.63439155 0.83146983 0 -0.5555699 0.83146983 0 -0.5555699 0.88191956 0 -0.47139975 0.88191956 0 -0.47139975 0.9238809 0 -0.38268036 0.9238809 0 -0.38268036 0.9569416 0 -0.2902805 0.9569416 0 -0.2902805 0.9807854 0 -0.1950891 0.9807854 0 -0.1950891 0.9951845 0 -0.098020434 0.9951845 0 -0.098020434 1 -0 0 1 -0 0 0.9951845 -0 0.098020434 0.9951845 -0 0.098020434 0.9807854 -0 0.1950891 0.9807854 -0 0.1950891 0.9569416 -0 0.2902805 0.9569416 -0 0.2902805 0.9238809 -0 0.38268036 0.9238809 -0 0.38268036 0.88191956 -0 0.47139975 0.88191956 -0 0.47139975 0.83146983 -0 0.5555699 0.83146983 -0 0.5555699 0.7730119 -0 0.63439155 0.7730119 -0 0.63439155 0.7071067 -0 0.7071067 0.7071067 -0 0.7071067 0.63439155 -0 0.7730119 0.63439155 -0 0.7730119 0.5555699 -0 0.83146983 0.5555699 -0 0.83146983 0.47139975 -0 0.88191956 0.47139975 -0 0.88191956 0.38268036 -0 0.9238809 0.38268036 -0 0.9238809 0.2902805 -0 0.9569416 0.2902805 -0 0.9569416 0.1950891 -0 0.9807854 0.1950891 -0 0.9807854 0.098020434 -0 0.9951845 0.098020434 -0 0.9951845 0 1 0 0 1 0 0 1 0 0 1 0 0 1 0 0 1 0 0 1 0 0 1 0 0 1 0 0 1 0 0 1 0 0 1 0 0 1 0 0 1 0 0 1 0 0 1 0 0 1 0 0 1 0 0 1 0 0 1 0 0 1 0 0 1 0 0 1 0 0 1 0 0 1 0 0 1 0 0 1 0 0 1 0 0 1 0 0 1 0 0 1 0 0 1 0 0 1 0 0 1 0 0 1 0 0 1 0 0 1 0 0 1 0 0 1 0 0 1 0 0 1 0 0 1 0 0 1 0 0 1 0 0 1 0 0 1 0 0 1 0 0 1 0 0 1 0 0 1 0 0 1 0 0 1 0 0 1 0 0 1 0 0 1 0 0 1 0 0 1 0 0 1 0 0 1 0 0 1 0 0 1 0 0 1 0 0 1 0 0 1 0 0 1 0 0 1 0 0 1 0 0 1 0 0 1 0 0 1 0 0 1 0 0 1 0 0 1 0 0 1 0 0 1 0 0 1 0 0 1 0 0 1 0 0 1 0 0 1 0 0 1 0 0 1 0 0 1 0 0 1 0 0 1 0 0 1 0 0 1 0 0 1 0 0 1 0 0 1 0 0 1 0 0 1 0 0 1 0 0 1 0 0 1 0 0 1 0 0 1 0 0 1 0 0 1 0 0 1 0 0 1 0 0 1 0 0 1 0 0 1 0 0 1 0 0 1 0 0 1 0 0 1 0 0 1 0 0 1 0 0 1 0 0 1 0 0 1 0 0 1 0 0 1 0 0 1 0 0 1 0 0 1 0 0 1 0 0 1 0 0 1 0 0 1 0 0 1 0 0 1 0 0 1 0 0 1 0 0 1 0 0 1 0 0 1 0 0 1 0 0 1 0 0 1 0 0 1 0 0 1 0 0 1 0 0 1 0 0 1 0 0 1 0 0 1 0 0 1 0 0 1 0 0 1 0 0 1 0 0 1 0 0 1 0 0 1 0 0 1 0 0 1 0 0 1 0 0 1 0 0 1 0 0 1 0 0 1 0 0 1 0 0 1 0 0 1 0 0 1 0 0 1 0 0 1 0 0 1 0 0 1 0 0 1 0 0 1 0 0 1 0 0 1 0 0 1 0 0 1 0 0 1 0 0 1 0 0 1 0 0 1 0 0 1 0 0 1 0 0 1 0 0 1 0 0 1 0 0 1 0 0 1 0 0 1 0 0 1 0 0 1 0 0 1 0 0 1 0 0 1 0 0 1 0 0 1 0 0 1 0 0 1 0 0 1 0 0 1 0 0 1 0 0 1 0 0 1 0 0 1 0 0 1 0 0 1 0 0 1 0 0 1 0 0 1 0 0 1 0 0 1 0 0 1 0 0 1 0 0 1 0 0 1 0 0 1 0 0 1 0 0 1 0 0 1 0 0 1 0 0 1 0 0 1 0 0 1 0 0 1 0 0 1 0 0 1 0 0 1 0 0 1 0 0 1 0 0 1 0 0 1 0 0 1 0 0 1 0 0 1 0 0 1 0 0 1 0 0 1 0 0 1 0 0 1 0 0 1 0 0 1 0 0 1 0 0 1 0 0 1 0 0 1 0 0 1 0 0 1 0 0 1 0 -0 -1 0 -0 -1 0 -0 -1 0 -0 -1 0 -0 -1 0 -0 -1 0 -0 -1 0 -0 -1 0 -0 -1 0 -0 -1 0 -0 -1 0 -0 -1 0 -0 -1 0 -0 -1 0 -0 -1 0 -0 -1 0 -0 -1 0 -0 -1 0 -0 -1 0 -0 -1 0 -0 -1 0 -0 -1 0 -0 -1 0 -0 -1 0 -0 -1 0 -0 -1 0 -0 -1 0 -0 -1 0 -0 -1 0 -0 -1 0 -0 -1 0 -0 -1 0 -0 -1 0 -0 -1 0 -0 -1 0 -0 -1 0 -0 -1 0 -0 -1 0 -0 -1 0 -0 -1 0 -0 -1 0 -0 -1 0 -0 -1 0 -0 -1 0 -0 -1 0 -0 -1 0 -0 -1 0 -0 -1 0 -0 -1 0 -0 -1 0 -0 -1 0 -0 -1 0 -0 -1 0 -0 -1 0 -0 -1 0 -0 -1 0 -0 -1 0 -0 -1 0 -0 -1 0 -0 -1 0 -0 -1 0 -0 -1 0 -0 -1 0 -0 -1 0 -0 -1 0 -0 -1 0 -0 -1 0 -0 -1 0 -0 -1 0 -0 -1 0 -0 -1 0 -0 -1 0 -0 -1 0 -0 -1 0 -0 -1 0 -0 -1 0 -0 -1 0 -0 -1 0 -0 -1 0 -0 -1 0 -0 -1 0 -0 -1 0 -0 -1 0 -0 -1 0 -0 -1 0 -0 -1 0 -0 -1 0 -0 -1 0 -0 -1 0 -0 -1 0 -0 -1 0 -0 -1 0 -0 -1 0 -0 -1 0 -0 -1 0 -0 -1 0 -0 -1 0 -0 -1 0 -0 -1 0 -0 -1 0 -0 -1 0 -0 -1 0 -0 -1 0 -0 -1 0 -0 -1 0 -0 -1 0 -0 -1 0 -0 -1 0 -0 -1 0 -0 -1 0 -0 -1 0 -0 -1 0 -0 -1 0 -0 -1 0 -0 -1 0 -0 -1 0 -0 -1 0 -0 -1 0 -0 -1 0 -0 -1 0 -0 -1 0 -0 -1 0 -0 -1 0 -0 -1 0 -0 -1 0 -0 -1 0 -0 -1 0 -0 -1 0 -0 -1 0 -0 -1 0 -0 -1 0 -0 -1 0 -0 -1 0 -0 -1 0 -0 -1 0 -0 -1 0 -0 -1 0 -0 -1 0 -0 -1 0 -0 -1 0 -0 -1 0 -0 -1 0 -0 -1 0 -0 -1 0 -0 -1 0 -0 -1 0 -0 -1 0 -0 -1 0 -0 -1 0 -0 -1 0 -0 -1 0 -0 -1 0 -0 -1 0 -0 -1 0 -0 -1 0 -0 -1 0 -0 -1 0 -0 -1 0 -0 -1 0 -0 -1 0 -0 -1 0 -0 -1 0 -0 -1 0 -0 -1 0 -0 -1 0 -0 -1 0 -0 -1 0 -0 -1 0 -0 -1 0 -0 -1 0 -0 -1 0 -0 -1 0 -0 -1 0 -0 -1 0 -0 -1 0 -0 -1 0 -0 -1 0 -0 -1 0 -0 -1 0 -0 -1 0 -0 -1 0 -0 -1 0 -0 -1 0 -0 -1 0 -0 -1 0 -0 -1 0 -0 -1 0 -0 -1 0 -0 -1 0 -0 -1 0 -0 -1 0 -0 -1 0 -0 -1 0 -0 -1 0 -0 -1 0 -0 -1 0 -0 -1 0 -0 -1 0 -0 -1 0 -0 -1 0 -0 -1 0 -0 -1 0 -0 -1 0 -0 -1 0 -0 -1 0 -0 -1 0 -0 -1 0 -0 -1 0 -0 -1 0 -0 -1 0 -0 -1 0 -0 -1 0 -0 -1 0 -0 -1 0 -0 -1 0 -0 -1 0 -0 -1 0 -0 -1 0 -0 -1 0 -0 -1 0 -0 -1 0 -0 -1 0 -0 -1 0 -0 -1 0 -0 -1 0 -0 -1 0 </float_array>
          <technique_common>
            <accessor source="#mesh_2-normal-array" count="1054" stride="3">
              <param name="X" type="float" />
              <param name="Y" type="float" />
              <param name="Z" type="float" />
            </accessor>
          </technique_common>
        </source>
        <vertices id="mesh_2-vertices">
          <input semantic="POSITION" source="#mesh_2-position" />
        </vertices>
        <triangles material="default" count="1064">
          <input semantic="VERTEX" source="#mesh_2-vertices" offset="0" />
          <input semantic="TEXCOORD" source="#mesh_2-texcoord" offset="1" />
          <input semantic="NORMAL" source="#mesh_2-normal" offset="2" />
          <p>15 0 0 0 1 1 14 2 2 14 2 2 0 1 1 1 3 3 14 2 2 1 3 3 13 4 4 13 4 4 1 3 3 2 5 5 13 4 4 2 5 5 12 6 6 12 6 6 2 5 5 3 7 7 12 6 6 3 7 7 11 8 8 11 8 8 3 7 7 4 9 9 11 8 8 4 9 9 10 10 10 10 10 10 4 9 9 5 11 11 10 10 10 5 11 11 9 12 12 9 12 12 5 11 11 6 13 13 9 12 12 6 13 13 8 14 14 8 14 14 6 13 13 7 15 15 7 16 15 16 17 16 8 18 14 8 18 14 16 17 16 17 19 17 33 20 18 18 21 19 32 22 20 32 22 20 18 21 19 19 23 21 32 22 20 19 23 21 31 24 22 31 24 22 19 23 21 20 25 23 31 24 22 20 25 23 30 26 24 30 26 24 20 25 23 21 27 25 30 26 24 21 27 25 29 28 26 29 28 26 21 27 25 22 29 27 29 28 26 22 29 27 28 30 28 28 30 28 22 29 27 23 31 29 28 30 28 23 31 29 27 32 30 27 32 30 23 31 29 24 33 31 27 32 30 24 33 31 26 34 32 26 34 32 24 33 31 25 35 33 15 36 0 26 37 32 0 38 1 0 38 1 26 37 32 25 39 33 49 40 34 34 41 35 48 42 36 48 42 36 34 41 35 35 43 37 48 42 36 35 43 37 47 44 38 47 44 38 35 43 37 36 45 39 47 44 38 36 45 39 46 46 40 46 46 40 36 45 39 37 47 41 46 46 40 37 47 41 45 48 42 45 48 42 37 47 41 38 49 43 45 48 42 38 49 43 44 50 44 44 50 44 38 49 43 39 51 45 44 50 44 39 51 45 43 52 46 43 52 46 39 51 45 40 53 47 43 52 46 40 53 47 42 54 48 42 54 48 40 53 47 41 55 49 41 56 49 50 57 50 42 58 48 42 58 48 50 57 50 51 59 51 67 60 52 52 61 53 66 62 54 66 62 54 52 61 53 53 63 55 66 62 54 53 63 55 65 64 56 65 64 56 53 63 55 54 65 57 65 64 56 54 65 57 64 66 58 64 66 58 54 65 57 55 67 59 64 66 58 55 67 59 63 68 60 63 68 60 55 67 59 56 69 61 63 68 60 56 69 61 62 70 62 62 70 62 56 69 61 57 71 63 62 70 62 57 71 63 61 72 64 61 72 64 57 71 63 58 73 65 61 72 64 58 73 65 60 74 66 60 74 66 58 73 65 59 75 67 49 76 34 60 77 66 34 78 35 34 78 35 60 77 66 59 79 67 17 80 17 16 81 16 81 82 68 81 82 68 16 81 16 68 83 69 81 82 68 68 83 69 80 84 70 80 84 70 68 83 69 69 85 71 80 84 70 69 85 71 79 86 72 79 86 72 69 85 71 70 87 73 79 86 72 70 87 73 78 88 74 78 88 74 70 87 73 71 89 75 78 88 74 71 89 75 77 90 76 77 90 76 71 89 75 72 91 77 77 90 76 72 91 77 76 92 78 76 92 78 72 91 77 73 93 79 76 92 78 73 93 79 75 94 80 75 94 80 73 93 79 74 95 81 74 96 81 82 97 82 75 98 80 75 98 80 82 97 82 83 99 83 83 100 83 82 101 82 97 102 84 97 102 84 82 101 82 84 103 85 97 102 84 84 103 85 96 104 86 96 104 86 84 103 85 85 105 87 96 104 86 85 105 87 95 106 88 95 106 88 85 105 87 86 107 89 95 106 88 86 107 89 94 108 90 94 108 90 86 107 89 87 109 91 94 108 90 87 109 91 93 110 92 93 110 92 87 109 91 88 111 93 93 110 92 88 111 93 92 112 94 92 112 94 88 111 93 89 113 95 92 112 94 89 113 95 91 114 96 91 114 96 89 113 95 90 115 97 33 116 18 91 117 96 18 118 19 18 118 19 91 117 96 90 119 97 51 120 51 50 121 50 111 122 98 111 122 98 50 121 50 98 123 99 111 122 98 98 123 99 110 124 100 110 124 100 98 123 99 99 125 101 110 124 100 99 125 101 109 126 102 109 126 102 99 125 101 100 127 103 109 126 102 100 127 103 108 128 104 108 128 104 100 127 103 101 129 105 108 128 104 101 129 105 107 130 106 107 130 106 101 129 105 102 131 107 107 130 106 102 131 107 106 132 108 106 132 108 102 131 107 103 133 109 106 132 108 103 133 109 105 134 110 105 134 110 103 133 109 104 135 111 104 136 111 112 137 112 105 138 110 105 138 110 112 137 112 113 139 113 113 140 113 112 141 112 127 142 114 127 142 114 112 141 112 114 143 115 127 142 114 114 143 115 126 144 116 126 144 116 114 143 115 115 145 117 126 144 116 115 145 117 125 146 118 125 146 118 115 145 117 116 147 119 125 146 118 116 147 119 124 148 120 124 148 120 116 147 119 117 149 121 124 148 120 117 149 121 123 150 122 123 150 122 117 149 121 118 151 123 123 150 122 118 151 123 122 152 124 122 152 124 118 151 123 119 153 125 122 152 124 119 153 125 121 154 126 121 154 126 119 153 125 120 155 127 67 156 52 121 157 126 52 158 53 52 158 53 121 157 126 120 159 127 129 160 128 163 161 129 128 162 130 128 162 130 163 161 129 164 163 131 128 164 130 164 165 131 151 166 132 151 166 132 164 165 131 165 167 133 151 166 132 165 167 133 150 168 134 150 168 134 165 167 133 166 169 135 150 168 134 166 169 135 149 170 136 149 170 136 166 169 135 167 171 137 149 170 136 167 171 137 148 172 138 148 172 138 167 171 137 168 173 139 148 172 138 168 173 139 147 174 140 147 174 140 168 173 139 169 175 141 147 174 140 169 175 141 146 176 142 146 176 142 169 175 141 170 177 143 146 176 142 170 177 143 145 178 144 145 178 144 170 177 143 171 179 145 145 178 144 171 179 145 144 180 146 144 180 146 171 179 145 172 181 147 144 180 146 172 181 147 143 182 148 143 182 148 172 181 147 173 183 149 143 182 148 173 183 149 142 184 150 142 184 150 173 183 149 174 185 151 142 184 150 174 185 151 141 186 152 141 186 152 174 185 151 175 187 153 141 186 152 175 187 153 140 188 154 140 188 154 175 187 153 152 189 155 140 188 154 152 189 155 139 190 156 139 190 156 152 189 155 153 191 157 139 190 156 153 191 157 138 192 158 138 192 158 153 191 157 154 193 159 138 192 158 154 193 159 137 194 160 137 194 160 154 193 159 155 195 161 137 194 160 155 195 161 136 196 162 136 196 162 155 195 161 156 197 163 136 196 162 156 197 163 135 198 164 135 198 164 156 197 163 157 199 165 135 198 164 157 199 165 134 200 166 134 200 166 157 199 165 158 201 167 134 200 166 158 201 167 133 202 168 133 202 168 158 201 167 159 203 169 133 202 168 159 203 169 132 204 170 132 204 170 159 203 169 160 205 171 132 204 170 160 205 171 131 206 172 131 206 172 160 205 171 161 207 173 131 206 172 161 207 173 130 208 174 130 208 174 161 207 173 162 209 175 130 208 174 162 209 175 129 160 128 129 160 128 162 209 175 163 161 129 211 210 176 176 211 177 210 212 178 210 212 178 176 211 177 177 213 179 210 212 178 177 213 179 209 214 180 209 214 180 177 213 179 178 215 181 209 214 180 178 215 181 208 216 182 208 216 182 178 215 181 179 217 183 208 216 182 179 217 183 207 218 184 207 218 184 179 217 183 180 219 185 207 218 184 180 219 185 206 220 186 206 220 186 180 219 185 181 221 187 206 220 186 181 221 187 205 222 188 205 222 188 181 221 187 182 223 189 205 222 188 182 223 189 204 224 190 204 224 190 182 223 189 183 225 191 204 224 190 183 225 191 203 226 192 203 226 192 183 225 191 184 227 193 203 226 192 184 227 193 202 228 194 202 228 194 184 227 193 185 229 195 202 228 194 185 229 195 201 230 196 201 230 196 185 229 195 186 231 197 201 230 196 186 231 197 200 232 198 200 232 198 186 231 197 187 233 199 200 232 198 187 233 199 199 234 200 199 234 200 187 233 199 188 235 201 199 234 200 188 235 201 198 236 202 198 236 202 188 235 201 189 237 203 198 236 202 189 237 203 197 238 204 197 238 204 189 237 203 190 239 205 197 238 204 190 239 205 196 240 206 196 240 206 190 239 205 191 241 207 196 240 206 191 241 207 195 242 208 195 242 208 191 241 207 192 243 209 195 242 208 192 243 209 194 244 210 194 244 210 192 243 209 193 245 211 193 246 211 212 247 212 194 248 210 194 248 210 212 247 212 213 249 213 213 250 213 212 251 212 247 252 214 247 252 214 212 251 212 214 253 215 247 252 214 214 253 215 246 254 216 246 254 216 214 253 215 215 255 217 246 254 216 215 255 217 245 256 218 245 256 218 215 255 217 216 257 219 245 256 218 216 257 219 244 258 220 244 258 220 216 257 219 217 259 221 244 258 220 217 259 221 243 260 222 243 260 222 217 259 221 218 261 223 243 260 222 218 261 223 242 262 224 242 262 224 218 261 223 219 263 225 242 262 224 219 263 225 241 264 226 241 264 226 219 263 225 220 265 227 241 264 226 220 265 227 240 266 228 240 266 228 220 265 227 221 267 229 240 266 228 221 267 229 239 268 230 239 268 230 221 267 229 222 269 231 239 268 230 222 269 231 238 270 232 238 270 232 222 269 231 223 271 233 238 270 232 223 271 233 237 272 234 237 272 234 223 271 233 224 273 235 237 272 234 224 273 235 236 274 236 236 274 236 224 273 235 225 275 237 236 274 236 225 275 237 235 276 238 235 276 238 225 275 237 226 277 239 235 276 238 226 277 239 234 278 240 234 278 240 226 277 239 227 279 241 234 278 240 227 279 241 233 280 242 233 280 242 227 279 241 228 281 243 233 280 242 228 281 243 232 282 244 232 282 244 228 281 243 229 283 245 232 282 244 229 283 245 231 284 246 231 284 246 229 283 245 230 285 247 230 286 248 176 287 249 231 288 250 231 288 250 176 287 249 211 289 251 151 290 252 203 291 253 128 292 254 128 292 254 203 291 253 202 293 255 128 292 254 202 293 255 129 294 256 129 294 256 202 293 255 201 295 257 129 294 256 201 295 257 130 296 258 130 296 258 201 295 257 200 297 259 130 296 258 200 297 259 131 298 260 131 298 260 200 297 259 199 299 261 131 298 260 199 299 261 132 300 262 132 300 262 199 299 261 198 301 263 132 300 262 198 301 263 197 302 264 203 291 253 151 290 252 204 303 265 204 303 265 151 290 252 150 304 266 204 303 265 150 304 266 205 305 267 205 305 267 150 304 266 149 306 268 205 305 267 149 306 268 206 307 269 206 307 269 149 306 268 148 308 270 206 307 269 148 308 270 207 309 271 207 309 271 148 308 270 208 310 272 208 310 272 148 308 270 211 311 273 208 310 272 211 311 273 209 312 274 209 312 274 211 311 273 210 313 275 148 308 270 147 314 276 211 311 273 211 311 273 147 314 276 146 315 277 211 311 273 146 315 277 231 316 278 231 316 278 146 315 277 145 317 279 231 316 278 145 317 279 144 318 280 143 319 281 236 320 282 144 318 280 144 318 280 236 320 282 235 321 283 144 318 280 235 321 283 234 322 284 236 320 282 143 319 281 237 323 285 237 323 285 143 319 281 142 324 286 237 323 285 142 324 286 238 325 287 238 325 287 142 324 286 141 326 288 238 325 287 141 326 288 239 327 289 239 327 289 141 326 288 140 328 290 239 327 289 140 328 290 240 329 291 240 329 291 140 328 290 139 330 292 240 329 291 139 330 292 241 331 293 241 331 293 139 330 292 138 332 294 241 331 293 138 332 294 242 333 295 242 333 295 138 332 294 137 334 296 242 333 295 137 334 296 243 335 297 243 335 297 137 334 296 136 336 298 243 335 297 136 336 298 244 337 299 244 337 299 136 336 298 245 338 300 245 338 300 136 336 298 213 339 301 245 338 300 213 339 301 246 340 302 246 340 302 213 339 301 247 341 303 136 336 298 135 342 304 213 339 301 213 339 301 135 342 304 134 343 305 213 339 301 134 343 305 194 344 306 194 344 306 134 343 305 133 345 307 194 344 306 133 345 307 132 300 262 132 300 262 197 302 264 194 344 306 194 344 306 197 302 264 196 346 308 194 344 306 196 346 308 195 347 309 144 318 280 234 322 284 231 316 278 231 316 278 234 322 284 233 348 310 231 316 278 233 348 310 232 349 311 248 350 312 249 351 313 251 352 314 251 352 314 249 351 313 250 353 315 252 354 316 253 355 317 255 356 318 255 356 318 253 355 317 254 357 319 257 358 320 327 359 321 256 360 322 256 360 322 327 359 321 292 361 323 256 362 322 292 363 323 291 364 324 291 364 324 292 363 323 293 365 325 291 364 324 293 365 325 294 366 326 257 358 320 258 367 327 327 359 321 327 359 321 258 367 327 326 368 328 326 368 328 258 367 327 259 369 329 326 368 328 259 369 329 325 370 330 325 370 330 259 369 329 260 371 331 325 370 330 260 371 331 324 372 332 324 372 332 260 371 331 261 373 333 324 372 332 261 373 333 323 374 334 323 374 334 261 373 333 262 375 335 323 374 334 262 375 335 322 376 336 322 376 336 262 375 335 263 377 337 322 376 336 263 377 337 321 378 338 321 378 338 263 377 337 264 379 339 321 378 338 264 379 339 320 380 340 320 380 340 264 379 339 265 381 341 320 380 340 265 381 341 319 382 342 319 382 342 265 381 341 266 383 343 319 382 342 266 383 343 318 384 344 318 384 344 266 383 343 267 385 345 318 384 344 267 385 345 317 386 346 317 386 346 267 385 345 268 387 347 317 386 346 268 387 347 316 388 348 316 388 348 268 387 347 269 389 349 316 388 348 269 389 349 315 390 350 315 390 350 269 389 349 270 391 351 315 390 350 270 391 351 314 392 352 314 392 352 270 391 351 271 393 353 314 392 352 271 393 353 313 394 354 313 394 354 271 393 353 272 395 355 313 394 354 272 395 355 312 396 356 312 396 356 272 395 355 273 397 357 312 396 356 273 397 357 311 398 358 311 398 358 273 397 357 274 399 359 311 398 358 274 399 359 310 400 360 310 400 360 274 399 359 275 401 361 310 400 360 275 401 361 309 402 362 309 402 362 275 401 361 276 403 363 309 402 362 276 403 363 308 404 364 308 404 364 276 403 363 277 405 365 308 404 364 277 405 365 307 406 366 307 406 366 277 405 365 278 407 367 307 406 366 278 407 367 306 408 368 306 408 368 278 407 367 279 409 369 306 408 368 279 409 369 305 410 370 305 410 370 279 409 369 280 411 371 305 410 370 280 411 371 304 412 372 304 412 372 280 411 371 281 413 373 304 412 372 281 413 373 303 414 374 303 414 374 281 413 373 282 415 375 303 414 374 282 415 375 302 416 376 302 416 376 282 415 375 283 417 377 302 416 376 283 417 377 301 418 378 301 418 378 283 417 377 284 419 379 301 418 378 284 419 379 300 420 380 300 420 380 284 419 379 285 421 381 300 420 380 285 421 381 299 422 382 299 422 382 285 421 381 286 423 383 299 422 382 286 423 383 298 424 384 298 424 384 286 423 383 287 425 385 298 424 384 287 425 385 297 426 386 297 426 386 287 425 385 288 427 387 297 426 386 288 427 387 296 428 388 296 428 388 288 427 387 289 429 389 296 428 388 289 429 389 295 430 390 295 430 390 289 429 389 290 431 391 295 430 390 290 431 391 294 366 326 294 366 326 290 431 391 291 364 324 250 432 392 249 433 393 389 434 394 389 434 394 249 433 393 328 435 395 389 434 394 328 435 395 388 436 396 388 436 396 328 435 395 329 437 397 388 436 396 329 437 397 387 438 398 387 438 398 329 437 397 330 439 399 387 438 398 330 439 399 386 440 400 386 440 400 330 439 399 331 441 401 386 440 400 331 441 401 385 442 402 385 442 402 331 441 401 332 443 403 385 442 402 332 443 403 384 444 404 384 444 404 332 443 403 333 445 405 384 444 404 333 445 405 383 446 406 383 446 406 333 445 405 334 447 407 383 446 406 334 447 407 382 448 408 382 448 408 334 447 407 335 449 409 382 448 408 335 449 409 381 450 410 381 450 410 335 449 409 336 451 411 381 450 410 336 451 411 380 452 412 380 452 412 336 451 411 337 453 413 380 452 412 337 453 413 379 454 414 379 454 414 337 453 413 338 455 415 379 454 414 338 455 415 378 456 416 378 456 416 338 455 415 339 457 417 378 456 416 339 457 417 377 458 418 377 458 418 339 457 417 340 459 419 377 458 418 340 459 419 376 460 420 376 460 420 340 459 419 341 461 421 376 460 420 341 461 421 375 462 422 375 462 422 341 461 421 342 463 423 375 462 422 342 463 423 374 464 424 374 464 424 342 463 423 343 465 425 374 464 424 343 465 425 373 466 426 373 466 426 343 465 425 344 467 427 373 466 426 344 467 427 372 468 428 372 468 428 344 467 427 345 469 429 372 468 428 345 469 429 371 470 430 371 470 430 345 469 429 346 471 431 371 470 430 346 471 431 370 472 432 370 472 432 346 471 431 347 473 433 370 472 432 347 473 433 369 474 434 369 474 434 347 473 433 348 475 435 369 474 434 348 475 435 368 476 436 368 476 436 348 475 435 349 477 437 368 476 436 349 477 437 367 478 438 367 478 438 349 477 437 350 479 439 367 478 438 350 479 439 366 480 440 366 480 440 350 479 439 351 481 441 366 480 440 351 481 441 365 482 442 365 482 442 351 481 441 352 483 443 365 482 442 352 483 443 364 484 444 364 484 444 352 483 443 353 485 445 364 484 444 353 485 445 363 486 446 363 486 446 353 485 445 354 487 447 363 486 446 354 487 447 362 488 448 362 488 448 354 487 447 355 489 449 362 488 448 355 489 449 361 490 450 361 490 450 355 489 449 356 491 451 361 490 450 356 491 451 360 492 452 360 492 452 356 491 451 357 493 453 360 492 452 357 493 453 359 494 454 359 494 454 357 493 453 358 495 455 359 494 454 358 495 455 255 496 318 255 496 318 358 495 455 252 497 316 391 498 456 461 499 457 390 500 458 390 500 458 461 499 457 426 501 459 390 502 458 426 503 459 425 504 460 425 504 460 426 503 459 427 505 461 425 504 460 427 505 461 428 506 462 391 498 456 392 507 463 461 499 457 461 499 457 392 507 463 460 508 464 460 508 464 392 507 463 393 509 465 460 508 464 393 509 465 459 510 466 459 510 466 393 509 465 394 511 467 459 510 466 394 511 467 458 512 468 458 512 468 394 511 467 395 513 469 458 512 468 395 513 469 457 514 470 457 514 470 395 513 469 396 515 471 457 514 470 396 515 471 456 516 472 456 516 472 396 515 471 397 517 473 456 516 472 397 517 473 455 518 474 455 518 474 397 517 473 398 519 475 455 518 474 398 519 475 454 520 476 454 520 476 398 519 475 399 521 477 454 520 476 399 521 477 453 522 478 453 522 478 399 521 477 400 523 479 453 522 478 400 523 479 452 524 480 452 524 480 400 523 479 401 525 481 452 524 480 401 525 481 451 526 482 451 526 482 401 525 481 402 527 483 451 526 482 402 527 483 450 528 484 450 528 484 402 527 483 403 529 485 450 528 484 403 529 485 449 530 486 449 530 486 403 529 485 404 531 487 449 530 486 404 531 487 448 532 488 448 532 488 404 531 487 405 533 489 448 532 488 405 533 489 447 534 490 447 534 490 405 533 489 406 535 491 447 534 490 406 535 491 446 536 492 446 536 492 406 535 491 407 537 493 446 536 492 407 537 493 445 538 494 445 538 494 407 537 493 408 539 495 445 538 494 408 539 495 444 540 496 444 540 496 408 539 495 409 541 497 444 540 496 409 541 497 443 542 498 443 542 498 409 541 497 410 543 499 443 542 498 410 543 499 442 544 500 442 544 500 410 543 499 411 545 501 442 544 500 411 545 501 441 546 502 441 546 502 411 545 501 412 547 503 441 546 502 412 547 503 440 548 504 440 548 504 412 547 503 413 549 505 440 548 504 413 549 505 439 550 506 439 550 506 413 549 505 414 551 507 439 550 506 414 551 507 438 552 508 438 552 508 414 551 507 415 553 509 438 552 508 415 553 509 437 554 510 437 554 510 415 553 509 416 555 511 437 554 510 416 555 511 436 556 512 436 556 512 416 555 511 417 557 513 436 556 512 417 557 513 435 558 514 435 558 514 417 557 513 418 559 515 435 558 514 418 559 515 434 560 516 434 560 516 418 559 515 419 561 517 434 560 516 419 561 517 433 562 518 433 562 518 419 561 517 420 563 519 433 562 518 420 563 519 432 564 520 432 564 520 420 563 519 421 565 521 432 564 520 421 565 521 431 566 522 431 566 522 421 565 521 422 567 523 431 566 522 422 567 523 430 568 524 430 568 524 422 567 523 423 569 525 430 568 524 423 569 525 429 570 526 429 570 526 423 569 525 424 571 527 429 570 526 424 571 527 428 506 462 428 506 462 424 571 527 425 504 460 248 572 312 251 573 314 523 574 528 523 574 528 251 573 314 462 575 529 523 574 528 462 575 529 522 576 530 522 576 530 462 575 529 463 577 531 522 576 530 463 577 531 521 578 532 521 578 532 463 577 531 464 579 533 521 578 532 464 579 533 520 580 534 520 580 534 464 579 533 465 581 535 520 580 534 465 581 535 519 582 536 519 582 536 465 581 535 466 583 537 519 582 536 466 583 537 518 584 538 518 584 538 466 583 537 467 585 539 518 584 538 467 585 539 517 586 540 517 586 540 467 585 539 468 587 541 517 586 540 468 587 541 516 588 542 516 588 542 468 587 541 469 589 543 516 588 542 469 589 543 515 590 544 515 590 544 469 589 543 470 591 545 515 590 544 470 591 545 514 592 546 514 592 546 470 591 545 471 593 547 514 592 546 471 593 547 513 594 548 513 594 548 471 593 547 472 595 549 513 594 548 472 595 549 512 596 550 512 596 550 472 595 549 473 597 551 512 596 550 473 597 551 511 598 552 511 598 552 473 597 551 474 599 553 511 598 552 474 599 553 510 600 554 510 600 554 474 599 553 475 601 555 510 600 554 475 601 555 509 602 556 509 602 556 475 601 555 476 603 557 509 602 556 476 603 557 508 604 558 508 604 558 476 603 557 477 605 559 508 604 558 477 605 559 507 606 560 507 606 560 477 605 559 478 607 561 507 606 560 478 607 561 506 608 562 506 608 562 478 607 561 479 609 563 506 608 562 479 609 563 505 610 564 505 610 564 479 609 563 480 611 565 505 610 564 480 611 565 504 612 566 504 612 566 480 611 565 481 613 567 504 612 566 481 613 567 503 614 568 503 614 568 481 613 567 482 615 569 503 614 568 482 615 569 502 616 570 502 616 570 482 615 569 483 617 571 502 616 570 483 617 571 501 618 572 501 618 572 483 617 571 484 619 573 501 618 572 484 619 573 500 620 574 500 620 574 484 619 573 485 621 575 500 620 574 485 621 575 499 622 576 499 622 576 485 621 575 486 623 577 499 622 576 486 623 577 498 624 578 498 624 578 486 623 577 487 625 579 498 624 578 487 625 579 497 626 580 497 626 580 487 625 579 488 627 581 497 626 580 488 627 581 496 628 582 496 628 582 488 627 581 489 629 583 496 628 582 489 629 583 495 630 584 495 630 584 489 629 583 490 631 585 495 630 584 490 631 585 494 632 586 494 632 586 490 631 585 491 633 587 494 632 586 491 633 587 493 634 588 493 634 588 491 633 587 492 635 589 493 634 588 492 635 589 253 636 317 253 636 317 492 635 589 254 637 319 25 638 590 426 639 591 0 640 592 0 640 592 426 639 591 461 641 593 0 640 592 461 641 593 460 642 594 24 643 595 435 644 596 25 638 590 25 638 590 435 644 596 434 645 597 25 638 590 434 645 597 433 646 598 435 644 596 24 643 595 483 647 599 483 647 599 24 643 595 23 648 600 483 647 599 23 648 600 22 649 601 483 647 599 22 649 601 484 650 602 484 650 602 22 649 601 21 651 603 484 650 602 21 651 603 485 652 604 485 652 604 21 651 603 20 653 605 485 652 604 20 653 605 486 654 606 486 654 606 20 653 605 19 655 607 486 654 606 19 655 607 487 656 608 487 656 608 19 655 607 488 657 609 488 657 609 19 655 607 254 658 610 488 657 609 254 658 610 489 659 611 489 659 611 254 658 610 490 660 612 490 660 612 254 658 610 491 661 613 491 661 613 254 658 610 492 662 614 19 655 607 18 663 615 254 658 610 254 658 610 18 663 615 189 664 616 254 658 610 189 664 616 188 665 617 90 666 618 191 667 619 18 663 615 18 663 615 191 667 619 190 668 620 18 663 615 190 668 620 189 664 616 89 669 621 193 670 622 90 666 618 90 666 618 193 670 622 192 671 623 90 666 618 192 671 623 191 667 619 89 669 621 88 672 624 193 670 622 193 670 622 88 672 624 87 673 625 193 670 622 87 673 625 86 674 626 86 674 626 85 675 627 193 670 622 193 670 622 85 675 627 84 676 628 193 670 622 84 676 628 82 677 629 82 677 629 74 678 630 193 670 622 193 670 622 74 678 630 212 679 631 212 679 631 74 678 630 73 680 632 212 679 631 73 680 632 72 681 633 72 681 633 71 682 634 212 679 631 212 679 631 71 682 634 70 683 635 212 679 631 70 683 635 69 684 636 69 684 636 68 685 637 212 679 631 212 679 631 68 685 637 16 686 638 212 679 631 16 686 638 214 687 639 214 687 639 16 686 638 215 688 640 215 688 640 16 686 638 7 689 641 215 688 640 7 689 641 216 690 642 216 690 642 7 689 641 217 691 643 217 691 643 7 689 641 251 692 644 217 691 643 251 692 644 218 693 645 218 693 645 251 692 644 219 694 646 219 694 646 251 692 644 220 695 647 220 695 647 251 692 644 221 696 648 221 696 648 251 692 644 250 697 649 221 696 648 250 697 649 222 698 650 222 698 650 250 697 649 223 699 651 223 699 651 250 697 649 224 700 652 224 700 652 250 697 649 225 701 653 225 701 653 250 697 649 226 702 654 226 702 654 250 697 649 50 703 655 226 702 654 50 703 655 227 704 656 227 704 656 50 703 655 228 705 657 228 705 657 50 703 655 41 706 658 228 705 657 41 706 658 229 707 659 229 707 659 41 706 658 230 708 660 230 708 660 41 706 658 40 709 661 230 708 660 40 709 661 39 710 662 7 689 641 6 711 663 251 692 644 251 692 644 6 711 663 466 712 664 251 692 644 466 712 664 465 713 665 5 714 666 468 715 667 6 711 663 6 711 663 468 715 667 467 716 668 6 711 663 467 716 668 466 712 664 468 715 667 5 714 666 469 717 669 469 717 669 5 714 666 4 718 670 469 717 669 4 718 670 470 719 671 470 719 671 4 718 670 3 720 672 470 719 671 3 720 672 471 721 673 471 721 673 3 720 672 2 722 674 471 721 673 2 722 674 1 723 675 471 721 673 1 723 675 453 724 676 453 724 676 1 723 675 0 640 592 453 724 676 0 640 592 454 725 677 454 725 677 0 640 592 455 726 678 455 726 678 0 640 592 456 727 679 456 727 679 0 640 592 457 728 680 457 728 680 0 640 592 458 729 681 458 729 681 0 640 592 459 730 682 459 730 682 0 640 592 460 642 594 120 731 683 178 732 684 52 733 685 52 733 685 178 732 684 177 734 686 52 733 685 177 734 686 176 735 687 119 736 688 255 737 689 120 731 683 120 731 683 255 737 689 180 738 690 120 731 683 180 738 690 179 739 691 118 740 692 365 741 693 119 736 688 119 736 688 365 741 693 364 742 694 119 736 688 364 742 694 363 743 695 365 741 693 118 740 692 366 744 696 366 744 696 118 740 692 117 745 697 366 744 696 117 745 697 367 746 698 367 746 698 117 745 697 116 747 699 367 746 698 116 747 699 368 748 700 368 748 700 116 747 699 115 749 701 368 748 700 115 749 701 114 750 702 368 748 700 114 750 702 301 751 703 301 751 703 114 750 702 112 752 704 301 751 703 112 752 704 302 753 705 302 753 705 112 752 704 303 754 706 303 754 706 112 752 704 304 755 707 304 755 707 112 752 704 305 756 708 305 756 708 112 752 704 306 757 709 306 757 709 112 752 704 307 758 710 307 758 710 112 752 704 308 759 711 308 759 711 112 752 704 309 760 712 309 760 712 112 752 704 310 761 713 310 761 713 112 752 704 104 762 714 310 761 713 104 762 714 311 763 715 311 763 715 104 762 714 312 764 716 312 764 716 104 762 714 313 765 717 313 765 717 104 762 714 314 766 718 314 766 718 104 762 714 315 767 719 315 767 719 104 762 714 316 768 720 316 768 720 104 762 714 317 769 721 317 769 721 104 762 714 318 770 722 318 770 722 104 762 714 319 771 723 319 771 723 104 762 714 103 772 724 319 771 723 103 772 724 102 773 725 102 773 725 101 774 726 319 771 723 319 771 723 101 774 726 386 775 727 319 771 723 386 775 727 320 776 728 320 776 728 386 775 727 321 777 729 321 777 729 386 775 727 322 778 730 322 778 730 386 775 727 323 779 731 323 779 731 386 775 727 324 780 732 324 780 732 386 775 727 325 781 733 325 781 733 386 775 727 326 782 734 326 782 734 386 775 727 327 783 735 327 783 735 386 775 727 292 784 736 292 784 736 386 775 727 383 785 737 292 784 736 383 785 737 382 786 738 101 774 726 100 787 739 386 775 727 386 775 727 100 787 739 99 788 740 386 775 727 99 788 740 98 789 741 386 775 727 98 789 741 250 697 649 250 697 649 98 789 741 50 703 655 39 710 662 38 790 742 230 708 660 230 708 660 38 790 742 37 791 743 230 708 660 37 791 743 36 792 744 36 792 744 35 793 745 230 708 660 230 708 660 35 793 745 34 794 746 230 708 660 34 794 746 59 795 747 230 708 660 59 795 747 176 735 687 176 735 687 59 795 747 58 796 748 176 735 687 58 796 748 57 797 749 57 797 749 56 798 750 176 735 687 176 735 687 56 798 750 55 799 751 176 735 687 55 799 751 54 800 752 54 800 752 53 801 753 176 735 687 176 735 687 53 801 753 52 733 685 188 665 617 187 802 754 254 658 610 254 658 610 187 802 754 186 803 755 254 658 610 186 803 755 185 804 756 254 658 610 185 804 756 255 737 689 255 737 689 185 804 756 184 805 757 255 737 689 184 805 757 183 806 758 183 806 758 182 807 759 255 737 689 255 737 689 182 807 759 181 808 760 255 737 689 181 808 760 180 738 690 179 739 691 178 732 684 120 731 683 368 748 700 301 751 703 369 809 761 369 809 761 301 751 703 300 810 762 369 809 761 300 810 762 370 811 763 370 811 763 300 810 762 299 812 764 370 811 763 299 812 764 371 813 765 371 813 765 299 812 764 298 814 766 371 813 765 298 814 766 297 815 767 371 813 765 297 815 767 372 816 768 372 816 768 297 815 767 296 817 769 372 816 768 296 817 769 295 818 770 372 816 768 295 818 770 373 819 771 373 819 771 295 818 770 294 820 772 373 819 771 294 820 772 293 821 773 373 819 771 293 821 773 374 822 774 374 822 774 293 821 773 292 784 736 374 822 774 292 784 736 375 823 775 375 823 775 292 784 736 376 824 776 376 824 776 292 784 736 377 825 777 377 825 777 292 784 736 378 826 778 378 826 778 292 784 736 379 827 779 379 827 779 292 784 736 380 828 780 380 828 780 292 784 736 381 829 781 381 829 781 292 784 736 382 786 738 453 724 676 452 830 782 471 721 673 471 721 673 452 830 782 451 831 783 471 721 673 451 831 783 450 832 784 450 832 784 449 833 785 471 721 673 471 721 673 449 833 785 472 834 786 472 834 786 449 833 785 473 835 787 473 835 787 449 833 785 474 836 788 474 836 788 449 833 785 475 837 789 475 837 789 449 833 785 448 838 790 475 837 789 448 838 790 447 839 791 475 837 789 447 839 791 476 840 792 476 840 792 447 839 791 446 841 793 476 840 792 446 841 793 445 842 794 476 840 792 445 842 794 477 843 795 477 843 795 445 842 794 444 844 796 477 843 795 444 844 796 443 845 797 477 843 795 443 845 797 478 846 798 478 846 798 443 845 797 442 847 799 478 846 798 442 847 799 441 848 800 478 846 798 441 848 800 479 849 801 479 849 801 441 848 800 440 850 802 479 849 801 440 850 802 439 851 803 479 849 801 439 851 803 480 852 804 480 852 804 439 851 803 438 853 805 480 852 804 438 853 805 437 854 806 480 852 804 437 854 806 481 855 807 481 855 807 437 854 806 436 856 808 481 855 807 436 856 808 482 857 809 482 857 809 436 856 808 435 644 596 482 857 809 435 644 596 483 647 599 433 646 598 432 858 810 25 638 590 25 638 590 432 858 810 431 859 811 25 638 590 431 859 811 430 860 812 430 860 812 429 861 813 25 638 590 25 638 590 429 861 813 428 862 814 25 638 590 428 862 814 427 863 815 427 863 815 426 639 591 25 638 590 465 713 665 464 864 816 251 692 644 251 692 644 464 864 816 463 865 817 251 692 644 463 865 817 462 866 818 389 867 819 388 868 820 250 697 649 250 697 649 388 868 820 387 869 821 250 697 649 387 869 821 386 775 727 385 870 822 384 871 823 386 775 727 386 775 727 384 871 823 383 785 737 119 736 688 363 743 695 255 737 689 255 737 689 363 743 695 362 872 824 255 737 689 362 872 824 361 873 825 361 873 825 360 874 826 255 737 689 255 737 689 360 874 826 359 875 827 15 876 828 390 877 829 26 878 830 26 878 830 390 877 829 425 879 831 26 878 830 425 879 831 424 880 832 14 881 833 399 882 834 15 876 828 15 876 828 399 882 834 398 883 835 15 876 828 398 883 835 397 884 836 399 882 834 14 881 833 514 885 837 514 885 837 14 881 833 13 886 838 514 885 837 13 886 838 12 887 839 514 885 837 12 887 839 515 888 840 515 888 840 12 887 839 11 889 841 515 888 840 11 889 841 516 890 842 516 890 842 11 889 841 10 891 843 516 890 842 10 891 843 517 892 844 517 892 844 10 891 843 9 893 845 517 892 844 9 893 845 518 894 846 518 894 846 9 893 845 519 895 847 519 895 847 9 893 845 248 896 848 519 895 847 248 896 848 520 897 849 520 897 849 248 896 848 521 898 850 521 898 850 248 896 848 522 899 851 522 899 851 248 896 848 523 900 852 9 893 845 8 901 853 248 896 848 248 896 848 8 901 853 17 902 854 248 896 848 17 902 854 249 903 855 249 903 855 17 902 854 42 904 856 249 903 855 42 904 856 51 905 857 42 904 856 17 902 854 43 906 858 43 906 858 17 902 854 81 907 859 43 906 858 81 907 859 80 908 860 43 906 858 80 908 860 44 909 861 44 909 861 80 908 860 79 910 862 44 909 861 79 910 862 45 911 863 45 911 863 79 910 862 78 912 864 45 911 863 78 912 864 46 913 865 46 913 865 78 912 864 77 914 866 46 913 865 77 914 866 47 915 867 47 915 867 77 914 866 76 916 868 47 915 867 76 916 868 48 917 869 48 917 869 76 916 868 75 918 870 48 917 869 75 918 870 49 919 871 49 919 871 75 918 870 152 920 872 49 919 871 152 920 872 175 921 873 83 922 874 158 923 875 75 918 870 75 918 870 158 923 875 157 924 876 75 918 870 157 924 876 156 925 877 97 926 878 61 927 879 83 922 874 83 922 874 61 927 879 60 928 880 83 922 874 60 928 880 164 929 881 164 929 881 60 928 880 165 930 882 165 930 882 60 928 880 166 931 883 166 931 883 60 928 880 167 932 884 167 932 884 60 928 880 168 933 885 168 933 885 60 928 880 169 934 886 169 934 886 60 928 880 170 935 887 170 935 887 60 928 880 49 919 871 170 935 887 49 919 871 171 936 888 171 936 888 49 919 871 172 937 889 172 937 889 49 919 871 173 938 890 173 938 890 49 919 871 174 939 891 174 939 891 49 919 871 175 921 873 61 927 879 97 926 878 62 940 892 62 940 892 97 926 878 96 941 893 62 940 892 96 941 893 63 942 894 63 942 894 96 941 893 95 943 895 63 942 894 95 943 895 64 944 896 64 944 896 95 943 895 94 945 897 64 944 896 94 945 897 65 946 898 65 946 898 94 945 897 93 947 899 65 946 898 93 947 899 66 948 900 66 948 900 93 947 899 92 949 901 66 948 900 92 949 901 91 950 902 33 951 903 253 952 904 91 950 902 91 950 902 253 952 904 252 953 905 91 950 902 252 953 905 67 954 906 67 954 906 252 953 905 121 955 907 121 955 907 252 953 905 122 956 908 122 956 908 252 953 905 354 957 909 122 956 908 354 957 909 353 958 910 33 951 903 32 959 911 253 952 904 253 952 904 32 959 911 497 960 912 253 952 904 497 960 912 496 961 913 31 962 914 499 963 915 32 959 911 32 959 911 499 963 915 498 964 916 32 959 911 498 964 916 497 960 912 31 962 914 30 965 917 499 963 915 499 963 915 30 965 917 29 966 918 499 963 915 29 966 918 28 967 919 499 963 915 28 967 919 417 968 920 417 968 920 28 967 919 27 969 921 417 968 920 27 969 921 26 878 830 67 954 906 66 948 900 91 950 902 51 905 857 111 970 922 249 903 855 249 903 855 111 970 922 331 971 923 249 903 855 331 971 923 330 972 924 111 970 922 110 973 925 331 971 923 331 971 923 110 973 925 109 974 926 331 971 923 109 974 926 108 975 927 331 971 923 108 975 927 265 976 928 265 976 928 108 975 927 107 977 929 265 976 928 107 977 929 106 978 930 106 978 930 105 979 931 265 976 928 265 976 928 105 979 931 266 980 932 266 980 932 105 979 931 267 981 933 267 981 933 105 979 931 268 982 934 268 982 934 105 979 931 269 983 935 269 983 935 105 979 931 270 984 936 270 984 936 105 979 931 271 985 937 271 985 937 105 979 931 272 986 938 272 986 938 105 979 931 273 987 939 273 987 939 105 979 931 274 988 940 274 988 940 105 979 931 113 989 941 274 988 940 113 989 941 275 990 942 275 990 942 113 989 941 276 991 943 276 991 943 113 989 941 277 992 944 277 992 944 113 989 941 278 993 945 278 993 945 113 989 941 279 994 946 279 994 946 113 989 941 280 995 947 280 995 947 113 989 941 281 996 948 281 996 948 113 989 941 282 997 949 282 997 949 113 989 941 283 998 950 283 998 950 113 989 941 127 999 951 283 998 950 127 999 951 349 1000 952 349 1000 952 127 999 951 126 1001 953 349 1000 952 126 1001 953 125 1002 954 349 1000 952 125 1002 954 350 1003 955 350 1003 955 125 1002 954 124 1004 956 350 1003 955 124 1004 956 351 1005 957 351 1005 957 124 1004 956 123 1006 958 351 1005 957 123 1006 958 352 1007 959 352 1007 959 123 1006 958 122 956 908 352 1007 959 122 956 908 353 958 910 164 929 881 163 1008 960 83 922 874 83 922 874 163 1008 960 162 1009 961 83 922 874 162 1009 961 161 1010 962 161 1010 962 160 1011 963 83 922 874 83 922 874 160 1011 963 159 1012 964 83 922 874 159 1012 964 158 923 875 156 925 877 155 1013 965 75 918 870 75 918 870 155 1013 965 154 1014 966 75 918 870 154 1014 966 153 1015 967 153 1015 967 152 920 872 75 918 870 291 1016 968 343 1017 969 256 1018 970 256 1018 970 343 1017 969 342 1019 971 256 1018 970 342 1019 971 341 1020 972 343 1017 969 291 1016 968 344 1021 973 344 1021 973 291 1016 968 290 1022 974 344 1021 973 290 1022 974 289 1023 975 344 1021 973 289 1023 975 345 1024 976 345 1024 976 289 1023 975 288 1025 977 345 1024 976 288 1025 977 287 1026 978 345 1024 976 287 1026 978 346 1027 979 346 1027 979 287 1026 978 286 1028 980 346 1027 979 286 1028 980 285 1029 981 346 1027 979 285 1029 981 347 1030 982 347 1030 982 285 1029 981 284 1031 983 347 1030 982 284 1031 983 348 1032 984 348 1032 984 284 1031 983 283 998 950 348 1032 984 283 998 950 349 1000 952 265 976 928 264 1033 985 331 971 923 331 971 923 264 1033 985 263 1034 986 331 971 923 263 1034 986 262 1035 987 262 1035 987 261 1036 988 331 971 923 331 971 923 261 1036 988 260 1037 989 331 971 923 260 1037 989 259 1038 990 259 1038 990 258 1039 991 331 971 923 331 971 923 258 1039 991 257 1040 992 331 971 923 257 1040 992 256 1018 970 424 880 832 423 1041 993 26 878 830 26 878 830 423 1041 993 422 1042 994 26 878 830 422 1042 994 421 1043 995 421 1043 995 420 1044 996 26 878 830 26 878 830 420 1044 996 419 1045 997 26 878 830 419 1045 997 418 1046 998 418 1046 998 417 968 920 26 878 830 417 968 920 416 1047 999 499 963 915 499 963 915 416 1047 999 415 1048 1000 499 963 915 415 1048 1000 414 1049 1001 414 1049 1001 413 1050 1002 499 963 915 499 963 915 413 1050 1002 412 1051 1003 499 963 915 412 1051 1003 411 1052 1004 411 1052 1004 410 1053 1005 499 963 915 499 963 915 410 1053 1005 409 1054 1006 499 963 915 409 1054 1006 500 1055 1007 500 1055 1007 409 1054 1006 501 1056 1008 501 1056 1008 409 1054 1006 502 1057 1009 502 1057 1009 409 1054 1006 503 1058 1010 503 1058 1010 409 1054 1006 504 1059 1011 504 1059 1011 409 1054 1006 505 1060 1012 505 1060 1012 409 1054 1006 506 1061 1013 506 1061 1013 409 1054 1006 507 1062 1014 507 1062 1014 409 1054 1006 508 1063 1015 508 1063 1015 409 1054 1006 408 1064 1016 508 1063 1015 408 1064 1016 407 1065 1017 508 1063 1015 407 1065 1017 509 1066 1018 509 1066 1018 407 1065 1017 406 1067 1019 509 1066 1018 406 1067 1019 405 1068 1020 509 1066 1018 405 1068 1020 510 1069 1021 510 1069 1021 405 1068 1020 404 1070 1022 510 1069 1021 404 1070 1022 403 1071 1023 510 1069 1021 403 1071 1023 511 1072 1024 511 1072 1024 403 1071 1023 402 1073 1025 511 1072 1024 402 1073 1025 401 1074 1026 511 1072 1024 401 1074 1026 512 1075 1027 512 1075 1027 401 1074 1026 400 1076 1028 512 1075 1027 400 1076 1028 513 1077 1029 513 1077 1029 400 1076 1028 399 882 834 513 1077 1029 399 882 834 514 885 837 397 884 836 396 1078 1030 15 876 828 15 876 828 396 1078 1030 395 1079 1031 15 876 828 395 1079 1031 394 1080 1032 394 1080 1032 393 1081 1033 15 876 828 15 876 828 393 1081 1033 392 1082 1034 15 876 828 392 1082 1034 391 1083 1035 391 1083 1035 390 877 829 15 876 828 496 961 913 495 1084 1036 253 952 904 253 952 904 495 1084 1036 494 1085 1037 253 952 904 494 1085 1037 493 1086 1038 358 1087 1039 357 1088 1040 252 953 905 252 953 905 357 1088 1040 356 1089 1041 252 953 905 356 1089 1041 355 1090 1042 355 1090 1042 354 957 909 252 953 905 341 1020 972 340 1091 1043 256 1018 970 256 1018 970 340 1091 1043 339 1092 1044 256 1018 970 339 1092 1044 338 1093 1045 338 1093 1045 337 1094 1046 256 1018 970 256 1018 970 337 1094 1046 336 1095 1047 256 1018 970 336 1095 1047 335 1096 1048 335 1096 1048 334 1097 1049 256 1018 970 256 1018 970 334 1097 1049 331 971 923 334 1097 1049 333 1098 1050 331 971 923 331 971 923 333 1098 1050 332 1099 1051 330 972 924 329 1100 1052 249 903 855 249 903 855 329 1100 1052 328 1101 1053</p>
        </triangles>
      </mesh>
    </geometry>
    <geometry id="mesh_3">
      <mesh>
        <source id="mesh_3-position" name="position">
          <float_array id="mesh_3-position-array" count="954">-154.83084106445312 -64.20243072509766 12.649999618530273 -154.3402557373047 -64.20243072509766 12.590431213378906 -153.87815856933594 -64.20243072509766 12.41518497467041 -153.47145080566406 -64.20243072509766 12.13444709777832 -153.1437225341797 -64.20243072509766 11.764533042907715 -152.9140625 -64.20243072509766 11.326939582824707 -152.79579162597656 -64.20243072509766 10.847100257873535 -152.79579162597656 -64.20243072509766 10.352899551391602 -152.9140625 -64.20243072509766 9.87306022644043 -153.1437225341797 -64.20243072509766 9.435466766357422 -153.47145080566406 -64.20243072509766 9.065552711486816 -153.87815856933594 -64.20243072509766 8.784814834594727 -154.3402557373047 -64.20243072509766 8.60956859588623 -154.83084106445312 -64.20243072509766 8.550000190734863 -155.32144165039062 -64.20243072509766 8.60956859588623 -155.7835235595703 -64.20243072509766 8.784814834594727 -156.19024658203125 -64.20243072509766 9.065552711486816 -156.51795959472656 -64.20243072509766 9.435466766357422 -156.7476348876953 -64.20243072509766 9.87306022644043 -156.86590576171875 -64.20243072509766 10.352899551391602 -156.86590576171875 -64.20243072509766 10.847100257873535 -156.7476348876953 -64.20243072509766 11.326939582824707 -156.51795959472656 -64.20243072509766 11.764533042907715 -156.19024658203125 -64.20243072509766 12.13444709777832 -155.7835235595703 -64.20243072509766 12.41518497467041 -155.32144165039062 -64.20243072509766 12.590431213378906 -154.83084106445312 -65.43419647216797 10.600000381469727 -154.83084106445312 -57.50243377685547 12.899999618530273 -154.30043029785156 -57.50243377685547 12.838003158569336 -153.79861450195312 -57.50243377685547 12.655355453491211 -153.35243225097656 -57.50243377685547 12.361902236938477 -152.9859619140625 -57.50243377685547 11.973464965820312 -152.7189483642578 -57.50243377685547 11.51098346710205 -152.56578063964844 -57.50243377685547 10.999390602111816 -152.5347442626953 -57.50243377685547 10.466266632080078 -152.62747192382812 -57.50243377685547 9.940353393554688 -152.8389892578125 -57.50243377685547 9.449999809265137 -153.1578826904297 -57.50243377685547 9.02164363861084 -153.5669708251953 -57.50243377685547 8.678378105163574 -154.04420471191406 -57.50243377685547 8.43870735168457 -154.56382751464844 -57.50243377685547 8.3155517578125 -155.0978546142578 -57.50243377685547 8.3155517578125 -155.61749267578125 -57.50243377685547 8.43870735168457 -156.09471130371094 -57.50243377685547 8.678378105163574 -156.50379943847656 -57.50243377685547 9.02164363861084 -156.8227081298828 -57.50243377685547 9.449999809265137 -157.0342254638672 -57.50243377685547 9.940353393554688 -157.126953125 -57.50243377685547 10.466266632080078 -157.0959014892578 -57.50243377685547 10.999390602111816 -156.9427490234375 -57.50243377685547 11.51098346710205 -156.6757354736328 -57.50243377685547 11.973464965820312 -156.30926513671875 -57.50243377685547 12.361902236938477 -155.8630828857422 -57.50243377685547 12.655355453491211 -155.36126708984375 -57.50243377685547 12.838003158569336 -154.83084106445312 -57.75243377685547 12.649999618530273 -155.32144165039062 -57.75243377685547 12.590431213378906 -155.7835235595703 -57.75243377685547 12.41518497467041 -156.19024658203125 -57.75243377685547 12.13444709777832 -156.51795959472656 -57.75243377685547 11.764533042907715 -156.7476348876953 -57.75243377685547 11.326939582824707 -156.86590576171875 -57.75243377685547 10.847100257873535 -156.86590576171875 -57.75243377685547 10.352899551391602 -156.7476348876953 -57.75243377685547 9.87306022644043 -156.51795959472656 -57.75243377685547 9.435466766357422 -156.19024658203125 -57.75243377685547 9.065552711486816 -155.7835235595703 -57.75243377685547 8.784814834594727 -155.32144165039062 -57.75243377685547 8.60956859588623 -154.83084106445312 -57.75243377685547 8.550000190734863 -154.3402557373047 -57.75243377685547 8.60956859588623 -153.87815856933594 -57.75243377685547 8.784814834594727 -153.47145080566406 -57.75243377685547 9.065552711486816 -153.1437225341797 -57.75243377685547 9.435466766357422 -152.9140625 -57.75243377685547 9.87306022644043 -152.79579162597656 -57.75243377685547 10.352899551391602 -152.79579162597656 -57.75243377685547 10.847100257873535 -152.9140625 -57.75243377685547 11.326939582824707 -153.1437225341797 -57.75243377685547 11.764533042907715 -153.47145080566406 -57.75243377685547 12.13444709777832 -153.87815856933594 -57.75243377685547 12.41518497467041 -154.3402557373047 -57.75243377685547 12.590431213378906 -154.83084106445312 -105.00243377685547 8.550000190734863 -154.3402557373047 -105.00243377685547 8.60956859588623 -153.87815856933594 -105.00243377685547 8.784814834594727 -153.47145080566406 -105.00243377685547 9.065552711486816 -153.1437225341797 -105.00243377685547 9.435466766357422 -152.9140625 -105.00243377685547 9.87306022644043 -152.79579162597656 -105.00243377685547 10.352899551391602 -152.79579162597656 -105.00243377685547 10.847100257873535 -152.9140625 -105.00243377685547 11.326939582824707 -153.1437225341797 -105.00243377685547 11.764533042907715 -153.47145080566406 -105.00243377685547 12.13444709777832 -153.87815856933594 -105.00243377685547 12.41518497467041 -154.3402557373047 -105.00243377685547 12.590431213378906 -154.83084106445312 -105.00243377685547 12.649999618530273 -155.32144165039062 -105.00243377685547 12.590431213378906 -155.7835235595703 -105.00243377685547 12.41518497467041 -156.19024658203125 -105.00243377685547 12.13444709777832 -156.51795959472656 -105.00243377685547 11.764533042907715 -156.7476348876953 -105.00243377685547 11.326939582824707 -156.86590576171875 -105.00243377685547 10.847100257873535 -156.86590576171875 -105.00243377685547 10.352899551391602 -156.7476348876953 -105.00243377685547 9.87306022644043 -156.51795959472656 -105.00243377685547 9.435466766357422 -156.19024658203125 -105.00243377685547 9.065552711486816 -155.7835235595703 -105.00243377685547 8.784814834594727 -155.32144165039062 -105.00243377685547 8.60956859588623 -154.83084106445312 -103.77066802978516 10.600000381469727 -154.83084106445312 -111.70243072509766 8.300000190734863 -154.30043029785156 -111.70243072509766 8.3619966506958 -153.79861450195312 -111.70243072509766 8.544645309448242 -153.35243225097656 -111.70243072509766 8.83809757232666 -152.9859619140625 -111.70243072509766 9.226534843444824 -152.7189483642578 -111.70243072509766 9.689017295837402 -152.56578063964844 -111.70243072509766 10.20060920715332 -152.5347442626953 -111.70243072509766 10.733733177185059 -152.62747192382812 -111.70243072509766 11.259647369384766 -152.8389892578125 -111.70243072509766 11.75 -153.1578826904297 -111.70243072509766 12.178356170654297 -153.5669708251953 -111.70243072509766 12.521621704101562 -154.04420471191406 -111.70243072509766 12.761293411254883 -154.56382751464844 -111.70243072509766 12.884448051452637 -155.0978546142578 -111.70243072509766 12.884448051452637 -155.61749267578125 -111.70243072509766 12.761293411254883 -156.09471130371094 -111.70243072509766 12.521621704101562 -156.50379943847656 -111.70243072509766 12.178356170654297 -156.8227081298828 -111.70243072509766 11.75 -157.0342254638672 -111.70243072509766 11.259647369384766 -157.126953125 -111.70243072509766 10.733733177185059 -157.0959014892578 -111.70243072509766 10.20060920715332 -156.9427490234375 -111.70243072509766 9.689017295837402 -156.6757354736328 -111.70243072509766 9.226534843444824 -156.30926513671875 -111.70243072509766 8.83809757232666 -155.8630828857422 -111.70243072509766 8.544645309448242 -155.36126708984375 -111.70243072509766 8.3619966506958 -154.83084106445312 -111.45243072509766 8.550000190734863 -155.32144165039062 -111.45243072509766 8.60956859588623 -155.7835235595703 -111.45243072509766 8.784814834594727 -156.19024658203125 -111.45243072509766 9.065552711486816 -156.51795959472656 -111.45243072509766 9.435466766357422 -156.7476348876953 -111.45243072509766 9.87306022644043 -156.86590576171875 -111.45243072509766 10.352899551391602 -156.86590576171875 -111.45243072509766 10.847100257873535 -156.7476348876953 -111.45243072509766 11.326939582824707 -156.51795959472656 -111.45243072509766 11.764533042907715 -156.19024658203125 -111.45243072509766 12.13444709777832 -155.7835235595703 -111.45243072509766 12.41518497467041 -155.32144165039062 -111.45243072509766 12.590431213378906 -154.83084106445312 -111.45243072509766 12.649999618530273 -154.3402557373047 -111.45243072509766 12.590431213378906 -153.87815856933594 -111.45243072509766 12.41518497467041 -153.47145080566406 -111.45243072509766 12.13444709777832 -153.1437225341797 -111.45243072509766 11.764533042907715 -152.9140625 -111.45243072509766 11.326939582824707 -152.79579162597656 -111.45243072509766 10.847100257873535 -152.79579162597656 -111.45243072509766 10.352899551391602 -152.9140625 -111.45243072509766 9.87306022644043 -153.1437225341797 -111.45243072509766 9.435466766357422 -153.47145080566406 -111.45243072509766 9.065552711486816 -153.87815856933594 -111.45243072509766 8.784814834594727 -154.3402557373047 -111.45243072509766 8.60956859588623 -158.08084106445312 -111.70243072509766 1.600000023841858 -158.01840209960938 -111.70243072509766 0.9659559726715088 -157.8334503173828 -111.70243072509766 0.3562789857387543 -157.5331268310547 -111.70243072509766 -0.2056030035018921 -157.12893676757812 -111.70243072509766 -0.6980969905853271 -156.63644409179688 -111.70243072509766 -1.1022759675979614 -156.07456970214844 -111.70243072509766 -1.402608036994934 -155.4648895263672 -111.70243072509766 -1.5875519514083862 -154.83084106445312 -111.70243072509766 -1.649999976158142 -154.19680786132812 -111.70243072509766 -1.5875519514083862 -153.58712768554688 -111.70243072509766 -1.402608036994934 -153.02523803710938 -111.70243072509766 -1.1022759675979614 -152.53274536132812 -111.70243072509766 -0.6980969905853271 -152.12857055664062 -111.70243072509766 -0.2056030035018921 -151.82823181152344 -111.70243072509766 0.3562789857387543 -151.64329528808594 -111.70243072509766 0.9659559726715088 -151.58084106445312 -111.70243072509766 1.600000023841858 -151.58084106445312 -111.70243072509766 19.600000381469727 -151.64329528808594 -111.70243072509766 20.23404312133789 -151.82823181152344 -111.70243072509766 20.843721389770508 -152.12857055664062 -111.70243072509766 21.405603408813477 -152.53274536132812 -111.70243072509766 21.898096084594727 -153.02523803710938 -111.70243072509766 22.302276611328125 -153.58712768554688 -111.70243072509766 22.602609634399414 -154.19680786132812 -111.70243072509766 22.787551879882812 -154.83084106445312 -111.70243072509766 22.850000381469727 -155.4648895263672 -111.70243072509766 22.787551879882812 -156.07456970214844 -111.70243072509766 22.602609634399414 -156.63644409179688 -111.70243072509766 22.302276611328125 -157.12893676757812 -111.70243072509766 21.898096084594727 -157.5331268310547 -111.70243072509766 21.405603408813477 -157.8334503173828 -111.70243072509766 20.843721389770508 -158.01840209960938 -111.70243072509766 20.23404312133789 -158.08084106445312 -111.70243072509766 19.600000381469727 -151.58084106445312 -57.50243377685547 1.600000023841858 -151.58084106445312 -57.50243377685547 19.600000381469727 -151.64329528808594 -57.50243377685547 20.23404312133789 -151.82823181152344 -57.50243377685547 20.843721389770508 -152.12857055664062 -57.50243377685547 21.405603408813477 -152.53274536132812 -57.50243377685547 21.898096084594727 -153.02523803710938 -57.50243377685547 22.302276611328125 -153.58712768554688 -57.50243377685547 22.602609634399414 -154.19680786132812 -57.50243377685547 22.787551879882812 -154.83084106445312 -57.50243377685547 22.850000381469727 -155.4648895263672 -57.50243377685547 22.787551879882812 -156.07456970214844 -57.50243377685547 22.602609634399414 -156.63644409179688 -57.50243377685547 22.302276611328125 -157.12893676757812 -57.50243377685547 21.898096084594727 -157.5331268310547 -57.50243377685547 21.405603408813477 -157.8334503173828 -57.50243377685547 20.843721389770508 -158.01840209960938 -57.50243377685547 20.23404312133789 -158.08084106445312 -57.50243377685547 19.600000381469727 -151.64329528808594 -71.05243682861328 20.23404312133789 -151.64329528808594 -84.60243225097656 20.23404312133789 -151.64329528808594 -98.15243530273438 20.23404312133789 -151.82823181152344 -71.05243682861328 20.843721389770508 -151.82823181152344 -84.60243225097656 20.843721389770508 -151.82823181152344 -98.15243530273438 20.843721389770508 -152.12857055664062 -71.05243682861328 21.405603408813477 -152.12857055664062 -84.60243225097656 21.405603408813477 -152.12857055664062 -98.15243530273438 21.405603408813477 -152.53274536132812 -71.05243682861328 21.898096084594727 -152.53274536132812 -84.60243225097656 21.898096084594727 -152.53274536132812 -98.15243530273438 21.898096084594727 -153.02523803710938 -71.05243682861328 22.302276611328125 -153.02523803710938 -84.60243225097656 22.302276611328125 -153.02523803710938 -98.15243530273438 22.302276611328125 -153.58712768554688 -71.05243682861328 22.602609634399414 -153.58712768554688 -84.60243225097656 22.602609634399414 -153.58712768554688 -98.15243530273438 22.602609634399414 -154.19680786132812 -71.05243682861328 22.787551879882812 -154.19680786132812 -84.60243225097656 22.787551879882812 -154.19680786132812 -98.15243530273438 22.787551879882812 -154.83084106445312 -71.05243682861328 22.850000381469727 -154.83084106445312 -84.60243225097656 22.850000381469727 -154.83084106445312 -98.15243530273438 22.850000381469727 -155.4648895263672 -71.05243682861328 22.787551879882812 -155.4648895263672 -84.60243225097656 22.787551879882812 -155.4648895263672 -98.15243530273438 22.787551879882812 -156.07456970214844 -71.05243682861328 22.602609634399414 -156.07456970214844 -84.60243225097656 22.602609634399414 -156.07456970214844 -98.15243530273438 22.602609634399414 -156.63644409179688 -71.05243682861328 22.302276611328125 -156.63644409179688 -84.60243225097656 22.302276611328125 -156.63644409179688 -98.15243530273438 22.302276611328125 -157.12893676757812 -71.05243682861328 21.898096084594727 -157.12893676757812 -84.60243225097656 21.898096084594727 -157.12893676757812 -98.15243530273438 21.898096084594727 -157.5331268310547 -71.05243682861328 21.405603408813477 -157.5331268310547 -84.60243225097656 21.405603408813477 -157.5331268310547 -98.15243530273438 21.405603408813477 -157.8334503173828 -71.05243682861328 20.843721389770508 -157.8334503173828 -84.60243225097656 20.843721389770508 -157.8334503173828 -98.15243530273438 20.843721389770508 -158.01840209960938 -71.05243682861328 20.23404312133789 -158.01840209960938 -84.60243225097656 20.23404312133789 -158.01840209960938 -98.15243530273438 20.23404312133789 -158.08084106445312 -57.50243377685547 1.600000023841858 -158.01840209960938 -57.50243377685547 0.9659559726715088 -157.8334503173828 -57.50243377685547 0.3562789857387543 -157.5331268310547 -57.50243377685547 -0.2056030035018921 -157.12893676757812 -57.50243377685547 -0.6980969905853271 -156.63644409179688 -57.50243377685547 -1.1022759675979614 -156.07456970214844 -57.50243377685547 -1.402608036994934 -155.4648895263672 -57.50243377685547 -1.5875519514083862 -154.83084106445312 -57.50243377685547 -1.649999976158142 -154.19680786132812 -57.50243377685547 -1.5875519514083862 -153.58712768554688 -57.50243377685547 -1.402608036994934 -153.02523803710938 -57.50243377685547 -1.1022759675979614 -152.53274536132812 -57.50243377685547 -0.6980969905853271 -152.12857055664062 -57.50243377685547 -0.2056030035018921 -151.82823181152344 -57.50243377685547 0.3562789857387543 -151.64329528808594 -57.50243377685547 0.9659559726715088 -158.01840209960938 -71.05243682861328 0.9659559726715088 -158.01840209960938 -84.60243225097656 0.9659559726715088 -158.01840209960938 -98.15243530273438 0.9659559726715088 -157.8334503173828 -71.05243682861328 0.3562789857387543 -157.8334503173828 -84.60243225097656 0.3562789857387543 -157.8334503173828 -98.15243530273438 0.3562789857387543 -157.5331268310547 -71.05243682861328 -0.2056030035018921 -157.5331268310547 -84.60243225097656 -0.2056030035018921 -157.5331268310547 -98.15243530273438 -0.2056030035018921 -157.12893676757812 -71.05243682861328 -0.6980969905853271 -157.12893676757812 -84.60243225097656 -0.6980969905853271 -157.12893676757812 -98.15243530273438 -0.6980969905853271 -156.63644409179688 -71.05243682861328 -1.1022759675979614 -156.63644409179688 -84.60243225097656 -1.1022759675979614 -156.63644409179688 -98.15243530273438 -1.1022759675979614 -156.07456970214844 -71.05243682861328 -1.402608036994934 -156.07456970214844 -84.60243225097656 -1.402608036994934 -156.07456970214844 -98.15243530273438 -1.402608036994934 -155.4648895263672 -71.05243682861328 -1.5875519514083862 -155.4648895263672 -84.60243225097656 -1.5875519514083862 -155.4648895263672 -98.15243530273438 -1.5875519514083862 -154.83084106445312 -71.05243682861328 -1.649999976158142 -154.83084106445312 -84.60243225097656 -1.649999976158142 -154.83084106445312 -98.15243530273438 -1.649999976158142 -154.19680786132812 -71.05243682861328 -1.5875519514083862 -154.19680786132812 -84.60243225097656 -1.5875519514083862 -154.19680786132812 -98.15243530273438 -1.5875519514083862 -153.58712768554688 -71.05243682861328 -1.402608036994934 -153.58712768554688 -84.60243225097656 -1.402608036994934 -153.58712768554688 -98.15243530273438 -1.402608036994934 -153.02523803710938 -71.05243682861328 -1.1022759675979614 -153.02523803710938 -84.60243225097656 -1.1022759675979614 -153.02523803710938 -98.15243530273438 -1.1022759675979614 -152.53274536132812 -71.05243682861328 -0.6980969905853271 -152.53274536132812 -84.60243225097656 -0.6980969905853271 -152.53274536132812 -98.15243530273438 -0.6980969905853271 -152.12857055664062 -71.05243682861328 -0.2056030035018921 -152.12857055664062 -84.60243225097656 -0.2056030035018921 -152.12857055664062 -98.15243530273438 -0.2056030035018921 -151.82823181152344 -71.05243682861328 0.3562789857387543 -151.82823181152344 -84.60243225097656 0.3562789857387543 -151.82823181152344 -98.15243530273438 0.3562789857387543 -151.64329528808594 -71.05243682861328 0.9659559726715088 -151.64329528808594 -84.60243225097656 0.9659559726715088 -151.64329528808594 -98.15243530273438 0.9659559726715088 </float_array>
          <technique_common>
            <accessor source="#mesh_3-position-array" count="318" stride="3">
              <param name="X" type="float" />
              <param name="Y" type="float" />
              <param name="Z" type="float" />
            </accessor>
          </technique_common>
        </source>
        <source id="mesh_3-texcoord" name="texcoord">
          <float_array id="mesh_3-texcoord-array" count="1224">-0.11958 -0.02477 0.11958 -0.02477 -0.11958 -0 -0.11958 -0.074311 0.11958 -0.074311 -0.11958 -0.04954 -0.11958 -0.123851 0.11958 -0.107338 -0.11958 -0.099081 -0.11958 -0.148621 0.11958 -0.148621 -0.11958 -0.198162 0.11958 -0.198162 -0.11958 -0.173392 -0.11958 -0.247702 0.11958 -0.247702 -0.11958 -0.222932 -0.11958 -0.297243 0.11958 -0.297243 -0.11958 -0.272473 -0.11958 0.297243 0.11958 0.297243 -0.11958 0.322013 -0.11958 0.247702 0.11958 0.247702 -0.11958 0.272473 -0.11958 0.198162 0.11958 0.198162 -0.11958 0.222932 -0.11958 0.148621 0.11958 0.148621 -0.11958 0.173392 -0.11958 0.099081 0.11958 0.107338 -0.11958 0.123851 -0.11958 0.074311 0.11958 0.074311 -0.11958 0.02477 0.11958 0.02477 -0.11958 0.04954 -0.11958 -0.322013 0.11958 -0.322013 0.11958 -0.272473 0.11958 -0.222932 0.11958 -0.173392 0.11958 -0.099081 0.11958 -0.04954 0.11958 0 0.11958 0.04954 0.11958 0.123851 0.11958 0.173392 0.11958 0.222932 0.11958 0.272473 -0.017678 0.050615 -0.017678 -0 0.017678 0 -0.017678 -0.050615 0.017678 -0.052561 -0.017678 -0.101229 0.017678 -0.105123 -0.017678 -0.151844 0.017678 -0.157684 -0.017678 -0.202458 0.017678 -0.210245 -0.017678 -0.253073 0.017678 -0.262806 -0.017678 -0.303687 0.017678 -0.315368 -0.017678 -0.354302 0.017678 -0.367929 -0.017678 -0.404916 0.017678 -0.42049 -0.017678 -0.455531 0.017678 -0.473051 -0.017678 -0.506145 0.017678 -0.525613 -0.017678 -0.55676 0.017678 -0.578174 -0.017678 -0.607375 0.017678 -0.630735 -0.017678 -0.657989 0.017678 -0.683296 0.017678 0.683296 -0.017678 0.708604 -0.017678 0.657989 0.017678 0.630735 -0.017678 0.607375 0.017678 0.578174 -0.017678 0.55676 0.017678 0.525613 -0.017678 0.506145 0.017678 0.473051 -0.017678 0.455531 0.017678 0.42049 -0.017678 0.404916 0.017678 0.367929 -0.017678 0.354302 0.017678 0.315368 -0.017678 0.303687 0.017678 0.262806 -0.017678 0.253073 0.017678 0.210245 -0.017678 0.202458 0.017678 0.157684 -0.017678 0.151844 0.017678 0.105123 -0.017678 0.101229 0.017678 0.052561 -0.31 -0.04954 0.335 -0.04954 -0.31 -0 0.335 0 -0.31 0.04954 0.335 0.04954 -0.31 0.099081 0.335 0.099081 -0.31 0.148621 0.335 0.148621 -0.31 0.198162 0.335 0.198162 -0.31 0.247702 0.335 0.247702 -0.31 0.297243 0.335 0.297243 -0.31 0.346783 0.335 0.346783 -0.31 0.396324 0.335 0.396324 -0.31 0.445864 0.335 0.445864 -0.31 0.495405 0.335 0.495405 -0.31 0.544945 0.335 0.544945 -0.31 0.594486 0.335 0.594486 -0.31 0.644026 0.335 0.644026 -0.31 -0.644026 0.335 -0.644026 -0.31 -0.594486 0.335 -0.594486 -0.31 -0.544945 0.335 -0.544945 -0.31 -0.495405 0.335 -0.495405 -0.31 -0.445864 0.335 -0.445864 -0.31 -0.396324 0.335 -0.396324 -0.31 -0.346783 0.335 -0.346783 -0.31 -0.297243 0.335 -0.297243 -0.31 -0.247702 0.335 -0.247702 -0.31 -0.198162 0.335 -0.198162 -0.31 -0.148621 0.335 -0.148621 -0.31 -0.099081 0.335 -0.099081 -0.11958 -0.02477 0.11958 -0.02477 -0.11958 -0 -0.11958 -0.074311 0.11958 -0.074311 -0.11958 -0.04954 -0.11958 -0.123851 0.11958 -0.107338 -0.11958 -0.099081 -0.11958 -0.148621 0.11958 -0.148621 -0.11958 -0.198162 0.11958 -0.198162 -0.11958 -0.173392 -0.11958 -0.247702 0.11958 -0.247702 -0.11958 -0.222932 -0.11958 -0.297243 0.11958 -0.297243 -0.11958 -0.272473 -0.11958 0.297243 0.11958 0.297243 -0.11958 0.322013 -0.11958 0.247702 0.11958 0.247702 -0.11958 0.272473 -0.11958 0.198162 0.11958 0.198162 -0.11958 0.222932 -0.11958 0.148621 0.11958 0.148621 -0.11958 0.173392 -0.11958 0.099081 0.11958 0.107338 -0.11958 0.123851 -0.11958 0.074311 0.11958 0.074311 -0.11958 0.02477 0.11958 0.02477 -0.11958 0.04954 -0.11958 -0.322013 0.11958 -0.322013 0.11958 -0.272473 0.11958 -0.222932 0.11958 -0.173392 0.11958 -0.099081 0.11958 -0.04954 0.11958 0 0.11958 0.04954 0.11958 0.123851 0.11958 0.173392 0.11958 0.222932 0.11958 0.272473 -0.017678 0.050615 -0.017678 -0 0.017678 0 -0.017678 -0.050615 0.017678 -0.052561 -0.017678 -0.101229 0.017678 -0.105123 -0.017678 -0.151844 0.017678 -0.157684 -0.017678 -0.202458 0.017678 -0.210245 -0.017678 -0.253073 0.017678 -0.262806 -0.017678 -0.303687 0.017678 -0.315368 -0.017678 -0.354302 0.017678 -0.367929 -0.017678 -0.404916 0.017678 -0.42049 -0.017678 -0.455531 0.017678 -0.473051 -0.017678 -0.506145 0.017678 -0.525613 -0.017678 -0.55676 0.017678 -0.578174 -0.017678 -0.607375 0.017678 -0.630735 -0.017678 -0.657989 0.017678 -0.683296 0.017678 0.683296 -0.017678 0.708604 -0.017678 0.657989 0.017678 0.630735 -0.017678 0.607375 0.017678 0.578174 -0.017678 0.55676 0.017678 0.525613 -0.017678 0.506145 0.017678 0.473051 -0.017678 0.455531 0.017678 0.42049 -0.017678 0.404916 0.017678 0.367929 -0.017678 0.354302 0.017678 0.315368 -0.017678 0.303687 0.017678 0.262806 -0.017678 0.253073 0.017678 0.210245 -0.017678 0.202458 0.017678 0.157684 -0.017678 0.151844 0.017678 0.105123 -0.017678 0.101229 0.017678 0.052561 -0.31 -0.04954 0.335 -0.04954 -0.31 -0 0.335 0 -0.31 0.04954 0.335 0.04954 -0.31 0.099081 0.335 0.099081 -0.31 0.148621 0.335 0.148621 -0.31 0.198162 0.335 0.198162 -0.31 0.247702 0.335 0.247702 -0.31 0.297243 0.335 0.297243 -0.31 0.346783 0.335 0.346783 -0.31 0.396324 0.335 0.396324 -0.31 0.445864 0.335 0.445864 -0.31 0.495405 0.335 0.495405 -0.31 0.544945 0.335 0.544945 -0.31 0.594486 0.335 0.594486 -0.31 0.644026 0.335 0.644026 -0.31 -0.644026 0.335 -0.644026 -0.31 -0.594486 0.335 -0.594486 -0.31 -0.544945 0.335 -0.544945 -0.31 -0.495405 0.335 -0.495405 -0.31 -0.445864 0.335 -0.445864 -0.31 -0.396324 0.335 -0.396324 -0.31 -0.346783 0.335 -0.346783 -0.31 -0.297243 0.335 -0.297243 -0.31 -0.247702 0.335 -0.247702 -0.31 -0.198162 0.335 -0.198162 -0.31 -0.148621 0.335 -0.148621 -0.31 -0.099081 0.335 -0.099081 0.2238 -0.053042 1.218755 -0.063404 0.23 0 1.225 0 1.218755 0.063404 1.200261 -0.124372 0.205536 -0.103224 1.170228 -0.18056 0.17619 -0.147841 1.12981 -0.22981 0.137346 -0.184488 1.08056 -0.270228 0.9 -0.325 1.024372 -0.300261 0.963404 -0.318755 0.091098 -0.21119 0.039939 -0.226506 -0.013373 -0.229611 -0.9 -0.325 -0.065965 -0.220338 -0.115 -0.199186 -0.157836 -0.167296 -1.08056 -0.270228 -1.024372 -0.300261 -0.192162 -0.126387 -1.170228 -0.18056 -1.12981 -0.22981 -1.200261 -0.124372 -0.216129 -0.078665 -1.218755 -0.063404 -0.228445 -0.026701 -1.225 0 -0.228445 0.026701 -1.218755 0.063404 -0.216129 0.078665 -1.200261 0.124372 -0.192162 0.126387 -1.170228 0.18056 -0.157836 0.167296 -1.12981 0.22981 -1.08056 0.270228 -0.9 0.325 -1.024372 0.300261 -0.963404 0.318755 -0.115 0.199186 -0.065965 0.220338 -0.013373 0.229611 0.9 0.325 0.039939 0.226506 0.091098 0.21119 0.137346 0.184488 1.08056 0.270228 1.024372 0.300261 1.12981 0.22981 0.17619 0.147841 1.170228 0.18056 0.205536 0.103224 1.200261 0.124372 0.2238 0.053042 0.963404 0.318755 -0.963404 -0.318755 1.8 2.71 0 2.71 1.8 -2.71 0 -2.71 -2.71 -1.084831 -1.355 -1.084831 -2.71 -1.021018 0 -1.084831 2.71 -1.021018 1.355 -1.084831 2.71 -1.084831 2.71 -1.148645 1.355 -1.148645 2.71 -1.212458 1.355 -1.212458 2.71 -1.276272 1.355 -1.276272 2.71 -1.340086 1.355 -1.340086 2.71 -1.403899 1.355 -1.403899 2.71 -1.467713 1.355 -1.467713 2.71 -1.531526 1.355 -1.531526 2.71 -1.59534 1.355 -1.59534 2.71 -1.659154 1.355 -1.659154 2.71 -1.722967 1.355 -1.722967 2.71 -1.786781 1.355 -1.786781 2.71 -1.850594 1.355 -1.850594 2.71 -1.914408 1.355 -1.914408 2.71 -1.978222 1.355 -1.978222 2.71 -2.042035 0 -1.978222 -2.71 -2.042035 -1.355 -1.978222 -2.71 -1.978222 -2.71 -1.914408 -1.355 -1.914408 -2.71 -1.850594 -1.355 -1.850594 -2.71 -1.786781 -1.355 -1.786781 -2.71 -1.722967 -1.355 -1.722967 -2.71 -1.659154 -1.355 -1.659154 -2.71 -1.59534 -1.355 -1.59534 -2.71 -1.531526 -1.355 -1.531526 -2.71 -1.467713 -1.355 -1.467713 -2.71 -1.403899 -1.355 -1.403899 -2.71 -1.340086 -1.355 -1.340086 -2.71 -1.276272 -1.355 -1.276272 -2.71 -1.212458 -1.355 -1.212458 -2.71 -1.148645 -1.355 -1.148645 0 -1.148645 0 -1.212458 0 -1.276272 0 -1.340086 0 -1.403899 0 -1.467713 0 -1.531526 0 -1.59534 0 -1.659154 0 -1.722967 0 -1.786781 0 -1.850594 0 -1.914408 1.8 2.71 0 2.71 1.8 -2.71 0 -2.71 -2.71 -1.084831 -1.355 -1.084831 -2.71 -1.021018 0 -1.084831 2.71 -1.021018 1.355 -1.084831 2.71 -1.084831 2.71 -1.148645 1.355 -1.148645 2.71 -1.212458 1.355 -1.212458 2.71 -1.276272 1.355 -1.276272 2.71 -1.340086 1.355 -1.340086 2.71 -1.403899 1.355 -1.403899 2.71 -1.467713 1.355 -1.467713 2.71 -1.531526 1.355 -1.531526 2.71 -1.59534 1.355 -1.59534 2.71 -1.659154 1.355 -1.659154 2.71 -1.722967 1.355 -1.722967 2.71 -1.786781 1.355 -1.786781 2.71 -1.850594 1.355 -1.850594 2.71 -1.914408 1.355 -1.914408 2.71 -1.978222 1.355 -1.978222 2.71 -2.042035 0 -1.978222 -2.71 -2.042035 -1.355 -1.978222 -2.71 -1.978222 -2.71 -1.914408 -1.355 -1.914408 -2.71 -1.850594 -1.355 -1.850594 -2.71 -1.786781 -1.355 -1.786781 -2.71 -1.722967 -1.355 -1.722967 -2.71 -1.659154 -1.355 -1.659154 -2.71 -1.59534 -1.355 -1.59534 -2.71 -1.531526 -1.355 -1.531526 -2.71 -1.467713 -1.355 -1.467713 -2.71 -1.403899 -1.355 -1.403899 -2.71 -1.340086 -1.355 -1.340086 -2.71 -1.276272 -1.355 -1.276272 -2.71 -1.212458 -1.355 -1.212458 -2.71 -1.148645 -1.355 -1.148645 0 -1.148645 0 -1.212458 0 -1.276272 0 -1.340086 0 -1.403899 0 -1.467713 0 -1.531526 0 -1.59534 0 -1.659154 0 -1.722967 0 -1.786781 0 -1.850594 0 -1.914408 0.2238 -0.053042 1.218755 -0.063404 0.23 0 1.225 0 1.218755 0.063404 1.200261 -0.124372 0.205536 -0.103224 1.170228 -0.18056 0.17619 -0.147841 1.12981 -0.22981 0.137346 -0.184488 1.08056 -0.270228 0.9 -0.325 1.024372 -0.300261 0.963404 -0.318755 0.091098 -0.21119 0.039939 -0.226506 -0.013373 -0.229611 -0.9 -0.325 -0.065965 -0.220338 -0.115 -0.199186 -0.157836 -0.167296 -1.08056 -0.270228 -1.024372 -0.300261 -0.192162 -0.126387 -1.170228 -0.18056 -1.12981 -0.22981 -1.200261 -0.124372 -0.216129 -0.078665 -1.218755 -0.063404 -0.228445 -0.026701 -1.225 0 -0.228445 0.026701 -1.218755 0.063404 -0.216129 0.078665 -1.200261 0.124372 -0.192162 0.126387 -1.170228 0.18056 -0.157836 0.167296 -1.12981 0.22981 -1.08056 0.270228 -0.9 0.325 -1.024372 0.300261 -0.963404 0.318755 -0.115 0.199186 -0.065965 0.220338 -0.013373 0.229611 0.9 0.325 0.039939 0.226506 0.091098 0.21119 0.137346 0.184488 1.08056 0.270228 1.024372 0.300261 1.12981 0.22981 0.17619 0.147841 1.170228 0.18056 0.205536 0.103224 1.200261 0.124372 0.2238 0.053042 0.963404 0.318755 -0.963404 -0.318755 </float_array>
          <technique_common>
            <accessor source="#mesh_3-texcoord-array" count="612" stride="2">
              <param name="S" type="float" />
              <param name="T" type="float" />
            </accessor>
          </technique_common>
        </source>
        <source id="mesh_3-normal" name="normal">
          <float_array id="mesh_3-normal-array" count="1806">-0.12325979 0.85716856 -0.50006914 -0.12325979 0.85716856 -0.50006914 -0 0.8571671 -0.5150383 -0.3415298 0.8571695 -0.38550976 -0.3415298 0.8571695 -0.38550976 -0.23934984 0.85716945 -0.45603973 -0.4815682 0.8571668 -0.18263932 -0.4460381 0.85716635 -0.2575189 -0.42386928 0.85716856 -0.2925695 -0.5112796 0.85716933 -0.06207995 -0.5112796 0.85716933 -0.06207995 -0.4815682 0.8571668 0.18263932 -0.4815682 0.8571668 0.18263932 -0.5112796 0.85716933 0.06207995 -0.3415298 0.8571695 0.38550976 -0.3415298 0.8571695 0.38550976 -0.42386928 0.85716856 0.2925695 -0.12325979 0.85716856 0.50006914 -0.12325979 0.85716856 0.50006914 -0.23934984 0.85716945 0.45603973 0.12325979 0.85716856 0.50006914 0.12325979 0.85716856 0.50006914 0 0.8571671 0.5150383 0.3415298 0.8571695 0.38550976 0.3415298 0.8571695 0.38550976 0.23934984 0.85716945 0.45603973 0.4815682 0.8571668 0.18263932 0.4815682 0.8571668 0.18263932 0.42386928 0.85716856 0.2925695 0.5112796 0.85716933 -0.06207995 0.5112796 0.85716933 -0.06207995 0.5112796 0.85716933 0.06207995 0.42386928 0.85716856 -0.2925695 0.4460381 0.85716635 -0.2575189 0.4815682 0.8571668 -0.18263932 0.3415298 0.8571695 -0.38550976 0.3415298 0.8571695 -0.38550976 0.12325979 0.85716856 -0.50006914 0.12325979 0.85716856 -0.50006914 0.23934984 0.85716945 -0.45603973 -0 0.8571671 0.5150383 -0.23934984 0.85716945 0.45603973 -0.42386928 0.85716856 0.2925695 -0.5112796 0.85716933 0.06207995 -0.42386928 0.85716856 -0.2925695 -0.23934984 0.85716945 -0.45603973 -0 0.8571671 -0.5150383 0.23934984 0.85716945 -0.45603973 0.4815682 0.8571668 -0.18263932 0.5112796 0.85716933 0.06207995 0.42386928 0.85716856 0.2925695 0.23934984 0.85716945 0.45603973 0.16306923 0.7071067 -0.6880468 -0 0.7071067 -0.7071067 -0 0.7071067 -0.7071067 -0.16306923 0.7071067 -0.6880468 -0.16921963 0.7071084 -0.6865584 -0.31734994 0.70710987 -0.6318899 -0.32860956 0.70710903 -0.62610906 -0.4545177 0.7071065 -0.5416773 -0.46889782 0.7071067 -0.52927756 -0.5671888 0.70710856 -0.4222491 -0.5819384 0.7071081 -0.40167886 -0.64927727 0.707107 -0.2800688 -0.6611574 0.7071073 -0.25073904 -0.6963603 0.7071103 -0.122790046 -0.7019491 0.70710915 -0.085229896 -0.7059088 0.70710874 0.041109923 -0.7019491 0.70710915 0.085229896 -0.6773989 0.70710886 0.20279966 -0.6611574 0.7071073 0.25073904 -0.61237025 0.7071103 0.35355017 -0.5819384 0.7071081 0.40167886 -0.5143281 0.70710737 0.4852482 -0.46889782 0.7071067 0.52927756 -0.3885591 0.7071084 0.59077865 -0.32860956 0.70710903 0.62610906 -0.2418402 0.70711064 0.66446054 -0.16921963 0.7071084 0.6865584 -0.082089566 0.70710623 0.7023263 -0 0.7071067 0.7071067 0.082089566 0.70710623 0.7023263 0.16921963 0.7071084 0.6865584 0.2418402 0.70711064 0.66446054 0.32860956 0.70710903 0.62610906 0.3885591 0.7071084 0.59077865 0.46889782 0.7071067 0.52927756 0.5143281 0.70710737 0.4852482 0.5819384 0.7071081 0.40167886 0.61237025 0.7071103 0.35355017 0.6611574 0.7071073 0.25073904 0.6773989 0.70710886 0.20279966 0.7019491 0.70710915 0.085229896 0.7059088 0.70710874 0.041109923 0.7019491 0.70710915 -0.085229896 0.6963603 0.7071103 -0.122790046 0.6611574 0.7071073 -0.25073904 0.64927727 0.707107 -0.2800688 0.5819384 0.7071081 -0.40167886 0.5671888 0.70710856 -0.4222491 0.46889782 0.7071067 -0.52927756 0.4545177 0.7071065 -0.5416773 0.32860956 0.70710903 -0.62610906 0.31734994 0.70710987 -0.6318899 0.16921963 0.7071084 -0.6865584 -0.23932019 0 -0.9709407 -0.23932019 0 -0.9709407 -0 0 -1 0 0 -1 0.23932019 0 -0.9709407 0.23932019 0 -0.9709407 0.4647191 0 -0.88545823 0.4647191 0 -0.88545823 0.6631216 0 -0.7485118 0.6631216 0 -0.7485118 0.8229848 0 -0.5680633 0.8229848 0 -0.5680633 0.9350184 0 -0.3545994 0.9350184 0 -0.3545994 0.9927085 0 -0.120539814 0.9927085 0 -0.120539814 0.9927085 -0 0.120539814 0.9927085 -0 0.120539814 0.9350184 -0 0.3545994 0.9350184 -0 0.3545994 0.8229848 -0 0.5680633 0.8229848 -0 0.5680633 0.6631216 -0 0.7485118 0.6631216 -0 0.7485118 0.4647191 -0 0.88545823 0.4647191 -0 0.88545823 0.23932019 -0 0.9709407 0.23932019 -0 0.9709407 0 -0 1 0 -0 1 -0.23932019 -0 0.9709407 -0.23932019 -0 0.9709407 -0.4647191 -0 0.88545823 -0.4647191 -0 0.88545823 -0.6631216 -0 0.7485118 -0.6631216 -0 0.7485118 -0.8229848 -0 0.5680633 -0.8229848 -0 0.5680633 -0.9350184 -0 0.3545994 -0.9350184 -0 0.3545994 -0.9927085 -0 0.120539814 -0.9927085 -0 0.120539814 -0.9927085 0 -0.120539814 -0.9927085 0 -0.120539814 -0.9350184 0 -0.3545994 -0.9350184 0 -0.3545994 -0.8229848 0 -0.5680633 -0.8229848 0 -0.5680633 -0.6631216 0 -0.7485118 -0.6631216 0 -0.7485118 -0.4647191 0 -0.88545823 -0.4647191 0 -0.88545823 -0.12325979 -0.85716856 0.50006914 -0.12325979 -0.85716856 0.50006914 -0 -0.8571671 0.5150383 -0.3415298 -0.8571695 0.38550976 -0.3415298 -0.8571695 0.38550976 -0.23934984 -0.85716945 0.45603973 -0.4815682 -0.8571668 0.18263932 -0.4460381 -0.85716635 0.2575189 -0.42386928 -0.85716856 0.2925695 -0.5112796 -0.85716933 0.06207995 -0.5112796 -0.85716933 0.06207995 -0.4815682 -0.8571668 -0.18263932 -0.4815682 -0.8571668 -0.18263932 -0.5112796 -0.85716933 -0.06207995 -0.3415298 -0.8571695 -0.38550976 -0.3415298 -0.8571695 -0.38550976 -0.42386928 -0.85716856 -0.2925695 -0.12325979 -0.85716856 -0.50006914 -0.12325979 -0.85716856 -0.50006914 -0.23934984 -0.85716945 -0.45603973 0.12325979 -0.85716856 -0.50006914 0.12325979 -0.85716856 -0.50006914 -0 -0.8571671 -0.5150383 0.3415298 -0.8571695 -0.38550976 0.3415298 -0.8571695 -0.38550976 0.23934984 -0.85716945 -0.45603973 0.4815682 -0.8571668 -0.18263932 0.4815682 -0.8571668 -0.18263932 0.42386928 -0.85716856 -0.2925695 0.5112796 -0.85716933 0.06207995 0.5112796 -0.85716933 0.06207995 0.5112796 -0.85716933 -0.06207995 0.42386928 -0.85716856 0.2925695 0.4460381 -0.85716635 0.2575189 0.4815682 -0.8571668 0.18263932 0.3415298 -0.8571695 0.38550976 0.3415298 -0.8571695 0.38550976 0.12325979 -0.85716856 0.50006914 0.12325979 -0.85716856 0.50006914 0.23934984 -0.85716945 0.45603973 -0 -0.8571671 -0.5150383 -0.23934984 -0.85716945 -0.45603973 -0.42386928 -0.85716856 -0.2925695 -0.5112796 -0.85716933 -0.06207995 -0.42386928 -0.85716856 0.2925695 -0.23934984 -0.85716945 0.45603973 -0 -0.8571671 0.5150383 0.23934984 -0.85716945 0.45603973 0.4815682 -0.8571668 0.18263932 0.5112796 -0.85716933 -0.06207995 0.42386928 -0.85716856 -0.2925695 0.23934984 -0.85716945 -0.45603973 0.16306923 -0.7071067 0.6880468 -0 -0.7071067 0.7071067 -0 -0.7071067 0.7071067 -0.16306923 -0.7071067 0.6880468 -0.16921963 -0.7071084 0.6865584 -0.31734994 -0.70710987 0.6318899 -0.32860956 -0.70710903 0.62610906 -0.4545177 -0.7071065 0.5416773 -0.46889782 -0.7071067 0.52927756 -0.5671888 -0.70710856 0.4222491 -0.5819384 -0.7071081 0.40167886 -0.64927727 -0.707107 0.2800688 -0.6611574 -0.7071073 0.25073904 -0.6963603 -0.7071103 0.122790046 -0.7019491 -0.70710915 0.085229896 -0.7059088 -0.70710874 -0.041109923 -0.7019491 -0.70710915 -0.085229896 -0.6773989 -0.70710886 -0.20279966 -0.6611574 -0.7071073 -0.25073904 -0.61237025 -0.7071103 -0.35355017 -0.5819384 -0.7071081 -0.40167886 -0.5143281 -0.70710737 -0.4852482 -0.46889782 -0.7071067 -0.52927756 -0.3885591 -0.7071084 -0.59077865 -0.32860956 -0.70710903 -0.62610906 -0.2418402 -0.70711064 -0.66446054 -0.16921963 -0.7071084 -0.6865584 -0.082089566 -0.70710623 -0.7023263 -0 -0.7071067 -0.7071067 0.082089566 -0.70710623 -0.7023263 0.16921963 -0.7071084 -0.6865584 0.2418402 -0.70711064 -0.66446054 0.32860956 -0.70710903 -0.62610906 0.3885591 -0.7071084 -0.59077865 0.46889782 -0.7071067 -0.52927756 0.5143281 -0.70710737 -0.4852482 0.5819384 -0.7071081 -0.40167886 0.61237025 -0.7071103 -0.35355017 0.6611574 -0.7071073 -0.25073904 0.6773989 -0.70710886 -0.20279966 0.7019491 -0.70710915 -0.085229896 0.7059088 -0.70710874 -0.041109923 0.7019491 -0.70710915 0.085229896 0.6963603 -0.7071103 0.122790046 0.6611574 -0.7071073 0.25073904 0.64927727 -0.707107 0.2800688 0.5819384 -0.7071081 0.40167886 0.5671888 -0.70710856 0.4222491 0.46889782 -0.7071067 0.52927756 0.4545177 -0.7071065 0.5416773 0.32860956 -0.70710903 0.62610906 0.31734994 -0.70710987 0.6318899 0.16921963 -0.7071084 0.6865584 -0.23932019 -0 0.9709407 -0.23932019 -0 0.9709407 -0 -0 1 0 -0 1 0.23932019 -0 0.9709407 0.23932019 -0 0.9709407 0.4647191 -0 0.88545823 0.4647191 -0 0.88545823 0.6631216 -0 0.7485118 0.6631216 -0 0.7485118 0.8229848 -0 0.5680633 0.8229848 -0 0.5680633 0.9350184 -0 0.3545994 0.9350184 -0 0.3545994 0.9927085 -0 0.120539814 0.9927085 -0 0.120539814 0.9927085 -0 -0.120539814 0.9927085 -0 -0.120539814 0.9350184 -0 -0.3545994 0.9350184 -0 -0.3545994 0.8229848 0 -0.5680633 0.8229848 0 -0.5680633 0.6631216 0 -0.7485118 0.6631216 0 -0.7485118 0.4647191 0 -0.88545823 0.4647191 0 -0.88545823 0.23932019 0 -0.9709407 0.23932019 0 -0.9709407 0 0 -1 0 0 -1 -0.23932019 0 -0.9709407 -0.23932019 0 -0.9709407 -0.4647191 0 -0.88545823 -0.4647191 0 -0.88545823 -0.6631216 0 -0.7485118 -0.6631216 0 -0.7485118 -0.8229848 0 -0.5680633 -0.8229848 0 -0.5680633 -0.9350184 0 -0.3545994 -0.9350184 0 -0.3545994 -0.9927085 0 -0.120539814 -0.9927085 0 -0.120539814 -0.9927085 0 0.120539814 -0.9927085 0 0.120539814 -0.9350184 0 0.3545994 -0.9350184 0 0.3545994 -0.8229848 -0 0.5680633 -0.8229848 -0 0.5680633 -0.6631216 -0 0.7485118 -0.6631216 -0 0.7485118 -0.4647191 -0 0.88545823 -0.4647191 -0 0.88545823 -0 -1 0 -0 -1 0 -0 -1 0 -0 -1 0 -0 -1 0 -0 -1 0 -0 -1 0 -0 -1 0 -0 -1 0 -0 -1 0 -0 -1 0 -0 -1 0 -0 -1 0 -0 -1 0 -0 -1 0 -0 -1 0 -0 -1 0 -0 -1 0 -0 -1 0 -0 -1 0 -0 -1 0 -0 -1 0 -0 -1 0 -0 -1 0 -0 -1 0 -0 -1 0 -0 -1 0 -0 -1 0 -0 -1 0 -0 -1 0 -0 -1 0 -0 -1 0 -0 -1 0 -0 -1 0 -0 -1 0 -0 -1 0 -0 -1 0 -0 -1 0 -0 -1 0 -0 -1 0 -0 -1 0 -0 -1 0 -0 -1 0 -0 -1 0 -0 -1 0 -0 -1 0 -0 -1 0 -0 -1 0 -0 -1 0 -0 -1 0 -0 -1 0 -0 -1 0 -0 -1 0 -0 -1 0 -0 -1 0 -0 -1 0 -0 -1 0 -0 -1 0 -0 -1 0 -0 -1 0 -0 -1 0 1 -0 0 1 -0 0 1 -0 0 1 -0 0 0.9807854 -0 0.1950891 0.9807854 -0 0.1950891 1 0 0 0.9807854 -0 0.1950891 1 0 0 0.9807854 -0 0.1950891 0.9807854 -0 0.1950891 0.9238809 -0 0.38268036 0.9238809 -0 0.38268036 0.83146983 -0 0.5555699 0.83146983 -0 0.5555699 0.7071067 -0 0.7071067 0.7071067 -0 0.7071067 0.5555699 -0 0.83146983 0.5555699 -0 0.83146983 0.38268036 -0 0.9238809 0.38268036 -0 0.9238809 0.1950891 -0 0.9807854 0.1950891 -0 0.9807854 0 -0 1 0 -0 1 -0.1950891 -0 0.9807854 -0.1950891 -0 0.9807854 -0.38268036 -0 0.9238809 -0.38268036 -0 0.9238809 -0.5555699 -0 0.83146983 -0.5555699 -0 0.83146983 -0.7071067 -0 0.7071067 -0.7071067 -0 0.7071067 -0.83146983 -0 0.5555699 -0.83146983 -0 0.5555699 -0.9238809 -0 0.38268036 -0.9238809 -0 0.38268036 -0.9807854 -0 0.1950891 -0.9807854 -0 0.1950891 -1 -0 0 -0.9807854 -0 0.1950891 -1 -0 0 -0.9807854 -0 0.1950891 -0.9807854 -0 0.1950891 -0.9238809 -0 0.38268036 -0.9238809 -0 0.38268036 -0.83146983 -0 0.5555699 -0.83146983 -0 0.5555699 -0.7071067 -0 0.7071067 -0.7071067 -0 0.7071067 -0.5555699 -0 0.83146983 -0.5555699 -0 0.83146983 -0.38268036 -0 0.9238809 -0.38268036 -0 0.9238809 -0.1950891 -0 0.9807854 -0.1950891 -0 0.9807854 0 -0 1 0 -0 1 0.1950891 -0 0.9807854 0.1950891 -0 0.9807854 0.38268036 -0 0.9238809 0.38268036 -0 0.9238809 0.5555699 -0 0.83146983 0.5555699 -0 0.83146983 0.7071067 -0 0.7071067 0.7071067 -0 0.7071067 0.83146983 -0 0.5555699 0.83146983 -0 0.5555699 0.9238809 -0 0.38268036 0.9238809 -0 0.38268036 0.9238809 -0 0.38268036 0.83146983 -0 0.5555699 0.7071067 -0 0.7071067 0.5555699 -0 0.83146983 0.38268036 -0 0.9238809 0.1950891 -0 0.9807854 0 -0 1 -0.1950891 -0 0.9807854 -0.38268036 -0 0.9238809 -0.5555699 -0 0.83146983 -0.7071067 -0 0.7071067 -0.83146983 -0 0.5555699 -0.9238809 -0 0.38268036 -1 -0 0 -1 -0 0 -1 -0 0 -1 -0 0 -0.9807854 0 -0.1950891 -0.9807854 0 -0.1950891 -1 0 0 -0.9807854 0 -0.1950891 -1 0 0 -0.9807854 0 -0.1950891 -0.9807854 0 -0.1950891 -0.9238809 0 -0.38268036 -0.9238809 0 -0.38268036 -0.83146983 0 -0.5555699 -0.83146983 0 -0.5555699 -0.7071067 0 -0.7071067 -0.7071067 0 -0.7071067 -0.5555699 0 -0.83146983 -0.5555699 0 -0.83146983 -0.38268036 0 -0.9238809 -0.38268036 0 -0.9238809 -0.1950891 0 -0.9807854 -0.1950891 0 -0.9807854 0 0 -1 0 0 -1 0.1950891 0 -0.9807854 0.1950891 0 -0.9807854 0.38268036 0 -0.9238809 0.38268036 0 -0.9238809 0.5555699 0 -0.83146983 0.5555699 0 -0.83146983 0.7071067 0 -0.7071067 0.7071067 0 -0.7071067 0.83146983 0 -0.5555699 0.83146983 0 -0.5555699 0.9238809 0 -0.38268036 0.9238809 0 -0.38268036 0.9807854 0 -0.1950891 0.9807854 0 -0.1950891 1 -0 0 0.9807854 0 -0.1950891 1 -0 0 0.9807854 0 -0.1950891 0.9807854 0 -0.1950891 0.9238809 0 -0.38268036 0.9238809 0 -0.38268036 0.83146983 0 -0.5555699 0.83146983 0 -0.5555699 0.7071067 0 -0.7071067 0.7071067 0 -0.7071067 0.5555699 0 -0.83146983 0.5555699 0 -0.83146983 0.38268036 0 -0.9238809 0.38268036 0 -0.9238809 0.1950891 0 -0.9807854 0.1950891 0 -0.9807854 0 0 -1 0 0 -1 -0.1950891 0 -0.9807854 -0.1950891 0 -0.9807854 -0.38268036 0 -0.9238809 -0.38268036 0 -0.9238809 -0.5555699 0 -0.83146983 -0.5555699 0 -0.83146983 -0.7071067 0 -0.7071067 -0.7071067 0 -0.7071067 -0.83146983 0 -0.5555699 -0.83146983 0 -0.5555699 -0.9238809 0 -0.38268036 -0.9238809 0 -0.38268036 -0.9238809 0 -0.38268036 -0.83146983 0 -0.5555699 -0.7071067 0 -0.7071067 -0.5555699 0 -0.83146983 -0.38268036 0 -0.9238809 -0.1950891 0 -0.9807854 0 0 -1 0.1950891 0 -0.9807854 0.38268036 0 -0.9238809 0.5555699 0 -0.83146983 0.7071067 0 -0.7071067 0.83146983 0 -0.5555699 0.9238809 0 -0.38268036 0 1 0 0 1 0 0 1 0 0 1 0 0 1 0 0 1 0 0 1 0 0 1 0 0 1 0 0 1 0 0 1 0 0 1 0 0 1 0 0 1 0 0 1 0 0 1 0 0 1 0 0 1 0 0 1 0 0 1 0 0 1 0 0 1 0 0 1 0 0 1 0 0 1 0 0 1 0 0 1 0 0 1 0 0 1 0 0 1 0 0 1 0 0 1 0 0 1 0 0 1 0 0 1 0 0 1 0 0 1 0 0 1 0 0 1 0 0 1 0 0 1 0 0 1 0 0 1 0 0 1 0 0 1 0 0 1 0 0 1 0 0 1 0 0 1 0 0 1 0 0 1 0 0 1 0 0 1 0 0 1 0 0 1 0 0 1 0 0 1 0 0 1 0 0 1 0 0 1 0 0 1 0 </float_array>
          <technique_common>
            <accessor source="#mesh_3-normal-array" count="602" stride="3">
              <param name="X" type="float" />
              <param name="Y" type="float" />
              <param name="Z" type="float" />
            </accessor>
          </technique_common>
        </source>
        <vertices id="mesh_3-vertices">
          <input semantic="POSITION" source="#mesh_3-position" />
        </vertices>
        <triangles material="default" count="632">
          <input semantic="VERTEX" source="#mesh_3-vertices" offset="0" />
          <input semantic="TEXCOORD" source="#mesh_3-texcoord" offset="1" />
          <input semantic="NORMAL" source="#mesh_3-normal" offset="2" />
          <p>1 0 0 26 1 1 0 2 2 3 3 3 26 4 4 2 5 5 5 6 6 26 7 7 4 8 8 6 9 9 26 10 10 5 6 6 8 11 11 26 12 12 7 13 13 10 14 14 26 15 15 9 16 16 12 17 17 26 18 18 11 19 19 14 20 20 26 21 21 13 22 22 16 23 23 26 24 24 15 25 25 18 26 26 26 27 27 17 28 28 20 29 29 26 30 30 19 31 31 22 32 32 26 33 33 21 34 34 23 35 35 26 36 36 22 32 32 25 37 37 26 38 38 24 39 39 13 40 22 26 41 40 12 17 17 11 19 19 26 42 41 10 14 14 9 16 16 26 43 42 8 11 11 7 13 13 26 44 43 6 9 9 4 8 8 26 45 44 3 3 3 2 5 5 26 46 45 1 0 0 0 2 2 26 47 46 25 37 37 24 39 39 26 48 47 23 35 35 21 34 34 26 49 48 20 29 29 19 31 31 26 50 49 18 26 26 17 28 28 26 51 50 16 23 23 15 25 25 26 52 51 14 20 20 53 53 52 27 54 53 54 55 54 54 55 54 27 54 53 28 56 55 54 55 54 28 56 55 79 57 56 79 57 56 28 56 55 29 58 57 79 57 56 29 58 57 78 59 58 78 59 58 29 58 57 30 60 59 78 59 58 30 60 59 77 61 60 77 61 60 30 60 59 31 62 61 77 61 60 31 62 61 76 63 62 76 63 62 31 62 61 32 64 63 76 63 62 32 64 63 75 65 64 75 65 64 32 64 63 33 66 65 75 65 64 33 66 65 74 67 66 74 67 66 33 66 65 34 68 67 74 67 66 34 68 67 73 69 68 73 69 68 34 68 67 35 70 69 73 69 68 35 70 69 72 71 70 72 71 70 35 70 69 36 72 71 72 71 70 36 72 71 71 73 72 71 73 72 36 72 71 37 74 73 71 73 72 37 74 73 70 75 74 70 75 74 37 74 73 38 76 75 70 75 74 38 76 75 69 77 76 69 77 76 38 76 75 39 78 77 69 77 76 39 78 77 68 79 78 68 79 78 39 78 77 40 80 79 68 79 78 40 80 79 67 81 80 67 82 80 40 83 79 41 84 81 67 82 80 41 84 81 66 85 82 66 85 82 41 84 81 42 86 83 66 85 82 42 86 83 65 87 84 65 87 84 42 86 83 43 88 85 65 87 84 43 88 85 64 89 86 64 89 86 43 88 85 44 90 87 64 89 86 44 90 87 63 91 88 63 91 88 44 90 87 45 92 89 63 91 88 45 92 89 62 93 90 62 93 90 45 92 89 46 94 91 62 93 90 46 94 91 61 95 92 61 95 92 46 94 91 47 96 93 61 95 92 47 96 93 60 97 94 60 97 94 47 96 93 48 98 95 60 97 94 48 98 95 59 99 96 59 99 96 48 98 95 49 100 97 59 99 96 49 100 97 58 101 98 58 101 98 49 100 97 50 102 99 58 101 98 50 102 99 57 103 100 57 103 100 50 102 99 51 104 101 57 103 100 51 104 101 56 105 102 56 105 102 51 104 101 52 106 103 56 105 102 52 106 103 55 107 104 55 107 104 52 106 103 53 53 52 55 107 104 53 53 52 54 55 54 79 108 105 1 109 106 54 110 107 54 110 107 1 109 106 0 111 108 54 110 107 0 111 108 55 112 109 55 112 109 0 111 108 25 113 110 55 112 109 25 113 110 56 114 111 56 114 111 25 113 110 24 115 112 56 114 111 24 115 112 57 116 113 57 116 113 24 115 112 23 117 114 57 116 113 23 117 114 58 118 115 58 118 115 23 117 114 22 119 116 58 118 115 22 119 116 59 120 117 59 120 117 22 119 116 21 121 118 59 120 117 21 121 118 60 122 119 60 122 119 21 121 118 20 123 120 60 122 119 20 123 120 61 124 121 61 124 121 20 123 120 19 125 122 61 124 121 19 125 122 62 126 123 62 126 123 19 125 122 18 127 124 62 126 123 18 127 124 63 128 125 63 128 125 18 127 124 17 129 126 63 128 125 17 129 126 64 130 127 64 130 127 17 129 126 16 131 128 64 130 127 16 131 128 65 132 129 65 132 129 16 131 128 15 133 130 65 132 129 15 133 130 66 134 131 66 134 131 15 133 130 14 135 132 66 134 131 14 135 132 67 136 133 67 136 133 14 135 132 13 137 134 67 138 133 13 139 134 68 140 135 68 140 135 13 139 134 12 141 136 68 140 135 12 141 136 69 142 137 69 142 137 12 141 136 11 143 138 69 142 137 11 143 138 70 144 139 70 144 139 11 143 138 10 145 140 70 144 139 10 145 140 71 146 141 71 146 141 10 145 140 9 147 142 71 146 141 9 147 142 72 148 143 72 148 143 9 147 142 8 149 144 72 148 143 8 149 144 73 150 145 73 150 145 8 149 144 7 151 146 73 150 145 7 151 146 74 152 147 74 152 147 7 151 146 6 153 148 74 152 147 6 153 148 75 154 149 75 154 149 6 153 148 5 155 150 75 154 149 5 155 150 76 156 151 76 156 151 5 155 150 4 157 152 76 156 151 4 157 152 77 158 153 77 158 153 4 157 152 3 159 154 77 158 153 3 159 154 78 160 155 78 160 155 3 159 154 2 161 156 78 160 155 2 161 156 79 108 105 79 108 105 2 161 156 1 109 106 81 162 157 106 163 158 80 164 159 83 165 160 106 166 161 82 167 162 85 168 163 106 169 164 84 170 165 86 171 166 106 172 167 85 168 163 88 173 168 106 174 169 87 175 170 90 176 171 106 177 172 89 178 173 92 179 174 106 180 175 91 181 176 94 182 177 106 183 178 93 184 179 96 185 180 106 186 181 95 187 182 98 188 183 106 189 184 97 190 185 100 191 186 106 192 187 99 193 188 102 194 189 106 195 190 101 196 191 103 197 192 106 198 193 102 194 189 105 199 194 106 200 195 104 201 196 93 202 179 106 203 197 92 179 174 91 181 176 106 204 198 90 176 171 89 178 173 106 205 199 88 173 168 87 175 170 106 206 200 86 171 166 84 170 165 106 207 201 83 165 160 82 167 162 106 208 202 81 162 157 80 164 159 106 209 203 105 199 194 104 201 196 106 210 204 103 197 192 101 196 191 106 211 205 100 191 186 99 193 188 106 212 206 98 188 183 97 190 185 106 213 207 96 185 180 95 187 182 106 214 208 94 182 177 133 215 209 107 216 210 134 217 211 134 217 211 107 216 210 108 218 212 134 217 211 108 218 212 159 219 213 159 219 213 108 218 212 109 220 214 159 219 213 109 220 214 158 221 215 158 221 215 109 220 214 110 222 216 158 221 215 110 222 216 157 223 217 157 223 217 110 222 216 111 224 218 157 223 217 111 224 218 156 225 219 156 225 219 111 224 218 112 226 220 156 225 219 112 226 220 155 227 221 155 227 221 112 226 220 113 228 222 155 227 221 113 228 222 154 229 223 154 229 223 113 228 222 114 230 224 154 229 223 114 230 224 153 231 225 153 231 225 114 230 224 115 232 226 153 231 225 115 232 226 152 233 227 152 233 227 115 232 226 116 234 228 152 233 227 116 234 228 151 235 229 151 235 229 116 234 228 117 236 230 151 235 229 117 236 230 150 237 231 150 237 231 117 236 230 118 238 232 150 237 231 118 238 232 149 239 233 149 239 233 118 238 232 119 240 234 149 239 233 119 240 234 148 241 235 148 241 235 119 240 234 120 242 236 148 241 235 120 242 236 147 243 237 147 244 237 120 245 236 121 246 238 147 244 237 121 246 238 146 247 239 146 247 239 121 246 238 122 248 240 146 247 239 122 248 240 145 249 241 145 249 241 122 248 240 123 250 242 145 249 241 123 250 242 144 251 243 144 251 243 123 250 242 124 252 244 144 251 243 124 252 244 143 253 245 143 253 245 124 252 244 125 254 246 143 253 245 125 254 246 142 255 247 142 255 247 125 254 246 126 256 248 142 255 247 126 256 248 141 257 249 141 257 249 126 256 248 127 258 250 141 257 249 127 258 250 140 259 251 140 259 251 127 258 250 128 260 252 140 259 251 128 260 252 139 261 253 139 261 253 128 260 252 129 262 254 139 261 253 129 262 254 138 263 255 138 263 255 129 262 254 130 264 256 138 263 255 130 264 256 137 265 257 137 265 257 130 264 256 131 266 258 137 265 257 131 266 258 136 267 259 136 267 259 131 266 258 132 268 260 136 267 259 132 268 260 135 269 261 135 269 261 132 268 260 133 215 209 135 269 261 133 215 209 134 217 211 159 270 262 81 271 263 134 272 264 134 272 264 81 271 263 80 273 265 134 272 264 80 273 265 135 274 266 135 274 266 80 273 265 105 275 267 135 274 266 105 275 267 136 276 268 136 276 268 105 275 267 104 277 269 136 276 268 104 277 269 137 278 270 137 278 270 104 277 269 103 279 271 137 278 270 103 279 271 138 280 272 138 280 272 103 279 271 102 281 273 138 280 272 102 281 273 139 282 274 139 282 274 102 281 273 101 283 275 139 282 274 101 283 275 140 284 276 140 284 276 101 283 275 100 285 277 140 284 276 100 285 277 141 286 278 141 286 278 100 285 277 99 287 279 141 286 278 99 287 279 142 288 280 142 288 280 99 287 279 98 289 281 142 288 280 98 289 281 143 290 282 143 290 282 98 289 281 97 291 283 143 290 282 97 291 283 144 292 284 144 292 284 97 291 283 96 293 285 144 292 284 96 293 285 145 294 286 145 294 286 96 293 285 95 295 287 145 294 286 95 295 287 146 296 288 146 296 288 95 295 287 94 297 289 146 296 288 94 297 289 147 298 290 147 298 290 94 297 289 93 299 291 147 300 290 93 301 291 148 302 292 148 302 292 93 301 291 92 303 293 148 302 292 92 303 293 149 304 294 149 304 294 92 303 293 91 305 295 149 304 294 91 305 295 150 306 296 150 306 296 91 305 295 90 307 297 150 306 296 90 307 297 151 308 298 151 308 298 90 307 297 89 309 299 151 308 298 89 309 299 152 310 300 152 310 300 89 309 299 88 311 301 152 310 300 88 311 301 153 312 302 153 312 302 88 311 301 87 313 303 153 312 302 87 313 303 154 314 304 154 314 304 87 313 303 86 315 305 154 314 304 86 315 305 155 316 306 155 316 306 86 315 305 85 317 307 155 316 306 85 317 307 156 318 308 156 318 308 85 317 307 84 319 309 156 318 308 84 319 309 157 320 310 157 320 310 84 319 309 83 321 311 157 320 310 83 321 311 158 322 312 158 322 312 83 321 311 82 323 313 158 322 312 82 323 313 159 270 262 159 270 262 82 323 313 81 271 263 133 324 314 167 325 315 107 326 316 107 326 316 167 325 315 168 327 317 107 326 316 168 327 317 169 328 318 167 325 315 133 324 314 166 329 319 166 329 319 133 324 314 132 330 320 166 329 319 132 330 320 165 331 321 165 331 321 132 330 320 131 332 322 165 331 321 131 332 322 164 333 323 164 333 323 131 332 322 130 334 324 164 333 323 130 334 324 163 335 325 163 335 325 130 334 324 160 336 326 163 335 325 160 336 326 162 337 327 162 337 327 160 336 326 161 338 328 130 334 324 129 339 329 160 336 326 160 336 326 129 339 329 128 340 330 160 336 326 128 340 330 127 341 331 160 336 326 127 341 331 193 342 332 193 342 332 127 341 331 126 343 333 193 342 332 126 343 333 125 344 334 125 344 334 124 345 335 193 342 332 193 342 332 124 345 335 190 346 336 193 342 332 190 346 336 191 347 337 123 348 338 188 349 339 124 345 335 124 345 335 188 349 339 189 350 340 124 345 335 189 350 340 190 346 336 188 349 339 123 348 338 187 351 341 187 351 341 123 348 338 122 352 342 187 351 341 122 352 342 186 353 343 186 353 343 122 352 342 121 354 344 186 353 343 121 354 344 185 355 345 185 355 345 121 354 344 120 356 346 185 355 345 120 356 346 184 357 347 184 357 347 120 356 346 119 358 348 184 357 347 119 358 348 183 359 349 183 359 349 119 358 348 118 360 350 183 359 349 118 360 350 182 361 351 182 361 351 118 360 350 117 362 352 182 361 351 117 362 352 181 363 353 181 363 353 117 362 352 180 364 354 180 364 354 117 362 352 177 365 355 180 364 354 177 365 355 179 366 356 179 366 356 177 365 355 178 367 357 117 362 352 116 368 358 177 365 355 177 365 355 116 368 358 115 369 359 177 365 355 115 369 359 114 370 360 177 365 355 114 370 360 176 371 361 176 371 361 114 370 360 113 372 362 176 371 361 113 372 362 112 373 363 112 373 363 111 374 364 176 371 361 176 371 361 111 374 364 173 375 365 176 371 361 173 375 365 174 376 366 173 375 365 111 374 364 172 377 367 172 377 367 111 374 364 110 378 368 172 377 367 110 378 368 171 379 369 171 379 369 110 378 368 109 380 370 171 379 369 109 380 370 170 381 371 170 381 371 109 380 370 108 382 372 170 381 371 108 382 372 169 328 318 169 328 318 108 382 372 107 326 316 174 376 366 175 383 373 176 371 361 191 347 337 192 384 374 193 342 332 194 385 375 195 386 376 176 387 377 176 387 377 195 386 376 177 388 378 196 389 379 212 390 380 195 391 381 195 391 381 212 390 380 213 392 382 195 391 381 213 392 382 177 393 383 177 393 383 213 392 382 214 394 384 177 393 383 214 394 384 178 395 385 178 395 385 214 394 384 179 396 386 179 396 386 214 394 384 217 397 387 179 396 386 217 397 387 180 398 388 180 398 388 217 397 387 220 399 389 180 398 388 220 399 389 181 400 390 181 400 390 220 399 389 223 401 391 181 400 390 223 401 391 182 402 392 182 402 392 223 401 391 226 403 393 182 402 392 226 403 393 183 404 394 183 404 394 226 403 393 229 405 395 183 404 394 229 405 395 184 406 396 184 406 396 229 405 395 232 407 397 184 406 396 232 407 397 185 408 398 185 408 398 232 407 397 235 409 399 185 408 398 235 409 399 186 410 400 186 410 400 235 409 399 238 411 401 186 410 400 238 411 401 187 412 402 187 412 402 238 411 401 241 413 403 187 412 402 241 413 403 188 414 404 188 414 404 241 413 403 244 415 405 188 414 404 244 415 405 189 416 406 189 416 406 244 415 405 247 417 407 189 416 406 247 417 407 190 418 408 190 418 408 247 417 407 250 419 409 190 418 408 250 419 409 191 420 410 191 420 410 250 419 409 253 421 411 191 420 410 253 421 411 192 422 412 192 422 412 253 421 411 256 423 413 192 422 412 256 423 413 193 424 414 193 424 414 256 423 413 255 425 415 193 424 414 255 425 415 211 426 416 211 426 416 255 425 415 254 427 417 211 426 416 254 427 417 210 428 418 210 428 418 254 427 417 209 429 419 209 429 419 254 427 417 251 430 420 209 429 419 251 430 420 208 431 421 208 431 421 251 430 420 248 432 422 208 431 421 248 432 422 207 433 423 207 433 423 248 432 422 245 434 424 207 433 423 245 434 424 206 435 425 206 435 425 245 434 424 242 436 426 206 435 425 242 436 426 205 437 427 205 437 427 242 436 426 239 438 428 205 437 427 239 438 428 204 439 429 204 439 429 239 438 428 236 440 430 204 439 429 236 440 430 203 441 431 203 441 431 236 440 430 233 442 432 203 441 431 233 442 432 202 443 433 202 443 433 233 442 432 230 444 434 202 443 433 230 444 434 201 445 435 201 445 435 230 444 434 227 446 436 201 445 435 227 446 436 200 447 437 200 447 437 227 446 436 224 448 438 200 447 437 224 448 438 199 449 439 199 449 439 224 448 438 221 450 440 199 449 439 221 450 440 198 451 441 198 451 441 221 450 440 218 452 442 198 451 441 218 452 442 197 453 443 197 453 443 218 452 442 215 454 444 197 453 443 215 454 444 196 389 379 196 389 379 215 454 444 212 390 380 217 397 387 214 394 384 213 392 382 213 392 382 212 390 380 216 455 445 216 455 445 212 390 380 215 454 444 216 455 445 215 454 444 219 456 446 219 456 446 215 454 444 218 452 442 219 456 446 218 452 442 222 457 447 222 457 447 218 452 442 221 450 440 222 457 447 221 450 440 225 458 448 225 458 448 221 450 440 224 448 438 225 458 448 224 448 438 228 459 449 228 459 449 224 448 438 227 446 436 228 459 449 227 446 436 231 460 450 231 460 450 227 446 436 230 444 434 231 460 450 230 444 434 234 461 451 234 461 451 230 444 434 233 442 432 234 461 451 233 442 432 237 462 452 237 462 452 233 442 432 236 440 430 237 462 452 236 440 430 240 463 453 240 463 453 236 440 430 239 438 428 240 463 453 239 438 428 243 464 454 243 464 454 239 438 428 242 436 426 243 464 454 242 436 426 246 465 455 246 465 455 242 436 426 245 434 424 246 465 455 245 434 424 249 466 456 249 466 456 245 434 424 248 432 422 249 466 456 248 432 422 252 467 457 252 467 457 248 432 422 251 430 420 252 467 457 251 430 420 255 425 415 255 425 415 251 430 420 254 427 417 220 399 389 217 397 387 216 455 445 216 455 445 217 397 387 213 392 382 220 399 389 216 455 445 219 456 446 223 401 391 220 399 389 219 456 446 223 401 391 219 456 446 222 457 447 226 403 393 223 401 391 222 457 447 226 403 393 222 457 447 225 458 448 229 405 395 226 403 393 225 458 448 229 405 395 225 458 448 228 459 449 232 407 397 229 405 395 228 459 449 232 407 397 228 459 449 231 460 450 235 409 399 232 407 397 231 460 450 235 409 399 231 460 450 234 461 451 238 411 401 235 409 399 234 461 451 238 411 401 234 461 451 237 462 452 241 413 403 238 411 401 237 462 452 241 413 403 237 462 452 240 463 453 244 415 405 241 413 403 240 463 453 244 415 405 240 463 453 243 464 454 247 417 407 244 415 405 243 464 454 247 417 407 243 464 454 246 465 455 250 419 409 247 417 407 246 465 455 250 419 409 246 465 455 249 466 456 253 421 411 250 419 409 249 466 456 253 421 411 249 466 456 252 467 457 256 423 413 253 421 411 252 467 457 256 423 413 252 467 457 255 425 415 211 468 458 257 469 459 193 470 460 193 470 460 257 469 459 160 471 461 258 472 462 273 473 463 257 474 464 257 474 464 273 473 463 274 475 465 257 474 464 274 475 465 160 476 466 160 476 466 274 475 465 275 477 467 160 476 466 275 477 467 161 478 468 161 478 468 275 477 467 162 479 469 162 479 469 275 477 467 278 480 470 162 479 469 278 480 470 163 481 471 163 481 471 278 480 470 281 482 472 163 481 471 281 482 472 164 483 473 164 483 473 281 482 472 284 484 474 164 483 473 284 484 474 165 485 475 165 485 475 284 484 474 287 486 476 165 485 475 287 486 476 166 487 477 166 487 477 287 486 476 290 488 478 166 487 477 290 488 478 167 489 479 167 489 479 290 488 478 293 490 480 167 489 479 293 490 480 168 491 481 168 491 481 293 490 480 296 492 482 168 491 481 296 492 482 169 493 483 169 493 483 296 492 482 299 494 484 169 493 483 299 494 484 170 495 485 170 495 485 299 494 484 302 496 486 170 495 485 302 496 486 171 497 487 171 497 487 302 496 486 305 498 488 171 497 487 305 498 488 172 499 489 172 499 489 305 498 488 308 500 490 172 499 489 308 500 490 173 501 491 173 501 491 308 500 490 311 502 492 173 501 491 311 502 492 174 503 493 174 503 493 311 502 492 314 504 494 174 503 493 314 504 494 175 505 495 175 505 495 314 504 494 317 506 496 175 505 495 317 506 496 176 507 497 176 507 497 317 506 496 316 508 498 176 507 497 316 508 498 194 509 499 194 509 499 316 508 498 315 510 500 194 509 499 315 510 500 272 511 501 272 511 501 315 510 500 271 512 502 271 512 502 315 510 500 312 513 503 271 512 502 312 513 503 270 514 504 270 514 504 312 513 503 309 515 505 270 514 504 309 515 505 269 516 506 269 516 506 309 515 505 306 517 507 269 516 506 306 517 507 268 518 508 268 518 508 306 517 507 303 519 509 268 518 508 303 519 509 267 520 510 267 520 510 303 519 509 300 521 511 267 520 510 300 521 511 266 522 512 266 522 512 300 521 511 297 523 513 266 522 512 297 523 513 265 524 514 265 524 514 297 523 513 294 525 515 265 524 514 294 525 515 264 526 516 264 526 516 294 525 515 291 527 517 264 526 516 291 527 517 263 528 518 263 528 518 291 527 517 288 529 519 263 528 518 288 529 519 262 530 520 262 530 520 288 529 519 285 531 521 262 530 520 285 531 521 261 532 522 261 532 522 285 531 521 282 533 523 261 532 522 282 533 523 260 534 524 260 534 524 282 533 523 279 535 525 260 534 524 279 535 525 259 536 526 259 536 526 279 535 525 276 537 527 259 536 526 276 537 527 258 472 462 258 472 462 276 537 527 273 473 463 278 480 470 275 477 467 274 475 465 274 475 465 273 473 463 277 538 528 277 538 528 273 473 463 276 537 527 277 538 528 276 537 527 280 539 529 280 539 529 276 537 527 279 535 525 280 539 529 279 535 525 283 540 530 283 540 530 279 535 525 282 533 523 283 540 530 282 533 523 286 541 531 286 541 531 282 533 523 285 531 521 286 541 531 285 531 521 289 542 532 289 542 532 285 531 521 288 529 519 289 542 532 288 529 519 292 543 533 292 543 533 288 529 519 291 527 517 292 543 533 291 527 517 295 544 534 295 544 534 291 527 517 294 525 515 295 544 534 294 525 515 298 545 535 298 545 535 294 525 515 297 523 513 298 545 535 297 523 513 301 546 536 301 546 536 297 523 513 300 521 511 301 546 536 300 521 511 304 547 537 304 547 537 300 521 511 303 519 509 304 547 537 303 519 509 307 548 538 307 548 538 303 519 509 306 517 507 307 548 538 306 517 507 310 549 539 310 549 539 306 517 507 309 515 505 310 549 539 309 515 505 313 550 540 313 550 540 309 515 505 312 513 503 313 550 540 312 513 503 316 508 498 316 508 498 312 513 503 315 510 500 281 482 472 278 480 470 277 538 528 277 538 528 278 480 470 274 475 465 281 482 472 277 538 528 280 539 529 284 484 474 281 482 472 280 539 529 284 484 474 280 539 529 283 540 530 287 486 476 284 484 474 283 540 530 287 486 476 283 540 530 286 541 531 290 488 478 287 486 476 286 541 531 290 488 478 286 541 531 289 542 532 293 490 480 290 488 478 289 542 532 293 490 480 289 542 532 292 543 533 296 492 482 293 490 480 292 543 533 296 492 482 292 543 533 295 544 534 299 494 484 296 492 482 295 544 534 299 494 484 295 544 534 298 545 535 302 496 486 299 494 484 298 545 535 302 496 486 298 545 535 301 546 536 305 498 488 302 496 486 301 546 536 305 498 488 301 546 536 304 547 537 308 500 490 305 498 488 304 547 537 308 500 490 304 547 537 307 548 538 311 502 492 308 500 490 307 548 538 311 502 492 307 548 538 310 549 539 314 504 494 311 502 492 310 549 539 314 504 494 310 549 539 313 550 540 317 506 496 314 504 494 313 550 540 317 506 496 313 550 540 316 508 498 53 551 541 204 552 542 27 553 543 27 553 543 204 552 542 203 554 544 27 553 543 203 554 544 202 555 545 204 552 542 53 551 541 205 556 546 205 556 546 53 551 541 52 557 547 205 556 546 52 557 547 206 558 548 206 558 548 52 557 547 51 559 549 206 558 548 51 559 549 207 560 550 207 560 550 51 559 549 50 561 551 207 560 550 50 561 551 208 562 552 208 562 552 50 561 551 211 563 553 208 562 552 211 563 553 209 564 554 209 564 554 211 563 553 210 565 555 50 561 551 49 566 556 211 563 553 211 563 553 49 566 556 48 567 557 211 563 553 48 567 557 47 568 558 211 563 553 47 568 558 257 569 559 257 569 559 47 568 558 46 570 560 257 569 559 46 570 560 45 571 561 45 571 561 44 572 562 257 569 559 257 569 559 44 572 562 260 573 563 257 569 559 260 573 563 259 574 564 43 575 565 262 576 566 44 572 562 44 572 562 262 576 566 261 577 567 44 572 562 261 577 567 260 573 563 262 576 566 43 575 565 263 578 568 263 578 568 43 575 565 42 579 569 263 578 568 42 579 569 264 580 570 264 580 570 42 579 569 41 581 571 264 580 570 41 581 571 265 582 572 265 582 572 41 581 571 40 583 573 265 582 572 40 583 573 266 584 574 266 584 574 40 583 573 39 585 575 266 584 574 39 585 575 267 586 576 267 586 576 39 585 575 38 587 577 267 586 576 38 587 577 268 588 578 268 588 578 38 587 577 37 589 579 268 588 578 37 589 579 269 590 580 269 590 580 37 589 579 270 591 581 270 591 581 37 589 579 194 592 582 270 591 581 194 592 582 271 593 583 271 593 583 194 592 582 272 594 584 37 589 579 36 595 585 194 592 582 194 592 582 36 595 585 35 596 586 194 592 582 35 596 586 34 597 587 194 592 582 34 597 587 195 598 588 195 598 588 34 597 587 33 599 589 195 598 588 33 599 589 32 600 590 32 600 590 31 601 591 195 598 588 195 598 588 31 601 591 198 602 592 195 598 588 198 602 592 197 603 593 198 602 592 31 601 591 199 604 594 199 604 594 31 601 591 30 605 595 199 604 594 30 605 595 200 606 596 200 606 596 30 605 595 29 607 597 200 606 596 29 607 597 201 608 598 201 608 598 29 607 597 28 609 599 201 608 598 28 609 599 202 555 545 202 555 545 28 609 599 27 553 543 197 603 593 196 610 600 195 598 588 259 574 564 258 611 601 257 569 559</p>
        </triangles>
      </mesh>
    </geometry>
  </library_geometries>
  <library_images />
  <library_visual_scenes>
    <visual_scene id="Scene">
      <node id="FemurServoSide" sid="FemurServoSide" name="FemurServoSide" type="NODE">
        <matrix>1 0 0 0 0 1 0 0 0 0 1 0 0 0 0 1</matrix>
        <instance_geometry url="#mesh_1" />
      </node>
      <node id="FemurAxleSide" sid="FemurAxleSide" name="FemurAxleSide" type="NODE">
        <matrix>1 0 0 0 0 1 0 0 0 0 1 0 0 0 0 1</matrix>
        <instance_geometry url="#mesh_2" />
      </node>
      <node id="FemurSupport" sid="FemurSupport" name="FemurSupport" type="NODE">
        <matrix>1 0 0 0 0 1 0 0 0 0 1 0 0 0 0 1</matrix>
        <instance_geometry url="#mesh_3" />
      </node>
    </visual_scene>
  </library_visual_scenes>
  <library_animations />
  <scene>
    <instance_visual_scene url="#Scene" />
  </scene>
</COLLADA>